date,country,iso3,region_group,economic_group,value,direction,source
2001-06-30,Albania,ALB,Central and Eastern Europe,upper_middle_income,0.01,purchase,wgc_fsapi:cbd_v11:quarterly_change
2001-12-31,Albania,ALB,Central and Eastern Europe,upper_middle_income,-0.03,sale,wgc_fsapi:cbd_v11:quarterly_change
2002-12-31,Albania,ALB,Central and Eastern Europe,upper_middle_income,-0.94,sale,wgc_fsapi:cbd_v11:quarterly_change
2003-03-31,Albania,ALB,Central and Eastern Europe,upper_middle_income,-0.36,sale,wgc_fsapi:cbd_v11:quarterly_change
2008-12-31,Albania,ALB,Central and Eastern Europe,upper_middle_income,-0.58,sale,wgc_fsapi:cbd_v11:quarterly_change
2015-03-31,Albania,ALB,Central and Eastern Europe,upper_middle_income,0.02,purchase,wgc_fsapi:cbd_v11:quarterly_change
2015-06-30,Albania,ALB,Central and Eastern Europe,upper_middle_income,-0.02,sale,wgc_fsapi:cbd_v11:quarterly_change
2017-12-31,Albania,ALB,Central and Eastern Europe,upper_middle_income,-0.01,sale,wgc_fsapi:cbd_v11:quarterly_change
2019-06-30,Albania,ALB,Central and Eastern Europe,upper_middle_income,0.51,purchase,wgc_fsapi:cbd_v11:quarterly_change
2019-09-30,Albania,ALB,Central and Eastern Europe,upper_middle_income,0.11,purchase,wgc_fsapi:cbd_v11:quarterly_change
2019-12-31,Albania,ALB,Central and Eastern Europe,upper_middle_income,0.62,purchase,wgc_fsapi:cbd_v11:quarterly_change
2022-06-30,Albania,ALB,Central and Eastern Europe,upper_middle_income,0.31,purchase,wgc_fsapi:cbd_v11:quarterly_change
2023-03-31,Albania,ALB,Central and Eastern Europe,upper_middle_income,0.31,purchase,wgc_fsapi:cbd_v11:quarterly_change
2003-06-30,United Arab Emirates,ARE,Middle East & North Africa,high_income,-6.19,sale,wgc_fsapi:cbd_v11:quarterly_change
2003-12-31,United Arab Emirates,ARE,Middle East & North Africa,high_income,-6.16,sale,wgc_fsapi:cbd_v11:quarterly_change
2015-06-30,United Arab Emirates,ARE,Middle East & North Africa,high_income,2.51,purchase,wgc_fsapi:cbd_v11:quarterly_change
2015-09-30,United Arab Emirates,ARE,Middle East & North Africa,high_income,2.54,purchase,wgc_fsapi:cbd_v11:quarterly_change
2015-12-31,United Arab Emirates,ARE,Middle East & North Africa,high_income,2.45,purchase,wgc_fsapi:cbd_v11:quarterly_change
2016-03-31,United Arab Emirates,ARE,Middle East & North Africa,high_income,-0.07,sale,wgc_fsapi:cbd_v11:quarterly_change
2016-06-30,United Arab Emirates,ARE,Middle East & North Africa,high_income,0.03,purchase,wgc_fsapi:cbd_v11:quarterly_change
2016-09-30,United Arab Emirates,ARE,Middle East & North Africa,high_income,0.04,purchase,wgc_fsapi:cbd_v11:quarterly_change
2016-12-31,United Arab Emirates,ARE,Middle East & North Africa,high_income,-0.08,sale,wgc_fsapi:cbd_v11:quarterly_change
2017-03-31,United Arab Emirates,ARE,Middle East & North Africa,high_income,0.06,purchase,wgc_fsapi:cbd_v11:quarterly_change
2017-06-30,United Arab Emirates,ARE,Middle East & North Africa,high_income,0.03,purchase,wgc_fsapi:cbd_v11:quarterly_change
2017-09-30,United Arab Emirates,ARE,Middle East & North Africa,high_income,-0.02,sale,wgc_fsapi:cbd_v11:quarterly_change
2017-12-31,United Arab Emirates,ARE,Middle East & North Africa,high_income,0.13,purchase,wgc_fsapi:cbd_v11:quarterly_change
2018-03-31,United Arab Emirates,ARE,Middle East & North Africa,high_income,-0.12,sale,wgc_fsapi:cbd_v11:quarterly_change
2018-09-30,United Arab Emirates,ARE,Middle East & North Africa,high_income,0.01,purchase,wgc_fsapi:cbd_v11:quarterly_change
2018-12-31,United Arab Emirates,ARE,Middle East & North Africa,high_income,-0.01,sale,wgc_fsapi:cbd_v11:quarterly_change
2019-03-31,United Arab Emirates,ARE,Middle East & North Africa,high_income,-0.03,sale,wgc_fsapi:cbd_v11:quarterly_change
2019-06-30,United Arab Emirates,ARE,Middle East & North Africa,high_income,0.02,purchase,wgc_fsapi:cbd_v11:quarterly_change
2019-09-30,United Arab Emirates,ARE,Middle East & North Africa,high_income,7.96,purchase,wgc_fsapi:cbd_v11:quarterly_change
2019-12-31,United Arab Emirates,ARE,Middle East & North Africa,high_income,7.04,purchase,wgc_fsapi:cbd_v11:quarterly_change
2020-03-31,United Arab Emirates,ARE,Middle East & North Africa,high_income,8.84,purchase,wgc_fsapi:cbd_v11:quarterly_change
2020-06-30,United Arab Emirates,ARE,Middle East & North Africa,high_income,0.19,purchase,wgc_fsapi:cbd_v11:quarterly_change
2020-09-30,United Arab Emirates,ARE,Middle East & North Africa,high_income,8.7,purchase,wgc_fsapi:cbd_v11:quarterly_change
2020-12-31,United Arab Emirates,ARE,Middle East & North Africa,high_income,17.38,purchase,wgc_fsapi:cbd_v11:quarterly_change
2021-03-31,United Arab Emirates,ARE,Middle East & North Africa,high_income,-3.42,sale,wgc_fsapi:cbd_v11:quarterly_change
2021-06-30,United Arab Emirates,ARE,Middle East & North Africa,high_income,1.08,purchase,wgc_fsapi:cbd_v11:quarterly_change
2021-09-30,United Arab Emirates,ARE,Middle East & North Africa,high_income,-0.41,sale,wgc_fsapi:cbd_v11:quarterly_change
2021-12-31,United Arab Emirates,ARE,Middle East & North Africa,high_income,0.58,purchase,wgc_fsapi:cbd_v11:quarterly_change
2022-03-31,United Arab Emirates,ARE,Middle East & North Africa,high_income,0.61,purchase,wgc_fsapi:cbd_v11:quarterly_change
2022-06-30,United Arab Emirates,ARE,Middle East & North Africa,high_income,-0.79,sale,wgc_fsapi:cbd_v11:quarterly_change
2022-09-30,United Arab Emirates,ARE,Middle East & North Africa,high_income,9.34,purchase,wgc_fsapi:cbd_v11:quarterly_change
2022-12-31,United Arab Emirates,ARE,Middle East & North Africa,high_income,10.39,purchase,wgc_fsapi:cbd_v11:quarterly_change
2023-03-31,United Arab Emirates,ARE,Middle East & North Africa,high_income,-0.49,sale,wgc_fsapi:cbd_v11:quarterly_change
2023-06-30,United Arab Emirates,ARE,Middle East & North Africa,high_income,-0.23,sale,wgc_fsapi:cbd_v11:quarterly_change
2023-09-30,United Arab Emirates,ARE,Middle East & North Africa,high_income,-0.63,sale,wgc_fsapi:cbd_v11:quarterly_change
2023-12-31,United Arab Emirates,ARE,Middle East & North Africa,high_income,0.87,purchase,wgc_fsapi:cbd_v11:quarterly_change
2024-03-31,United Arab Emirates,ARE,Middle East & North Africa,high_income,0.52,purchase,wgc_fsapi:cbd_v11:quarterly_change
2024-06-30,United Arab Emirates,ARE,Middle East & North Africa,high_income,-0.65,sale,wgc_fsapi:cbd_v11:quarterly_change
2024-09-30,United Arab Emirates,ARE,Middle East & North Africa,high_income,0.29,purchase,wgc_fsapi:cbd_v11:quarterly_change
2024-12-31,United Arab Emirates,ARE,Middle East & North Africa,high_income,-0.26,sale,wgc_fsapi:cbd_v11:quarterly_change
2025-03-31,United Arab Emirates,ARE,Middle East & North Africa,high_income,0.16,purchase,wgc_fsapi:cbd_v11:quarterly_change
2025-06-30,United Arab Emirates,ARE,Middle East & North Africa,high_income,-0.15,sale,wgc_fsapi:cbd_v11:quarterly_change
2025-09-30,United Arab Emirates,ARE,Middle East & North Africa,high_income,-0.15,sale,wgc_fsapi:cbd_v11:quarterly_change
2001-06-30,Argentina,ARG,Latin America & Caribbean,upper_middle_income,-0.28,sale,wgc_fsapi:cbd_v11:quarterly_change
2001-12-31,Argentina,ARG,Latin America & Caribbean,upper_middle_income,-0.03,sale,wgc_fsapi:cbd_v11:quarterly_change
2002-06-30,Argentina,ARG,Latin America & Caribbean,upper_middle_income,0.01,purchase,wgc_fsapi:cbd_v11:quarterly_change
2002-12-31,Argentina,ARG,Latin America & Caribbean,upper_middle_income,-0.01,sale,wgc_fsapi:cbd_v11:quarterly_change
2003-03-31,Argentina,ARG,Latin America & Caribbean,upper_middle_income,0.01,purchase,wgc_fsapi:cbd_v11:quarterly_change
2004-03-31,Argentina,ARG,Latin America & Caribbean,upper_middle_income,28.32,purchase,wgc_fsapi:cbd_v11:quarterly_change
2004-06-30,Argentina,ARG,Latin America & Caribbean,upper_middle_income,14.01,purchase,wgc_fsapi:cbd_v11:quarterly_change
2004-09-30,Argentina,ARG,Latin America & Caribbean,upper_middle_income,12.43,purchase,wgc_fsapi:cbd_v11:quarterly_change
2005-03-31,Argentina,ARG,Latin America & Caribbean,upper_middle_income,-0.28,sale,wgc_fsapi:cbd_v11:quarterly_change
2005-12-31,Argentina,ARG,Latin America & Caribbean,upper_middle_income,-0.03,sale,wgc_fsapi:cbd_v11:quarterly_change
2011-09-30,Argentina,ARG,Latin America & Caribbean,upper_middle_income,7.0,purchase,wgc_fsapi:cbd_v11:quarterly_change
2016-12-31,Argentina,ARG,Latin America & Caribbean,upper_middle_income,-4.98,sale,wgc_fsapi:cbd_v11:quarterly_change
2017-03-31,Argentina,ARG,Latin America & Caribbean,upper_middle_income,-1.86,sale,wgc_fsapi:cbd_v11:quarterly_change
2017-06-30,Argentina,ARG,Latin America & Caribbean,upper_middle_income,4.88,purchase,wgc_fsapi:cbd_v11:quarterly_change
2017-09-30,Argentina,ARG,Latin America & Caribbean,upper_middle_income,1.96,purchase,wgc_fsapi:cbd_v11:quarterly_change
2017-12-31,Argentina,ARG,Latin America & Caribbean,upper_middle_income,-6.96,sale,wgc_fsapi:cbd_v11:quarterly_change
2018-03-31,Argentina,ARG,Latin America & Caribbean,upper_middle_income,0.12,purchase,wgc_fsapi:cbd_v11:quarterly_change
2018-06-30,Argentina,ARG,Latin America & Caribbean,upper_middle_income,6.84,purchase,wgc_fsapi:cbd_v11:quarterly_change
2018-09-30,Argentina,ARG,Latin America & Caribbean,upper_middle_income,-1.8,sale,wgc_fsapi:cbd_v11:quarterly_change
2018-12-31,Argentina,ARG,Latin America & Caribbean,upper_middle_income,-5.15,sale,wgc_fsapi:cbd_v11:quarterly_change
2019-03-31,Argentina,ARG,Latin America & Caribbean,upper_middle_income,0.11,purchase,wgc_fsapi:cbd_v11:quarterly_change
2019-09-30,Argentina,ARG,Latin America & Caribbean,upper_middle_income,6.84,purchase,wgc_fsapi:cbd_v11:quarterly_change
2019-12-31,Argentina,ARG,Latin America & Caribbean,upper_middle_income,-6.84,sale,wgc_fsapi:cbd_v11:quarterly_change
2020-03-31,Argentina,ARG,Latin America & Caribbean,upper_middle_income,1.86,purchase,wgc_fsapi:cbd_v11:quarterly_change
2020-06-30,Argentina,ARG,Latin America & Caribbean,upper_middle_income,4.98,purchase,wgc_fsapi:cbd_v11:quarterly_change
2021-12-31,Argentina,ARG,Latin America & Caribbean,upper_middle_income,-6.97,sale,wgc_fsapi:cbd_v11:quarterly_change
2022-03-31,Argentina,ARG,Latin America & Caribbean,upper_middle_income,6.97,purchase,wgc_fsapi:cbd_v11:quarterly_change
2001-09-30,Armenia,ARM,Central and Eastern Europe,upper_middle_income,0.01,purchase,wgc_fsapi:cbd_v11:quarterly_change
2003-12-31,Armenia,ARM,Central and Eastern Europe,upper_middle_income,-1.4,sale,wgc_fsapi:cbd_v11:quarterly_change
2004-06-30,Australia,AUS,Australasia / Oceania,high_income,0.03,purchase,wgc_fsapi:cbd_v11:quarterly_change
2005-12-31,Australia,AUS,Australasia / Oceania,high_income,0.03,purchase,wgc_fsapi:cbd_v11:quarterly_change
2007-06-30,Australia,AUS,Australasia / Oceania,high_income,0.03,purchase,wgc_fsapi:cbd_v11:quarterly_change
2008-03-31,Australia,AUS,Australasia / Oceania,high_income,0.03,purchase,wgc_fsapi:cbd_v11:quarterly_change
2009-03-31,Australia,AUS,Australasia / Oceania,high_income,0.01,purchase,wgc_fsapi:cbd_v11:quarterly_change
2024-03-31,Australia,AUS,Australasia / Oceania,high_income,0.02,purchase,wgc_fsapi:cbd_v11:quarterly_change
2001-03-31,Austria,AUT,Western Europe,high_income,-30.01,sale,wgc_fsapi:cbd_v11:quarterly_change
2002-06-30,Austria,AUT,Western Europe,high_income,-29.99,sale,wgc_fsapi:cbd_v11:quarterly_change
2004-12-31,Austria,AUT,Western Europe,high_income,-10.01,sale,wgc_fsapi:cbd_v11:quarterly_change
2005-09-30,Austria,AUT,Western Europe,high_income,-5.01,sale,wgc_fsapi:cbd_v11:quarterly_change
2006-03-31,Austria,AUT,Western Europe,high_income,-5.48,sale,wgc_fsapi:cbd_v11:quarterly_change
2006-06-30,Austria,AUT,Western Europe,high_income,-4.23,sale,wgc_fsapi:cbd_v11:quarterly_change
2006-09-30,Austria,AUT,Western Europe,high_income,-4.04,sale,wgc_fsapi:cbd_v11:quarterly_change
2007-06-30,Austria,AUT,Western Europe,high_income,-3.98,sale,wgc_fsapi:cbd_v11:quarterly_change
2007-09-30,Austria,AUT,Western Europe,high_income,-4.76,sale,wgc_fsapi:cbd_v11:quarterly_change
2013-03-31,Azerbaijan,AZE,Central and Eastern Europe,upper_middle_income,3.01,purchase,wgc_fsapi:cbd_v11:quarterly_change
2013-06-30,Azerbaijan,AZE,Central and Eastern Europe,upper_middle_income,5.0,purchase,wgc_fsapi:cbd_v11:quarterly_change
2013-09-30,Azerbaijan,AZE,Central and Eastern Europe,upper_middle_income,6.01,purchase,wgc_fsapi:cbd_v11:quarterly_change
2013-12-31,Azerbaijan,AZE,Central and Eastern Europe,upper_middle_income,6.0,purchase,wgc_fsapi:cbd_v11:quarterly_change
2014-09-30,Azerbaijan,AZE,Central and Eastern Europe,upper_middle_income,6.99,purchase,wgc_fsapi:cbd_v11:quarterly_change
2014-12-31,Azerbaijan,AZE,Central and Eastern Europe,upper_middle_income,3.16,purchase,wgc_fsapi:cbd_v11:quarterly_change
2016-09-30,Azerbaijan,AZE,Central and Eastern Europe,upper_middle_income,-1.02,sale,wgc_fsapi:cbd_v11:quarterly_change
2016-12-31,Azerbaijan,AZE,Central and Eastern Europe,upper_middle_income,-9.13,sale,wgc_fsapi:cbd_v11:quarterly_change
2017-03-31,Azerbaijan,AZE,Central and Eastern Europe,upper_middle_income,-20.02,sale,wgc_fsapi:cbd_v11:quarterly_change
2001-09-30,Burundi,BDI,Sub-Saharan Africa,low_income,-0.51,sale,wgc_fsapi:cbd_v11:quarterly_change
2001-03-31,Belgium,BEL,Western Europe,high_income,-0.03,sale,wgc_fsapi:cbd_v11:quarterly_change
2002-03-31,Belgium,BEL,Western Europe,high_income,-0.03,sale,wgc_fsapi:cbd_v11:quarterly_change
2002-06-30,Belgium,BEL,Western Europe,high_income,-0.03,sale,wgc_fsapi:cbd_v11:quarterly_change
2002-12-31,Belgium,BEL,Western Europe,high_income,-0.03,sale,wgc_fsapi:cbd_v11:quarterly_change
2003-06-30,Belgium,BEL,Western Europe,high_income,-0.09,sale,wgc_fsapi:cbd_v11:quarterly_change
2004-03-31,Belgium,BEL,Western Europe,high_income,-0.07,sale,wgc_fsapi:cbd_v11:quarterly_change
2004-06-30,Belgium,BEL,Western Europe,high_income,-0.06,sale,wgc_fsapi:cbd_v11:quarterly_change
2005-06-30,Belgium,BEL,Western Europe,high_income,-0.06,sale,wgc_fsapi:cbd_v11:quarterly_change
2005-09-30,Belgium,BEL,Western Europe,high_income,-30.01,sale,wgc_fsapi:cbd_v11:quarterly_change
2007-03-31,Belgium,BEL,Western Europe,high_income,-0.04,sale,wgc_fsapi:cbd_v11:quarterly_change
2007-12-31,Belgium,BEL,Western Europe,high_income,-0.03,sale,wgc_fsapi:cbd_v11:quarterly_change
2008-03-31,Belgium,BEL,Western Europe,high_income,-0.03,sale,wgc_fsapi:cbd_v11:quarterly_change
2008-06-30,Belgium,BEL,Western Europe,high_income,-0.03,sale,wgc_fsapi:cbd_v11:quarterly_change
2008-09-30,Belgium,BEL,Western Europe,high_income,-0.03,sale,wgc_fsapi:cbd_v11:quarterly_change
2010-09-30,Belgium,BEL,Western Europe,high_income,-0.03,sale,wgc_fsapi:cbd_v11:quarterly_change
2011-09-30,Belgium,BEL,Western Europe,high_income,-0.03,sale,wgc_fsapi:cbd_v11:quarterly_change
2013-03-31,Belgium,BEL,Western Europe,high_income,-0.03,sale,wgc_fsapi:cbd_v11:quarterly_change
2015-09-30,Belgium,BEL,Western Europe,high_income,-0.03,sale,wgc_fsapi:cbd_v11:quarterly_change
2001-06-30,Bangladesh,BGD,South Asia,lower_middle_income,0.06,purchase,wgc_fsapi:cbd_v11:quarterly_change
2002-06-30,Bangladesh,BGD,South Asia,lower_middle_income,0.03,purchase,wgc_fsapi:cbd_v11:quarterly_change
2002-09-30,Bangladesh,BGD,South Asia,lower_middle_income,0.03,purchase,wgc_fsapi:cbd_v11:quarterly_change
2003-06-30,Bangladesh,BGD,South Asia,lower_middle_income,-0.02,sale,wgc_fsapi:cbd_v11:quarterly_change
2004-03-31,Bangladesh,BGD,South Asia,lower_middle_income,0.02,purchase,wgc_fsapi:cbd_v11:quarterly_change
2007-12-31,Bangladesh,BGD,South Asia,lower_middle_income,0.01,purchase,wgc_fsapi:cbd_v11:quarterly_change
2010-09-30,Bangladesh,BGD,South Asia,lower_middle_income,10.0,purchase,wgc_fsapi:cbd_v11:quarterly_change
2014-06-30,Bangladesh,BGD,South Asia,lower_middle_income,0.03,purchase,wgc_fsapi:cbd_v11:quarterly_change
2014-09-30,Bangladesh,BGD,South Asia,lower_middle_income,0.24,purchase,wgc_fsapi:cbd_v11:quarterly_change
2017-03-31,Bangladesh,BGD,South Asia,lower_middle_income,0.19,purchase,wgc_fsapi:cbd_v11:quarterly_change
2022-06-30,Bangladesh,BGD,South Asia,lower_middle_income,0.06,purchase,wgc_fsapi:cbd_v11:quarterly_change
2023-12-31,Bangladesh,BGD,South Asia,lower_middle_income,0.02,purchase,wgc_fsapi:cbd_v11:quarterly_change
2024-03-31,Bangladesh,BGD,South Asia,lower_middle_income,0.21,purchase,wgc_fsapi:cbd_v11:quarterly_change
2024-12-31,Bangladesh,BGD,South Asia,lower_middle_income,0.02,purchase,wgc_fsapi:cbd_v11:quarterly_change
2001-03-31,Bulgaria,BGR,Central and Eastern Europe,high_income,0.02,purchase,wgc_fsapi:cbd_v11:quarterly_change
2001-06-30,Bulgaria,BGR,Central and Eastern Europe,high_income,0.03,purchase,wgc_fsapi:cbd_v11:quarterly_change
2001-09-30,Bulgaria,BGR,Central and Eastern Europe,high_income,0.01,purchase,wgc_fsapi:cbd_v11:quarterly_change
2001-12-31,Bulgaria,BGR,Central and Eastern Europe,high_income,-0.01,sale,wgc_fsapi:cbd_v11:quarterly_change
2002-03-31,Bulgaria,BGR,Central and Eastern Europe,high_income,-0.06,sale,wgc_fsapi:cbd_v11:quarterly_change
2002-06-30,Bulgaria,BGR,Central and Eastern Europe,high_income,-0.04,sale,wgc_fsapi:cbd_v11:quarterly_change
2003-12-31,Bulgaria,BGR,Central and Eastern Europe,high_income,-0.01,sale,wgc_fsapi:cbd_v11:quarterly_change
2004-03-31,Bulgaria,BGR,Central and Eastern Europe,high_income,-0.01,sale,wgc_fsapi:cbd_v11:quarterly_change
2004-06-30,Bulgaria,BGR,Central and Eastern Europe,high_income,-0.01,sale,wgc_fsapi:cbd_v11:quarterly_change
2004-12-31,Bulgaria,BGR,Central and Eastern Europe,high_income,-0.01,sale,wgc_fsapi:cbd_v11:quarterly_change
2005-06-30,Bulgaria,BGR,Central and Eastern Europe,high_income,-0.01,sale,wgc_fsapi:cbd_v11:quarterly_change
2005-12-31,Bulgaria,BGR,Central and Eastern Europe,high_income,-0.01,sale,wgc_fsapi:cbd_v11:quarterly_change
2006-03-31,Bulgaria,BGR,Central and Eastern Europe,high_income,-0.02,sale,wgc_fsapi:cbd_v11:quarterly_change
2006-06-30,Bulgaria,BGR,Central and Eastern Europe,high_income,-0.01,sale,wgc_fsapi:cbd_v11:quarterly_change
2007-12-31,Bulgaria,BGR,Central and Eastern Europe,high_income,0.01,purchase,wgc_fsapi:cbd_v11:quarterly_change
2008-03-31,Bulgaria,BGR,Central and Eastern Europe,high_income,0.03,purchase,wgc_fsapi:cbd_v11:quarterly_change
2008-06-30,Bulgaria,BGR,Central and Eastern Europe,high_income,-0.26,sale,wgc_fsapi:cbd_v11:quarterly_change
2008-09-30,Bulgaria,BGR,Central and Eastern Europe,high_income,0.27,purchase,wgc_fsapi:cbd_v11:quarterly_change
2008-12-31,Bulgaria,BGR,Central and Eastern Europe,high_income,0.04,purchase,wgc_fsapi:cbd_v11:quarterly_change
2009-03-31,Bulgaria,BGR,Central and Eastern Europe,high_income,0.01,purchase,wgc_fsapi:cbd_v11:quarterly_change
2009-09-30,Bulgaria,BGR,Central and Eastern Europe,high_income,0.01,purchase,wgc_fsapi:cbd_v11:quarterly_change
2011-12-31,Bulgaria,BGR,Central and Eastern Europe,high_income,0.01,purchase,wgc_fsapi:cbd_v11:quarterly_change
2012-03-31,Bulgaria,BGR,Central and Eastern Europe,high_income,0.01,purchase,wgc_fsapi:cbd_v11:quarterly_change
2012-09-30,Bulgaria,BGR,Central and Eastern Europe,high_income,0.01,purchase,wgc_fsapi:cbd_v11:quarterly_change
2012-12-31,Bulgaria,BGR,Central and Eastern Europe,high_income,0.01,purchase,wgc_fsapi:cbd_v11:quarterly_change
2013-03-31,Bulgaria,BGR,Central and Eastern Europe,high_income,0.01,purchase,wgc_fsapi:cbd_v11:quarterly_change
2013-06-30,Bulgaria,BGR,Central and Eastern Europe,high_income,0.02,purchase,wgc_fsapi:cbd_v11:quarterly_change
2013-09-30,Bulgaria,BGR,Central and Eastern Europe,high_income,0.01,purchase,wgc_fsapi:cbd_v11:quarterly_change
2013-12-31,Bulgaria,BGR,Central and Eastern Europe,high_income,0.02,purchase,wgc_fsapi:cbd_v11:quarterly_change
2014-03-31,Bulgaria,BGR,Central and Eastern Europe,high_income,0.01,purchase,wgc_fsapi:cbd_v11:quarterly_change
2014-06-30,Bulgaria,BGR,Central and Eastern Europe,high_income,0.03,purchase,wgc_fsapi:cbd_v11:quarterly_change
2014-09-30,Bulgaria,BGR,Central and Eastern Europe,high_income,0.01,purchase,wgc_fsapi:cbd_v11:quarterly_change
2014-12-31,Bulgaria,BGR,Central and Eastern Europe,high_income,0.03,purchase,wgc_fsapi:cbd_v11:quarterly_change
2015-03-31,Bulgaria,BGR,Central and Eastern Europe,high_income,0.03,purchase,wgc_fsapi:cbd_v11:quarterly_change
2015-06-30,Bulgaria,BGR,Central and Eastern Europe,high_income,0.01,purchase,wgc_fsapi:cbd_v11:quarterly_change
2015-09-30,Bulgaria,BGR,Central and Eastern Europe,high_income,0.03,purchase,wgc_fsapi:cbd_v11:quarterly_change
2015-12-31,Bulgaria,BGR,Central and Eastern Europe,high_income,0.05,purchase,wgc_fsapi:cbd_v11:quarterly_change
2016-03-31,Bulgaria,BGR,Central and Eastern Europe,high_income,0.05,purchase,wgc_fsapi:cbd_v11:quarterly_change
2016-06-30,Bulgaria,BGR,Central and Eastern Europe,high_income,0.04,purchase,wgc_fsapi:cbd_v11:quarterly_change
2016-09-30,Bulgaria,BGR,Central and Eastern Europe,high_income,0.01,purchase,wgc_fsapi:cbd_v11:quarterly_change
2016-12-31,Bulgaria,BGR,Central and Eastern Europe,high_income,0.01,purchase,wgc_fsapi:cbd_v11:quarterly_change
2017-03-31,Bulgaria,BGR,Central and Eastern Europe,high_income,0.03,purchase,wgc_fsapi:cbd_v11:quarterly_change
2017-06-30,Bulgaria,BGR,Central and Eastern Europe,high_income,0.02,purchase,wgc_fsapi:cbd_v11:quarterly_change
2017-09-30,Bulgaria,BGR,Central and Eastern Europe,high_income,0.02,purchase,wgc_fsapi:cbd_v11:quarterly_change
2017-12-31,Bulgaria,BGR,Central and Eastern Europe,high_income,0.01,purchase,wgc_fsapi:cbd_v11:quarterly_change
2018-03-31,Bulgaria,BGR,Central and Eastern Europe,high_income,0.01,purchase,wgc_fsapi:cbd_v11:quarterly_change
2018-06-30,Bulgaria,BGR,Central and Eastern Europe,high_income,0.02,purchase,wgc_fsapi:cbd_v11:quarterly_change
2018-09-30,Bulgaria,BGR,Central and Eastern Europe,high_income,0.01,purchase,wgc_fsapi:cbd_v11:quarterly_change
2018-12-31,Bulgaria,BGR,Central and Eastern Europe,high_income,0.01,purchase,wgc_fsapi:cbd_v11:quarterly_change
2019-03-31,Bulgaria,BGR,Central and Eastern Europe,high_income,0.02,purchase,wgc_fsapi:cbd_v11:quarterly_change
2019-09-30,Bulgaria,BGR,Central and Eastern Europe,high_income,0.02,purchase,wgc_fsapi:cbd_v11:quarterly_change
2019-12-31,Bulgaria,BGR,Central and Eastern Europe,high_income,0.01,purchase,wgc_fsapi:cbd_v11:quarterly_change
2020-03-31,Bulgaria,BGR,Central and Eastern Europe,high_income,0.35,purchase,wgc_fsapi:cbd_v11:quarterly_change
2022-09-30,Bulgaria,BGR,Central and Eastern Europe,high_income,0.01,purchase,wgc_fsapi:cbd_v11:quarterly_change
2023-03-31,Bulgaria,BGR,Central and Eastern Europe,high_income,0.01,purchase,wgc_fsapi:cbd_v11:quarterly_change
2023-09-30,Bulgaria,BGR,Central and Eastern Europe,high_income,0.01,purchase,wgc_fsapi:cbd_v11:quarterly_change
2024-03-31,Bulgaria,BGR,Central and Eastern Europe,high_income,0.01,purchase,wgc_fsapi:cbd_v11:quarterly_change
2025-09-30,Bulgaria,BGR,Central and Eastern Europe,high_income,2.06,purchase,wgc_fsapi:cbd_v11:quarterly_change
2009-03-31,Bosnia and Herzegovina,BIH,Central and Eastern Europe,upper_middle_income,1.32,purchase,wgc_fsapi:cbd_v11:quarterly_change
2010-09-30,Bosnia and Herzegovina,BIH,Central and Eastern Europe,upper_middle_income,-0.32,sale,wgc_fsapi:cbd_v11:quarterly_change
2011-06-30,Bosnia and Herzegovina,BIH,Central and Eastern Europe,upper_middle_income,0.99,purchase,wgc_fsapi:cbd_v11:quarterly_change
2013-03-31,Bosnia and Herzegovina,BIH,Central and Eastern Europe,upper_middle_income,1.0,purchase,wgc_fsapi:cbd_v11:quarterly_change
2022-03-31,Bosnia and Herzegovina,BIH,Central and Eastern Europe,upper_middle_income,-0.25,sale,wgc_fsapi:cbd_v11:quarterly_change
2022-12-31,Bosnia and Herzegovina,BIH,Central and Eastern Europe,upper_middle_income,-1.25,sale,wgc_fsapi:cbd_v11:quarterly_change
2024-12-31,Bosnia and Herzegovina,BIH,Central and Eastern Europe,upper_middle_income,1.99,purchase,wgc_fsapi:cbd_v11:quarterly_change
2002-09-30,Belarus,BLR,Central and Eastern Europe,upper_middle_income,-3.11,sale,wgc_fsapi:cbd_v11:quarterly_change
2003-03-31,Belarus,BLR,Central and Eastern Europe,upper_middle_income,3.11,purchase,wgc_fsapi:cbd_v11:quarterly_change
2003-06-30,Belarus,BLR,Central and Eastern Europe,upper_middle_income,-3.11,sale,wgc_fsapi:cbd_v11:quarterly_change
2003-09-30,Belarus,BLR,Central and Eastern Europe,upper_middle_income,-3.11,sale,wgc_fsapi:cbd_v11:quarterly_change
2004-09-30,Belarus,BLR,Central and Eastern Europe,upper_middle_income,3.11,purchase,wgc_fsapi:cbd_v11:quarterly_change
2005-06-30,Belarus,BLR,Central and Eastern Europe,upper_middle_income,-3.11,sale,wgc_fsapi:cbd_v11:quarterly_change
2005-09-30,Belarus,BLR,Central and Eastern Europe,upper_middle_income,6.22,purchase,wgc_fsapi:cbd_v11:quarterly_change
2005-12-31,Belarus,BLR,Central and Eastern Europe,upper_middle_income,3.11,purchase,wgc_fsapi:cbd_v11:quarterly_change
2006-06-30,Belarus,BLR,Central and Eastern Europe,upper_middle_income,-3.11,sale,wgc_fsapi:cbd_v11:quarterly_change
2006-12-31,Belarus,BLR,Central and Eastern Europe,upper_middle_income,6.22,purchase,wgc_fsapi:cbd_v11:quarterly_change
2007-03-31,Belarus,BLR,Central and Eastern Europe,upper_middle_income,-2.31,sale,wgc_fsapi:cbd_v11:quarterly_change
2007-06-30,Belarus,BLR,Central and Eastern Europe,upper_middle_income,0.49,purchase,wgc_fsapi:cbd_v11:quarterly_change
2007-09-30,Belarus,BLR,Central and Eastern Europe,upper_middle_income,-5.96,sale,wgc_fsapi:cbd_v11:quarterly_change
2007-12-31,Belarus,BLR,Central and Eastern Europe,upper_middle_income,0.68,purchase,wgc_fsapi:cbd_v11:quarterly_change
2008-03-31,Belarus,BLR,Central and Eastern Europe,upper_middle_income,9.7,purchase,wgc_fsapi:cbd_v11:quarterly_change
2008-06-30,Belarus,BLR,Central and Eastern Europe,upper_middle_income,-3.28,sale,wgc_fsapi:cbd_v11:quarterly_change
2008-09-30,Belarus,BLR,Central and Eastern Europe,upper_middle_income,-1.4,sale,wgc_fsapi:cbd_v11:quarterly_change
2008-12-31,Belarus,BLR,Central and Eastern Europe,upper_middle_income,-0.02,sale,wgc_fsapi:cbd_v11:quarterly_change
2009-03-31,Belarus,BLR,Central and Eastern Europe,upper_middle_income,1.54,purchase,wgc_fsapi:cbd_v11:quarterly_change
2009-06-30,Belarus,BLR,Central and Eastern Europe,upper_middle_income,0.42,purchase,wgc_fsapi:cbd_v11:quarterly_change
2009-09-30,Belarus,BLR,Central and Eastern Europe,upper_middle_income,7.61,purchase,wgc_fsapi:cbd_v11:quarterly_change
2009-12-31,Belarus,BLR,Central and Eastern Europe,upper_middle_income,0.11,purchase,wgc_fsapi:cbd_v11:quarterly_change
2010-03-31,Belarus,BLR,Central and Eastern Europe,upper_middle_income,0.06,purchase,wgc_fsapi:cbd_v11:quarterly_change
2010-06-30,Belarus,BLR,Central and Eastern Europe,upper_middle_income,-2.85,sale,wgc_fsapi:cbd_v11:quarterly_change
2010-09-30,Belarus,BLR,Central and Eastern Europe,upper_middle_income,1.88,purchase,wgc_fsapi:cbd_v11:quarterly_change
2010-12-31,Belarus,BLR,Central and Eastern Europe,upper_middle_income,13.06,purchase,wgc_fsapi:cbd_v11:quarterly_change
2011-03-31,Belarus,BLR,Central and Eastern Europe,upper_middle_income,-5.01,sale,wgc_fsapi:cbd_v11:quarterly_change
2011-06-30,Belarus,BLR,Central and Eastern Europe,upper_middle_income,1.16,purchase,wgc_fsapi:cbd_v11:quarterly_change
2011-09-30,Belarus,BLR,Central and Eastern Europe,upper_middle_income,-0.5,sale,wgc_fsapi:cbd_v11:quarterly_change
2011-12-31,Belarus,BLR,Central and Eastern Europe,upper_middle_income,6.7,purchase,wgc_fsapi:cbd_v11:quarterly_change
2012-03-31,Belarus,BLR,Central and Eastern Europe,upper_middle_income,5.06,purchase,wgc_fsapi:cbd_v11:quarterly_change
2012-06-30,Belarus,BLR,Central and Eastern Europe,upper_middle_income,0.01,purchase,wgc_fsapi:cbd_v11:quarterly_change
2012-09-30,Belarus,BLR,Central and Eastern Europe,upper_middle_income,-1.46,sale,wgc_fsapi:cbd_v11:quarterly_change
2012-12-31,Belarus,BLR,Central and Eastern Europe,upper_middle_income,1.49,purchase,wgc_fsapi:cbd_v11:quarterly_change
2013-03-31,Belarus,BLR,Central and Eastern Europe,upper_middle_income,0.56,purchase,wgc_fsapi:cbd_v11:quarterly_change
2013-06-30,Belarus,BLR,Central and Eastern Europe,upper_middle_income,0.1,purchase,wgc_fsapi:cbd_v11:quarterly_change
2013-09-30,Belarus,BLR,Central and Eastern Europe,upper_middle_income,0.03,purchase,wgc_fsapi:cbd_v11:quarterly_change
2013-12-31,Belarus,BLR,Central and Eastern Europe,upper_middle_income,0.92,purchase,wgc_fsapi:cbd_v11:quarterly_change
2014-03-31,Belarus,BLR,Central and Eastern Europe,upper_middle_income,0.02,purchase,wgc_fsapi:cbd_v11:quarterly_change
2014-06-30,Belarus,BLR,Central and Eastern Europe,upper_middle_income,-2.93,sale,wgc_fsapi:cbd_v11:quarterly_change
2014-09-30,Belarus,BLR,Central and Eastern Europe,upper_middle_income,-2.46,sale,wgc_fsapi:cbd_v11:quarterly_change
2014-12-31,Belarus,BLR,Central and Eastern Europe,upper_middle_income,3.47,purchase,wgc_fsapi:cbd_v11:quarterly_change
2015-03-31,Belarus,BLR,Central and Eastern Europe,upper_middle_income,2.07,purchase,wgc_fsapi:cbd_v11:quarterly_change
2015-06-30,Belarus,BLR,Central and Eastern Europe,upper_middle_income,0.07,purchase,wgc_fsapi:cbd_v11:quarterly_change
2015-09-30,Belarus,BLR,Central and Eastern Europe,upper_middle_income,-0.41,sale,wgc_fsapi:cbd_v11:quarterly_change
2015-12-31,Belarus,BLR,Central and Eastern Europe,upper_middle_income,-2.23,sale,wgc_fsapi:cbd_v11:quarterly_change
2016-03-31,Belarus,BLR,Central and Eastern Europe,upper_middle_income,1.09,purchase,wgc_fsapi:cbd_v11:quarterly_change
2016-06-30,Belarus,BLR,Central and Eastern Europe,upper_middle_income,-2.53,sale,wgc_fsapi:cbd_v11:quarterly_change
2016-09-30,Belarus,BLR,Central and Eastern Europe,upper_middle_income,3.08,purchase,wgc_fsapi:cbd_v11:quarterly_change
2016-12-31,Belarus,BLR,Central and Eastern Europe,upper_middle_income,2.58,purchase,wgc_fsapi:cbd_v11:quarterly_change
2017-03-31,Belarus,BLR,Central and Eastern Europe,upper_middle_income,-5.43,sale,wgc_fsapi:cbd_v11:quarterly_change
2017-06-30,Belarus,BLR,Central and Eastern Europe,upper_middle_income,2.48,purchase,wgc_fsapi:cbd_v11:quarterly_change
2017-09-30,Belarus,BLR,Central and Eastern Europe,upper_middle_income,3.26,purchase,wgc_fsapi:cbd_v11:quarterly_change
2017-12-31,Belarus,BLR,Central and Eastern Europe,upper_middle_income,0.07,purchase,wgc_fsapi:cbd_v11:quarterly_change
2018-03-31,Belarus,BLR,Central and Eastern Europe,upper_middle_income,0.09,purchase,wgc_fsapi:cbd_v11:quarterly_change
2018-06-30,Belarus,BLR,Central and Eastern Europe,upper_middle_income,0.09,purchase,wgc_fsapi:cbd_v11:quarterly_change
2018-09-30,Belarus,BLR,Central and Eastern Europe,upper_middle_income,0.1,purchase,wgc_fsapi:cbd_v11:quarterly_change
2018-12-31,Belarus,BLR,Central and Eastern Europe,upper_middle_income,0.13,purchase,wgc_fsapi:cbd_v11:quarterly_change
2019-03-31,Belarus,BLR,Central and Eastern Europe,upper_middle_income,0.09,purchase,wgc_fsapi:cbd_v11:quarterly_change
2019-06-30,Belarus,BLR,Central and Eastern Europe,upper_middle_income,1.52,purchase,wgc_fsapi:cbd_v11:quarterly_change
2019-09-30,Belarus,BLR,Central and Eastern Europe,upper_middle_income,0.32,purchase,wgc_fsapi:cbd_v11:quarterly_change
2019-12-31,Belarus,BLR,Central and Eastern Europe,upper_middle_income,-0.13,sale,wgc_fsapi:cbd_v11:quarterly_change
2020-03-31,Belarus,BLR,Central and Eastern Europe,upper_middle_income,0.68,purchase,wgc_fsapi:cbd_v11:quarterly_change
2020-06-30,Belarus,BLR,Central and Eastern Europe,upper_middle_income,-0.18,sale,wgc_fsapi:cbd_v11:quarterly_change
2020-09-30,Belarus,BLR,Central and Eastern Europe,upper_middle_income,0.09,purchase,wgc_fsapi:cbd_v11:quarterly_change
2020-12-31,Belarus,BLR,Central and Eastern Europe,upper_middle_income,0.68,purchase,wgc_fsapi:cbd_v11:quarterly_change
2021-06-30,Belarus,BLR,Central and Eastern Europe,upper_middle_income,0.07,purchase,wgc_fsapi:cbd_v11:quarterly_change
2021-09-30,Belarus,BLR,Central and Eastern Europe,upper_middle_income,2.76,purchase,wgc_fsapi:cbd_v11:quarterly_change
2021-12-31,Belarus,BLR,Central and Eastern Europe,upper_middle_income,0.52,purchase,wgc_fsapi:cbd_v11:quarterly_change
2022-03-31,Belarus,BLR,Central and Eastern Europe,upper_middle_income,0.07,purchase,wgc_fsapi:cbd_v11:quarterly_change
2022-06-30,Belarus,BLR,Central and Eastern Europe,upper_middle_income,0.2,purchase,wgc_fsapi:cbd_v11:quarterly_change
2022-12-31,Belarus,BLR,Central and Eastern Europe,upper_middle_income,0.27,purchase,wgc_fsapi:cbd_v11:quarterly_change
2023-03-31,Belarus,BLR,Central and Eastern Europe,upper_middle_income,-0.18,sale,wgc_fsapi:cbd_v11:quarterly_change
2023-06-30,Belarus,BLR,Central and Eastern Europe,upper_middle_income,0.1,purchase,wgc_fsapi:cbd_v11:quarterly_change
2023-09-30,Belarus,BLR,Central and Eastern Europe,upper_middle_income,0.02,purchase,wgc_fsapi:cbd_v11:quarterly_change
2023-12-31,Belarus,BLR,Central and Eastern Europe,upper_middle_income,0.17,purchase,wgc_fsapi:cbd_v11:quarterly_change
2024-03-31,Belarus,BLR,Central and Eastern Europe,upper_middle_income,-0.03,sale,wgc_fsapi:cbd_v11:quarterly_change
2024-06-30,Belarus,BLR,Central and Eastern Europe,upper_middle_income,0.06,purchase,wgc_fsapi:cbd_v11:quarterly_change
2024-09-30,Belarus,BLR,Central and Eastern Europe,upper_middle_income,-0.03,sale,wgc_fsapi:cbd_v11:quarterly_change
2024-12-31,Belarus,BLR,Central and Eastern Europe,upper_middle_income,-0.14,sale,wgc_fsapi:cbd_v11:quarterly_change
2025-03-31,Belarus,BLR,Central and Eastern Europe,upper_middle_income,-0.03,sale,wgc_fsapi:cbd_v11:quarterly_change
2025-06-30,Belarus,BLR,Central and Eastern Europe,upper_middle_income,0.01,purchase,wgc_fsapi:cbd_v11:quarterly_change
2002-03-31,Bolivia,BOL,Latin America & Caribbean,lower_middle_income,-0.86,sale,wgc_fsapi:cbd_v11:quarterly_change
2010-12-31,Bolivia,BOL,Latin America & Caribbean,lower_middle_income,7.0,purchase,wgc_fsapi:cbd_v11:quarterly_change
2011-09-30,Bolivia,BOL,Latin America & Caribbean,lower_middle_income,7.0,purchase,wgc_fsapi:cbd_v11:quarterly_change
2013-12-31,Bolivia,BOL,Latin America & Caribbean,lower_middle_income,0.17,purchase,wgc_fsapi:cbd_v11:quarterly_change
2001-03-31,Brazil,BRA,Latin America & Caribbean,upper_middle_income,-33.89,sale,wgc_fsapi:cbd_v11:quarterly_change
2001-06-30,Brazil,BRA,Latin America & Caribbean,upper_middle_income,2.85,purchase,wgc_fsapi:cbd_v11:quarterly_change
2001-09-30,Brazil,BRA,Latin America & Caribbean,upper_middle_income,0.04,purchase,wgc_fsapi:cbd_v11:quarterly_change
2001-12-31,Brazil,BRA,Latin America & Caribbean,upper_middle_income,-0.75,sale,wgc_fsapi:cbd_v11:quarterly_change
2002-03-31,Brazil,BRA,Latin America & Caribbean,upper_middle_income,0.03,purchase,wgc_fsapi:cbd_v11:quarterly_change
2002-06-30,Brazil,BRA,Latin America & Caribbean,upper_middle_income,0.01,purchase,wgc_fsapi:cbd_v11:quarterly_change
2002-09-30,Brazil,BRA,Latin America & Caribbean,upper_middle_income,-0.32,sale,wgc_fsapi:cbd_v11:quarterly_change
2002-12-31,Brazil,BRA,Latin America & Caribbean,upper_middle_income,-0.26,sale,wgc_fsapi:cbd_v11:quarterly_change
2003-03-31,Brazil,BRA,Latin America & Caribbean,upper_middle_income,0.01,purchase,wgc_fsapi:cbd_v11:quarterly_change
2003-09-30,Brazil,BRA,Latin America & Caribbean,upper_middle_income,-0.01,sale,wgc_fsapi:cbd_v11:quarterly_change
2003-12-31,Brazil,BRA,Latin America & Caribbean,upper_middle_income,0.01,purchase,wgc_fsapi:cbd_v11:quarterly_change
2004-09-30,Brazil,BRA,Latin America & Caribbean,upper_middle_income,-0.01,sale,wgc_fsapi:cbd_v11:quarterly_change
2005-03-31,Brazil,BRA,Latin America & Caribbean,upper_middle_income,0.01,purchase,wgc_fsapi:cbd_v11:quarterly_change
2005-09-30,Brazil,BRA,Latin America & Caribbean,upper_middle_income,-0.01,sale,wgc_fsapi:cbd_v11:quarterly_change
2006-06-30,Brazil,BRA,Latin America & Caribbean,upper_middle_income,0.01,purchase,wgc_fsapi:cbd_v11:quarterly_change
2008-03-31,Brazil,BRA,Latin America & Caribbean,upper_middle_income,0.01,purchase,wgc_fsapi:cbd_v11:quarterly_change
2008-06-30,Brazil,BRA,Latin America & Caribbean,upper_middle_income,0.01,purchase,wgc_fsapi:cbd_v11:quarterly_change
2008-09-30,Brazil,BRA,Latin America & Caribbean,upper_middle_income,-0.02,sale,wgc_fsapi:cbd_v11:quarterly_change
2008-12-31,Brazil,BRA,Latin America & Caribbean,upper_middle_income,0.01,purchase,wgc_fsapi:cbd_v11:quarterly_change
2012-09-30,Brazil,BRA,Latin America & Caribbean,upper_middle_income,1.74,purchase,wgc_fsapi:cbd_v11:quarterly_change
2012-12-31,Brazil,BRA,Latin America & Caribbean,upper_middle_income,31.85,purchase,wgc_fsapi:cbd_v11:quarterly_change
2016-12-31,Brazil,BRA,Latin America & Caribbean,upper_middle_income,0.09,purchase,wgc_fsapi:cbd_v11:quarterly_change
2018-12-31,Brazil,BRA,Latin America & Caribbean,upper_middle_income,0.07,purchase,wgc_fsapi:cbd_v11:quarterly_change
2021-06-30,Brazil,BRA,Latin America & Caribbean,upper_middle_income,53.75,purchase,wgc_fsapi:cbd_v11:quarterly_change
2021-09-30,Brazil,BRA,Latin America & Caribbean,upper_middle_income,8.54,purchase,wgc_fsapi:cbd_v11:quarterly_change
2025-09-30,Brazil,BRA,Latin America & Caribbean,upper_middle_income,15.49,purchase,wgc_fsapi:cbd_v11:quarterly_change
2025-12-31,Brazil,BRA,Latin America & Caribbean,upper_middle_income,27.3,purchase,wgc_fsapi:cbd_v11:quarterly_change
2001-03-31,Canada,CAN,North America,high_income,-0.63,sale,wgc_fsapi:cbd_v11:quarterly_change
2001-09-30,Canada,CAN,North America,high_income,-0.68,sale,wgc_fsapi:cbd_v11:quarterly_change
2001-12-31,Canada,CAN,North America,high_income,-2.8,sale,wgc_fsapi:cbd_v11:quarterly_change
2002-03-31,Canada,CAN,North America,high_income,-2.95,sale,wgc_fsapi:cbd_v11:quarterly_change
2002-06-30,Canada,CAN,North America,high_income,-2.96,sale,wgc_fsapi:cbd_v11:quarterly_change
2002-09-30,Canada,CAN,North America,high_income,-2.77,sale,wgc_fsapi:cbd_v11:quarterly_change
2002-12-31,Canada,CAN,North America,high_income,-5.41,sale,wgc_fsapi:cbd_v11:quarterly_change
2003-03-31,Canada,CAN,North America,high_income,-2.83,sale,wgc_fsapi:cbd_v11:quarterly_change
2003-06-30,Canada,CAN,North America,high_income,-6.19,sale,wgc_fsapi:cbd_v11:quarterly_change
2003-09-30,Canada,CAN,North America,high_income,-4.23,sale,wgc_fsapi:cbd_v11:quarterly_change
2003-12-31,Canada,CAN,North America,high_income,-1.99,sale,wgc_fsapi:cbd_v11:quarterly_change
2013-03-31,Canada,CAN,North America,high_income,-0.19,sale,wgc_fsapi:cbd_v11:quarterly_change
2013-06-30,Canada,CAN,North America,high_income,-0.03,sale,wgc_fsapi:cbd_v11:quarterly_change
2013-09-30,Canada,CAN,North America,high_income,-0.12,sale,wgc_fsapi:cbd_v11:quarterly_change
2013-12-31,Canada,CAN,North America,high_income,-0.06,sale,wgc_fsapi:cbd_v11:quarterly_change
2015-12-31,Canada,CAN,North America,high_income,-1.29,sale,wgc_fsapi:cbd_v11:quarterly_change
2016-03-31,Canada,CAN,North America,high_income,-1.7,sale,wgc_fsapi:cbd_v11:quarterly_change
2001-03-31,Switzerland,CHE,Western Europe,high_income,-50.9,sale,wgc_fsapi:cbd_v11:quarterly_change
2001-06-30,Switzerland,CHE,Western Europe,high_income,-48.0,sale,wgc_fsapi:cbd_v11:quarterly_change
2001-09-30,Switzerland,CHE,Western Europe,high_income,-50.4,sale,wgc_fsapi:cbd_v11:quarterly_change
2001-12-31,Switzerland,CHE,Western Europe,high_income,-71.6,sale,wgc_fsapi:cbd_v11:quarterly_change
2002-03-31,Switzerland,CHE,Western Europe,high_income,-69.7,sale,wgc_fsapi:cbd_v11:quarterly_change
2002-06-30,Switzerland,CHE,Western Europe,high_income,-68.6,sale,wgc_fsapi:cbd_v11:quarterly_change
2002-09-30,Switzerland,CHE,Western Europe,high_income,-73.1,sale,wgc_fsapi:cbd_v11:quarterly_change
2002-12-31,Switzerland,CHE,Western Europe,high_income,-70.4,sale,wgc_fsapi:cbd_v11:quarterly_change
2003-03-31,Switzerland,CHE,Western Europe,high_income,-70.5,sale,wgc_fsapi:cbd_v11:quarterly_change
2003-06-30,Switzerland,CHE,Western Europe,high_income,-68.2,sale,wgc_fsapi:cbd_v11:quarterly_change
2003-09-30,Switzerland,CHE,Western Europe,high_income,-73.39,sale,wgc_fsapi:cbd_v11:quarterly_change
2003-12-31,Switzerland,CHE,Western Europe,high_income,-71.3,sale,wgc_fsapi:cbd_v11:quarterly_change
2004-03-31,Switzerland,CHE,Western Europe,high_income,-72.3,sale,wgc_fsapi:cbd_v11:quarterly_change
2004-06-30,Switzerland,CHE,Western Europe,high_income,-68.7,sale,wgc_fsapi:cbd_v11:quarterly_change
2004-09-30,Switzerland,CHE,Western Europe,high_income,-73.2,sale,wgc_fsapi:cbd_v11:quarterly_change
2004-12-31,Switzerland,CHE,Western Europe,high_income,-64.8,sale,wgc_fsapi:cbd_v11:quarterly_change
2005-03-31,Switzerland,CHE,Western Europe,high_income,-64.2,sale,wgc_fsapi:cbd_v11:quarterly_change
2007-06-30,Switzerland,CHE,Western Europe,high_income,-13.9,sale,wgc_fsapi:cbd_v11:quarterly_change
2007-09-30,Switzerland,CHE,Western Europe,high_income,-99.02,sale,wgc_fsapi:cbd_v11:quarterly_change
2007-12-31,Switzerland,CHE,Western Europe,high_income,-31.97,sale,wgc_fsapi:cbd_v11:quarterly_change
2008-03-31,Switzerland,CHE,Western Europe,high_income,-32.0,sale,wgc_fsapi:cbd_v11:quarterly_change
2008-06-30,Switzerland,CHE,Western Europe,high_income,-35.97,sale,wgc_fsapi:cbd_v11:quarterly_change
2008-09-30,Switzerland,CHE,Western Europe,high_income,-37.15,sale,wgc_fsapi:cbd_v11:quarterly_change
2008-12-31,Switzerland,CHE,Western Europe,high_income,0.02,purchase,wgc_fsapi:cbd_v11:quarterly_change
2010-09-30,Switzerland,CHE,Western Europe,high_income,-0.02,sale,wgc_fsapi:cbd_v11:quarterly_change
2011-06-30,Switzerland,CHE,Western Europe,high_income,-0.01,sale,wgc_fsapi:cbd_v11:quarterly_change
2013-06-30,Switzerland,CHE,Western Europe,high_income,-0.01,sale,wgc_fsapi:cbd_v11:quarterly_change
2014-06-30,Switzerland,CHE,Western Europe,high_income,-0.07,sale,wgc_fsapi:cbd_v11:quarterly_change
2016-12-31,Switzerland,CHE,Western Europe,high_income,0.01,purchase,wgc_fsapi:cbd_v11:quarterly_change
2024-09-30,Switzerland,CHE,Western Europe,high_income,-0.06,sale,wgc_fsapi:cbd_v11:quarterly_change
2001-12-31,Chile,CHL,Latin America & Caribbean,high_income,0.01,purchase,wgc_fsapi:cbd_v11:quarterly_change
2002-03-31,Chile,CHL,Latin America & Caribbean,high_income,-1.93,sale,wgc_fsapi:cbd_v11:quarterly_change
2002-09-30,Chile,CHL,Latin America & Caribbean,high_income,-0.12,sale,wgc_fsapi:cbd_v11:quarterly_change
2005-03-31,Chile,CHL,Latin America & Caribbean,high_income,-0.03,sale,wgc_fsapi:cbd_v11:quarterly_change
2005-06-30,Chile,CHL,Latin America & Caribbean,high_income,-0.01,sale,wgc_fsapi:cbd_v11:quarterly_change
2005-09-30,Chile,CHL,Latin America & Caribbean,high_income,0.01,purchase,wgc_fsapi:cbd_v11:quarterly_change
2005-12-31,Chile,CHL,Latin America & Caribbean,high_income,0.03,purchase,wgc_fsapi:cbd_v11:quarterly_change
2001-12-31,China,CHN,East Asia,upper_middle_income,105.75,purchase,wgc_fsapi:cbd_v11:quarterly_change
2002-06-30,China,CHN,East Asia,upper_middle_income,-0.62,sale,wgc_fsapi:cbd_v11:quarterly_change
2002-12-31,China,CHN,East Asia,upper_middle_income,99.84,purchase,wgc_fsapi:cbd_v11:quarterly_change
2009-06-30,China,CHN,East Asia,upper_middle_income,454.11,purchase,wgc_fsapi:cbd_v11:quarterly_change
2015-06-30,China,CHN,East Asia,upper_middle_income,604.33,purchase,wgc_fsapi:cbd_v11:quarterly_change
2015-09-30,China,CHN,East Asia,upper_middle_income,50.08,purchase,wgc_fsapi:cbd_v11:quarterly_change
2015-12-31,China,CHN,East Asia,upper_middle_income,53.81,purchase,wgc_fsapi:cbd_v11:quarterly_change
2016-03-31,China,CHN,East Asia,upper_middle_income,35.15,purchase,wgc_fsapi:cbd_v11:quarterly_change
2016-06-30,China,CHN,East Asia,upper_middle_income,25.81,purchase,wgc_fsapi:cbd_v11:quarterly_change
2016-09-30,China,CHN,East Asia,upper_middle_income,15.24,purchase,wgc_fsapi:cbd_v11:quarterly_change
2016-12-31,China,CHN,East Asia,upper_middle_income,4.05,purchase,wgc_fsapi:cbd_v11:quarterly_change
2018-12-31,China,CHN,East Asia,upper_middle_income,9.95,purchase,wgc_fsapi:cbd_v11:quarterly_change
2019-03-31,China,CHN,East Asia,upper_middle_income,32.97,purchase,wgc_fsapi:cbd_v11:quarterly_change
2019-06-30,China,CHN,East Asia,upper_middle_income,41.05,purchase,wgc_fsapi:cbd_v11:quarterly_change
2019-09-30,China,CHN,East Asia,upper_middle_income,21.78,purchase,wgc_fsapi:cbd_v11:quarterly_change
2022-12-31,China,CHN,East Asia,upper_middle_income,62.2,purchase,wgc_fsapi:cbd_v11:quarterly_change
2023-03-31,China,CHN,East Asia,upper_middle_income,57.85,purchase,wgc_fsapi:cbd_v11:quarterly_change
2023-06-30,China,CHN,East Asia,upper_middle_income,45.1,purchase,wgc_fsapi:cbd_v11:quarterly_change
2023-09-30,China,CHN,East Asia,upper_middle_income,78.07,purchase,wgc_fsapi:cbd_v11:quarterly_change
2023-12-31,China,CHN,East Asia,upper_middle_income,43.86,purchase,wgc_fsapi:cbd_v11:quarterly_change
2024-03-31,China,CHN,East Asia,upper_middle_income,27.06,purchase,wgc_fsapi:cbd_v11:quarterly_change
2024-06-30,China,CHN,East Asia,upper_middle_income,1.87,purchase,wgc_fsapi:cbd_v11:quarterly_change
2024-12-31,China,CHN,East Asia,upper_middle_income,15.24,purchase,wgc_fsapi:cbd_v11:quarterly_change
2025-03-31,China,CHN,East Asia,upper_middle_income,12.75,purchase,wgc_fsapi:cbd_v11:quarterly_change
2025-06-30,China,CHN,East Asia,upper_middle_income,6.22,purchase,wgc_fsapi:cbd_v11:quarterly_change
2025-09-30,China,CHN,East Asia,upper_middle_income,4.98,purchase,wgc_fsapi:cbd_v11:quarterly_change
2025-12-31,China,CHN,East Asia,upper_middle_income,2.79,purchase,wgc_fsapi:cbd_v11:quarterly_change
2009-03-31,Cameroon,CMR,Sub-Saharan Africa,lower_middle_income,-0.93,sale,wgc_fsapi:cbd_v11:quarterly_change
2009-03-31,Congo,COG,Sub-Saharan Africa,lower_middle_income,-0.35,sale,wgc_fsapi:cbd_v11:quarterly_change
2001-06-30,Colombia,COL,Latin America & Caribbean,upper_middle_income,-0.02,sale,wgc_fsapi:cbd_v11:quarterly_change
2003-03-31,Colombia,COL,Latin America & Caribbean,upper_middle_income,-0.01,sale,wgc_fsapi:cbd_v11:quarterly_change
2004-03-31,Colombia,COL,Latin America & Caribbean,upper_middle_income,0.01,purchase,wgc_fsapi:cbd_v11:quarterly_change
2004-06-30,Colombia,COL,Latin America & Caribbean,upper_middle_income,-0.01,sale,wgc_fsapi:cbd_v11:quarterly_change
2006-06-30,Colombia,COL,Latin America & Caribbean,upper_middle_income,-3.25,sale,wgc_fsapi:cbd_v11:quarterly_change
2006-09-30,Colombia,COL,Latin America & Caribbean,upper_middle_income,-0.01,sale,wgc_fsapi:cbd_v11:quarterly_change
2007-03-31,Colombia,COL,Latin America & Caribbean,upper_middle_income,-0.02,sale,wgc_fsapi:cbd_v11:quarterly_change
2007-09-30,Colombia,COL,Latin America & Caribbean,upper_middle_income,-0.01,sale,wgc_fsapi:cbd_v11:quarterly_change
2008-03-31,Colombia,COL,Latin America & Caribbean,upper_middle_income,-0.01,sale,wgc_fsapi:cbd_v11:quarterly_change
2011-09-30,Colombia,COL,Latin America & Caribbean,upper_middle_income,2.3,purchase,wgc_fsapi:cbd_v11:quarterly_change
2011-12-31,Colombia,COL,Latin America & Caribbean,upper_middle_income,1.19,purchase,wgc_fsapi:cbd_v11:quarterly_change
2015-09-30,Colombia,COL,Latin America & Caribbean,upper_middle_income,-6.86,sale,wgc_fsapi:cbd_v11:quarterly_change
2015-12-31,Colombia,COL,Latin America & Caribbean,upper_middle_income,0.01,purchase,wgc_fsapi:cbd_v11:quarterly_change
2016-09-30,Colombia,COL,Latin America & Caribbean,upper_middle_income,0.66,purchase,wgc_fsapi:cbd_v11:quarterly_change
2016-12-31,Colombia,COL,Latin America & Caribbean,upper_middle_income,1.6,purchase,wgc_fsapi:cbd_v11:quarterly_change
2017-12-31,Colombia,COL,Latin America & Caribbean,upper_middle_income,4.6,purchase,wgc_fsapi:cbd_v11:quarterly_change
2018-03-31,Colombia,COL,Latin America & Caribbean,upper_middle_income,2.48,purchase,wgc_fsapi:cbd_v11:quarterly_change
2019-03-31,Colombia,COL,Latin America & Caribbean,upper_middle_income,6.08,purchase,wgc_fsapi:cbd_v11:quarterly_change
2019-12-31,Colombia,COL,Latin America & Caribbean,upper_middle_income,-5.05,sale,wgc_fsapi:cbd_v11:quarterly_change
2020-06-30,Colombia,COL,Latin America & Caribbean,upper_middle_income,-9.73,sale,wgc_fsapi:cbd_v11:quarterly_change
2021-03-31,Colombia,COL,Latin America & Caribbean,upper_middle_income,0.54,purchase,wgc_fsapi:cbd_v11:quarterly_change
2002-12-31,Costa Rica,CRI,Latin America & Caribbean,high_income,0.01,purchase,wgc_fsapi:cbd_v11:quarterly_change
2003-03-31,Costa Rica,CRI,Latin America & Caribbean,high_income,-0.01,sale,wgc_fsapi:cbd_v11:quarterly_change
2004-03-31,Costa Rica,CRI,Latin America & Caribbean,high_income,0.01,purchase,wgc_fsapi:cbd_v11:quarterly_change
2004-06-30,Costa Rica,CRI,Latin America & Caribbean,high_income,-0.01,sale,wgc_fsapi:cbd_v11:quarterly_change
2005-09-30,Costa Rica,CRI,Latin America & Caribbean,high_income,0.01,purchase,wgc_fsapi:cbd_v11:quarterly_change
2005-12-31,Costa Rica,CRI,Latin America & Caribbean,high_income,-0.01,sale,wgc_fsapi:cbd_v11:quarterly_change
2006-12-31,Costa Rica,CRI,Latin America & Caribbean,high_income,0.06,purchase,wgc_fsapi:cbd_v11:quarterly_change
2007-03-31,Costa Rica,CRI,Latin America & Caribbean,high_income,-0.06,sale,wgc_fsapi:cbd_v11:quarterly_change
2007-09-30,Costa Rica,CRI,Latin America & Caribbean,high_income,0.01,purchase,wgc_fsapi:cbd_v11:quarterly_change
2007-12-31,Costa Rica,CRI,Latin America & Caribbean,high_income,-0.01,sale,wgc_fsapi:cbd_v11:quarterly_change
2008-09-30,Costa Rica,CRI,Latin America & Caribbean,high_income,0.01,purchase,wgc_fsapi:cbd_v11:quarterly_change
2009-03-31,Costa Rica,CRI,Latin America & Caribbean,high_income,-0.01,sale,wgc_fsapi:cbd_v11:quarterly_change
2009-12-31,Costa Rica,CRI,Latin America & Caribbean,high_income,-0.06,sale,wgc_fsapi:cbd_v11:quarterly_change
2001-12-31,Cyprus,CYP,Western Europe,high_income,-0.01,sale,wgc_fsapi:cbd_v11:quarterly_change
2002-03-31,Cyprus,CYP,Western Europe,high_income,0.03,purchase,wgc_fsapi:cbd_v11:quarterly_change
2002-06-30,Cyprus,CYP,Western Europe,high_income,-0.01,sale,wgc_fsapi:cbd_v11:quarterly_change
2002-09-30,Cyprus,CYP,Western Europe,high_income,0.01,purchase,wgc_fsapi:cbd_v11:quarterly_change
2003-09-30,Cyprus,CYP,Western Europe,high_income,0.01,purchase,wgc_fsapi:cbd_v11:quarterly_change
2003-12-31,Cyprus,CYP,Western Europe,high_income,0.01,purchase,wgc_fsapi:cbd_v11:quarterly_change
2004-06-30,Cyprus,CYP,Western Europe,high_income,-0.01,sale,wgc_fsapi:cbd_v11:quarterly_change
2008-03-31,Cyprus,CYP,Western Europe,high_income,-0.6,sale,wgc_fsapi:cbd_v11:quarterly_change
2014-03-31,Cyprus,CYP,Western Europe,high_income,0.03,purchase,wgc_fsapi:cbd_v11:quarterly_change
2025-03-31,Cyprus,CYP,Western Europe,high_income,-0.03,sale,wgc_fsapi:cbd_v11:quarterly_change
2001-03-31,Czech Republic,CZE,Central and Eastern Europe,high_income,-0.03,sale,wgc_fsapi:cbd_v11:quarterly_change
2001-09-30,Czech Republic,CZE,Central and Eastern Europe,high_income,-0.03,sale,wgc_fsapi:cbd_v11:quarterly_change
2002-03-31,Czech Republic,CZE,Central and Eastern Europe,high_income,-0.03,sale,wgc_fsapi:cbd_v11:quarterly_change
2002-09-30,Czech Republic,CZE,Central and Eastern Europe,high_income,-0.03,sale,wgc_fsapi:cbd_v11:quarterly_change
2003-03-31,Czech Republic,CZE,Central and Eastern Europe,high_income,-0.03,sale,wgc_fsapi:cbd_v11:quarterly_change
2003-06-30,Czech Republic,CZE,Central and Eastern Europe,high_income,0.06,purchase,wgc_fsapi:cbd_v11:quarterly_change
2003-09-30,Czech Republic,CZE,Central and Eastern Europe,high_income,-0.03,sale,wgc_fsapi:cbd_v11:quarterly_change
2004-03-31,Czech Republic,CZE,Central and Eastern Europe,high_income,-0.1,sale,wgc_fsapi:cbd_v11:quarterly_change
2004-06-30,Czech Republic,CZE,Central and Eastern Europe,high_income,-0.03,sale,wgc_fsapi:cbd_v11:quarterly_change
2004-09-30,Czech Republic,CZE,Central and Eastern Europe,high_income,-0.03,sale,wgc_fsapi:cbd_v11:quarterly_change
2004-12-31,Czech Republic,CZE,Central and Eastern Europe,high_income,0.03,purchase,wgc_fsapi:cbd_v11:quarterly_change
2005-03-31,Czech Republic,CZE,Central and Eastern Europe,high_income,-0.03,sale,wgc_fsapi:cbd_v11:quarterly_change
2005-09-30,Czech Republic,CZE,Central and Eastern Europe,high_income,-0.03,sale,wgc_fsapi:cbd_v11:quarterly_change
2005-12-31,Czech Republic,CZE,Central and Eastern Europe,high_income,-0.03,sale,wgc_fsapi:cbd_v11:quarterly_change
2006-06-30,Czech Republic,CZE,Central and Eastern Europe,high_income,-0.02,sale,wgc_fsapi:cbd_v11:quarterly_change
2006-09-30,Czech Republic,CZE,Central and Eastern Europe,high_income,-0.04,sale,wgc_fsapi:cbd_v11:quarterly_change
2006-12-31,Czech Republic,CZE,Central and Eastern Europe,high_income,-0.01,sale,wgc_fsapi:cbd_v11:quarterly_change
2007-03-31,Czech Republic,CZE,Central and Eastern Europe,high_income,-0.01,sale,wgc_fsapi:cbd_v11:quarterly_change
2007-06-30,Czech Republic,CZE,Central and Eastern Europe,high_income,-0.04,sale,wgc_fsapi:cbd_v11:quarterly_change
2007-09-30,Czech Republic,CZE,Central and Eastern Europe,high_income,-0.06,sale,wgc_fsapi:cbd_v11:quarterly_change
2007-12-31,Czech Republic,CZE,Central and Eastern Europe,high_income,-0.01,sale,wgc_fsapi:cbd_v11:quarterly_change
2008-03-31,Czech Republic,CZE,Central and Eastern Europe,high_income,-0.1,sale,wgc_fsapi:cbd_v11:quarterly_change
2008-06-30,Czech Republic,CZE,Central and Eastern Europe,high_income,-0.01,sale,wgc_fsapi:cbd_v11:quarterly_change
2008-09-30,Czech Republic,CZE,Central and Eastern Europe,high_income,-0.1,sale,wgc_fsapi:cbd_v11:quarterly_change
2009-06-30,Czech Republic,CZE,Central and Eastern Europe,high_income,-0.11,sale,wgc_fsapi:cbd_v11:quarterly_change
2009-09-30,Czech Republic,CZE,Central and Eastern Europe,high_income,-0.11,sale,wgc_fsapi:cbd_v11:quarterly_change
2010-03-31,Czech Republic,CZE,Central and Eastern Europe,high_income,-0.11,sale,wgc_fsapi:cbd_v11:quarterly_change
2010-06-30,Czech Republic,CZE,Central and Eastern Europe,high_income,-0.1,sale,wgc_fsapi:cbd_v11:quarterly_change
2011-03-31,Czech Republic,CZE,Central and Eastern Europe,high_income,-0.09,sale,wgc_fsapi:cbd_v11:quarterly_change
2011-06-30,Czech Republic,CZE,Central and Eastern Europe,high_income,-0.04,sale,wgc_fsapi:cbd_v11:quarterly_change
2011-09-30,Czech Republic,CZE,Central and Eastern Europe,high_income,-0.12,sale,wgc_fsapi:cbd_v11:quarterly_change
2012-03-31,Czech Republic,CZE,Central and Eastern Europe,high_income,-0.18,sale,wgc_fsapi:cbd_v11:quarterly_change
2012-06-30,Czech Republic,CZE,Central and Eastern Europe,high_income,-0.01,sale,wgc_fsapi:cbd_v11:quarterly_change
2012-09-30,Czech Republic,CZE,Central and Eastern Europe,high_income,-0.68,sale,wgc_fsapi:cbd_v11:quarterly_change
2013-03-31,Czech Republic,CZE,Central and Eastern Europe,high_income,-0.21,sale,wgc_fsapi:cbd_v11:quarterly_change
2013-06-30,Czech Republic,CZE,Central and Eastern Europe,high_income,-0.33,sale,wgc_fsapi:cbd_v11:quarterly_change
2013-09-30,Czech Republic,CZE,Central and Eastern Europe,high_income,-0.19,sale,wgc_fsapi:cbd_v11:quarterly_change
2014-03-31,Czech Republic,CZE,Central and Eastern Europe,high_income,-0.13,sale,wgc_fsapi:cbd_v11:quarterly_change
2014-06-30,Czech Republic,CZE,Central and Eastern Europe,high_income,-0.01,sale,wgc_fsapi:cbd_v11:quarterly_change
2014-09-30,Czech Republic,CZE,Central and Eastern Europe,high_income,-0.13,sale,wgc_fsapi:cbd_v11:quarterly_change
2015-03-31,Czech Republic,CZE,Central and Eastern Europe,high_income,-0.13,sale,wgc_fsapi:cbd_v11:quarterly_change
2015-06-30,Czech Republic,CZE,Central and Eastern Europe,high_income,-0.26,sale,wgc_fsapi:cbd_v11:quarterly_change
2015-09-30,Czech Republic,CZE,Central and Eastern Europe,high_income,-0.14,sale,wgc_fsapi:cbd_v11:quarterly_change
2016-03-31,Czech Republic,CZE,Central and Eastern Europe,high_income,-0.18,sale,wgc_fsapi:cbd_v11:quarterly_change
2016-06-30,Czech Republic,CZE,Central and Eastern Europe,high_income,0.04,purchase,wgc_fsapi:cbd_v11:quarterly_change
2016-09-30,Czech Republic,CZE,Central and Eastern Europe,high_income,-0.15,sale,wgc_fsapi:cbd_v11:quarterly_change
2017-03-31,Czech Republic,CZE,Central and Eastern Europe,high_income,-0.15,sale,wgc_fsapi:cbd_v11:quarterly_change
2017-06-30,Czech Republic,CZE,Central and Eastern Europe,high_income,-0.09,sale,wgc_fsapi:cbd_v11:quarterly_change
2017-09-30,Czech Republic,CZE,Central and Eastern Europe,high_income,-0.08,sale,wgc_fsapi:cbd_v11:quarterly_change
2018-03-31,Czech Republic,CZE,Central and Eastern Europe,high_income,-0.17,sale,wgc_fsapi:cbd_v11:quarterly_change
2018-06-30,Czech Republic,CZE,Central and Eastern Europe,high_income,0.01,purchase,wgc_fsapi:cbd_v11:quarterly_change
2018-09-30,Czech Republic,CZE,Central and Eastern Europe,high_income,-0.52,sale,wgc_fsapi:cbd_v11:quarterly_change
2019-03-31,Czech Republic,CZE,Central and Eastern Europe,high_income,-0.55,sale,wgc_fsapi:cbd_v11:quarterly_change
2019-06-30,Czech Republic,CZE,Central and Eastern Europe,high_income,-0.04,sale,wgc_fsapi:cbd_v11:quarterly_change
2019-09-30,Czech Republic,CZE,Central and Eastern Europe,high_income,-0.18,sale,wgc_fsapi:cbd_v11:quarterly_change
2020-03-31,Czech Republic,CZE,Central and Eastern Europe,high_income,-0.15,sale,wgc_fsapi:cbd_v11:quarterly_change
2020-06-30,Czech Republic,CZE,Central and Eastern Europe,high_income,1.21,purchase,wgc_fsapi:cbd_v11:quarterly_change
2020-09-30,Czech Republic,CZE,Central and Eastern Europe,high_income,-0.19,sale,wgc_fsapi:cbd_v11:quarterly_change
2020-12-31,Czech Republic,CZE,Central and Eastern Europe,high_income,0.63,purchase,wgc_fsapi:cbd_v11:quarterly_change
2021-03-31,Czech Republic,CZE,Central and Eastern Europe,high_income,0.28,purchase,wgc_fsapi:cbd_v11:quarterly_change
2021-06-30,Czech Republic,CZE,Central and Eastern Europe,high_income,0.09,purchase,wgc_fsapi:cbd_v11:quarterly_change
2021-09-30,Czech Republic,CZE,Central and Eastern Europe,high_income,0.31,purchase,wgc_fsapi:cbd_v11:quarterly_change
2021-12-31,Czech Republic,CZE,Central and Eastern Europe,high_income,0.41,purchase,wgc_fsapi:cbd_v11:quarterly_change
2022-03-31,Czech Republic,CZE,Central and Eastern Europe,high_income,0.34,purchase,wgc_fsapi:cbd_v11:quarterly_change
2022-06-30,Czech Republic,CZE,Central and Eastern Europe,high_income,0.39,purchase,wgc_fsapi:cbd_v11:quarterly_change
2022-09-30,Czech Republic,CZE,Central and Eastern Europe,high_income,0.23,purchase,wgc_fsapi:cbd_v11:quarterly_change
2022-12-31,Czech Republic,CZE,Central and Eastern Europe,high_income,0.42,purchase,wgc_fsapi:cbd_v11:quarterly_change
2023-03-31,Czech Republic,CZE,Central and Eastern Europe,high_income,1.54,purchase,wgc_fsapi:cbd_v11:quarterly_change
2023-06-30,Czech Republic,CZE,Central and Eastern Europe,high_income,6.06,purchase,wgc_fsapi:cbd_v11:quarterly_change
2023-09-30,Czech Republic,CZE,Central and Eastern Europe,high_income,5.51,purchase,wgc_fsapi:cbd_v11:quarterly_change
2023-12-31,Czech Republic,CZE,Central and Eastern Europe,high_income,5.6,purchase,wgc_fsapi:cbd_v11:quarterly_change
2024-03-31,Czech Republic,CZE,Central and Eastern Europe,high_income,4.9,purchase,wgc_fsapi:cbd_v11:quarterly_change
2024-06-30,Czech Republic,CZE,Central and Eastern Europe,high_income,5.92,purchase,wgc_fsapi:cbd_v11:quarterly_change
2024-09-30,Czech Republic,CZE,Central and Eastern Europe,high_income,4.93,purchase,wgc_fsapi:cbd_v11:quarterly_change
2024-12-31,Czech Republic,CZE,Central and Eastern Europe,high_income,4.76,purchase,wgc_fsapi:cbd_v11:quarterly_change
2025-03-31,Czech Republic,CZE,Central and Eastern Europe,high_income,5.03,purchase,wgc_fsapi:cbd_v11:quarterly_change
2025-06-30,Czech Republic,CZE,Central and Eastern Europe,high_income,5.74,purchase,wgc_fsapi:cbd_v11:quarterly_change
2025-09-30,Czech Republic,CZE,Central and Eastern Europe,high_income,4.89,purchase,wgc_fsapi:cbd_v11:quarterly_change
2025-12-31,Czech Republic,CZE,Central and Eastern Europe,high_income,4.77,purchase,wgc_fsapi:cbd_v11:quarterly_change
2001-09-30,Germany,DEU,Western Europe,high_income,-12.04,sale,wgc_fsapi:cbd_v11:quarterly_change
2002-03-31,Germany,DEU,Western Europe,high_income,-8.39,sale,wgc_fsapi:cbd_v11:quarterly_change
2002-06-30,Germany,DEU,Western Europe,high_income,-2.37,sale,wgc_fsapi:cbd_v11:quarterly_change
2003-06-30,Germany,DEU,Western Europe,high_income,-2.83,sale,wgc_fsapi:cbd_v11:quarterly_change
2003-09-30,Germany,DEU,Western Europe,high_income,-3.45,sale,wgc_fsapi:cbd_v11:quarterly_change
2004-03-31,Germany,DEU,Western Europe,high_income,-0.06,sale,wgc_fsapi:cbd_v11:quarterly_change
2004-06-30,Germany,DEU,Western Europe,high_income,-2.8,sale,wgc_fsapi:cbd_v11:quarterly_change
2004-09-30,Germany,DEU,Western Europe,high_income,-3.42,sale,wgc_fsapi:cbd_v11:quarterly_change
2005-06-30,Germany,DEU,Western Europe,high_income,-4.98,sale,wgc_fsapi:cbd_v11:quarterly_change
2005-09-30,Germany,DEU,Western Europe,high_income,-0.47,sale,wgc_fsapi:cbd_v11:quarterly_change
2006-06-30,Germany,DEU,Western Europe,high_income,-4.29,sale,wgc_fsapi:cbd_v11:quarterly_change
2006-09-30,Germany,DEU,Western Europe,high_income,-0.99,sale,wgc_fsapi:cbd_v11:quarterly_change
2007-06-30,Germany,DEU,Western Europe,high_income,-1.93,sale,wgc_fsapi:cbd_v11:quarterly_change
2007-09-30,Germany,DEU,Western Europe,high_income,-3.21,sale,wgc_fsapi:cbd_v11:quarterly_change
2008-06-30,Germany,DEU,Western Europe,high_income,-4.26,sale,wgc_fsapi:cbd_v11:quarterly_change
2008-09-30,Germany,DEU,Western Europe,high_income,-0.53,sale,wgc_fsapi:cbd_v11:quarterly_change
2009-06-30,Germany,DEU,Western Europe,high_income,-4.29,sale,wgc_fsapi:cbd_v11:quarterly_change
2009-09-30,Germany,DEU,Western Europe,high_income,-0.65,sale,wgc_fsapi:cbd_v11:quarterly_change
2009-12-31,Germany,DEU,Western Europe,high_income,-0.87,sale,wgc_fsapi:cbd_v11:quarterly_change
2010-09-30,Germany,DEU,Western Europe,high_income,-4.98,sale,wgc_fsapi:cbd_v11:quarterly_change
2010-12-31,Germany,DEU,Western Europe,high_income,-0.84,sale,wgc_fsapi:cbd_v11:quarterly_change
2011-12-31,Germany,DEU,Western Europe,high_income,-4.66,sale,wgc_fsapi:cbd_v11:quarterly_change
2012-06-30,Germany,DEU,Western Europe,high_income,-0.75,sale,wgc_fsapi:cbd_v11:quarterly_change
2012-12-31,Germany,DEU,Western Europe,high_income,-4.2,sale,wgc_fsapi:cbd_v11:quarterly_change
2013-06-30,Germany,DEU,Western Europe,high_income,-0.78,sale,wgc_fsapi:cbd_v11:quarterly_change
2013-12-31,Germany,DEU,Western Europe,high_income,-3.42,sale,wgc_fsapi:cbd_v11:quarterly_change
2014-03-31,Germany,DEU,Western Europe,high_income,-0.78,sale,wgc_fsapi:cbd_v11:quarterly_change
2014-06-30,Germany,DEU,Western Europe,high_income,-2.17,sale,wgc_fsapi:cbd_v11:quarterly_change
2015-03-31,Germany,DEU,Western Europe,high_income,-0.78,sale,wgc_fsapi:cbd_v11:quarterly_change
2015-06-30,Germany,DEU,Western Europe,high_income,-2.4,sale,wgc_fsapi:cbd_v11:quarterly_change
2015-09-30,Germany,DEU,Western Europe,high_income,-0.03,sale,wgc_fsapi:cbd_v11:quarterly_change
2016-06-30,Germany,DEU,Western Europe,high_income,-2.73,sale,wgc_fsapi:cbd_v11:quarterly_change
2016-09-30,Germany,DEU,Western Europe,high_income,-0.31,sale,wgc_fsapi:cbd_v11:quarterly_change
2017-06-30,Germany,DEU,Western Europe,high_income,-3.8,sale,wgc_fsapi:cbd_v11:quarterly_change
2017-09-30,Germany,DEU,Western Europe,high_income,-0.4,sale,wgc_fsapi:cbd_v11:quarterly_change
2017-12-31,Germany,DEU,Western Europe,high_income,-0.1,sale,wgc_fsapi:cbd_v11:quarterly_change
2018-03-31,Germany,DEU,Western Europe,high_income,-1.43,sale,wgc_fsapi:cbd_v11:quarterly_change
2018-06-30,Germany,DEU,Western Europe,high_income,-2.33,sale,wgc_fsapi:cbd_v11:quarterly_change
2018-09-30,Germany,DEU,Western Europe,high_income,-0.16,sale,wgc_fsapi:cbd_v11:quarterly_change
2019-06-30,Germany,DEU,Western Europe,high_income,-2.95,sale,wgc_fsapi:cbd_v11:quarterly_change
2019-12-31,Germany,DEU,Western Europe,high_income,-0.28,sale,wgc_fsapi:cbd_v11:quarterly_change
2020-03-31,Germany,DEU,Western Europe,high_income,-2.33,sale,wgc_fsapi:cbd_v11:quarterly_change
2020-06-30,Germany,DEU,Western Europe,high_income,-1.22,sale,wgc_fsapi:cbd_v11:quarterly_change
2020-09-30,Germany,DEU,Western Europe,high_income,-0.49,sale,wgc_fsapi:cbd_v11:quarterly_change
2021-06-30,Germany,DEU,Western Europe,high_income,-3.33,sale,wgc_fsapi:cbd_v11:quarterly_change
2021-09-30,Germany,DEU,Western Europe,high_income,-0.03,sale,wgc_fsapi:cbd_v11:quarterly_change
2022-03-31,Germany,DEU,Western Europe,high_income,-0.59,sale,wgc_fsapi:cbd_v11:quarterly_change
2022-06-30,Germany,DEU,Western Europe,high_income,-3.36,sale,wgc_fsapi:cbd_v11:quarterly_change
2023-03-31,Germany,DEU,Western Europe,high_income,-0.25,sale,wgc_fsapi:cbd_v11:quarterly_change
2023-06-30,Germany,DEU,Western Europe,high_income,-2.24,sale,wgc_fsapi:cbd_v11:quarterly_change
2024-03-31,Germany,DEU,Western Europe,high_income,-0.34,sale,wgc_fsapi:cbd_v11:quarterly_change
2024-06-30,Germany,DEU,Western Europe,high_income,-0.78,sale,wgc_fsapi:cbd_v11:quarterly_change
2025-03-31,Germany,DEU,Western Europe,high_income,-0.25,sale,wgc_fsapi:cbd_v11:quarterly_change
2025-06-30,Germany,DEU,Western Europe,high_income,-1.03,sale,wgc_fsapi:cbd_v11:quarterly_change
2001-12-31,Denmark,DNK,Western Europe,high_income,-0.01,sale,wgc_fsapi:cbd_v11:quarterly_change
2002-12-31,Denmark,DNK,Western Europe,high_income,-0.03,sale,wgc_fsapi:cbd_v11:quarterly_change
2003-03-31,Denmark,DNK,Western Europe,high_income,0.01,purchase,wgc_fsapi:cbd_v11:quarterly_change
2003-06-30,Denmark,DNK,Western Europe,high_income,0.01,purchase,wgc_fsapi:cbd_v11:quarterly_change
2003-09-30,Denmark,DNK,Western Europe,high_income,-0.02,sale,wgc_fsapi:cbd_v11:quarterly_change
2003-12-31,Denmark,DNK,Western Europe,high_income,-0.01,sale,wgc_fsapi:cbd_v11:quarterly_change
2001-03-31,Dominican Republic,DOM,Latin America & Caribbean,upper_middle_income,0.01,purchase,wgc_fsapi:cbd_v11:quarterly_change
2019-06-30,Algeria,DZA,Middle East & North Africa,upper_middle_income,-0.08,sale,wgc_fsapi:cbd_v11:quarterly_change
2006-03-31,Ecuador,ECU,Latin America & Caribbean,upper_middle_income,-0.03,sale,wgc_fsapi:cbd_v11:quarterly_change
2009-09-30,Ecuador,ECU,Latin America & Caribbean,upper_middle_income,0.01,purchase,wgc_fsapi:cbd_v11:quarterly_change
2014-06-30,Ecuador,ECU,Latin America & Caribbean,upper_middle_income,-14.18,sale,wgc_fsapi:cbd_v11:quarterly_change
2014-09-30,Ecuador,ECU,Latin America & Caribbean,upper_middle_income,-0.31,sale,wgc_fsapi:cbd_v11:quarterly_change
2018-12-31,Ecuador,ECU,Latin America & Caribbean,upper_middle_income,-5.42,sale,wgc_fsapi:cbd_v11:quarterly_change
2019-03-31,Ecuador,ECU,Latin America & Caribbean,upper_middle_income,10.58,purchase,wgc_fsapi:cbd_v11:quarterly_change
2019-12-31,Ecuador,ECU,Latin America & Caribbean,upper_middle_income,4.98,purchase,wgc_fsapi:cbd_v11:quarterly_change
2020-03-31,Ecuador,ECU,Latin America & Caribbean,upper_middle_income,-7.46,sale,wgc_fsapi:cbd_v11:quarterly_change
2020-06-30,Ecuador,ECU,Latin America & Caribbean,upper_middle_income,9.33,purchase,wgc_fsapi:cbd_v11:quarterly_change
2020-09-30,Ecuador,ECU,Latin America & Caribbean,upper_middle_income,7.47,purchase,wgc_fsapi:cbd_v11:quarterly_change
2022-03-31,Ecuador,ECU,Latin America & Caribbean,upper_middle_income,2.51,purchase,wgc_fsapi:cbd_v11:quarterly_change
2023-12-31,Ecuador,ECU,Latin America & Caribbean,upper_middle_income,-7.5,sale,wgc_fsapi:cbd_v11:quarterly_change
2001-03-31,Egypt,EGY,Middle East & North Africa,lower_middle_income,0.01,purchase,wgc_fsapi:cbd_v11:quarterly_change
2001-06-30,Egypt,EGY,Middle East & North Africa,lower_middle_income,-0.01,sale,wgc_fsapi:cbd_v11:quarterly_change
2002-12-31,Egypt,EGY,Middle East & North Africa,lower_middle_income,0.01,purchase,wgc_fsapi:cbd_v11:quarterly_change
2006-06-30,Egypt,EGY,Middle East & North Africa,lower_middle_income,-0.01,sale,wgc_fsapi:cbd_v11:quarterly_change
2006-09-30,Egypt,EGY,Middle East & North Africa,lower_middle_income,-0.03,sale,wgc_fsapi:cbd_v11:quarterly_change
2016-06-30,Egypt,EGY,Middle East & North Africa,lower_middle_income,-0.03,sale,wgc_fsapi:cbd_v11:quarterly_change
2017-03-31,Egypt,EGY,Middle East & North Africa,lower_middle_income,0.69,purchase,wgc_fsapi:cbd_v11:quarterly_change
2017-06-30,Egypt,EGY,Middle East & North Africa,lower_middle_income,0.01,purchase,wgc_fsapi:cbd_v11:quarterly_change
2017-09-30,Egypt,EGY,Middle East & North Africa,lower_middle_income,0.01,purchase,wgc_fsapi:cbd_v11:quarterly_change
2017-12-31,Egypt,EGY,Middle East & North Africa,lower_middle_income,0.15,purchase,wgc_fsapi:cbd_v11:quarterly_change
2018-03-31,Egypt,EGY,Middle East & North Africa,lower_middle_income,0.61,purchase,wgc_fsapi:cbd_v11:quarterly_change
2018-06-30,Egypt,EGY,Middle East & North Africa,lower_middle_income,0.22,purchase,wgc_fsapi:cbd_v11:quarterly_change
2018-09-30,Egypt,EGY,Middle East & North Africa,lower_middle_income,0.22,purchase,wgc_fsapi:cbd_v11:quarterly_change
2018-12-31,Egypt,EGY,Middle East & North Africa,lower_middle_income,0.89,purchase,wgc_fsapi:cbd_v11:quarterly_change
2019-03-31,Egypt,EGY,Middle East & North Africa,lower_middle_income,0.25,purchase,wgc_fsapi:cbd_v11:quarterly_change
2019-06-30,Egypt,EGY,Middle East & North Africa,lower_middle_income,0.19,purchase,wgc_fsapi:cbd_v11:quarterly_change
2019-09-30,Egypt,EGY,Middle East & North Africa,lower_middle_income,0.23,purchase,wgc_fsapi:cbd_v11:quarterly_change
2019-12-31,Egypt,EGY,Middle East & North Africa,lower_middle_income,0.26,purchase,wgc_fsapi:cbd_v11:quarterly_change
2020-03-31,Egypt,EGY,Middle East & North Africa,lower_middle_income,0.23,purchase,wgc_fsapi:cbd_v11:quarterly_change
2020-06-30,Egypt,EGY,Middle East & North Africa,lower_middle_income,0.14,purchase,wgc_fsapi:cbd_v11:quarterly_change
2020-09-30,Egypt,EGY,Middle East & North Africa,lower_middle_income,0.19,purchase,wgc_fsapi:cbd_v11:quarterly_change
2020-12-31,Egypt,EGY,Middle East & North Africa,lower_middle_income,0.36,purchase,wgc_fsapi:cbd_v11:quarterly_change
2021-03-31,Egypt,EGY,Middle East & North Africa,lower_middle_income,0.16,purchase,wgc_fsapi:cbd_v11:quarterly_change
2021-06-30,Egypt,EGY,Middle East & North Africa,lower_middle_income,0.19,purchase,wgc_fsapi:cbd_v11:quarterly_change
2021-09-30,Egypt,EGY,Middle East & North Africa,lower_middle_income,0.15,purchase,wgc_fsapi:cbd_v11:quarterly_change
2021-12-31,Egypt,EGY,Middle East & North Africa,lower_middle_income,0.18,purchase,wgc_fsapi:cbd_v11:quarterly_change
2022-03-31,Egypt,EGY,Middle East & North Africa,lower_middle_income,44.11,purchase,wgc_fsapi:cbd_v11:quarterly_change
2022-06-30,Egypt,EGY,Middle East & North Africa,lower_middle_income,0.17,purchase,wgc_fsapi:cbd_v11:quarterly_change
2022-09-30,Egypt,EGY,Middle East & North Africa,lower_middle_income,0.13,purchase,wgc_fsapi:cbd_v11:quarterly_change
2022-12-31,Egypt,EGY,Middle East & North Africa,lower_middle_income,0.31,purchase,wgc_fsapi:cbd_v11:quarterly_change
2023-03-31,Egypt,EGY,Middle East & North Africa,lower_middle_income,0.16,purchase,wgc_fsapi:cbd_v11:quarterly_change
2023-06-30,Egypt,EGY,Middle East & North Africa,lower_middle_income,0.07,purchase,wgc_fsapi:cbd_v11:quarterly_change
2023-09-30,Egypt,EGY,Middle East & North Africa,lower_middle_income,0.11,purchase,wgc_fsapi:cbd_v11:quarterly_change
2023-12-31,Egypt,EGY,Middle East & North Africa,lower_middle_income,0.33,purchase,wgc_fsapi:cbd_v11:quarterly_change
2024-03-31,Egypt,EGY,Middle East & North Africa,lower_middle_income,0.16,purchase,wgc_fsapi:cbd_v11:quarterly_change
2024-06-30,Egypt,EGY,Middle East & North Africa,lower_middle_income,0.11,purchase,wgc_fsapi:cbd_v11:quarterly_change
2024-09-30,Egypt,EGY,Middle East & North Africa,lower_middle_income,0.25,purchase,wgc_fsapi:cbd_v11:quarterly_change
2024-12-31,Egypt,EGY,Middle East & North Africa,lower_middle_income,0.06,purchase,wgc_fsapi:cbd_v11:quarterly_change
2025-03-31,Egypt,EGY,Middle East & North Africa,lower_middle_income,1.39,purchase,wgc_fsapi:cbd_v11:quarterly_change
2025-06-30,Egypt,EGY,Middle East & North Africa,lower_middle_income,0.27,purchase,wgc_fsapi:cbd_v11:quarterly_change
2025-09-30,Egypt,EGY,Middle East & North Africa,lower_middle_income,0.28,purchase,wgc_fsapi:cbd_v11:quarterly_change
2025-12-31,Egypt,EGY,Middle East & North Africa,lower_middle_income,0.54,purchase,wgc_fsapi:cbd_v11:quarterly_change
2002-09-30,Eritrea,ERI,Sub-Saharan Africa,low_income,-1.2,sale,wgc_fsapi:cbd_v11:quarterly_change
2002-06-30,Spain,ESP,Western Europe,high_income,-0.03,sale,wgc_fsapi:cbd_v11:quarterly_change
2003-06-30,Spain,ESP,Western Europe,high_income,-0.04,sale,wgc_fsapi:cbd_v11:quarterly_change
2004-03-31,Spain,ESP,Western Europe,high_income,-0.03,sale,wgc_fsapi:cbd_v11:quarterly_change
2005-06-30,Spain,ESP,Western Europe,high_income,-20.0,sale,wgc_fsapi:cbd_v11:quarterly_change
2005-09-30,Spain,ESP,Western Europe,high_income,-9.95,sale,wgc_fsapi:cbd_v11:quarterly_change
2005-12-31,Spain,ESP,Western Europe,high_income,-35.64,sale,wgc_fsapi:cbd_v11:quarterly_change
2006-09-30,Spain,ESP,Western Europe,high_income,-26.81,sale,wgc_fsapi:cbd_v11:quarterly_change
2006-12-31,Spain,ESP,Western Europe,high_income,-14.19,sale,wgc_fsapi:cbd_v11:quarterly_change
2007-03-31,Spain,ESP,Western Europe,high_income,-39.81,sale,wgc_fsapi:cbd_v11:quarterly_change
2007-06-30,Spain,ESP,Western Europe,high_income,-70.45,sale,wgc_fsapi:cbd_v11:quarterly_change
2007-09-30,Spain,ESP,Western Europe,high_income,-24.88,sale,wgc_fsapi:cbd_v11:quarterly_change
2014-03-31,Spain,ESP,Western Europe,high_income,-0.03,sale,wgc_fsapi:cbd_v11:quarterly_change
2015-09-30,Spain,ESP,Western Europe,high_income,0.02,purchase,wgc_fsapi:cbd_v11:quarterly_change
2015-12-31,Spain,ESP,Western Europe,high_income,-0.02,sale,wgc_fsapi:cbd_v11:quarterly_change
2002-03-31,Finland,FIN,Western Europe,high_income,0.03,purchase,wgc_fsapi:cbd_v11:quarterly_change
2002-09-30,Finland,FIN,Western Europe,high_income,-0.03,sale,wgc_fsapi:cbd_v11:quarterly_change
2004-03-31,Finland,FIN,Western Europe,high_income,0.03,purchase,wgc_fsapi:cbd_v11:quarterly_change
2004-06-30,Finland,FIN,Western Europe,high_income,-0.03,sale,wgc_fsapi:cbd_v11:quarterly_change
2004-09-30,Finland,FIN,Western Europe,high_income,0.03,purchase,wgc_fsapi:cbd_v11:quarterly_change
2004-12-31,Finland,FIN,Western Europe,high_income,0.06,purchase,wgc_fsapi:cbd_v11:quarterly_change
2021-12-31,Finland,FIN,Western Europe,high_income,-0.12,sale,wgc_fsapi:cbd_v11:quarterly_change
2024-12-31,Finland,FIN,Western Europe,high_income,-5.26,sale,wgc_fsapi:cbd_v11:quarterly_change
2014-06-30,Fiji,FJI,Australasia / Oceania,upper_middle_income,0.01,purchase,wgc_fsapi:cbd_v11:quarterly_change
2001-09-30,France,FRA,Western Europe,high_income,0.03,purchase,wgc_fsapi:cbd_v11:quarterly_change
2001-12-31,France,FRA,Western Europe,high_income,-0.03,sale,wgc_fsapi:cbd_v11:quarterly_change
2002-12-31,France,FRA,Western Europe,high_income,0.07,purchase,wgc_fsapi:cbd_v11:quarterly_change
2003-09-30,France,FRA,Western Europe,high_income,-0.04,sale,wgc_fsapi:cbd_v11:quarterly_change
2004-03-31,France,FRA,Western Europe,high_income,-0.03,sale,wgc_fsapi:cbd_v11:quarterly_change
2004-09-30,France,FRA,Western Europe,high_income,-0.62,sale,wgc_fsapi:cbd_v11:quarterly_change
2004-12-31,France,FRA,Western Europe,high_income,-38.72,sale,wgc_fsapi:cbd_v11:quarterly_change
2005-03-31,France,FRA,Western Europe,high_income,-27.12,sale,wgc_fsapi:cbd_v11:quarterly_change
2005-06-30,France,FRA,Western Europe,high_income,-59.57,sale,wgc_fsapi:cbd_v11:quarterly_change
2005-09-30,France,FRA,Western Europe,high_income,-9.14,sale,wgc_fsapi:cbd_v11:quarterly_change
2005-12-31,France,FRA,Western Europe,high_income,-63.67,sale,wgc_fsapi:cbd_v11:quarterly_change
2006-03-31,France,FRA,Western Europe,high_income,-23.67,sale,wgc_fsapi:cbd_v11:quarterly_change
2006-06-30,France,FRA,Western Europe,high_income,-26.06,sale,wgc_fsapi:cbd_v11:quarterly_change
2006-09-30,France,FRA,Western Europe,high_income,-18.48,sale,wgc_fsapi:cbd_v11:quarterly_change
2006-12-31,France,FRA,Western Europe,high_income,-37.82,sale,wgc_fsapi:cbd_v11:quarterly_change
2007-03-31,France,FRA,Western Europe,high_income,-30.85,sale,wgc_fsapi:cbd_v11:quarterly_change
2007-06-30,France,FRA,Western Europe,high_income,-21.81,sale,wgc_fsapi:cbd_v11:quarterly_change
2007-09-30,France,FRA,Western Europe,high_income,-24.57,sale,wgc_fsapi:cbd_v11:quarterly_change
2007-12-31,France,FRA,Western Europe,high_income,-39.47,sale,wgc_fsapi:cbd_v11:quarterly_change
2008-03-31,France,FRA,Western Europe,high_income,-34.71,sale,wgc_fsapi:cbd_v11:quarterly_change
2008-06-30,France,FRA,Western Europe,high_income,-19.0,sale,wgc_fsapi:cbd_v11:quarterly_change
2008-09-30,France,FRA,Western Europe,high_income,-21.81,sale,wgc_fsapi:cbd_v11:quarterly_change
2008-12-31,France,FRA,Western Europe,high_income,-35.39,sale,wgc_fsapi:cbd_v11:quarterly_change
2009-03-31,France,FRA,Western Europe,high_income,-39.38,sale,wgc_fsapi:cbd_v11:quarterly_change
2009-06-30,France,FRA,Western Europe,high_income,-7.22,sale,wgc_fsapi:cbd_v11:quarterly_change
2009-09-30,France,FRA,Western Europe,high_income,-10.14,sale,wgc_fsapi:cbd_v11:quarterly_change
2012-12-31,France,FRA,Western Europe,high_income,-0.03,sale,wgc_fsapi:cbd_v11:quarterly_change
2013-03-31,France,FRA,Western Europe,high_income,0.03,purchase,wgc_fsapi:cbd_v11:quarterly_change
2013-06-30,France,FRA,Western Europe,high_income,-0.03,sale,wgc_fsapi:cbd_v11:quarterly_change
2015-03-31,France,FRA,Western Europe,high_income,0.03,purchase,wgc_fsapi:cbd_v11:quarterly_change
2015-09-30,France,FRA,Western Europe,high_income,0.13,purchase,wgc_fsapi:cbd_v11:quarterly_change
2015-12-31,France,FRA,Western Europe,high_income,0.09,purchase,wgc_fsapi:cbd_v11:quarterly_change
2016-03-31,France,FRA,Western Europe,high_income,0.03,purchase,wgc_fsapi:cbd_v11:quarterly_change
2016-06-30,France,FRA,Western Europe,high_income,0.1,purchase,wgc_fsapi:cbd_v11:quarterly_change
2016-09-30,France,FRA,Western Europe,high_income,0.06,purchase,wgc_fsapi:cbd_v11:quarterly_change
2016-12-31,France,FRA,Western Europe,high_income,0.03,purchase,wgc_fsapi:cbd_v11:quarterly_change
2017-03-31,France,FRA,Western Europe,high_income,0.06,purchase,wgc_fsapi:cbd_v11:quarterly_change
2017-12-31,France,FRA,Western Europe,high_income,0.1,purchase,wgc_fsapi:cbd_v11:quarterly_change
2018-03-31,France,FRA,Western Europe,high_income,0.03,purchase,wgc_fsapi:cbd_v11:quarterly_change
2018-09-30,France,FRA,Western Europe,high_income,-0.03,sale,wgc_fsapi:cbd_v11:quarterly_change
2018-12-31,France,FRA,Western Europe,high_income,0.03,purchase,wgc_fsapi:cbd_v11:quarterly_change
2019-06-30,France,FRA,Western Europe,high_income,0.03,purchase,wgc_fsapi:cbd_v11:quarterly_change
2019-09-30,France,FRA,Western Europe,high_income,-0.06,sale,wgc_fsapi:cbd_v11:quarterly_change
2020-06-30,France,FRA,Western Europe,high_income,0.06,purchase,wgc_fsapi:cbd_v11:quarterly_change
2020-09-30,France,FRA,Western Europe,high_income,0.03,purchase,wgc_fsapi:cbd_v11:quarterly_change
2020-12-31,France,FRA,Western Europe,high_income,0.09,purchase,wgc_fsapi:cbd_v11:quarterly_change
2021-03-31,France,FRA,Western Europe,high_income,0.1,purchase,wgc_fsapi:cbd_v11:quarterly_change
2021-06-30,France,FRA,Western Europe,high_income,0.03,purchase,wgc_fsapi:cbd_v11:quarterly_change
2021-09-30,France,FRA,Western Europe,high_income,0.03,purchase,wgc_fsapi:cbd_v11:quarterly_change
2021-12-31,France,FRA,Western Europe,high_income,0.12,purchase,wgc_fsapi:cbd_v11:quarterly_change
2022-03-31,France,FRA,Western Europe,high_income,0.03,purchase,wgc_fsapi:cbd_v11:quarterly_change
2022-06-30,France,FRA,Western Europe,high_income,0.13,purchase,wgc_fsapi:cbd_v11:quarterly_change
2022-09-30,France,FRA,Western Europe,high_income,0.03,purchase,wgc_fsapi:cbd_v11:quarterly_change
2022-12-31,France,FRA,Western Europe,high_income,0.09,purchase,wgc_fsapi:cbd_v11:quarterly_change
2023-03-31,France,FRA,Western Europe,high_income,0.06,purchase,wgc_fsapi:cbd_v11:quarterly_change
2023-06-30,France,FRA,Western Europe,high_income,0.07,purchase,wgc_fsapi:cbd_v11:quarterly_change
2023-09-30,France,FRA,Western Europe,high_income,0.03,purchase,wgc_fsapi:cbd_v11:quarterly_change
2023-12-31,France,FRA,Western Europe,high_income,0.06,purchase,wgc_fsapi:cbd_v11:quarterly_change
2024-03-31,France,FRA,Western Europe,high_income,-0.06,sale,wgc_fsapi:cbd_v11:quarterly_change
2024-06-30,France,FRA,Western Europe,high_income,0.06,purchase,wgc_fsapi:cbd_v11:quarterly_change
2024-09-30,France,FRA,Western Europe,high_income,-0.03,sale,wgc_fsapi:cbd_v11:quarterly_change
2024-12-31,France,FRA,Western Europe,high_income,0.06,purchase,wgc_fsapi:cbd_v11:quarterly_change
2009-03-31,Gabon,GAB,Sub-Saharan Africa,upper_middle_income,-0.4,sale,wgc_fsapi:cbd_v11:quarterly_change
2001-03-31,United Kingdom,GBR,Western Europe,high_income,-50.43,sale,wgc_fsapi:cbd_v11:quarterly_change
2001-06-30,United Kingdom,GBR,Western Europe,high_income,-21.08,sale,wgc_fsapi:cbd_v11:quarterly_change
2001-09-30,United Kingdom,GBR,Western Europe,high_income,-40.35,sale,wgc_fsapi:cbd_v11:quarterly_change
2001-12-31,United Kingdom,GBR,Western Europe,high_income,-20.39,sale,wgc_fsapi:cbd_v11:quarterly_change
2002-03-31,United Kingdom,GBR,Western Europe,high_income,-40.77,sale,wgc_fsapi:cbd_v11:quarterly_change
2002-06-30,United Kingdom,GBR,Western Europe,high_income,-0.39,sale,wgc_fsapi:cbd_v11:quarterly_change
2002-09-30,United Kingdom,GBR,Western Europe,high_income,-0.13,sale,wgc_fsapi:cbd_v11:quarterly_change
2002-12-31,United Kingdom,GBR,Western Europe,high_income,-0.09,sale,wgc_fsapi:cbd_v11:quarterly_change
2003-03-31,United Kingdom,GBR,Western Europe,high_income,-0.22,sale,wgc_fsapi:cbd_v11:quarterly_change
2003-06-30,United Kingdom,GBR,Western Europe,high_income,-0.41,sale,wgc_fsapi:cbd_v11:quarterly_change
2003-12-31,United Kingdom,GBR,Western Europe,high_income,-0.02,sale,wgc_fsapi:cbd_v11:quarterly_change
2004-03-31,United Kingdom,GBR,Western Europe,high_income,-0.3,sale,wgc_fsapi:cbd_v11:quarterly_change
2004-06-30,United Kingdom,GBR,Western Europe,high_income,-0.42,sale,wgc_fsapi:cbd_v11:quarterly_change
2004-12-31,United Kingdom,GBR,Western Europe,high_income,-0.25,sale,wgc_fsapi:cbd_v11:quarterly_change
2005-03-31,United Kingdom,GBR,Western Europe,high_income,-0.75,sale,wgc_fsapi:cbd_v11:quarterly_change
2005-06-30,United Kingdom,GBR,Western Europe,high_income,-0.08,sale,wgc_fsapi:cbd_v11:quarterly_change
2005-09-30,United Kingdom,GBR,Western Europe,high_income,-0.2,sale,wgc_fsapi:cbd_v11:quarterly_change
2005-12-31,United Kingdom,GBR,Western Europe,high_income,-0.42,sale,wgc_fsapi:cbd_v11:quarterly_change
2006-03-31,United Kingdom,GBR,Western Europe,high_income,-0.53,sale,wgc_fsapi:cbd_v11:quarterly_change
2006-06-30,United Kingdom,GBR,Western Europe,high_income,-0.01,sale,wgc_fsapi:cbd_v11:quarterly_change
2006-12-31,United Kingdom,GBR,Western Europe,high_income,-0.01,sale,wgc_fsapi:cbd_v11:quarterly_change
2007-06-30,United Kingdom,GBR,Western Europe,high_income,0.01,purchase,wgc_fsapi:cbd_v11:quarterly_change
2009-03-31,United Kingdom,GBR,Western Europe,high_income,-0.01,sale,wgc_fsapi:cbd_v11:quarterly_change
2015-03-31,United Kingdom,GBR,Western Europe,high_income,0.04,purchase,wgc_fsapi:cbd_v11:quarterly_change
2001-12-31,Ghana,GHA,Sub-Saharan Africa,lower_middle_income,0.03,purchase,wgc_fsapi:cbd_v11:quarterly_change
2023-06-30,Ghana,GHA,Sub-Saharan Africa,lower_middle_income,1.27,purchase,wgc_fsapi:cbd_v11:quarterly_change
2023-09-30,Ghana,GHA,Sub-Saharan Africa,lower_middle_income,6.12,purchase,wgc_fsapi:cbd_v11:quarterly_change
2023-12-31,Ghana,GHA,Sub-Saharan Africa,lower_middle_income,3.37,purchase,wgc_fsapi:cbd_v11:quarterly_change
2024-03-31,Ghana,GHA,Sub-Saharan Africa,lower_middle_income,1.15,purchase,wgc_fsapi:cbd_v11:quarterly_change
2024-06-30,Ghana,GHA,Sub-Saharan Africa,lower_middle_income,2.73,purchase,wgc_fsapi:cbd_v11:quarterly_change
2024-09-30,Ghana,GHA,Sub-Saharan Africa,lower_middle_income,3.83,purchase,wgc_fsapi:cbd_v11:quarterly_change
2024-12-31,Ghana,GHA,Sub-Saharan Africa,lower_middle_income,3.32,purchase,wgc_fsapi:cbd_v11:quarterly_change
2025-03-31,Ghana,GHA,Sub-Saharan Africa,lower_middle_income,0.48,purchase,wgc_fsapi:cbd_v11:quarterly_change
2025-06-30,Ghana,GHA,Sub-Saharan Africa,lower_middle_income,1.98,purchase,wgc_fsapi:cbd_v11:quarterly_change
2025-09-30,Ghana,GHA,Sub-Saharan Africa,lower_middle_income,4.07,purchase,wgc_fsapi:cbd_v11:quarterly_change
2025-12-31,Ghana,GHA,Sub-Saharan Africa,lower_middle_income,-18.46,sale,wgc_fsapi:cbd_v11:quarterly_change
2001-03-31,Greece,GRC,Western Europe,high_income,-9.52,sale,wgc_fsapi:cbd_v11:quarterly_change
2001-12-31,Greece,GRC,Western Europe,high_income,-0.43,sale,wgc_fsapi:cbd_v11:quarterly_change
2002-03-31,Greece,GRC,Western Europe,high_income,0.03,purchase,wgc_fsapi:cbd_v11:quarterly_change
2002-06-30,Greece,GRC,Western Europe,high_income,-0.03,sale,wgc_fsapi:cbd_v11:quarterly_change
2002-09-30,Greece,GRC,Western Europe,high_income,0.06,purchase,wgc_fsapi:cbd_v11:quarterly_change
2002-12-31,Greece,GRC,Western Europe,high_income,-0.28,sale,wgc_fsapi:cbd_v11:quarterly_change
2003-03-31,Greece,GRC,Western Europe,high_income,-0.15,sale,wgc_fsapi:cbd_v11:quarterly_change
2003-09-30,Greece,GRC,Western Europe,high_income,-15.03,sale,wgc_fsapi:cbd_v11:quarterly_change
2003-12-31,Greece,GRC,Western Europe,high_income,0.13,purchase,wgc_fsapi:cbd_v11:quarterly_change
2004-03-31,Greece,GRC,Western Europe,high_income,0.03,purchase,wgc_fsapi:cbd_v11:quarterly_change
2004-09-30,Greece,GRC,Western Europe,high_income,0.22,purchase,wgc_fsapi:cbd_v11:quarterly_change
2004-12-31,Greece,GRC,Western Europe,high_income,0.12,purchase,wgc_fsapi:cbd_v11:quarterly_change
2005-03-31,Greece,GRC,Western Europe,high_income,0.06,purchase,wgc_fsapi:cbd_v11:quarterly_change
2005-06-30,Greece,GRC,Western Europe,high_income,0.03,purchase,wgc_fsapi:cbd_v11:quarterly_change
2005-09-30,Greece,GRC,Western Europe,high_income,0.13,purchase,wgc_fsapi:cbd_v11:quarterly_change
2005-12-31,Greece,GRC,Western Europe,high_income,0.03,purchase,wgc_fsapi:cbd_v11:quarterly_change
2006-03-31,Greece,GRC,Western Europe,high_income,0.03,purchase,wgc_fsapi:cbd_v11:quarterly_change
2006-06-30,Greece,GRC,Western Europe,high_income,0.06,purchase,wgc_fsapi:cbd_v11:quarterly_change
2006-09-30,Greece,GRC,Western Europe,high_income,0.03,purchase,wgc_fsapi:cbd_v11:quarterly_change
2006-12-31,Greece,GRC,Western Europe,high_income,3.67,purchase,wgc_fsapi:cbd_v11:quarterly_change
2007-03-31,Greece,GRC,Western Europe,high_income,0.19,purchase,wgc_fsapi:cbd_v11:quarterly_change
2007-06-30,Greece,GRC,Western Europe,high_income,0.16,purchase,wgc_fsapi:cbd_v11:quarterly_change
2007-09-30,Greece,GRC,Western Europe,high_income,0.09,purchase,wgc_fsapi:cbd_v11:quarterly_change
2007-12-31,Greece,GRC,Western Europe,high_income,0.34,purchase,wgc_fsapi:cbd_v11:quarterly_change
2008-03-31,Greece,GRC,Western Europe,high_income,0.25,purchase,wgc_fsapi:cbd_v11:quarterly_change
2008-06-30,Greece,GRC,Western Europe,high_income,0.12,purchase,wgc_fsapi:cbd_v11:quarterly_change
2008-09-30,Greece,GRC,Western Europe,high_income,0.1,purchase,wgc_fsapi:cbd_v11:quarterly_change
2008-12-31,Greece,GRC,Western Europe,high_income,-0.5,sale,wgc_fsapi:cbd_v11:quarterly_change
2009-03-31,Greece,GRC,Western Europe,high_income,-0.12,sale,wgc_fsapi:cbd_v11:quarterly_change
2009-09-30,Greece,GRC,Western Europe,high_income,0.03,purchase,wgc_fsapi:cbd_v11:quarterly_change
2009-12-31,Greece,GRC,Western Europe,high_income,0.03,purchase,wgc_fsapi:cbd_v11:quarterly_change
2010-03-31,Greece,GRC,Western Europe,high_income,-0.13,sale,wgc_fsapi:cbd_v11:quarterly_change
2010-06-30,Greece,GRC,Western Europe,high_income,-0.52,sale,wgc_fsapi:cbd_v11:quarterly_change
2010-09-30,Greece,GRC,Western Europe,high_income,-0.13,sale,wgc_fsapi:cbd_v11:quarterly_change
2010-12-31,Greece,GRC,Western Europe,high_income,-0.06,sale,wgc_fsapi:cbd_v11:quarterly_change
2011-03-31,Greece,GRC,Western Europe,high_income,-0.13,sale,wgc_fsapi:cbd_v11:quarterly_change
2011-06-30,Greece,GRC,Western Europe,high_income,0.04,purchase,wgc_fsapi:cbd_v11:quarterly_change
2011-09-30,Greece,GRC,Western Europe,high_income,0.06,purchase,wgc_fsapi:cbd_v11:quarterly_change
2011-12-31,Greece,GRC,Western Europe,high_income,0.06,purchase,wgc_fsapi:cbd_v11:quarterly_change
2012-03-31,Greece,GRC,Western Europe,high_income,0.06,purchase,wgc_fsapi:cbd_v11:quarterly_change
2012-06-30,Greece,GRC,Western Europe,high_income,0.06,purchase,wgc_fsapi:cbd_v11:quarterly_change
2012-09-30,Greece,GRC,Western Europe,high_income,0.07,purchase,wgc_fsapi:cbd_v11:quarterly_change
2012-12-31,Greece,GRC,Western Europe,high_income,0.06,purchase,wgc_fsapi:cbd_v11:quarterly_change
2013-03-31,Greece,GRC,Western Europe,high_income,0.09,purchase,wgc_fsapi:cbd_v11:quarterly_change
2013-06-30,Greece,GRC,Western Europe,high_income,0.06,purchase,wgc_fsapi:cbd_v11:quarterly_change
2013-09-30,Greece,GRC,Western Europe,high_income,0.07,purchase,wgc_fsapi:cbd_v11:quarterly_change
2013-12-31,Greece,GRC,Western Europe,high_income,0.06,purchase,wgc_fsapi:cbd_v11:quarterly_change
2014-03-31,Greece,GRC,Western Europe,high_income,0.06,purchase,wgc_fsapi:cbd_v11:quarterly_change
2014-06-30,Greece,GRC,Western Europe,high_income,0.09,purchase,wgc_fsapi:cbd_v11:quarterly_change
2014-09-30,Greece,GRC,Western Europe,high_income,0.07,purchase,wgc_fsapi:cbd_v11:quarterly_change
2014-12-31,Greece,GRC,Western Europe,high_income,0.06,purchase,wgc_fsapi:cbd_v11:quarterly_change
2015-03-31,Greece,GRC,Western Europe,high_income,0.06,purchase,wgc_fsapi:cbd_v11:quarterly_change
2015-06-30,Greece,GRC,Western Europe,high_income,0.06,purchase,wgc_fsapi:cbd_v11:quarterly_change
2015-09-30,Greece,GRC,Western Europe,high_income,0.03,purchase,wgc_fsapi:cbd_v11:quarterly_change
2015-12-31,Greece,GRC,Western Europe,high_income,0.03,purchase,wgc_fsapi:cbd_v11:quarterly_change
2016-03-31,Greece,GRC,Western Europe,high_income,0.07,purchase,wgc_fsapi:cbd_v11:quarterly_change
2016-06-30,Greece,GRC,Western Europe,high_income,0.03,purchase,wgc_fsapi:cbd_v11:quarterly_change
2016-09-30,Greece,GRC,Western Europe,high_income,0.03,purchase,wgc_fsapi:cbd_v11:quarterly_change
2016-12-31,Greece,GRC,Western Europe,high_income,0.06,purchase,wgc_fsapi:cbd_v11:quarterly_change
2017-03-31,Greece,GRC,Western Europe,high_income,0.03,purchase,wgc_fsapi:cbd_v11:quarterly_change
2017-06-30,Greece,GRC,Western Europe,high_income,0.03,purchase,wgc_fsapi:cbd_v11:quarterly_change
2017-09-30,Greece,GRC,Western Europe,high_income,0.03,purchase,wgc_fsapi:cbd_v11:quarterly_change
2017-12-31,Greece,GRC,Western Europe,high_income,0.04,purchase,wgc_fsapi:cbd_v11:quarterly_change
2018-03-31,Greece,GRC,Western Europe,high_income,0.03,purchase,wgc_fsapi:cbd_v11:quarterly_change
2018-06-30,Greece,GRC,Western Europe,high_income,0.03,purchase,wgc_fsapi:cbd_v11:quarterly_change
2018-09-30,Greece,GRC,Western Europe,high_income,0.06,purchase,wgc_fsapi:cbd_v11:quarterly_change
2018-12-31,Greece,GRC,Western Europe,high_income,0.03,purchase,wgc_fsapi:cbd_v11:quarterly_change
2019-03-31,Greece,GRC,Western Europe,high_income,0.09,purchase,wgc_fsapi:cbd_v11:quarterly_change
2019-06-30,Greece,GRC,Western Europe,high_income,0.07,purchase,wgc_fsapi:cbd_v11:quarterly_change
2019-09-30,Greece,GRC,Western Europe,high_income,0.15,purchase,wgc_fsapi:cbd_v11:quarterly_change
2019-12-31,Greece,GRC,Western Europe,high_income,0.1,purchase,wgc_fsapi:cbd_v11:quarterly_change
2020-03-31,Greece,GRC,Western Europe,high_income,0.15,purchase,wgc_fsapi:cbd_v11:quarterly_change
2020-06-30,Greece,GRC,Western Europe,high_income,0.09,purchase,wgc_fsapi:cbd_v11:quarterly_change
2020-09-30,Greece,GRC,Western Europe,high_income,0.1,purchase,wgc_fsapi:cbd_v11:quarterly_change
2020-12-31,Greece,GRC,Western Europe,high_income,0.06,purchase,wgc_fsapi:cbd_v11:quarterly_change
2021-06-30,Greece,GRC,Western Europe,high_income,0.06,purchase,wgc_fsapi:cbd_v11:quarterly_change
2021-09-30,Greece,GRC,Western Europe,high_income,0.03,purchase,wgc_fsapi:cbd_v11:quarterly_change
2021-12-31,Greece,GRC,Western Europe,high_income,0.07,purchase,wgc_fsapi:cbd_v11:quarterly_change
2022-03-31,Greece,GRC,Western Europe,high_income,0.06,purchase,wgc_fsapi:cbd_v11:quarterly_change
2022-06-30,Greece,GRC,Western Europe,high_income,0.06,purchase,wgc_fsapi:cbd_v11:quarterly_change
2022-09-30,Greece,GRC,Western Europe,high_income,0.03,purchase,wgc_fsapi:cbd_v11:quarterly_change
2022-12-31,Greece,GRC,Western Europe,high_income,0.03,purchase,wgc_fsapi:cbd_v11:quarterly_change
2023-03-31,Greece,GRC,Western Europe,high_income,0.06,purchase,wgc_fsapi:cbd_v11:quarterly_change
2023-06-30,Greece,GRC,Western Europe,high_income,0.04,purchase,wgc_fsapi:cbd_v11:quarterly_change
2023-09-30,Greece,GRC,Western Europe,high_income,0.03,purchase,wgc_fsapi:cbd_v11:quarterly_change
2023-12-31,Greece,GRC,Western Europe,high_income,0.03,purchase,wgc_fsapi:cbd_v11:quarterly_change
2024-03-31,Greece,GRC,Western Europe,high_income,0.03,purchase,wgc_fsapi:cbd_v11:quarterly_change
2024-06-30,Greece,GRC,Western Europe,high_income,0.06,purchase,wgc_fsapi:cbd_v11:quarterly_change
2024-09-30,Greece,GRC,Western Europe,high_income,0.03,purchase,wgc_fsapi:cbd_v11:quarterly_change
2024-12-31,Greece,GRC,Western Europe,high_income,0.06,purchase,wgc_fsapi:cbd_v11:quarterly_change
2025-03-31,Greece,GRC,Western Europe,high_income,0.04,purchase,wgc_fsapi:cbd_v11:quarterly_change
2025-06-30,Greece,GRC,Western Europe,high_income,0.03,purchase,wgc_fsapi:cbd_v11:quarterly_change
2025-09-30,Greece,GRC,Western Europe,high_income,0.03,purchase,wgc_fsapi:cbd_v11:quarterly_change
2001-09-30,Guatemala,GTM,Latin America & Caribbean,upper_middle_income,0.04,purchase,wgc_fsapi:cbd_v11:quarterly_change
2002-06-30,Guatemala,GTM,Latin America & Caribbean,upper_middle_income,0.14,purchase,wgc_fsapi:cbd_v11:quarterly_change
2002-09-30,Guatemala,GTM,Latin America & Caribbean,upper_middle_income,-0.08,sale,wgc_fsapi:cbd_v11:quarterly_change
2002-12-31,Guatemala,GTM,Latin America & Caribbean,upper_middle_income,-0.09,sale,wgc_fsapi:cbd_v11:quarterly_change
2003-03-31,Guatemala,GTM,Latin America & Caribbean,upper_middle_income,0.1,purchase,wgc_fsapi:cbd_v11:quarterly_change
2003-06-30,Guatemala,GTM,Latin America & Caribbean,upper_middle_income,0.01,purchase,wgc_fsapi:cbd_v11:quarterly_change
2004-03-31,Guatemala,GTM,Latin America & Caribbean,upper_middle_income,0.01,purchase,wgc_fsapi:cbd_v11:quarterly_change
2004-06-30,Guatemala,GTM,Latin America & Caribbean,upper_middle_income,0.01,purchase,wgc_fsapi:cbd_v11:quarterly_change
2004-12-31,Guatemala,GTM,Latin America & Caribbean,upper_middle_income,-0.04,sale,wgc_fsapi:cbd_v11:quarterly_change
2005-03-31,Guatemala,GTM,Latin America & Caribbean,upper_middle_income,0.04,purchase,wgc_fsapi:cbd_v11:quarterly_change
2005-09-30,Guatemala,GTM,Latin America & Caribbean,upper_middle_income,0.11,purchase,wgc_fsapi:cbd_v11:quarterly_change
2005-12-31,Guatemala,GTM,Latin America & Caribbean,upper_middle_income,-0.11,sale,wgc_fsapi:cbd_v11:quarterly_change
2007-06-30,Guatemala,GTM,Latin America & Caribbean,upper_middle_income,0.04,purchase,wgc_fsapi:cbd_v11:quarterly_change
2007-09-30,Guatemala,GTM,Latin America & Caribbean,upper_middle_income,-0.04,sale,wgc_fsapi:cbd_v11:quarterly_change
2007-12-31,Guatemala,GTM,Latin America & Caribbean,upper_middle_income,0.03,purchase,wgc_fsapi:cbd_v11:quarterly_change
2008-03-31,Guatemala,GTM,Latin America & Caribbean,upper_middle_income,-0.02,sale,wgc_fsapi:cbd_v11:quarterly_change
2009-06-30,Guatemala,GTM,Latin America & Caribbean,upper_middle_income,0.02,purchase,wgc_fsapi:cbd_v11:quarterly_change
2009-12-31,Guatemala,GTM,Latin America & Caribbean,upper_middle_income,0.01,purchase,wgc_fsapi:cbd_v11:quarterly_change
2011-12-31,Guatemala,GTM,Latin America & Caribbean,upper_middle_income,-0.01,sale,wgc_fsapi:cbd_v11:quarterly_change
2012-06-30,Guatemala,GTM,Latin America & Caribbean,upper_middle_income,0.18,purchase,wgc_fsapi:cbd_v11:quarterly_change
2012-09-30,Guatemala,GTM,Latin America & Caribbean,upper_middle_income,-0.18,sale,wgc_fsapi:cbd_v11:quarterly_change
2013-06-30,Guatemala,GTM,Latin America & Caribbean,upper_middle_income,-0.22,sale,wgc_fsapi:cbd_v11:quarterly_change
2013-09-30,Guatemala,GTM,Latin America & Caribbean,upper_middle_income,0.22,purchase,wgc_fsapi:cbd_v11:quarterly_change
2025-09-30,Guatemala,GTM,Latin America & Caribbean,upper_middle_income,6.13,purchase,wgc_fsapi:cbd_v11:quarterly_change
2010-12-31,Honduras,HND,Latin America & Caribbean,lower_middle_income,0.01,purchase,wgc_fsapi:cbd_v11:quarterly_change
2015-03-31,Honduras,HND,Latin America & Caribbean,lower_middle_income,0.01,purchase,wgc_fsapi:cbd_v11:quarterly_change
2024-06-30,Honduras,HND,Latin America & Caribbean,lower_middle_income,0.01,purchase,wgc_fsapi:cbd_v11:quarterly_change
2001-06-30,Croatia,HRV,Central and Eastern Europe,high_income,13.13,purchase,wgc_fsapi:cbd_v11:quarterly_change
2001-09-30,Croatia,HRV,Central and Eastern Europe,high_income,-13.13,sale,wgc_fsapi:cbd_v11:quarterly_change
2022-12-31,Croatia,HRV,Central and Eastern Europe,high_income,1.93,purchase,wgc_fsapi:cbd_v11:quarterly_change
2023-03-31,Croatia,HRV,Central and Eastern Europe,high_income,-1.93,sale,wgc_fsapi:cbd_v11:quarterly_change
2013-03-31,Haiti,HTI,Latin America & Caribbean,low_income,1.77,purchase,wgc_fsapi:cbd_v11:quarterly_change
2021-09-30,Haiti,HTI,Latin America & Caribbean,low_income,-0.01,sale,wgc_fsapi:cbd_v11:quarterly_change
2021-12-31,Haiti,HTI,Latin America & Caribbean,low_income,-0.01,sale,wgc_fsapi:cbd_v11:quarterly_change
2022-03-31,Haiti,HTI,Latin America & Caribbean,low_income,0.01,purchase,wgc_fsapi:cbd_v11:quarterly_change
2022-06-30,Haiti,HTI,Latin America & Caribbean,low_income,-0.02,sale,wgc_fsapi:cbd_v11:quarterly_change
2022-09-30,Haiti,HTI,Latin America & Caribbean,low_income,0.03,purchase,wgc_fsapi:cbd_v11:quarterly_change
2023-06-30,Haiti,HTI,Latin America & Caribbean,low_income,0.01,purchase,wgc_fsapi:cbd_v11:quarterly_change
2023-09-30,Haiti,HTI,Latin America & Caribbean,low_income,-0.01,sale,wgc_fsapi:cbd_v11:quarterly_change
2004-03-31,Hungary,HUN,Central and Eastern Europe,high_income,-0.06,sale,wgc_fsapi:cbd_v11:quarterly_change
2016-12-31,Hungary,HUN,Central and Eastern Europe,high_income,-3.08,sale,wgc_fsapi:cbd_v11:quarterly_change
2017-03-31,Hungary,HUN,Central and Eastern Europe,high_income,3.08,purchase,wgc_fsapi:cbd_v11:quarterly_change
2018-12-31,Hungary,HUN,Central and Eastern Europe,high_income,28.43,purchase,wgc_fsapi:cbd_v11:quarterly_change
2021-03-31,Hungary,HUN,Central and Eastern Europe,high_income,62.98,purchase,wgc_fsapi:cbd_v11:quarterly_change
2024-09-30,Hungary,HUN,Central and Eastern Europe,high_income,15.52,purchase,wgc_fsapi:cbd_v11:quarterly_change
2005-09-30,Indonesia,IDN,South East Asia,upper_middle_income,-0.03,sale,wgc_fsapi:cbd_v11:quarterly_change
2006-09-30,Indonesia,IDN,South East Asia,upper_middle_income,-17.73,sale,wgc_fsapi:cbd_v11:quarterly_change
2006-12-31,Indonesia,IDN,South East Asia,upper_middle_income,-5.6,sale,wgc_fsapi:cbd_v11:quarterly_change
2012-12-31,Indonesia,IDN,South East Asia,upper_middle_income,0.94,purchase,wgc_fsapi:cbd_v11:quarterly_change
2013-03-31,Indonesia,IDN,South East Asia,upper_middle_income,1.86,purchase,wgc_fsapi:cbd_v11:quarterly_change
2013-06-30,Indonesia,IDN,South East Asia,upper_middle_income,2.18,purchase,wgc_fsapi:cbd_v11:quarterly_change
2017-06-30,Indonesia,IDN,South East Asia,upper_middle_income,1.24,purchase,wgc_fsapi:cbd_v11:quarterly_change
2017-09-30,Indonesia,IDN,South East Asia,upper_middle_income,1.25,purchase,wgc_fsapi:cbd_v11:quarterly_change
2018-03-31,Indonesia,IDN,South East Asia,upper_middle_income,0.04,purchase,wgc_fsapi:cbd_v11:quarterly_change
2018-06-30,Indonesia,IDN,South East Asia,upper_middle_income,-2.06,sale,wgc_fsapi:cbd_v11:quarterly_change
2019-12-31,Indonesia,IDN,South East Asia,upper_middle_income,0.03,purchase,wgc_fsapi:cbd_v11:quarterly_change
2025-09-30,Indonesia,IDN,South East Asia,upper_middle_income,1.83,purchase,wgc_fsapi:cbd_v11:quarterly_change
2025-12-31,Indonesia,IDN,South East Asia,upper_middle_income,5.13,purchase,wgc_fsapi:cbd_v11:quarterly_change
2001-06-30,India,IND,South Asia,lower_middle_income,-0.01,sale,wgc_fsapi:cbd_v11:quarterly_change
2001-09-30,India,IND,South Asia,lower_middle_income,0.01,purchase,wgc_fsapi:cbd_v11:quarterly_change
2004-03-31,India,IND,South Asia,lower_middle_income,-0.01,sale,wgc_fsapi:cbd_v11:quarterly_change
2009-12-31,India,IND,South Asia,lower_middle_income,200.0,purchase,wgc_fsapi:cbd_v11:quarterly_change
2016-03-31,India,IND,South Asia,lower_middle_income,0.02,purchase,wgc_fsapi:cbd_v11:quarterly_change
2017-09-30,India,IND,South Asia,lower_middle_income,0.02,purchase,wgc_fsapi:cbd_v11:quarterly_change
2017-12-31,India,IND,South Asia,lower_middle_income,0.31,purchase,wgc_fsapi:cbd_v11:quarterly_change
2018-03-31,India,IND,South Asia,lower_middle_income,2.21,purchase,wgc_fsapi:cbd_v11:quarterly_change
2018-06-30,India,IND,South Asia,lower_middle_income,5.91,purchase,wgc_fsapi:cbd_v11:quarterly_change
2018-09-30,India,IND,South Asia,lower_middle_income,20.22,purchase,wgc_fsapi:cbd_v11:quarterly_change
2018-12-31,India,IND,South Asia,lower_middle_income,14.0,purchase,wgc_fsapi:cbd_v11:quarterly_change
2019-03-31,India,IND,South Asia,lower_middle_income,12.13,purchase,wgc_fsapi:cbd_v11:quarterly_change
2019-06-30,India,IND,South Asia,lower_middle_income,5.59,purchase,wgc_fsapi:cbd_v11:quarterly_change
2019-12-31,India,IND,South Asia,lower_middle_income,16.8,purchase,wgc_fsapi:cbd_v11:quarterly_change
2020-03-31,India,IND,South Asia,lower_middle_income,18.04,purchase,wgc_fsapi:cbd_v11:quarterly_change
2020-06-30,India,IND,South Asia,lower_middle_income,8.4,purchase,wgc_fsapi:cbd_v11:quarterly_change
2020-09-30,India,IND,South Asia,lower_middle_income,6.85,purchase,wgc_fsapi:cbd_v11:quarterly_change
2020-12-31,India,IND,South Asia,lower_middle_income,8.39,purchase,wgc_fsapi:cbd_v11:quarterly_change
2021-03-31,India,IND,South Asia,lower_middle_income,18.67,purchase,wgc_fsapi:cbd_v11:quarterly_change
2021-06-30,India,IND,South Asia,lower_middle_income,8.4,purchase,wgc_fsapi:cbd_v11:quarterly_change
2021-09-30,India,IND,South Asia,lower_middle_income,40.12,purchase,wgc_fsapi:cbd_v11:quarterly_change
2021-12-31,India,IND,South Asia,lower_middle_income,10.27,purchase,wgc_fsapi:cbd_v11:quarterly_change
2022-03-31,India,IND,South Asia,lower_middle_income,6.32,purchase,wgc_fsapi:cbd_v11:quarterly_change
2022-06-30,India,IND,South Asia,lower_middle_income,7.47,purchase,wgc_fsapi:cbd_v11:quarterly_change
2022-09-30,India,IND,South Asia,lower_middle_income,17.46,purchase,wgc_fsapi:cbd_v11:quarterly_change
2022-12-31,India,IND,South Asia,lower_middle_income,2.01,purchase,wgc_fsapi:cbd_v11:quarterly_change
2023-03-31,India,IND,South Asia,lower_middle_income,7.27,purchase,wgc_fsapi:cbd_v11:quarterly_change
2023-06-30,India,IND,South Asia,lower_middle_income,2.8,purchase,wgc_fsapi:cbd_v11:quarterly_change
2023-09-30,India,IND,South Asia,lower_middle_income,3.35,purchase,wgc_fsapi:cbd_v11:quarterly_change
2023-12-31,India,IND,South Asia,lower_middle_income,2.8,purchase,wgc_fsapi:cbd_v11:quarterly_change
2024-03-31,India,IND,South Asia,lower_middle_income,18.51,purchase,wgc_fsapi:cbd_v11:quarterly_change
2024-06-30,India,IND,South Asia,lower_middle_income,18.66,purchase,wgc_fsapi:cbd_v11:quarterly_change
2024-09-30,India,IND,South Asia,lower_middle_income,12.88,purchase,wgc_fsapi:cbd_v11:quarterly_change
2024-12-31,India,IND,South Asia,lower_middle_income,22.55,purchase,wgc_fsapi:cbd_v11:quarterly_change
2025-03-31,India,IND,South Asia,lower_middle_income,3.4,purchase,wgc_fsapi:cbd_v11:quarterly_change
2025-06-30,India,IND,South Asia,lower_middle_income,0.4,purchase,wgc_fsapi:cbd_v11:quarterly_change
2025-09-30,India,IND,South Asia,lower_middle_income,0.19,purchase,wgc_fsapi:cbd_v11:quarterly_change
2007-06-30,Ireland,IRL,Western Europe,high_income,0.13,purchase,wgc_fsapi:cbd_v11:quarterly_change
2007-09-30,Ireland,IRL,Western Europe,high_income,-0.13,sale,wgc_fsapi:cbd_v11:quarterly_change
2008-03-31,Ireland,IRL,Western Europe,high_income,0.53,purchase,wgc_fsapi:cbd_v11:quarterly_change
2009-03-31,Ireland,IRL,Western Europe,high_income,-0.53,sale,wgc_fsapi:cbd_v11:quarterly_change
2009-06-30,Ireland,IRL,Western Europe,high_income,0.53,purchase,wgc_fsapi:cbd_v11:quarterly_change
2021-09-30,Ireland,IRL,Western Europe,high_income,1.03,purchase,wgc_fsapi:cbd_v11:quarterly_change
2021-12-31,Ireland,IRL,Western Europe,high_income,2.49,purchase,wgc_fsapi:cbd_v11:quarterly_change
2022-03-31,Ireland,IRL,Western Europe,high_income,2.52,purchase,wgc_fsapi:cbd_v11:quarterly_change
2012-09-30,Iraq,IRQ,Middle East & North Africa,upper_middle_income,23.92,purchase,wgc_fsapi:cbd_v11:quarterly_change
2013-12-31,Iraq,IRQ,Middle East & North Africa,upper_middle_income,12.43,purchase,wgc_fsapi:cbd_v11:quarterly_change
2014-03-31,Iraq,IRQ,Middle East & North Africa,upper_middle_income,32.44,purchase,wgc_fsapi:cbd_v11:quarterly_change
2014-06-30,Iraq,IRQ,Middle East & North Africa,upper_middle_income,15.16,purchase,wgc_fsapi:cbd_v11:quarterly_change
2018-09-30,Iraq,IRQ,Middle East & North Africa,upper_middle_income,6.45,purchase,wgc_fsapi:cbd_v11:quarterly_change
2020-09-30,Iraq,IRQ,Middle East & North Africa,upper_middle_income,0.15,purchase,wgc_fsapi:cbd_v11:quarterly_change
2021-03-31,Iraq,IRQ,Middle East & North Africa,upper_middle_income,-0.16,sale,wgc_fsapi:cbd_v11:quarterly_change
2021-06-30,Iraq,IRQ,Middle East & North Africa,upper_middle_income,0.16,purchase,wgc_fsapi:cbd_v11:quarterly_change
2022-06-30,Iraq,IRQ,Middle East & North Africa,upper_middle_income,33.9,purchase,wgc_fsapi:cbd_v11:quarterly_change
2023-06-30,Iraq,IRQ,Middle East & North Africa,upper_middle_income,2.43,purchase,wgc_fsapi:cbd_v11:quarterly_change
2023-09-30,Iraq,IRQ,Middle East & North Africa,upper_middle_income,5.69,purchase,wgc_fsapi:cbd_v11:quarterly_change
2023-12-31,Iraq,IRQ,Middle East & North Africa,upper_middle_income,4.14,purchase,wgc_fsapi:cbd_v11:quarterly_change
2024-03-31,Iraq,IRQ,Middle East & North Africa,upper_middle_income,3.08,purchase,wgc_fsapi:cbd_v11:quarterly_change
2024-06-30,Iraq,IRQ,Middle East & North Africa,upper_middle_income,5.94,purchase,wgc_fsapi:cbd_v11:quarterly_change
2024-09-30,Iraq,IRQ,Middle East & North Africa,upper_middle_income,1.12,purchase,wgc_fsapi:cbd_v11:quarterly_change
2024-12-31,Iraq,IRQ,Middle East & North Africa,upper_middle_income,9.92,purchase,wgc_fsapi:cbd_v11:quarterly_change
2025-03-31,Iraq,IRQ,Middle East & North Africa,upper_middle_income,0.03,purchase,wgc_fsapi:cbd_v11:quarterly_change
2025-06-30,Iraq,IRQ,Middle East & North Africa,upper_middle_income,2.58,purchase,wgc_fsapi:cbd_v11:quarterly_change
2025-09-30,Iraq,IRQ,Middle East & North Africa,upper_middle_income,5.6,purchase,wgc_fsapi:cbd_v11:quarterly_change
2001-09-30,Iceland,ISL,Western Europe,high_income,0.06,purchase,wgc_fsapi:cbd_v11:quarterly_change
2001-12-31,Iceland,ISL,Western Europe,high_income,0.03,purchase,wgc_fsapi:cbd_v11:quarterly_change
2002-03-31,Iceland,ISL,Western Europe,high_income,-0.01,sale,wgc_fsapi:cbd_v11:quarterly_change
2002-06-30,Iceland,ISL,Western Europe,high_income,0.01,purchase,wgc_fsapi:cbd_v11:quarterly_change
2002-09-30,Iceland,ISL,Western Europe,high_income,0.01,purchase,wgc_fsapi:cbd_v11:quarterly_change
2003-03-31,Iceland,ISL,Western Europe,high_income,0.01,purchase,wgc_fsapi:cbd_v11:quarterly_change
2003-06-30,Iceland,ISL,Western Europe,high_income,0.01,purchase,wgc_fsapi:cbd_v11:quarterly_change
2003-12-31,Iceland,ISL,Western Europe,high_income,0.01,purchase,wgc_fsapi:cbd_v11:quarterly_change
2004-03-31,Iceland,ISL,Western Europe,high_income,0.01,purchase,wgc_fsapi:cbd_v11:quarterly_change
2004-12-31,Iceland,ISL,Western Europe,high_income,0.01,purchase,wgc_fsapi:cbd_v11:quarterly_change
2005-09-30,Iceland,ISL,Western Europe,high_income,0.01,purchase,wgc_fsapi:cbd_v11:quarterly_change
2007-06-30,Iceland,ISL,Western Europe,high_income,-0.01,sale,wgc_fsapi:cbd_v11:quarterly_change
2008-09-30,Iceland,ISL,Western Europe,high_income,-0.01,sale,wgc_fsapi:cbd_v11:quarterly_change
2025-12-31,Italy,ITA,Western Europe,high_income,0.03,purchase,wgc_fsapi:cbd_v11:quarterly_change
2001-03-31,Jordan,JOR,Middle East & North Africa,upper_middle_income,0.02,purchase,wgc_fsapi:cbd_v11:quarterly_change
2001-06-30,Jordan,JOR,Middle East & North Africa,upper_middle_income,0.04,purchase,wgc_fsapi:cbd_v11:quarterly_change
2001-09-30,Jordan,JOR,Middle East & North Africa,upper_middle_income,0.04,purchase,wgc_fsapi:cbd_v11:quarterly_change
2001-12-31,Jordan,JOR,Middle East & North Africa,upper_middle_income,0.03,purchase,wgc_fsapi:cbd_v11:quarterly_change
2002-03-31,Jordan,JOR,Middle East & North Africa,upper_middle_income,0.03,purchase,wgc_fsapi:cbd_v11:quarterly_change
2002-06-30,Jordan,JOR,Middle East & North Africa,upper_middle_income,0.06,purchase,wgc_fsapi:cbd_v11:quarterly_change
2002-09-30,Jordan,JOR,Middle East & North Africa,upper_middle_income,0.03,purchase,wgc_fsapi:cbd_v11:quarterly_change
2002-12-31,Jordan,JOR,Middle East & North Africa,upper_middle_income,0.03,purchase,wgc_fsapi:cbd_v11:quarterly_change
2003-03-31,Jordan,JOR,Middle East & North Africa,upper_middle_income,0.01,purchase,wgc_fsapi:cbd_v11:quarterly_change
2003-06-30,Jordan,JOR,Middle East & North Africa,upper_middle_income,0.01,purchase,wgc_fsapi:cbd_v11:quarterly_change
2003-09-30,Jordan,JOR,Middle East & North Africa,upper_middle_income,0.01,purchase,wgc_fsapi:cbd_v11:quarterly_change
2006-06-30,Jordan,JOR,Middle East & North Africa,upper_middle_income,-0.05,sale,wgc_fsapi:cbd_v11:quarterly_change
2007-12-31,Jordan,JOR,Middle East & North Africa,upper_middle_income,1.56,purchase,wgc_fsapi:cbd_v11:quarterly_change
2008-03-31,Jordan,JOR,Middle East & North Africa,upper_middle_income,-0.16,sale,wgc_fsapi:cbd_v11:quarterly_change
2008-06-30,Jordan,JOR,Middle East & North Africa,upper_middle_income,0.62,purchase,wgc_fsapi:cbd_v11:quarterly_change
2008-09-30,Jordan,JOR,Middle East & North Africa,upper_middle_income,-2.02,sale,wgc_fsapi:cbd_v11:quarterly_change
2008-12-31,Jordan,JOR,Middle East & North Africa,upper_middle_income,0.03,purchase,wgc_fsapi:cbd_v11:quarterly_change
2009-12-31,Jordan,JOR,Middle East & North Africa,upper_middle_income,-0.01,sale,wgc_fsapi:cbd_v11:quarterly_change
2012-03-31,Jordan,JOR,Middle East & North Africa,upper_middle_income,0.31,purchase,wgc_fsapi:cbd_v11:quarterly_change
2012-06-30,Jordan,JOR,Middle East & North Africa,upper_middle_income,0.33,purchase,wgc_fsapi:cbd_v11:quarterly_change
2012-09-30,Jordan,JOR,Middle East & North Africa,upper_middle_income,-0.16,sale,wgc_fsapi:cbd_v11:quarterly_change
2012-12-31,Jordan,JOR,Middle East & North Africa,upper_middle_income,0.62,purchase,wgc_fsapi:cbd_v11:quarterly_change
2013-03-31,Jordan,JOR,Middle East & North Africa,upper_middle_income,0.31,purchase,wgc_fsapi:cbd_v11:quarterly_change
2013-06-30,Jordan,JOR,Middle East & North Africa,upper_middle_income,0.47,purchase,wgc_fsapi:cbd_v11:quarterly_change
2013-09-30,Jordan,JOR,Middle East & North Africa,upper_middle_income,-0.01,sale,wgc_fsapi:cbd_v11:quarterly_change
2013-12-31,Jordan,JOR,Middle East & North Africa,upper_middle_income,0.93,purchase,wgc_fsapi:cbd_v11:quarterly_change
2014-03-31,Jordan,JOR,Middle East & North Africa,upper_middle_income,0.62,purchase,wgc_fsapi:cbd_v11:quarterly_change
2014-06-30,Jordan,JOR,Middle East & North Africa,upper_middle_income,0.63,purchase,wgc_fsapi:cbd_v11:quarterly_change
2014-09-30,Jordan,JOR,Middle East & North Africa,upper_middle_income,3.11,purchase,wgc_fsapi:cbd_v11:quarterly_change
2014-12-31,Jordan,JOR,Middle East & North Africa,upper_middle_income,-0.63,sale,wgc_fsapi:cbd_v11:quarterly_change
2015-03-31,Jordan,JOR,Middle East & North Africa,upper_middle_income,14.0,purchase,wgc_fsapi:cbd_v11:quarterly_change
2015-06-30,Jordan,JOR,Middle East & North Africa,upper_middle_income,0.93,purchase,wgc_fsapi:cbd_v11:quarterly_change
2015-09-30,Jordan,JOR,Middle East & North Africa,upper_middle_income,6.85,purchase,wgc_fsapi:cbd_v11:quarterly_change
2015-12-31,Jordan,JOR,Middle East & North Africa,upper_middle_income,0.31,purchase,wgc_fsapi:cbd_v11:quarterly_change
2016-03-31,Jordan,JOR,Middle East & North Africa,upper_middle_income,-1.25,sale,wgc_fsapi:cbd_v11:quarterly_change
2016-06-30,Jordan,JOR,Middle East & North Africa,upper_middle_income,-2.8,sale,wgc_fsapi:cbd_v11:quarterly_change
2016-09-30,Jordan,JOR,Middle East & North Africa,upper_middle_income,-2.17,sale,wgc_fsapi:cbd_v11:quarterly_change
2016-12-31,Jordan,JOR,Middle East & North Africa,upper_middle_income,6.22,purchase,wgc_fsapi:cbd_v11:quarterly_change
2017-03-31,Jordan,JOR,Middle East & North Africa,upper_middle_income,0.47,purchase,wgc_fsapi:cbd_v11:quarterly_change
2017-06-30,Jordan,JOR,Middle East & North Africa,upper_middle_income,-0.62,sale,wgc_fsapi:cbd_v11:quarterly_change
2017-09-30,Jordan,JOR,Middle East & North Africa,upper_middle_income,-2.48,sale,wgc_fsapi:cbd_v11:quarterly_change
2017-12-31,Jordan,JOR,Middle East & North Africa,upper_middle_income,10.89,purchase,wgc_fsapi:cbd_v11:quarterly_change
2018-03-31,Jordan,JOR,Middle East & North Africa,upper_middle_income,-13.68,sale,wgc_fsapi:cbd_v11:quarterly_change
2018-06-30,Jordan,JOR,Middle East & North Africa,upper_middle_income,9.33,purchase,wgc_fsapi:cbd_v11:quarterly_change
2018-09-30,Jordan,JOR,Middle East & North Africa,upper_middle_income,3.74,purchase,wgc_fsapi:cbd_v11:quarterly_change
2018-12-31,Jordan,JOR,Middle East & North Africa,upper_middle_income,-4.36,sale,wgc_fsapi:cbd_v11:quarterly_change
2019-03-31,Jordan,JOR,Middle East & North Africa,upper_middle_income,1.25,purchase,wgc_fsapi:cbd_v11:quarterly_change
2019-06-30,Jordan,JOR,Middle East & North Africa,upper_middle_income,-12.13,sale,wgc_fsapi:cbd_v11:quarterly_change
2019-09-30,Jordan,JOR,Middle East & North Africa,upper_middle_income,4.2,purchase,wgc_fsapi:cbd_v11:quarterly_change
2019-12-31,Jordan,JOR,Middle East & North Africa,upper_middle_income,5.76,purchase,wgc_fsapi:cbd_v11:quarterly_change
2020-03-31,Jordan,JOR,Middle East & North Africa,upper_middle_income,10.36,purchase,wgc_fsapi:cbd_v11:quarterly_change
2020-06-30,Jordan,JOR,Middle East & North Africa,upper_middle_income,-2.02,sale,wgc_fsapi:cbd_v11:quarterly_change
2020-09-30,Jordan,JOR,Middle East & North Africa,upper_middle_income,9.34,purchase,wgc_fsapi:cbd_v11:quarterly_change
2020-12-31,Jordan,JOR,Middle East & North Africa,upper_middle_income,-0.01,sale,wgc_fsapi:cbd_v11:quarterly_change
2021-03-31,Jordan,JOR,Middle East & North Africa,upper_middle_income,2.8,purchase,wgc_fsapi:cbd_v11:quarterly_change
2021-06-30,Jordan,JOR,Middle East & North Africa,upper_middle_income,-1.8,sale,wgc_fsapi:cbd_v11:quarterly_change
2021-09-30,Jordan,JOR,Middle East & North Africa,upper_middle_income,1.45,purchase,wgc_fsapi:cbd_v11:quarterly_change
2021-12-31,Jordan,JOR,Middle East & North Africa,upper_middle_income,0.68,purchase,wgc_fsapi:cbd_v11:quarterly_change
2022-03-31,Jordan,JOR,Middle East & North Africa,upper_middle_income,0.13,purchase,wgc_fsapi:cbd_v11:quarterly_change
2022-06-30,Jordan,JOR,Middle East & North Africa,upper_middle_income,3.64,purchase,wgc_fsapi:cbd_v11:quarterly_change
2022-09-30,Jordan,JOR,Middle East & North Africa,upper_middle_income,1.76,purchase,wgc_fsapi:cbd_v11:quarterly_change
2022-12-31,Jordan,JOR,Middle East & North Africa,upper_middle_income,-1.25,sale,wgc_fsapi:cbd_v11:quarterly_change
2023-03-31,Jordan,JOR,Middle East & North Africa,upper_middle_income,-1.48,sale,wgc_fsapi:cbd_v11:quarterly_change
2023-06-30,Jordan,JOR,Middle East & North Africa,upper_middle_income,6.43,purchase,wgc_fsapi:cbd_v11:quarterly_change
2023-09-30,Jordan,JOR,Middle East & North Africa,upper_middle_income,0.58,purchase,wgc_fsapi:cbd_v11:quarterly_change
2023-12-31,Jordan,JOR,Middle East & North Africa,upper_middle_income,-3.17,sale,wgc_fsapi:cbd_v11:quarterly_change
2024-03-31,Jordan,JOR,Middle East & North Africa,upper_middle_income,-4.51,sale,wgc_fsapi:cbd_v11:quarterly_change
2024-06-30,Jordan,JOR,Middle East & North Africa,upper_middle_income,3.4,purchase,wgc_fsapi:cbd_v11:quarterly_change
2024-09-30,Jordan,JOR,Middle East & North Africa,upper_middle_income,-1.29,sale,wgc_fsapi:cbd_v11:quarterly_change
2024-12-31,Jordan,JOR,Middle East & North Africa,upper_middle_income,2.87,purchase,wgc_fsapi:cbd_v11:quarterly_change
2025-03-31,Jordan,JOR,Middle East & North Africa,upper_middle_income,0.62,purchase,wgc_fsapi:cbd_v11:quarterly_change
2025-06-30,Jordan,JOR,Middle East & North Africa,upper_middle_income,0.56,purchase,wgc_fsapi:cbd_v11:quarterly_change
2025-09-30,Jordan,JOR,Middle East & North Africa,upper_middle_income,0.33,purchase,wgc_fsapi:cbd_v11:quarterly_change
2001-06-30,Japan,JPN,East Asia,high_income,1.72,purchase,wgc_fsapi:cbd_v11:quarterly_change
2021-03-31,Japan,JPN,East Asia,high_income,80.75,purchase,wgc_fsapi:cbd_v11:quarterly_change
2001-03-31,Kazakhstan,KAZ,Central Asia,upper_middle_income,-0.06,sale,wgc_fsapi:cbd_v11:quarterly_change
2001-06-30,Kazakhstan,KAZ,Central Asia,upper_middle_income,0.19,purchase,wgc_fsapi:cbd_v11:quarterly_change
2001-09-30,Kazakhstan,KAZ,Central Asia,upper_middle_income,0.07,purchase,wgc_fsapi:cbd_v11:quarterly_change
2001-12-31,Kazakhstan,KAZ,Central Asia,upper_middle_income,-0.19,sale,wgc_fsapi:cbd_v11:quarterly_change
2002-03-31,Kazakhstan,KAZ,Central Asia,upper_middle_income,-2.45,sale,wgc_fsapi:cbd_v11:quarterly_change
2002-06-30,Kazakhstan,KAZ,Central Asia,upper_middle_income,-0.6,sale,wgc_fsapi:cbd_v11:quarterly_change
2002-09-30,Kazakhstan,KAZ,Central Asia,upper_middle_income,0.02,purchase,wgc_fsapi:cbd_v11:quarterly_change
2002-12-31,Kazakhstan,KAZ,Central Asia,upper_middle_income,-1.05,sale,wgc_fsapi:cbd_v11:quarterly_change
2003-03-31,Kazakhstan,KAZ,Central Asia,upper_middle_income,-0.46,sale,wgc_fsapi:cbd_v11:quarterly_change
2003-06-30,Kazakhstan,KAZ,Central Asia,upper_middle_income,18.5,purchase,wgc_fsapi:cbd_v11:quarterly_change
2003-09-30,Kazakhstan,KAZ,Central Asia,upper_middle_income,-17.8,sale,wgc_fsapi:cbd_v11:quarterly_change
2003-12-31,Kazakhstan,KAZ,Central Asia,upper_middle_income,0.73,purchase,wgc_fsapi:cbd_v11:quarterly_change
2004-03-31,Kazakhstan,KAZ,Central Asia,upper_middle_income,0.59,purchase,wgc_fsapi:cbd_v11:quarterly_change
2004-06-30,Kazakhstan,KAZ,Central Asia,upper_middle_income,0.69,purchase,wgc_fsapi:cbd_v11:quarterly_change
2004-09-30,Kazakhstan,KAZ,Central Asia,upper_middle_income,0.87,purchase,wgc_fsapi:cbd_v11:quarterly_change
2004-12-31,Kazakhstan,KAZ,Central Asia,upper_middle_income,0.8,purchase,wgc_fsapi:cbd_v11:quarterly_change
2005-03-31,Kazakhstan,KAZ,Central Asia,upper_middle_income,0.7,purchase,wgc_fsapi:cbd_v11:quarterly_change
2005-06-30,Kazakhstan,KAZ,Central Asia,upper_middle_income,0.68,purchase,wgc_fsapi:cbd_v11:quarterly_change
2005-09-30,Kazakhstan,KAZ,Central Asia,upper_middle_income,0.78,purchase,wgc_fsapi:cbd_v11:quarterly_change
2005-12-31,Kazakhstan,KAZ,Central Asia,upper_middle_income,0.53,purchase,wgc_fsapi:cbd_v11:quarterly_change
2006-03-31,Kazakhstan,KAZ,Central Asia,upper_middle_income,3.14,purchase,wgc_fsapi:cbd_v11:quarterly_change
2006-06-30,Kazakhstan,KAZ,Central Asia,upper_middle_income,-3.09,sale,wgc_fsapi:cbd_v11:quarterly_change
2006-09-30,Kazakhstan,KAZ,Central Asia,upper_middle_income,0.01,purchase,wgc_fsapi:cbd_v11:quarterly_change
2006-12-31,Kazakhstan,KAZ,Central Asia,upper_middle_income,7.53,purchase,wgc_fsapi:cbd_v11:quarterly_change
2007-03-31,Kazakhstan,KAZ,Central Asia,upper_middle_income,0.65,purchase,wgc_fsapi:cbd_v11:quarterly_change
2007-06-30,Kazakhstan,KAZ,Central Asia,upper_middle_income,1.87,purchase,wgc_fsapi:cbd_v11:quarterly_change
2007-09-30,Kazakhstan,KAZ,Central Asia,upper_middle_income,-7.15,sale,wgc_fsapi:cbd_v11:quarterly_change
2007-12-31,Kazakhstan,KAZ,Central Asia,upper_middle_income,6.84,purchase,wgc_fsapi:cbd_v11:quarterly_change
2008-03-31,Kazakhstan,KAZ,Central Asia,upper_middle_income,-2.16,sale,wgc_fsapi:cbd_v11:quarterly_change
2008-06-30,Kazakhstan,KAZ,Central Asia,upper_middle_income,1.26,purchase,wgc_fsapi:cbd_v11:quarterly_change
2008-09-30,Kazakhstan,KAZ,Central Asia,upper_middle_income,3.25,purchase,wgc_fsapi:cbd_v11:quarterly_change
2008-12-31,Kazakhstan,KAZ,Central Asia,upper_middle_income,0.04,purchase,wgc_fsapi:cbd_v11:quarterly_change
2009-03-31,Kazakhstan,KAZ,Central Asia,upper_middle_income,0.03,purchase,wgc_fsapi:cbd_v11:quarterly_change
2009-06-30,Kazakhstan,KAZ,Central Asia,upper_middle_income,0.95,purchase,wgc_fsapi:cbd_v11:quarterly_change
2009-09-30,Kazakhstan,KAZ,Central Asia,upper_middle_income,-1.54,sale,wgc_fsapi:cbd_v11:quarterly_change
2009-12-31,Kazakhstan,KAZ,Central Asia,upper_middle_income,-0.93,sale,wgc_fsapi:cbd_v11:quarterly_change
2010-03-31,Kazakhstan,KAZ,Central Asia,upper_middle_income,3.12,purchase,wgc_fsapi:cbd_v11:quarterly_change
2010-06-30,Kazakhstan,KAZ,Central Asia,upper_middle_income,-6.16,sale,wgc_fsapi:cbd_v11:quarterly_change
2010-09-30,Kazakhstan,KAZ,Central Asia,upper_middle_income,-0.09,sale,wgc_fsapi:cbd_v11:quarterly_change
2011-06-30,Kazakhstan,KAZ,Central Asia,upper_middle_income,3.11,purchase,wgc_fsapi:cbd_v11:quarterly_change
2011-09-30,Kazakhstan,KAZ,Central Asia,upper_middle_income,0.01,purchase,wgc_fsapi:cbd_v11:quarterly_change
2011-12-31,Kazakhstan,KAZ,Central Asia,upper_middle_income,11.56,purchase,wgc_fsapi:cbd_v11:quarterly_change
2012-03-31,Kazakhstan,KAZ,Central Asia,upper_middle_income,14.16,purchase,wgc_fsapi:cbd_v11:quarterly_change
2012-06-30,Kazakhstan,KAZ,Central Asia,upper_middle_income,5.39,purchase,wgc_fsapi:cbd_v11:quarterly_change
2012-09-30,Kazakhstan,KAZ,Central Asia,upper_middle_income,2.45,purchase,wgc_fsapi:cbd_v11:quarterly_change
2012-12-31,Kazakhstan,KAZ,Central Asia,upper_middle_income,11.29,purchase,wgc_fsapi:cbd_v11:quarterly_change
2013-03-31,Kazakhstan,KAZ,Central Asia,upper_middle_income,7.6,purchase,wgc_fsapi:cbd_v11:quarterly_change
2013-06-30,Kazakhstan,KAZ,Central Asia,upper_middle_income,8.02,purchase,wgc_fsapi:cbd_v11:quarterly_change
2013-09-30,Kazakhstan,KAZ,Central Asia,upper_middle_income,6.13,purchase,wgc_fsapi:cbd_v11:quarterly_change
2013-12-31,Kazakhstan,KAZ,Central Asia,upper_middle_income,6.66,purchase,wgc_fsapi:cbd_v11:quarterly_change
2014-03-31,Kazakhstan,KAZ,Central Asia,upper_middle_income,4.99,purchase,wgc_fsapi:cbd_v11:quarterly_change
2014-06-30,Kazakhstan,KAZ,Central Asia,upper_middle_income,7.08,purchase,wgc_fsapi:cbd_v11:quarterly_change
2014-09-30,Kazakhstan,KAZ,Central Asia,upper_middle_income,28.25,purchase,wgc_fsapi:cbd_v11:quarterly_change
2014-12-31,Kazakhstan,KAZ,Central Asia,upper_middle_income,7.77,purchase,wgc_fsapi:cbd_v11:quarterly_change
2015-03-31,Kazakhstan,KAZ,Central Asia,upper_middle_income,6.61,purchase,wgc_fsapi:cbd_v11:quarterly_change
2015-06-30,Kazakhstan,KAZ,Central Asia,upper_middle_income,7.26,purchase,wgc_fsapi:cbd_v11:quarterly_change
2015-09-30,Kazakhstan,KAZ,Central Asia,upper_middle_income,7.8,purchase,wgc_fsapi:cbd_v11:quarterly_change
2015-12-31,Kazakhstan,KAZ,Central Asia,upper_middle_income,8.37,purchase,wgc_fsapi:cbd_v11:quarterly_change
2016-03-31,Kazakhstan,KAZ,Central Asia,upper_middle_income,6.51,purchase,wgc_fsapi:cbd_v11:quarterly_change
2016-06-30,Kazakhstan,KAZ,Central Asia,upper_middle_income,9.83,purchase,wgc_fsapi:cbd_v11:quarterly_change
2016-09-30,Kazakhstan,KAZ,Central Asia,upper_middle_income,10.0,purchase,wgc_fsapi:cbd_v11:quarterly_change
2016-12-31,Kazakhstan,KAZ,Central Asia,upper_middle_income,9.88,purchase,wgc_fsapi:cbd_v11:quarterly_change
2017-03-31,Kazakhstan,KAZ,Central Asia,upper_middle_income,9.64,purchase,wgc_fsapi:cbd_v11:quarterly_change
2017-06-30,Kazakhstan,KAZ,Central Asia,upper_middle_income,11.34,purchase,wgc_fsapi:cbd_v11:quarterly_change
2017-09-30,Kazakhstan,KAZ,Central Asia,upper_middle_income,10.29,purchase,wgc_fsapi:cbd_v11:quarterly_change
2017-12-31,Kazakhstan,KAZ,Central Asia,upper_middle_income,10.51,purchase,wgc_fsapi:cbd_v11:quarterly_change
2018-03-31,Kazakhstan,KAZ,Central Asia,upper_middle_income,10.23,purchase,wgc_fsapi:cbd_v11:quarterly_change
2018-06-30,Kazakhstan,KAZ,Central Asia,upper_middle_income,11.65,purchase,wgc_fsapi:cbd_v11:quarterly_change
2018-09-30,Kazakhstan,KAZ,Central Asia,upper_middle_income,13.4,purchase,wgc_fsapi:cbd_v11:quarterly_change
2018-12-31,Kazakhstan,KAZ,Central Asia,upper_middle_income,15.34,purchase,wgc_fsapi:cbd_v11:quarterly_change
2019-03-31,Kazakhstan,KAZ,Central Asia,upper_middle_income,11.22,purchase,wgc_fsapi:cbd_v11:quarterly_change
2019-06-30,Kazakhstan,KAZ,Central Asia,upper_middle_income,13.67,purchase,wgc_fsapi:cbd_v11:quarterly_change
2019-09-30,Kazakhstan,KAZ,Central Asia,upper_middle_income,2.14,purchase,wgc_fsapi:cbd_v11:quarterly_change
2019-12-31,Kazakhstan,KAZ,Central Asia,upper_middle_income,8.0,purchase,wgc_fsapi:cbd_v11:quarterly_change
2020-03-31,Kazakhstan,KAZ,Central Asia,upper_middle_income,-4.23,sale,wgc_fsapi:cbd_v11:quarterly_change
2020-06-30,Kazakhstan,KAZ,Central Asia,upper_middle_income,-2.77,sale,wgc_fsapi:cbd_v11:quarterly_change
2020-09-30,Kazakhstan,KAZ,Central Asia,upper_middle_income,4.85,purchase,wgc_fsapi:cbd_v11:quarterly_change
2020-12-31,Kazakhstan,KAZ,Central Asia,upper_middle_income,4.53,purchase,wgc_fsapi:cbd_v11:quarterly_change
2021-03-31,Kazakhstan,KAZ,Central Asia,upper_middle_income,7.99,purchase,wgc_fsapi:cbd_v11:quarterly_change
2021-06-30,Kazakhstan,KAZ,Central Asia,upper_middle_income,-9.91,sale,wgc_fsapi:cbd_v11:quarterly_change
2021-09-30,Kazakhstan,KAZ,Central Asia,upper_middle_income,11.28,purchase,wgc_fsapi:cbd_v11:quarterly_change
2021-12-31,Kazakhstan,KAZ,Central Asia,upper_middle_income,5.16,purchase,wgc_fsapi:cbd_v11:quarterly_change
2022-03-31,Kazakhstan,KAZ,Central Asia,upper_middle_income,-34.26,sale,wgc_fsapi:cbd_v11:quarterly_change
2022-06-30,Kazakhstan,KAZ,Central Asia,upper_middle_income,15.81,purchase,wgc_fsapi:cbd_v11:quarterly_change
2022-09-30,Kazakhstan,KAZ,Central Asia,upper_middle_income,-2.44,sale,wgc_fsapi:cbd_v11:quarterly_change
2022-12-31,Kazakhstan,KAZ,Central Asia,upper_middle_income,-29.82,sale,wgc_fsapi:cbd_v11:quarterly_change
2023-03-31,Kazakhstan,KAZ,Central Asia,upper_middle_income,-19.64,sale,wgc_fsapi:cbd_v11:quarterly_change
2023-06-30,Kazakhstan,KAZ,Central Asia,upper_middle_income,-18.5,sale,wgc_fsapi:cbd_v11:quarterly_change
2023-09-30,Kazakhstan,KAZ,Central Asia,upper_middle_income,-4.15,sale,wgc_fsapi:cbd_v11:quarterly_change
2023-12-31,Kazakhstan,KAZ,Central Asia,upper_middle_income,-15.15,sale,wgc_fsapi:cbd_v11:quarterly_change
2024-03-31,Kazakhstan,KAZ,Central Asia,upper_middle_income,16.39,purchase,wgc_fsapi:cbd_v11:quarterly_change
2024-06-30,Kazakhstan,KAZ,Central Asia,upper_middle_income,-11.82,sale,wgc_fsapi:cbd_v11:quarterly_change
2024-09-30,Kazakhstan,KAZ,Central Asia,upper_middle_income,-12.86,sale,wgc_fsapi:cbd_v11:quarterly_change
2024-12-31,Kazakhstan,KAZ,Central Asia,upper_middle_income,-1.89,sale,wgc_fsapi:cbd_v11:quarterly_change
2025-03-31,Kazakhstan,KAZ,Central Asia,upper_middle_income,6.45,purchase,wgc_fsapi:cbd_v11:quarterly_change
2025-06-30,Kazakhstan,KAZ,Central Asia,upper_middle_income,15.66,purchase,wgc_fsapi:cbd_v11:quarterly_change
2025-09-30,Kazakhstan,KAZ,Central Asia,upper_middle_income,18.21,purchase,wgc_fsapi:cbd_v11:quarterly_change
2025-12-31,Kazakhstan,KAZ,Central Asia,upper_middle_income,16.67,purchase,wgc_fsapi:cbd_v11:quarterly_change
2002-12-31,Kenya,KEN,Sub-Saharan Africa,lower_middle_income,0.01,purchase,wgc_fsapi:cbd_v11:quarterly_change
2011-12-31,Kyrgyzstan,KGZ,Central Asia,lower_middle_income,0.03,purchase,wgc_fsapi:cbd_v11:quarterly_change
2012-03-31,Kyrgyzstan,KGZ,Central Asia,lower_middle_income,-0.03,sale,wgc_fsapi:cbd_v11:quarterly_change
2012-06-30,Kyrgyzstan,KGZ,Central Asia,lower_middle_income,0.2,purchase,wgc_fsapi:cbd_v11:quarterly_change
2012-09-30,Kyrgyzstan,KGZ,Central Asia,lower_middle_income,0.16,purchase,wgc_fsapi:cbd_v11:quarterly_change
2012-12-31,Kyrgyzstan,KGZ,Central Asia,lower_middle_income,0.12,purchase,wgc_fsapi:cbd_v11:quarterly_change
2013-03-31,Kyrgyzstan,KGZ,Central Asia,lower_middle_income,0.11,purchase,wgc_fsapi:cbd_v11:quarterly_change
2013-06-30,Kyrgyzstan,KGZ,Central Asia,lower_middle_income,0.13,purchase,wgc_fsapi:cbd_v11:quarterly_change
2013-09-30,Kyrgyzstan,KGZ,Central Asia,lower_middle_income,0.15,purchase,wgc_fsapi:cbd_v11:quarterly_change
2013-12-31,Kyrgyzstan,KGZ,Central Asia,lower_middle_income,0.16,purchase,wgc_fsapi:cbd_v11:quarterly_change
2014-03-31,Kyrgyzstan,KGZ,Central Asia,lower_middle_income,0.09,purchase,wgc_fsapi:cbd_v11:quarterly_change
2014-06-30,Kyrgyzstan,KGZ,Central Asia,lower_middle_income,0.12,purchase,wgc_fsapi:cbd_v11:quarterly_change
2014-09-30,Kyrgyzstan,KGZ,Central Asia,lower_middle_income,0.07,purchase,wgc_fsapi:cbd_v11:quarterly_change
2014-12-31,Kyrgyzstan,KGZ,Central Asia,lower_middle_income,0.05,purchase,wgc_fsapi:cbd_v11:quarterly_change
2015-03-31,Kyrgyzstan,KGZ,Central Asia,lower_middle_income,0.05,purchase,wgc_fsapi:cbd_v11:quarterly_change
2015-06-30,Kyrgyzstan,KGZ,Central Asia,lower_middle_income,0.04,purchase,wgc_fsapi:cbd_v11:quarterly_change
2015-09-30,Kyrgyzstan,KGZ,Central Asia,lower_middle_income,0.1,purchase,wgc_fsapi:cbd_v11:quarterly_change
2015-12-31,Kyrgyzstan,KGZ,Central Asia,lower_middle_income,0.1,purchase,wgc_fsapi:cbd_v11:quarterly_change
2016-03-31,Kyrgyzstan,KGZ,Central Asia,lower_middle_income,0.09,purchase,wgc_fsapi:cbd_v11:quarterly_change
2016-06-30,Kyrgyzstan,KGZ,Central Asia,lower_middle_income,0.05,purchase,wgc_fsapi:cbd_v11:quarterly_change
2016-09-30,Kyrgyzstan,KGZ,Central Asia,lower_middle_income,0.1,purchase,wgc_fsapi:cbd_v11:quarterly_change
2016-12-31,Kyrgyzstan,KGZ,Central Asia,lower_middle_income,0.11,purchase,wgc_fsapi:cbd_v11:quarterly_change
2017-03-31,Kyrgyzstan,KGZ,Central Asia,lower_middle_income,0.3,purchase,wgc_fsapi:cbd_v11:quarterly_change
2017-06-30,Kyrgyzstan,KGZ,Central Asia,lower_middle_income,0.18,purchase,wgc_fsapi:cbd_v11:quarterly_change
2017-09-30,Kyrgyzstan,KGZ,Central Asia,lower_middle_income,1.3,purchase,wgc_fsapi:cbd_v11:quarterly_change
2017-12-31,Kyrgyzstan,KGZ,Central Asia,lower_middle_income,0.59,purchase,wgc_fsapi:cbd_v11:quarterly_change
2018-03-31,Kyrgyzstan,KGZ,Central Asia,lower_middle_income,1.0,purchase,wgc_fsapi:cbd_v11:quarterly_change
2018-06-30,Kyrgyzstan,KGZ,Central Asia,lower_middle_income,0.96,purchase,wgc_fsapi:cbd_v11:quarterly_change
2018-09-30,Kyrgyzstan,KGZ,Central Asia,lower_middle_income,0.73,purchase,wgc_fsapi:cbd_v11:quarterly_change
2018-12-31,Kyrgyzstan,KGZ,Central Asia,lower_middle_income,1.55,purchase,wgc_fsapi:cbd_v11:quarterly_change
2019-03-31,Kyrgyzstan,KGZ,Central Asia,lower_middle_income,1.06,purchase,wgc_fsapi:cbd_v11:quarterly_change
2019-06-30,Kyrgyzstan,KGZ,Central Asia,lower_middle_income,0.96,purchase,wgc_fsapi:cbd_v11:quarterly_change
2019-09-30,Kyrgyzstan,KGZ,Central Asia,lower_middle_income,1.16,purchase,wgc_fsapi:cbd_v11:quarterly_change
2019-12-31,Kyrgyzstan,KGZ,Central Asia,lower_middle_income,0.03,purchase,wgc_fsapi:cbd_v11:quarterly_change
2020-03-31,Kyrgyzstan,KGZ,Central Asia,lower_middle_income,-2.59,sale,wgc_fsapi:cbd_v11:quarterly_change
2020-09-30,Kyrgyzstan,KGZ,Central Asia,lower_middle_income,4.96,purchase,wgc_fsapi:cbd_v11:quarterly_change
2021-06-30,Kyrgyzstan,KGZ,Central Asia,lower_middle_income,-9.14,sale,wgc_fsapi:cbd_v11:quarterly_change
2021-09-30,Kyrgyzstan,KGZ,Central Asia,lower_middle_income,2.91,purchase,wgc_fsapi:cbd_v11:quarterly_change
2021-12-31,Kyrgyzstan,KGZ,Central Asia,lower_middle_income,-0.35,sale,wgc_fsapi:cbd_v11:quarterly_change
2022-12-31,Kyrgyzstan,KGZ,Central Asia,lower_middle_income,6.2,purchase,wgc_fsapi:cbd_v11:quarterly_change
2023-03-31,Kyrgyzstan,KGZ,Central Asia,lower_middle_income,-0.65,sale,wgc_fsapi:cbd_v11:quarterly_change
2023-06-30,Kyrgyzstan,KGZ,Central Asia,lower_middle_income,1.12,purchase,wgc_fsapi:cbd_v11:quarterly_change
2023-09-30,Kyrgyzstan,KGZ,Central Asia,lower_middle_income,4.16,purchase,wgc_fsapi:cbd_v11:quarterly_change
2023-12-31,Kyrgyzstan,KGZ,Central Asia,lower_middle_income,0.55,purchase,wgc_fsapi:cbd_v11:quarterly_change
2024-03-31,Kyrgyzstan,KGZ,Central Asia,lower_middle_income,3.24,purchase,wgc_fsapi:cbd_v11:quarterly_change
2024-06-30,Kyrgyzstan,KGZ,Central Asia,lower_middle_income,1.03,purchase,wgc_fsapi:cbd_v11:quarterly_change
2024-09-30,Kyrgyzstan,KGZ,Central Asia,lower_middle_income,0.12,purchase,wgc_fsapi:cbd_v11:quarterly_change
2024-12-31,Kyrgyzstan,KGZ,Central Asia,lower_middle_income,12.17,purchase,wgc_fsapi:cbd_v11:quarterly_change
2025-03-31,Kyrgyzstan,KGZ,Central Asia,lower_middle_income,-3.86,sale,wgc_fsapi:cbd_v11:quarterly_change
2025-06-30,Kyrgyzstan,KGZ,Central Asia,lower_middle_income,4.68,purchase,wgc_fsapi:cbd_v11:quarterly_change
2025-09-30,Kyrgyzstan,KGZ,Central Asia,lower_middle_income,1.75,purchase,wgc_fsapi:cbd_v11:quarterly_change
2025-12-31,Kyrgyzstan,KGZ,Central Asia,lower_middle_income,5.17,purchase,wgc_fsapi:cbd_v11:quarterly_change
2015-12-31,Cambodia,KHM,South East Asia,lower_middle_income,2.02,purchase,wgc_fsapi:cbd_v11:quarterly_change
2016-03-31,Cambodia,KHM,South East Asia,lower_middle_income,0.99,purchase,wgc_fsapi:cbd_v11:quarterly_change
2016-06-30,Cambodia,KHM,South East Asia,lower_middle_income,0.13,purchase,wgc_fsapi:cbd_v11:quarterly_change
2016-12-31,Cambodia,KHM,South East Asia,lower_middle_income,3.98,purchase,wgc_fsapi:cbd_v11:quarterly_change
2017-03-31,Cambodia,KHM,South East Asia,lower_middle_income,0.99,purchase,wgc_fsapi:cbd_v11:quarterly_change
2017-09-30,Cambodia,KHM,South East Asia,lower_middle_income,1.99,purchase,wgc_fsapi:cbd_v11:quarterly_change
2018-09-30,Cambodia,KHM,South East Asia,lower_middle_income,4.99,purchase,wgc_fsapi:cbd_v11:quarterly_change
2018-12-31,Cambodia,KHM,South East Asia,lower_middle_income,2.99,purchase,wgc_fsapi:cbd_v11:quarterly_change
2019-12-31,Cambodia,KHM,South East Asia,lower_middle_income,4.98,purchase,wgc_fsapi:cbd_v11:quarterly_change
2020-03-31,Cambodia,KHM,South East Asia,lower_middle_income,0.02,purchase,wgc_fsapi:cbd_v11:quarterly_change
2020-06-30,Cambodia,KHM,South East Asia,lower_middle_income,0.99,purchase,wgc_fsapi:cbd_v11:quarterly_change
2020-09-30,Cambodia,KHM,South East Asia,lower_middle_income,3.98,purchase,wgc_fsapi:cbd_v11:quarterly_change
2020-12-31,Cambodia,KHM,South East Asia,lower_middle_income,4.98,purchase,wgc_fsapi:cbd_v11:quarterly_change
2021-03-31,Cambodia,KHM,South East Asia,lower_middle_income,4.98,purchase,wgc_fsapi:cbd_v11:quarterly_change
2022-09-30,Cambodia,KHM,South East Asia,lower_middle_income,1.99,purchase,wgc_fsapi:cbd_v11:quarterly_change
2022-12-31,Cambodia,KHM,South East Asia,lower_middle_income,0.12,purchase,wgc_fsapi:cbd_v11:quarterly_change
2023-03-31,Cambodia,KHM,South East Asia,lower_middle_income,-9.95,sale,wgc_fsapi:cbd_v11:quarterly_change
2023-06-30,Cambodia,KHM,South East Asia,lower_middle_income,-0.12,sale,wgc_fsapi:cbd_v11:quarterly_change
2023-09-30,Cambodia,KHM,South East Asia,lower_middle_income,1.06,purchase,wgc_fsapi:cbd_v11:quarterly_change
2023-12-31,Cambodia,KHM,South East Asia,lower_middle_income,-0.94,sale,wgc_fsapi:cbd_v11:quarterly_change
2024-03-31,Cambodia,KHM,South East Asia,lower_middle_income,-0.76,sale,wgc_fsapi:cbd_v11:quarterly_change
2024-06-30,Cambodia,KHM,South East Asia,lower_middle_income,0.15,purchase,wgc_fsapi:cbd_v11:quarterly_change
2024-09-30,Cambodia,KHM,South East Asia,lower_middle_income,0.62,purchase,wgc_fsapi:cbd_v11:quarterly_change
2024-12-31,Cambodia,KHM,South East Asia,lower_middle_income,3.85,purchase,wgc_fsapi:cbd_v11:quarterly_change
2025-03-31,Cambodia,KHM,South East Asia,lower_middle_income,5.97,purchase,wgc_fsapi:cbd_v11:quarterly_change
2025-06-30,Cambodia,KHM,South East Asia,lower_middle_income,1.99,purchase,wgc_fsapi:cbd_v11:quarterly_change
2001-03-31,South Korea,KOR,East Asia,high_income,0.01,purchase,wgc_fsapi:cbd_v11:quarterly_change
2001-09-30,South Korea,KOR,East Asia,high_income,0.04,purchase,wgc_fsapi:cbd_v11:quarterly_change
2001-12-31,South Korea,KOR,East Asia,high_income,0.03,purchase,wgc_fsapi:cbd_v11:quarterly_change
2002-03-31,South Korea,KOR,East Asia,high_income,0.01,purchase,wgc_fsapi:cbd_v11:quarterly_change
2002-09-30,South Korea,KOR,East Asia,high_income,0.07,purchase,wgc_fsapi:cbd_v11:quarterly_change
2003-03-31,South Korea,KOR,East Asia,high_income,0.08,purchase,wgc_fsapi:cbd_v11:quarterly_change
2003-09-30,South Korea,KOR,East Asia,high_income,0.07,purchase,wgc_fsapi:cbd_v11:quarterly_change
2004-03-31,South Korea,KOR,East Asia,high_income,0.08,purchase,wgc_fsapi:cbd_v11:quarterly_change
2004-09-30,South Korea,KOR,East Asia,high_income,0.08,purchase,wgc_fsapi:cbd_v11:quarterly_change
2005-03-31,South Korea,KOR,East Asia,high_income,0.07,purchase,wgc_fsapi:cbd_v11:quarterly_change
2005-09-30,South Korea,KOR,East Asia,high_income,0.04,purchase,wgc_fsapi:cbd_v11:quarterly_change
2006-03-31,South Korea,KOR,East Asia,high_income,0.01,purchase,wgc_fsapi:cbd_v11:quarterly_change
2006-06-30,South Korea,KOR,East Asia,high_income,0.02,purchase,wgc_fsapi:cbd_v11:quarterly_change
2006-12-31,South Korea,KOR,East Asia,high_income,-1.27,sale,wgc_fsapi:cbd_v11:quarterly_change
2007-09-30,South Korea,KOR,East Asia,high_income,1.27,purchase,wgc_fsapi:cbd_v11:quarterly_change
2008-03-31,South Korea,KOR,East Asia,high_income,0.01,purchase,wgc_fsapi:cbd_v11:quarterly_change
2008-06-30,South Korea,KOR,East Asia,high_income,0.01,purchase,wgc_fsapi:cbd_v11:quarterly_change
2008-12-31,South Korea,KOR,East Asia,high_income,0.03,purchase,wgc_fsapi:cbd_v11:quarterly_change
2009-06-30,South Korea,KOR,East Asia,high_income,0.07,purchase,wgc_fsapi:cbd_v11:quarterly_change
2009-12-31,South Korea,KOR,East Asia,high_income,0.03,purchase,wgc_fsapi:cbd_v11:quarterly_change
2010-09-30,South Korea,KOR,East Asia,high_income,0.02,purchase,wgc_fsapi:cbd_v11:quarterly_change
2011-09-30,South Korea,KOR,East Asia,high_income,25.0,purchase,wgc_fsapi:cbd_v11:quarterly_change
2011-12-31,South Korea,KOR,East Asia,high_income,15.0,purchase,wgc_fsapi:cbd_v11:quarterly_change
2012-09-30,South Korea,KOR,East Asia,high_income,16.0,purchase,wgc_fsapi:cbd_v11:quarterly_change
2012-12-31,South Korea,KOR,East Asia,high_income,14.0,purchase,wgc_fsapi:cbd_v11:quarterly_change
2013-03-31,South Korea,KOR,East Asia,high_income,20.0,purchase,wgc_fsapi:cbd_v11:quarterly_change
2015-12-31,South Korea,KOR,East Asia,high_income,-0.04,sale,wgc_fsapi:cbd_v11:quarterly_change
2019-03-31,South Korea,KOR,East Asia,high_income,0.05,purchase,wgc_fsapi:cbd_v11:quarterly_change
2001-03-31,Kuwait,KWT,Middle East & North Africa,high_income,-0.25,sale,wgc_fsapi:cbd_v11:quarterly_change
2001-06-30,Kuwait,KWT,Middle East & North Africa,high_income,0.25,purchase,wgc_fsapi:cbd_v11:quarterly_change
2010-12-31,Kuwait,KWT,Middle East & North Africa,high_income,-0.06,sale,wgc_fsapi:cbd_v11:quarterly_change
2011-03-31,Kuwait,KWT,Middle East & North Africa,high_income,0.06,purchase,wgc_fsapi:cbd_v11:quarterly_change
2011-06-30,Kuwait,KWT,Middle East & North Africa,high_income,1.55,purchase,wgc_fsapi:cbd_v11:quarterly_change
2011-09-30,Kuwait,KWT,Middle East & North Africa,high_income,-1.55,sale,wgc_fsapi:cbd_v11:quarterly_change
2016-06-30,Kuwait,KWT,Middle East & North Africa,high_income,0.03,purchase,wgc_fsapi:cbd_v11:quarterly_change
2016-09-30,Kuwait,KWT,Middle East & North Africa,high_income,-0.03,sale,wgc_fsapi:cbd_v11:quarterly_change
2018-06-30,Kuwait,KWT,Middle East & North Africa,high_income,0.01,purchase,wgc_fsapi:cbd_v11:quarterly_change
2018-09-30,Kuwait,KWT,Middle East & North Africa,high_income,-0.01,sale,wgc_fsapi:cbd_v11:quarterly_change
2019-03-31,Kuwait,KWT,Middle East & North Africa,high_income,0.01,purchase,wgc_fsapi:cbd_v11:quarterly_change
2025-09-30,Kuwait,KWT,Middle East & North Africa,high_income,0.01,purchase,wgc_fsapi:cbd_v11:quarterly_change
2001-06-30,Lao PDR,LAO,South East Asia,lower_middle_income,-0.01,sale,wgc_fsapi:cbd_v11:quarterly_change
2001-09-30,Lao PDR,LAO,South East Asia,lower_middle_income,1.64,purchase,wgc_fsapi:cbd_v11:quarterly_change
2001-12-31,Lao PDR,LAO,South East Asia,lower_middle_income,0.1,purchase,wgc_fsapi:cbd_v11:quarterly_change
2003-03-31,Lao PDR,LAO,South East Asia,lower_middle_income,1.39,purchase,wgc_fsapi:cbd_v11:quarterly_change
2005-03-31,Lao PDR,LAO,South East Asia,lower_middle_income,0.89,purchase,wgc_fsapi:cbd_v11:quarterly_change
2006-09-30,Lao PDR,LAO,South East Asia,lower_middle_income,2.0,purchase,wgc_fsapi:cbd_v11:quarterly_change
2008-03-31,Lao PDR,LAO,South East Asia,lower_middle_income,1.54,purchase,wgc_fsapi:cbd_v11:quarterly_change
2008-09-30,Lao PDR,LAO,South East Asia,lower_middle_income,0.73,purchase,wgc_fsapi:cbd_v11:quarterly_change
2008-12-31,Lao PDR,LAO,South East Asia,lower_middle_income,0.08,purchase,wgc_fsapi:cbd_v11:quarterly_change
2013-12-31,Lao PDR,LAO,South East Asia,lower_middle_income,-0.02,sale,wgc_fsapi:cbd_v11:quarterly_change
2015-03-31,Lao PDR,LAO,South East Asia,lower_middle_income,-8.53,sale,wgc_fsapi:cbd_v11:quarterly_change
2016-09-30,Lao PDR,LAO,South East Asia,lower_middle_income,0.55,purchase,wgc_fsapi:cbd_v11:quarterly_change
2011-12-31,Libya,LBY,Middle East & North Africa,upper_middle_income,-27.18,sale,wgc_fsapi:cbd_v11:quarterly_change
2023-06-30,Libya,LBY,Middle East & North Africa,upper_middle_income,30.01,purchase,wgc_fsapi:cbd_v11:quarterly_change
2001-03-31,Sri Lanka,LKA,South Asia,lower_middle_income,-0.91,sale,wgc_fsapi:cbd_v11:quarterly_change
2001-06-30,Sri Lanka,LKA,South Asia,lower_middle_income,-1.86,sale,wgc_fsapi:cbd_v11:quarterly_change
2001-09-30,Sri Lanka,LKA,South Asia,lower_middle_income,0.59,purchase,wgc_fsapi:cbd_v11:quarterly_change
2001-12-31,Sri Lanka,LKA,South Asia,lower_middle_income,-0.34,sale,wgc_fsapi:cbd_v11:quarterly_change
2002-03-31,Sri Lanka,LKA,South Asia,lower_middle_income,-0.72,sale,wgc_fsapi:cbd_v11:quarterly_change
2002-06-30,Sri Lanka,LKA,South Asia,lower_middle_income,0.03,purchase,wgc_fsapi:cbd_v11:quarterly_change
2002-09-30,Sri Lanka,LKA,South Asia,lower_middle_income,-0.22,sale,wgc_fsapi:cbd_v11:quarterly_change
2002-12-31,Sri Lanka,LKA,South Asia,lower_middle_income,-0.31,sale,wgc_fsapi:cbd_v11:quarterly_change
2003-03-31,Sri Lanka,LKA,South Asia,lower_middle_income,-2.33,sale,wgc_fsapi:cbd_v11:quarterly_change
2003-09-30,Sri Lanka,LKA,South Asia,lower_middle_income,0.81,purchase,wgc_fsapi:cbd_v11:quarterly_change
2003-12-31,Sri Lanka,LKA,South Asia,lower_middle_income,-0.08,sale,wgc_fsapi:cbd_v11:quarterly_change
2004-12-31,Sri Lanka,LKA,South Asia,lower_middle_income,0.05,purchase,wgc_fsapi:cbd_v11:quarterly_change
2008-06-30,Sri Lanka,LKA,South Asia,lower_middle_income,0.11,purchase,wgc_fsapi:cbd_v11:quarterly_change
2009-12-31,Sri Lanka,LKA,South Asia,lower_middle_income,15.8,purchase,wgc_fsapi:cbd_v11:quarterly_change
2010-03-31,Sri Lanka,LKA,South Asia,lower_middle_income,-0.4,sale,wgc_fsapi:cbd_v11:quarterly_change
2010-06-30,Sri Lanka,LKA,South Asia,lower_middle_income,-3.34,sale,wgc_fsapi:cbd_v11:quarterly_change
2010-09-30,Sri Lanka,LKA,South Asia,lower_middle_income,-0.12,sale,wgc_fsapi:cbd_v11:quarterly_change
2010-12-31,Sri Lanka,LKA,South Asia,lower_middle_income,-6.48,sale,wgc_fsapi:cbd_v11:quarterly_change
2011-03-31,Sri Lanka,LKA,South Asia,lower_middle_income,1.03,purchase,wgc_fsapi:cbd_v11:quarterly_change
2011-06-30,Sri Lanka,LKA,South Asia,lower_middle_income,4.23,purchase,wgc_fsapi:cbd_v11:quarterly_change
2011-09-30,Sri Lanka,LKA,South Asia,lower_middle_income,-4.41,sale,wgc_fsapi:cbd_v11:quarterly_change
2011-12-31,Sri Lanka,LKA,South Asia,lower_middle_income,-1.62,sale,wgc_fsapi:cbd_v11:quarterly_change
2012-03-31,Sri Lanka,LKA,South Asia,lower_middle_income,-4.12,sale,wgc_fsapi:cbd_v11:quarterly_change
2012-06-30,Sri Lanka,LKA,South Asia,lower_middle_income,2.4,purchase,wgc_fsapi:cbd_v11:quarterly_change
2012-09-30,Sri Lanka,LKA,South Asia,lower_middle_income,-4.63,sale,wgc_fsapi:cbd_v11:quarterly_change
2012-12-31,Sri Lanka,LKA,South Asia,lower_middle_income,9.99,purchase,wgc_fsapi:cbd_v11:quarterly_change
2013-03-31,Sri Lanka,LKA,South Asia,lower_middle_income,3.03,purchase,wgc_fsapi:cbd_v11:quarterly_change
2013-06-30,Sri Lanka,LKA,South Asia,lower_middle_income,3.48,purchase,wgc_fsapi:cbd_v11:quarterly_change
2013-09-30,Sri Lanka,LKA,South Asia,lower_middle_income,2.74,purchase,wgc_fsapi:cbd_v11:quarterly_change
2013-12-31,Sri Lanka,LKA,South Asia,lower_middle_income,0.08,purchase,wgc_fsapi:cbd_v11:quarterly_change
2014-03-31,Sri Lanka,LKA,South Asia,lower_middle_income,-1.42,sale,wgc_fsapi:cbd_v11:quarterly_change
2014-06-30,Sri Lanka,LKA,South Asia,lower_middle_income,0.7,purchase,wgc_fsapi:cbd_v11:quarterly_change
2014-09-30,Sri Lanka,LKA,South Asia,lower_middle_income,0.87,purchase,wgc_fsapi:cbd_v11:quarterly_change
2014-12-31,Sri Lanka,LKA,South Asia,lower_middle_income,-0.02,sale,wgc_fsapi:cbd_v11:quarterly_change
2015-03-31,Sri Lanka,LKA,South Asia,lower_middle_income,-0.81,sale,wgc_fsapi:cbd_v11:quarterly_change
2015-06-30,Sri Lanka,LKA,South Asia,lower_middle_income,-0.1,sale,wgc_fsapi:cbd_v11:quarterly_change
2015-09-30,Sri Lanka,LKA,South Asia,lower_middle_income,-0.1,sale,wgc_fsapi:cbd_v11:quarterly_change
2015-12-31,Sri Lanka,LKA,South Asia,lower_middle_income,0.19,purchase,wgc_fsapi:cbd_v11:quarterly_change
2016-03-31,Sri Lanka,LKA,South Asia,lower_middle_income,0.19,purchase,wgc_fsapi:cbd_v11:quarterly_change
2016-06-30,Sri Lanka,LKA,South Asia,lower_middle_income,-0.18,sale,wgc_fsapi:cbd_v11:quarterly_change
2016-09-30,Sri Lanka,LKA,South Asia,lower_middle_income,0.04,purchase,wgc_fsapi:cbd_v11:quarterly_change
2016-12-31,Sri Lanka,LKA,South Asia,lower_middle_income,-0.06,sale,wgc_fsapi:cbd_v11:quarterly_change
2017-03-31,Sri Lanka,LKA,South Asia,lower_middle_income,0.04,purchase,wgc_fsapi:cbd_v11:quarterly_change
2017-06-30,Sri Lanka,LKA,South Asia,lower_middle_income,-0.08,sale,wgc_fsapi:cbd_v11:quarterly_change
2017-09-30,Sri Lanka,LKA,South Asia,lower_middle_income,0.12,purchase,wgc_fsapi:cbd_v11:quarterly_change
2017-12-31,Sri Lanka,LKA,South Asia,lower_middle_income,-0.06,sale,wgc_fsapi:cbd_v11:quarterly_change
2018-03-31,Sri Lanka,LKA,South Asia,lower_middle_income,-1.31,sale,wgc_fsapi:cbd_v11:quarterly_change
2018-06-30,Sri Lanka,LKA,South Asia,lower_middle_income,-1.01,sale,wgc_fsapi:cbd_v11:quarterly_change
2018-09-30,Sri Lanka,LKA,South Asia,lower_middle_income,0.02,purchase,wgc_fsapi:cbd_v11:quarterly_change
2018-12-31,Sri Lanka,LKA,South Asia,lower_middle_income,-0.05,sale,wgc_fsapi:cbd_v11:quarterly_change
2019-03-31,Sri Lanka,LKA,South Asia,lower_middle_income,-0.06,sale,wgc_fsapi:cbd_v11:quarterly_change
2019-09-30,Sri Lanka,LKA,South Asia,lower_middle_income,-0.29,sale,wgc_fsapi:cbd_v11:quarterly_change
2020-03-31,Sri Lanka,LKA,South Asia,lower_middle_income,-12.87,sale,wgc_fsapi:cbd_v11:quarterly_change
2021-12-31,Sri Lanka,LKA,South Asia,lower_middle_income,-3.72,sale,wgc_fsapi:cbd_v11:quarterly_change
2022-03-31,Sri Lanka,LKA,South Asia,lower_middle_income,-2.51,sale,wgc_fsapi:cbd_v11:quarterly_change
2004-09-30,Lithuania,LTU,Western Europe,high_income,-0.01,sale,wgc_fsapi:cbd_v11:quarterly_change
2007-12-31,Lithuania,LTU,Western Europe,high_income,0.01,purchase,wgc_fsapi:cbd_v11:quarterly_change
2008-06-30,Lithuania,LTU,Western Europe,high_income,0.01,purchase,wgc_fsapi:cbd_v11:quarterly_change
2008-12-31,Lithuania,LTU,Western Europe,high_income,0.01,purchase,wgc_fsapi:cbd_v11:quarterly_change
2009-03-31,Lithuania,LTU,Western Europe,high_income,0.01,purchase,wgc_fsapi:cbd_v11:quarterly_change
2003-03-31,Luxembourg,LUX,Western Europe,high_income,0.03,purchase,wgc_fsapi:cbd_v11:quarterly_change
2003-09-30,Luxembourg,LUX,Western Europe,high_income,-0.06,sale,wgc_fsapi:cbd_v11:quarterly_change
2004-09-30,Luxembourg,LUX,Western Europe,high_income,-0.03,sale,wgc_fsapi:cbd_v11:quarterly_change
2006-09-30,Luxembourg,LUX,Western Europe,high_income,0.03,purchase,wgc_fsapi:cbd_v11:quarterly_change
2006-12-31,Luxembourg,LUX,Western Europe,high_income,-0.03,sale,wgc_fsapi:cbd_v11:quarterly_change
2008-06-30,Luxembourg,LUX,Western Europe,high_income,-0.03,sale,wgc_fsapi:cbd_v11:quarterly_change
2009-12-31,Luxembourg,LUX,Western Europe,high_income,-0.03,sale,wgc_fsapi:cbd_v11:quarterly_change
2014-06-30,Luxembourg,LUX,Western Europe,high_income,0.03,purchase,wgc_fsapi:cbd_v11:quarterly_change
2014-12-31,Luxembourg,LUX,Western Europe,high_income,-0.03,sale,wgc_fsapi:cbd_v11:quarterly_change
2020-12-31,Luxembourg,LUX,Western Europe,high_income,0.03,purchase,wgc_fsapi:cbd_v11:quarterly_change
2021-03-31,Luxembourg,LUX,Western Europe,high_income,-0.03,sale,wgc_fsapi:cbd_v11:quarterly_change
2023-06-30,Luxembourg,LUX,Western Europe,high_income,0.03,purchase,wgc_fsapi:cbd_v11:quarterly_change
2023-09-30,Luxembourg,LUX,Western Europe,high_income,-0.03,sale,wgc_fsapi:cbd_v11:quarterly_change
2001-03-31,Latvia,LVA,Western Europe,high_income,-0.01,sale,wgc_fsapi:cbd_v11:quarterly_change
2005-06-30,Latvia,LVA,Western Europe,high_income,0.01,purchase,wgc_fsapi:cbd_v11:quarterly_change
2006-03-31,Latvia,LVA,Western Europe,high_income,-0.01,sale,wgc_fsapi:cbd_v11:quarterly_change
2006-06-30,Latvia,LVA,Western Europe,high_income,0.01,purchase,wgc_fsapi:cbd_v11:quarterly_change
2014-03-31,Latvia,LVA,Western Europe,high_income,-1.12,sale,wgc_fsapi:cbd_v11:quarterly_change
2020-03-31,Latvia,LVA,Western Europe,high_income,0.04,purchase,wgc_fsapi:cbd_v11:quarterly_change
2001-03-31,Morocco,MAR,Middle East & North Africa,lower_middle_income,0.01,purchase,wgc_fsapi:cbd_v11:quarterly_change
2001-09-30,Morocco,MAR,Middle East & North Africa,lower_middle_income,0.02,purchase,wgc_fsapi:cbd_v11:quarterly_change
2002-06-30,Morocco,MAR,Middle East & North Africa,lower_middle_income,0.02,purchase,wgc_fsapi:cbd_v11:quarterly_change
2002-12-31,Morocco,MAR,Middle East & North Africa,lower_middle_income,0.01,purchase,wgc_fsapi:cbd_v11:quarterly_change
2009-12-31,Morocco,MAR,Middle East & North Africa,lower_middle_income,0.03,purchase,wgc_fsapi:cbd_v11:quarterly_change
2010-03-31,Morocco,MAR,Middle East & North Africa,lower_middle_income,-0.01,sale,wgc_fsapi:cbd_v11:quarterly_change
2014-06-30,Morocco,MAR,Middle East & North Africa,lower_middle_income,0.02,purchase,wgc_fsapi:cbd_v11:quarterly_change
2015-03-31,Morocco,MAR,Middle East & North Africa,lower_middle_income,0.01,purchase,wgc_fsapi:cbd_v11:quarterly_change
2015-09-30,Morocco,MAR,Middle East & North Africa,lower_middle_income,0.02,purchase,wgc_fsapi:cbd_v11:quarterly_change
2016-03-31,Morocco,MAR,Middle East & North Africa,lower_middle_income,0.01,purchase,wgc_fsapi:cbd_v11:quarterly_change
2017-03-31,Morocco,MAR,Middle East & North Africa,lower_middle_income,0.01,purchase,wgc_fsapi:cbd_v11:quarterly_change
2018-06-30,Morocco,MAR,Middle East & North Africa,lower_middle_income,0.01,purchase,wgc_fsapi:cbd_v11:quarterly_change
2001-03-31,Mexico,MEX,Latin America & Caribbean,upper_middle_income,-0.71,sale,wgc_fsapi:cbd_v11:quarterly_change
2001-06-30,Mexico,MEX,Latin America & Caribbean,upper_middle_income,-0.64,sale,wgc_fsapi:cbd_v11:quarterly_change
2001-09-30,Mexico,MEX,Latin America & Caribbean,upper_middle_income,-0.58,sale,wgc_fsapi:cbd_v11:quarterly_change
2001-12-31,Mexico,MEX,Latin America & Caribbean,upper_middle_income,1.36,purchase,wgc_fsapi:cbd_v11:quarterly_change
2002-03-31,Mexico,MEX,Latin America & Caribbean,upper_middle_income,-0.87,sale,wgc_fsapi:cbd_v11:quarterly_change
2002-06-30,Mexico,MEX,Latin America & Caribbean,upper_middle_income,-0.37,sale,wgc_fsapi:cbd_v11:quarterly_change
2002-09-30,Mexico,MEX,Latin America & Caribbean,upper_middle_income,1.64,purchase,wgc_fsapi:cbd_v11:quarterly_change
2002-12-31,Mexico,MEX,Latin America & Caribbean,upper_middle_income,-0.6,sale,wgc_fsapi:cbd_v11:quarterly_change
2003-03-31,Mexico,MEX,Latin America & Caribbean,upper_middle_income,-0.55,sale,wgc_fsapi:cbd_v11:quarterly_change
2003-06-30,Mexico,MEX,Latin America & Caribbean,upper_middle_income,-0.37,sale,wgc_fsapi:cbd_v11:quarterly_change
2003-09-30,Mexico,MEX,Latin America & Caribbean,upper_middle_income,-0.35,sale,wgc_fsapi:cbd_v11:quarterly_change
2003-12-31,Mexico,MEX,Latin America & Caribbean,upper_middle_income,-0.42,sale,wgc_fsapi:cbd_v11:quarterly_change
2004-03-31,Mexico,MEX,Latin America & Caribbean,upper_middle_income,-0.33,sale,wgc_fsapi:cbd_v11:quarterly_change
2004-06-30,Mexico,MEX,Latin America & Caribbean,upper_middle_income,0.23,purchase,wgc_fsapi:cbd_v11:quarterly_change
2004-09-30,Mexico,MEX,Latin America & Caribbean,upper_middle_income,-0.17,sale,wgc_fsapi:cbd_v11:quarterly_change
2004-12-31,Mexico,MEX,Latin America & Caribbean,upper_middle_income,-0.7,sale,wgc_fsapi:cbd_v11:quarterly_change
2005-03-31,Mexico,MEX,Latin America & Caribbean,upper_middle_income,-0.3,sale,wgc_fsapi:cbd_v11:quarterly_change
2005-06-30,Mexico,MEX,Latin America & Caribbean,upper_middle_income,-0.35,sale,wgc_fsapi:cbd_v11:quarterly_change
2005-09-30,Mexico,MEX,Latin America & Caribbean,upper_middle_income,-0.36,sale,wgc_fsapi:cbd_v11:quarterly_change
2005-12-31,Mexico,MEX,Latin America & Caribbean,upper_middle_income,0.05,purchase,wgc_fsapi:cbd_v11:quarterly_change
2006-03-31,Mexico,MEX,Latin America & Caribbean,upper_middle_income,0.57,purchase,wgc_fsapi:cbd_v11:quarterly_change
2006-06-30,Mexico,MEX,Latin America & Caribbean,upper_middle_income,-0.33,sale,wgc_fsapi:cbd_v11:quarterly_change
2006-09-30,Mexico,MEX,Latin America & Caribbean,upper_middle_income,-0.25,sale,wgc_fsapi:cbd_v11:quarterly_change
2006-12-31,Mexico,MEX,Latin America & Caribbean,upper_middle_income,-0.48,sale,wgc_fsapi:cbd_v11:quarterly_change
2007-03-31,Mexico,MEX,Latin America & Caribbean,upper_middle_income,0.71,purchase,wgc_fsapi:cbd_v11:quarterly_change
2007-06-30,Mexico,MEX,Latin America & Caribbean,upper_middle_income,-0.3,sale,wgc_fsapi:cbd_v11:quarterly_change
2007-09-30,Mexico,MEX,Latin America & Caribbean,upper_middle_income,0.78,purchase,wgc_fsapi:cbd_v11:quarterly_change
2007-12-31,Mexico,MEX,Latin America & Caribbean,upper_middle_income,-0.38,sale,wgc_fsapi:cbd_v11:quarterly_change
2008-03-31,Mexico,MEX,Latin America & Caribbean,upper_middle_income,-0.65,sale,wgc_fsapi:cbd_v11:quarterly_change
2008-06-30,Mexico,MEX,Latin America & Caribbean,upper_middle_income,-0.5,sale,wgc_fsapi:cbd_v11:quarterly_change
2008-09-30,Mexico,MEX,Latin America & Caribbean,upper_middle_income,1.66,purchase,wgc_fsapi:cbd_v11:quarterly_change
2008-12-31,Mexico,MEX,Latin America & Caribbean,upper_middle_income,2.01,purchase,wgc_fsapi:cbd_v11:quarterly_change
2009-03-31,Mexico,MEX,Latin America & Caribbean,upper_middle_income,-0.7,sale,wgc_fsapi:cbd_v11:quarterly_change
2009-06-30,Mexico,MEX,Latin America & Caribbean,upper_middle_income,2.72,purchase,wgc_fsapi:cbd_v11:quarterly_change
2009-09-30,Mexico,MEX,Latin America & Caribbean,upper_middle_income,0.74,purchase,wgc_fsapi:cbd_v11:quarterly_change
2009-12-31,Mexico,MEX,Latin America & Caribbean,upper_middle_income,-0.4,sale,wgc_fsapi:cbd_v11:quarterly_change
2010-03-31,Mexico,MEX,Latin America & Caribbean,upper_middle_income,-0.44,sale,wgc_fsapi:cbd_v11:quarterly_change
2010-06-30,Mexico,MEX,Latin America & Caribbean,upper_middle_income,-0.25,sale,wgc_fsapi:cbd_v11:quarterly_change
2010-09-30,Mexico,MEX,Latin America & Caribbean,upper_middle_income,-0.25,sale,wgc_fsapi:cbd_v11:quarterly_change
2010-12-31,Mexico,MEX,Latin America & Caribbean,upper_middle_income,-0.57,sale,wgc_fsapi:cbd_v11:quarterly_change
2011-03-31,Mexico,MEX,Latin America & Caribbean,upper_middle_income,93.15,purchase,wgc_fsapi:cbd_v11:quarterly_change
2011-06-30,Mexico,MEX,Latin America & Caribbean,upper_middle_income,5.67,purchase,wgc_fsapi:cbd_v11:quarterly_change
2011-09-30,Mexico,MEX,Latin America & Caribbean,upper_middle_income,-0.5,sale,wgc_fsapi:cbd_v11:quarterly_change
2011-12-31,Mexico,MEX,Latin America & Caribbean,upper_middle_income,0.61,purchase,wgc_fsapi:cbd_v11:quarterly_change
2012-03-31,Mexico,MEX,Latin America & Caribbean,upper_middle_income,16.59,purchase,wgc_fsapi:cbd_v11:quarterly_change
2012-06-30,Mexico,MEX,Latin America & Caribbean,upper_middle_income,2.76,purchase,wgc_fsapi:cbd_v11:quarterly_change
2012-09-30,Mexico,MEX,Latin America & Caribbean,upper_middle_income,-0.36,sale,wgc_fsapi:cbd_v11:quarterly_change
2012-12-31,Mexico,MEX,Latin America & Caribbean,upper_middle_income,-0.45,sale,wgc_fsapi:cbd_v11:quarterly_change
2013-03-31,Mexico,MEX,Latin America & Caribbean,upper_middle_income,-0.29,sale,wgc_fsapi:cbd_v11:quarterly_change
2013-06-30,Mexico,MEX,Latin America & Caribbean,upper_middle_income,-0.34,sale,wgc_fsapi:cbd_v11:quarterly_change
2013-09-30,Mexico,MEX,Latin America & Caribbean,upper_middle_income,-0.38,sale,wgc_fsapi:cbd_v11:quarterly_change
2013-12-31,Mexico,MEX,Latin America & Caribbean,upper_middle_income,-0.41,sale,wgc_fsapi:cbd_v11:quarterly_change
2014-03-31,Mexico,MEX,Latin America & Caribbean,upper_middle_income,-0.36,sale,wgc_fsapi:cbd_v11:quarterly_change
2014-06-30,Mexico,MEX,Latin America & Caribbean,upper_middle_income,0.59,purchase,wgc_fsapi:cbd_v11:quarterly_change
2014-09-30,Mexico,MEX,Latin America & Caribbean,upper_middle_income,-0.22,sale,wgc_fsapi:cbd_v11:quarterly_change
2014-12-31,Mexico,MEX,Latin America & Caribbean,upper_middle_income,-0.4,sale,wgc_fsapi:cbd_v11:quarterly_change
2015-03-31,Mexico,MEX,Latin America & Caribbean,upper_middle_income,-0.28,sale,wgc_fsapi:cbd_v11:quarterly_change
2015-06-30,Mexico,MEX,Latin America & Caribbean,upper_middle_income,-0.23,sale,wgc_fsapi:cbd_v11:quarterly_change
2015-09-30,Mexico,MEX,Latin America & Caribbean,upper_middle_income,-0.43,sale,wgc_fsapi:cbd_v11:quarterly_change
2015-12-31,Mexico,MEX,Latin America & Caribbean,upper_middle_income,-0.33,sale,wgc_fsapi:cbd_v11:quarterly_change
2016-03-31,Mexico,MEX,Latin America & Caribbean,upper_middle_income,-0.34,sale,wgc_fsapi:cbd_v11:quarterly_change
2016-06-30,Mexico,MEX,Latin America & Caribbean,upper_middle_income,0.02,purchase,wgc_fsapi:cbd_v11:quarterly_change
2016-09-30,Mexico,MEX,Latin America & Caribbean,upper_middle_income,-0.25,sale,wgc_fsapi:cbd_v11:quarterly_change
2016-12-31,Mexico,MEX,Latin America & Caribbean,upper_middle_income,-0.42,sale,wgc_fsapi:cbd_v11:quarterly_change
2017-03-31,Mexico,MEX,Latin America & Caribbean,upper_middle_income,-0.36,sale,wgc_fsapi:cbd_v11:quarterly_change
2017-09-30,Mexico,MEX,Latin America & Caribbean,upper_middle_income,0.41,purchase,wgc_fsapi:cbd_v11:quarterly_change
2017-12-31,Mexico,MEX,Latin America & Caribbean,upper_middle_income,-0.29,sale,wgc_fsapi:cbd_v11:quarterly_change
2018-06-30,Mexico,MEX,Latin America & Caribbean,upper_middle_income,0.02,purchase,wgc_fsapi:cbd_v11:quarterly_change
2018-09-30,Mexico,MEX,Latin America & Caribbean,upper_middle_income,-0.03,sale,wgc_fsapi:cbd_v11:quarterly_change
2018-12-31,Mexico,MEX,Latin America & Caribbean,upper_middle_income,-0.2,sale,wgc_fsapi:cbd_v11:quarterly_change
2019-03-31,Mexico,MEX,Latin America & Caribbean,upper_middle_income,-0.06,sale,wgc_fsapi:cbd_v11:quarterly_change
2019-06-30,Mexico,MEX,Latin America & Caribbean,upper_middle_income,0.19,purchase,wgc_fsapi:cbd_v11:quarterly_change
2019-09-30,Mexico,MEX,Latin America & Caribbean,upper_middle_income,-0.08,sale,wgc_fsapi:cbd_v11:quarterly_change
2019-12-31,Mexico,MEX,Latin America & Caribbean,upper_middle_income,0.01,purchase,wgc_fsapi:cbd_v11:quarterly_change
2020-06-30,Mexico,MEX,Latin America & Caribbean,upper_middle_income,-0.06,sale,wgc_fsapi:cbd_v11:quarterly_change
2020-09-30,Mexico,MEX,Latin America & Caribbean,upper_middle_income,-0.07,sale,wgc_fsapi:cbd_v11:quarterly_change
2020-12-31,Mexico,MEX,Latin America & Caribbean,upper_middle_income,0.12,purchase,wgc_fsapi:cbd_v11:quarterly_change
2021-03-31,Mexico,MEX,Latin America & Caribbean,upper_middle_income,-0.19,sale,wgc_fsapi:cbd_v11:quarterly_change
2021-06-30,Mexico,MEX,Latin America & Caribbean,upper_middle_income,0.19,purchase,wgc_fsapi:cbd_v11:quarterly_change
2021-09-30,Mexico,MEX,Latin America & Caribbean,upper_middle_income,-0.13,sale,wgc_fsapi:cbd_v11:quarterly_change
2021-12-31,Mexico,MEX,Latin America & Caribbean,upper_middle_income,0.1,purchase,wgc_fsapi:cbd_v11:quarterly_change
2022-03-31,Mexico,MEX,Latin America & Caribbean,upper_middle_income,-0.12,sale,wgc_fsapi:cbd_v11:quarterly_change
2022-06-30,Mexico,MEX,Latin America & Caribbean,upper_middle_income,0.01,purchase,wgc_fsapi:cbd_v11:quarterly_change
2022-09-30,Mexico,MEX,Latin America & Caribbean,upper_middle_income,0.12,purchase,wgc_fsapi:cbd_v11:quarterly_change
2022-12-31,Mexico,MEX,Latin America & Caribbean,upper_middle_income,-0.01,sale,wgc_fsapi:cbd_v11:quarterly_change
2023-03-31,Mexico,MEX,Latin America & Caribbean,upper_middle_income,0.22,purchase,wgc_fsapi:cbd_v11:quarterly_change
2023-06-30,Mexico,MEX,Latin America & Caribbean,upper_middle_income,-0.04,sale,wgc_fsapi:cbd_v11:quarterly_change
2023-09-30,Mexico,MEX,Latin America & Caribbean,upper_middle_income,-0.12,sale,wgc_fsapi:cbd_v11:quarterly_change
2023-12-31,Mexico,MEX,Latin America & Caribbean,upper_middle_income,0.04,purchase,wgc_fsapi:cbd_v11:quarterly_change
2024-03-31,Mexico,MEX,Latin America & Caribbean,upper_middle_income,0.25,purchase,wgc_fsapi:cbd_v11:quarterly_change
2024-06-30,Mexico,MEX,Latin America & Caribbean,upper_middle_income,-0.23,sale,wgc_fsapi:cbd_v11:quarterly_change
2024-09-30,Mexico,MEX,Latin America & Caribbean,upper_middle_income,0.22,purchase,wgc_fsapi:cbd_v11:quarterly_change
2024-12-31,Mexico,MEX,Latin America & Caribbean,upper_middle_income,-0.07,sale,wgc_fsapi:cbd_v11:quarterly_change
2025-03-31,Mexico,MEX,Latin America & Caribbean,upper_middle_income,-0.05,sale,wgc_fsapi:cbd_v11:quarterly_change
2025-06-30,Mexico,MEX,Latin America & Caribbean,upper_middle_income,-0.08,sale,wgc_fsapi:cbd_v11:quarterly_change
2025-09-30,Mexico,MEX,Latin America & Caribbean,upper_middle_income,-0.03,sale,wgc_fsapi:cbd_v11:quarterly_change
2025-12-31,Mexico,MEX,Latin America & Caribbean,upper_middle_income,-0.02,sale,wgc_fsapi:cbd_v11:quarterly_change
2001-06-30,North Macedonia,MKD,Central and Eastern Europe,upper_middle_income,2.5,purchase,wgc_fsapi:cbd_v11:quarterly_change
2001-09-30,North Macedonia,MKD,Central and Eastern Europe,upper_middle_income,0.01,purchase,wgc_fsapi:cbd_v11:quarterly_change
2001-12-31,North Macedonia,MKD,Central and Eastern Europe,upper_middle_income,0.04,purchase,wgc_fsapi:cbd_v11:quarterly_change
2002-03-31,North Macedonia,MKD,Central and Eastern Europe,upper_middle_income,0.01,purchase,wgc_fsapi:cbd_v11:quarterly_change
2002-06-30,North Macedonia,MKD,Central and Eastern Europe,upper_middle_income,0.06,purchase,wgc_fsapi:cbd_v11:quarterly_change
2002-09-30,North Macedonia,MKD,Central and Eastern Europe,upper_middle_income,0.05,purchase,wgc_fsapi:cbd_v11:quarterly_change
2003-09-30,North Macedonia,MKD,Central and Eastern Europe,upper_middle_income,-3.4,sale,wgc_fsapi:cbd_v11:quarterly_change
2004-03-31,North Macedonia,MKD,Central and Eastern Europe,upper_middle_income,0.02,purchase,wgc_fsapi:cbd_v11:quarterly_change
2004-09-30,North Macedonia,MKD,Central and Eastern Europe,upper_middle_income,3.36,purchase,wgc_fsapi:cbd_v11:quarterly_change
2005-12-31,North Macedonia,MKD,Central and Eastern Europe,upper_middle_income,0.65,purchase,wgc_fsapi:cbd_v11:quarterly_change
2011-12-31,North Macedonia,MKD,Central and Eastern Europe,upper_middle_income,0.04,purchase,wgc_fsapi:cbd_v11:quarterly_change
2012-03-31,North Macedonia,MKD,Central and Eastern Europe,upper_middle_income,-0.04,sale,wgc_fsapi:cbd_v11:quarterly_change
2014-12-31,North Macedonia,MKD,Central and Eastern Europe,upper_middle_income,0.01,purchase,wgc_fsapi:cbd_v11:quarterly_change
2015-09-30,North Macedonia,MKD,Central and Eastern Europe,upper_middle_income,0.01,purchase,wgc_fsapi:cbd_v11:quarterly_change
2016-12-31,North Macedonia,MKD,Central and Eastern Europe,upper_middle_income,0.07,purchase,wgc_fsapi:cbd_v11:quarterly_change
2017-12-31,North Macedonia,MKD,Central and Eastern Europe,upper_middle_income,0.01,purchase,wgc_fsapi:cbd_v11:quarterly_change
2019-06-30,North Macedonia,MKD,Central and Eastern Europe,upper_middle_income,0.01,purchase,wgc_fsapi:cbd_v11:quarterly_change
2020-09-30,North Macedonia,MKD,Central and Eastern Europe,upper_middle_income,-0.01,sale,wgc_fsapi:cbd_v11:quarterly_change
2001-12-31,Malta,MLT,Western Europe,high_income,0.04,purchase,wgc_fsapi:cbd_v11:quarterly_change
2002-03-31,Malta,MLT,Western Europe,high_income,-0.02,sale,wgc_fsapi:cbd_v11:quarterly_change
2002-06-30,Malta,MLT,Western Europe,high_income,-0.01,sale,wgc_fsapi:cbd_v11:quarterly_change
2002-09-30,Malta,MLT,Western Europe,high_income,-0.05,sale,wgc_fsapi:cbd_v11:quarterly_change
2002-12-31,Malta,MLT,Western Europe,high_income,0.03,purchase,wgc_fsapi:cbd_v11:quarterly_change
2003-03-31,Malta,MLT,Western Europe,high_income,0.06,purchase,wgc_fsapi:cbd_v11:quarterly_change
2003-06-30,Malta,MLT,Western Europe,high_income,-0.06,sale,wgc_fsapi:cbd_v11:quarterly_change
2004-03-31,Malta,MLT,Western Europe,high_income,0.01,purchase,wgc_fsapi:cbd_v11:quarterly_change
2006-03-31,Malta,MLT,Western Europe,high_income,0.1,purchase,wgc_fsapi:cbd_v11:quarterly_change
2006-06-30,Malta,MLT,Western Europe,high_income,-0.11,sale,wgc_fsapi:cbd_v11:quarterly_change
2006-09-30,Malta,MLT,Western Europe,high_income,0.08,purchase,wgc_fsapi:cbd_v11:quarterly_change
2006-12-31,Malta,MLT,Western Europe,high_income,-0.02,sale,wgc_fsapi:cbd_v11:quarterly_change
2007-03-31,Malta,MLT,Western Europe,high_income,0.02,purchase,wgc_fsapi:cbd_v11:quarterly_change
2007-12-31,Malta,MLT,Western Europe,high_income,0.31,purchase,wgc_fsapi:cbd_v11:quarterly_change
2008-03-31,Malta,MLT,Western Europe,high_income,-0.31,sale,wgc_fsapi:cbd_v11:quarterly_change
2008-12-31,Malta,MLT,Western Europe,high_income,-0.01,sale,wgc_fsapi:cbd_v11:quarterly_change
2009-03-31,Malta,MLT,Western Europe,high_income,0.3,purchase,wgc_fsapi:cbd_v11:quarterly_change
2009-12-31,Malta,MLT,Western Europe,high_income,-0.3,sale,wgc_fsapi:cbd_v11:quarterly_change
2010-06-30,Malta,MLT,Western Europe,high_income,-0.08,sale,wgc_fsapi:cbd_v11:quarterly_change
2010-09-30,Malta,MLT,Western Europe,high_income,0.1,purchase,wgc_fsapi:cbd_v11:quarterly_change
2010-12-31,Malta,MLT,Western Europe,high_income,-0.1,sale,wgc_fsapi:cbd_v11:quarterly_change
2011-03-31,Malta,MLT,Western Europe,high_income,0.1,purchase,wgc_fsapi:cbd_v11:quarterly_change
2011-12-31,Malta,MLT,Western Europe,high_income,0.11,purchase,wgc_fsapi:cbd_v11:quarterly_change
2014-03-31,Malta,MLT,Western Europe,high_income,0.09,purchase,wgc_fsapi:cbd_v11:quarterly_change
2014-06-30,Malta,MLT,Western Europe,high_income,-0.18,sale,wgc_fsapi:cbd_v11:quarterly_change
2014-12-31,Malta,MLT,Western Europe,high_income,-0.12,sale,wgc_fsapi:cbd_v11:quarterly_change
2015-03-31,Malta,MLT,Western Europe,high_income,-0.01,sale,wgc_fsapi:cbd_v11:quarterly_change
2016-03-31,Malta,MLT,Western Europe,high_income,0.01,purchase,wgc_fsapi:cbd_v11:quarterly_change
2016-06-30,Malta,MLT,Western Europe,high_income,-0.01,sale,wgc_fsapi:cbd_v11:quarterly_change
2019-03-31,Malta,MLT,Western Europe,high_income,0.1,purchase,wgc_fsapi:cbd_v11:quarterly_change
2019-06-30,Malta,MLT,Western Europe,high_income,0.06,purchase,wgc_fsapi:cbd_v11:quarterly_change
2019-09-30,Malta,MLT,Western Europe,high_income,0.31,purchase,wgc_fsapi:cbd_v11:quarterly_change
2020-03-31,Malta,MLT,Western Europe,high_income,0.06,purchase,wgc_fsapi:cbd_v11:quarterly_change
2020-06-30,Malta,MLT,Western Europe,high_income,-0.15,sale,wgc_fsapi:cbd_v11:quarterly_change
2020-09-30,Malta,MLT,Western Europe,high_income,-0.25,sale,wgc_fsapi:cbd_v11:quarterly_change
2020-12-31,Malta,MLT,Western Europe,high_income,-0.03,sale,wgc_fsapi:cbd_v11:quarterly_change
2021-03-31,Malta,MLT,Western Europe,high_income,-0.19,sale,wgc_fsapi:cbd_v11:quarterly_change
2021-06-30,Malta,MLT,Western Europe,high_income,0.16,purchase,wgc_fsapi:cbd_v11:quarterly_change
2021-09-30,Malta,MLT,Western Europe,high_income,-0.07,sale,wgc_fsapi:cbd_v11:quarterly_change
2022-03-31,Malta,MLT,Western Europe,high_income,-0.03,sale,wgc_fsapi:cbd_v11:quarterly_change
2022-09-30,Malta,MLT,Western Europe,high_income,-0.03,sale,wgc_fsapi:cbd_v11:quarterly_change
2022-12-31,Malta,MLT,Western Europe,high_income,0.03,purchase,wgc_fsapi:cbd_v11:quarterly_change
2023-03-31,Malta,MLT,Western Europe,high_income,-0.03,sale,wgc_fsapi:cbd_v11:quarterly_change
2023-06-30,Malta,MLT,Western Europe,high_income,0.22,purchase,wgc_fsapi:cbd_v11:quarterly_change
2023-09-30,Malta,MLT,Western Europe,high_income,0.01,purchase,wgc_fsapi:cbd_v11:quarterly_change
2023-12-31,Malta,MLT,Western Europe,high_income,0.02,purchase,wgc_fsapi:cbd_v11:quarterly_change
2024-03-31,Malta,MLT,Western Europe,high_income,-0.06,sale,wgc_fsapi:cbd_v11:quarterly_change
2024-09-30,Malta,MLT,Western Europe,high_income,-0.03,sale,wgc_fsapi:cbd_v11:quarterly_change
2025-03-31,Malta,MLT,Western Europe,high_income,0.06,purchase,wgc_fsapi:cbd_v11:quarterly_change
2025-06-30,Malta,MLT,Western Europe,high_income,0.06,purchase,wgc_fsapi:cbd_v11:quarterly_change
2025-09-30,Malta,MLT,Western Europe,high_income,0.03,purchase,wgc_fsapi:cbd_v11:quarterly_change
2001-03-31,Mongolia,MNG,East Asia,lower_middle_income,0.94,purchase,wgc_fsapi:cbd_v11:quarterly_change
2001-06-30,Mongolia,MNG,East Asia,lower_middle_income,1.88,purchase,wgc_fsapi:cbd_v11:quarterly_change
2001-09-30,Mongolia,MNG,East Asia,lower_middle_income,0.54,purchase,wgc_fsapi:cbd_v11:quarterly_change
2001-12-31,Mongolia,MNG,East Asia,lower_middle_income,-0.27,sale,wgc_fsapi:cbd_v11:quarterly_change
2002-03-31,Mongolia,MNG,East Asia,lower_middle_income,-4.02,sale,wgc_fsapi:cbd_v11:quarterly_change
2002-06-30,Mongolia,MNG,East Asia,lower_middle_income,-0.43,sale,wgc_fsapi:cbd_v11:quarterly_change
2002-09-30,Mongolia,MNG,East Asia,lower_middle_income,3.76,purchase,wgc_fsapi:cbd_v11:quarterly_change
2002-12-31,Mongolia,MNG,East Asia,lower_middle_income,-0.61,sale,wgc_fsapi:cbd_v11:quarterly_change
2003-03-31,Mongolia,MNG,East Asia,lower_middle_income,-1.57,sale,wgc_fsapi:cbd_v11:quarterly_change
2003-06-30,Mongolia,MNG,East Asia,lower_middle_income,0.86,purchase,wgc_fsapi:cbd_v11:quarterly_change
2003-09-30,Mongolia,MNG,East Asia,lower_middle_income,-0.91,sale,wgc_fsapi:cbd_v11:quarterly_change
2003-12-31,Mongolia,MNG,East Asia,lower_middle_income,-2.31,sale,wgc_fsapi:cbd_v11:quarterly_change
2004-03-31,Mongolia,MNG,East Asia,lower_middle_income,0.78,purchase,wgc_fsapi:cbd_v11:quarterly_change
2004-06-30,Mongolia,MNG,East Asia,lower_middle_income,1.89,purchase,wgc_fsapi:cbd_v11:quarterly_change
2004-09-30,Mongolia,MNG,East Asia,lower_middle_income,1.3,purchase,wgc_fsapi:cbd_v11:quarterly_change
2004-12-31,Mongolia,MNG,East Asia,lower_middle_income,-3.47,sale,wgc_fsapi:cbd_v11:quarterly_change
2005-03-31,Mongolia,MNG,East Asia,lower_middle_income,2.48,purchase,wgc_fsapi:cbd_v11:quarterly_change
2005-06-30,Mongolia,MNG,East Asia,lower_middle_income,0.88,purchase,wgc_fsapi:cbd_v11:quarterly_change
2005-09-30,Mongolia,MNG,East Asia,lower_middle_income,0.62,purchase,wgc_fsapi:cbd_v11:quarterly_change
2005-12-31,Mongolia,MNG,East Asia,lower_middle_income,-4.98,sale,wgc_fsapi:cbd_v11:quarterly_change
2006-03-31,Mongolia,MNG,East Asia,lower_middle_income,1.99,purchase,wgc_fsapi:cbd_v11:quarterly_change
2006-06-30,Mongolia,MNG,East Asia,lower_middle_income,7.94,purchase,wgc_fsapi:cbd_v11:quarterly_change
2006-09-30,Mongolia,MNG,East Asia,lower_middle_income,-2.85,sale,wgc_fsapi:cbd_v11:quarterly_change
2006-12-31,Mongolia,MNG,East Asia,lower_middle_income,-0.41,sale,wgc_fsapi:cbd_v11:quarterly_change
2007-03-31,Mongolia,MNG,East Asia,lower_middle_income,-2.66,sale,wgc_fsapi:cbd_v11:quarterly_change
2007-06-30,Mongolia,MNG,East Asia,lower_middle_income,0.89,purchase,wgc_fsapi:cbd_v11:quarterly_change
2007-09-30,Mongolia,MNG,East Asia,lower_middle_income,0.88,purchase,wgc_fsapi:cbd_v11:quarterly_change
2007-12-31,Mongolia,MNG,East Asia,lower_middle_income,1.68,purchase,wgc_fsapi:cbd_v11:quarterly_change
2008-03-31,Mongolia,MNG,East Asia,lower_middle_income,-2.26,sale,wgc_fsapi:cbd_v11:quarterly_change
2008-06-30,Mongolia,MNG,East Asia,lower_middle_income,-1.22,sale,wgc_fsapi:cbd_v11:quarterly_change
2008-09-30,Mongolia,MNG,East Asia,lower_middle_income,0.5,purchase,wgc_fsapi:cbd_v11:quarterly_change
2008-12-31,Mongolia,MNG,East Asia,lower_middle_income,-1.08,sale,wgc_fsapi:cbd_v11:quarterly_change
2009-03-31,Mongolia,MNG,East Asia,lower_middle_income,-3.4,sale,wgc_fsapi:cbd_v11:quarterly_change
2009-06-30,Mongolia,MNG,East Asia,lower_middle_income,0.48,purchase,wgc_fsapi:cbd_v11:quarterly_change
2009-09-30,Mongolia,MNG,East Asia,lower_middle_income,0.05,purchase,wgc_fsapi:cbd_v11:quarterly_change
2009-12-31,Mongolia,MNG,East Asia,lower_middle_income,0.4,purchase,wgc_fsapi:cbd_v11:quarterly_change
2010-12-31,Mongolia,MNG,East Asia,lower_middle_income,1.09,purchase,wgc_fsapi:cbd_v11:quarterly_change
2011-09-30,Mongolia,MNG,East Asia,lower_middle_income,0.27,purchase,wgc_fsapi:cbd_v11:quarterly_change
2011-12-31,Mongolia,MNG,East Asia,lower_middle_income,1.22,purchase,wgc_fsapi:cbd_v11:quarterly_change
2012-03-31,Mongolia,MNG,East Asia,lower_middle_income,0.02,purchase,wgc_fsapi:cbd_v11:quarterly_change
2012-09-30,Mongolia,MNG,East Asia,lower_middle_income,0.11,purchase,wgc_fsapi:cbd_v11:quarterly_change
2012-12-31,Mongolia,MNG,East Asia,lower_middle_income,0.02,purchase,wgc_fsapi:cbd_v11:quarterly_change
2013-03-31,Mongolia,MNG,East Asia,lower_middle_income,2.15,purchase,wgc_fsapi:cbd_v11:quarterly_change
2013-06-30,Mongolia,MNG,East Asia,lower_middle_income,-1.67,sale,wgc_fsapi:cbd_v11:quarterly_change
2013-09-30,Mongolia,MNG,East Asia,lower_middle_income,-1.46,sale,wgc_fsapi:cbd_v11:quarterly_change
2013-12-31,Mongolia,MNG,East Asia,lower_middle_income,1.25,purchase,wgc_fsapi:cbd_v11:quarterly_change
2014-03-31,Mongolia,MNG,East Asia,lower_middle_income,-1.45,sale,wgc_fsapi:cbd_v11:quarterly_change
2014-06-30,Mongolia,MNG,East Asia,lower_middle_income,0.03,purchase,wgc_fsapi:cbd_v11:quarterly_change
2014-09-30,Mongolia,MNG,East Asia,lower_middle_income,1.77,purchase,wgc_fsapi:cbd_v11:quarterly_change
2014-12-31,Mongolia,MNG,East Asia,lower_middle_income,-1.41,sale,wgc_fsapi:cbd_v11:quarterly_change
2015-03-31,Mongolia,MNG,East Asia,lower_middle_income,-1.03,sale,wgc_fsapi:cbd_v11:quarterly_change
2015-06-30,Mongolia,MNG,East Asia,lower_middle_income,0.36,purchase,wgc_fsapi:cbd_v11:quarterly_change
2015-09-30,Mongolia,MNG,East Asia,lower_middle_income,-0.46,sale,wgc_fsapi:cbd_v11:quarterly_change
2015-12-31,Mongolia,MNG,East Asia,lower_middle_income,0.49,purchase,wgc_fsapi:cbd_v11:quarterly_change
2016-03-31,Mongolia,MNG,East Asia,lower_middle_income,-1.3,sale,wgc_fsapi:cbd_v11:quarterly_change
2016-06-30,Mongolia,MNG,East Asia,lower_middle_income,0.83,purchase,wgc_fsapi:cbd_v11:quarterly_change
2016-09-30,Mongolia,MNG,East Asia,lower_middle_income,-0.46,sale,wgc_fsapi:cbd_v11:quarterly_change
2016-12-31,Mongolia,MNG,East Asia,lower_middle_income,0.44,purchase,wgc_fsapi:cbd_v11:quarterly_change
2017-03-31,Mongolia,MNG,East Asia,lower_middle_income,-0.87,sale,wgc_fsapi:cbd_v11:quarterly_change
2017-06-30,Mongolia,MNG,East Asia,lower_middle_income,1.89,purchase,wgc_fsapi:cbd_v11:quarterly_change
2017-09-30,Mongolia,MNG,East Asia,lower_middle_income,0.55,purchase,wgc_fsapi:cbd_v11:quarterly_change
2017-12-31,Mongolia,MNG,East Asia,lower_middle_income,0.95,purchase,wgc_fsapi:cbd_v11:quarterly_change
2018-03-31,Mongolia,MNG,East Asia,lower_middle_income,-0.95,sale,wgc_fsapi:cbd_v11:quarterly_change
2018-06-30,Mongolia,MNG,East Asia,lower_middle_income,3.43,purchase,wgc_fsapi:cbd_v11:quarterly_change
2018-09-30,Mongolia,MNG,East Asia,lower_middle_income,6.21,purchase,wgc_fsapi:cbd_v11:quarterly_change
2018-12-31,Mongolia,MNG,East Asia,lower_middle_income,5.73,purchase,wgc_fsapi:cbd_v11:quarterly_change
2019-03-31,Mongolia,MNG,East Asia,lower_middle_income,-2.84,sale,wgc_fsapi:cbd_v11:quarterly_change
2019-06-30,Mongolia,MNG,East Asia,lower_middle_income,3.15,purchase,wgc_fsapi:cbd_v11:quarterly_change
2019-09-30,Mongolia,MNG,East Asia,lower_middle_income,0.73,purchase,wgc_fsapi:cbd_v11:quarterly_change
2019-12-31,Mongolia,MNG,East Asia,lower_middle_income,3.24,purchase,wgc_fsapi:cbd_v11:quarterly_change
2020-03-31,Mongolia,MNG,East Asia,lower_middle_income,0.43,purchase,wgc_fsapi:cbd_v11:quarterly_change
2020-06-30,Mongolia,MNG,East Asia,lower_middle_income,-5.66,sale,wgc_fsapi:cbd_v11:quarterly_change
2020-09-30,Mongolia,MNG,East Asia,lower_middle_income,-2.36,sale,wgc_fsapi:cbd_v11:quarterly_change
2020-12-31,Mongolia,MNG,East Asia,lower_middle_income,-7.21,sale,wgc_fsapi:cbd_v11:quarterly_change
2021-03-31,Mongolia,MNG,East Asia,lower_middle_income,2.41,purchase,wgc_fsapi:cbd_v11:quarterly_change
2021-06-30,Mongolia,MNG,East Asia,lower_middle_income,2.59,purchase,wgc_fsapi:cbd_v11:quarterly_change
2021-09-30,Mongolia,MNG,East Asia,lower_middle_income,-0.13,sale,wgc_fsapi:cbd_v11:quarterly_change
2021-12-31,Mongolia,MNG,East Asia,lower_middle_income,-3.36,sale,wgc_fsapi:cbd_v11:quarterly_change
2022-03-31,Mongolia,MNG,East Asia,lower_middle_income,-2.03,sale,wgc_fsapi:cbd_v11:quarterly_change
2022-06-30,Mongolia,MNG,East Asia,lower_middle_income,-0.8,sale,wgc_fsapi:cbd_v11:quarterly_change
2022-09-30,Mongolia,MNG,East Asia,lower_middle_income,1.34,purchase,wgc_fsapi:cbd_v11:quarterly_change
2022-12-31,Mongolia,MNG,East Asia,lower_middle_income,-1.66,sale,wgc_fsapi:cbd_v11:quarterly_change
2023-03-31,Mongolia,MNG,East Asia,lower_middle_income,-1.34,sale,wgc_fsapi:cbd_v11:quarterly_change
2023-06-30,Mongolia,MNG,East Asia,lower_middle_income,0.84,purchase,wgc_fsapi:cbd_v11:quarterly_change
2023-09-30,Mongolia,MNG,East Asia,lower_middle_income,0.59,purchase,wgc_fsapi:cbd_v11:quarterly_change
2023-12-31,Mongolia,MNG,East Asia,lower_middle_income,1.38,purchase,wgc_fsapi:cbd_v11:quarterly_change
2024-03-31,Mongolia,MNG,East Asia,lower_middle_income,-0.58,sale,wgc_fsapi:cbd_v11:quarterly_change
2024-06-30,Mongolia,MNG,East Asia,lower_middle_income,0.55,purchase,wgc_fsapi:cbd_v11:quarterly_change
2024-09-30,Mongolia,MNG,East Asia,lower_middle_income,-1.16,sale,wgc_fsapi:cbd_v11:quarterly_change
2024-12-31,Mongolia,MNG,East Asia,lower_middle_income,0.55,purchase,wgc_fsapi:cbd_v11:quarterly_change
2025-03-31,Mongolia,MNG,East Asia,lower_middle_income,-0.22,sale,wgc_fsapi:cbd_v11:quarterly_change
2025-06-30,Mongolia,MNG,East Asia,lower_middle_income,0.12,purchase,wgc_fsapi:cbd_v11:quarterly_change
2025-09-30,Mongolia,MNG,East Asia,lower_middle_income,0.39,purchase,wgc_fsapi:cbd_v11:quarterly_change
2025-12-31,Mongolia,MNG,East Asia,lower_middle_income,0.16,purchase,wgc_fsapi:cbd_v11:quarterly_change
2001-09-30,Mozambique,MOZ,Sub-Saharan Africa,low_income,-1.4,sale,wgc_fsapi:cbd_v11:quarterly_change
2001-12-31,Mozambique,MOZ,Sub-Saharan Africa,low_income,0.78,purchase,wgc_fsapi:cbd_v11:quarterly_change
2002-03-31,Mozambique,MOZ,Sub-Saharan Africa,low_income,-0.16,sale,wgc_fsapi:cbd_v11:quarterly_change
2002-06-30,Mozambique,MOZ,Sub-Saharan Africa,low_income,1.87,purchase,wgc_fsapi:cbd_v11:quarterly_change
2002-12-31,Mozambique,MOZ,Sub-Saharan Africa,low_income,-1.25,sale,wgc_fsapi:cbd_v11:quarterly_change
2003-03-31,Mozambique,MOZ,Sub-Saharan Africa,low_income,0.63,purchase,wgc_fsapi:cbd_v11:quarterly_change
2003-06-30,Mozambique,MOZ,Sub-Saharan Africa,low_income,-0.63,sale,wgc_fsapi:cbd_v11:quarterly_change
2003-09-30,Mozambique,MOZ,Sub-Saharan Africa,low_income,-0.62,sale,wgc_fsapi:cbd_v11:quarterly_change
2003-12-31,Mozambique,MOZ,Sub-Saharan Africa,low_income,-0.62,sale,wgc_fsapi:cbd_v11:quarterly_change
2004-03-31,Mozambique,MOZ,Sub-Saharan Africa,low_income,-0.62,sale,wgc_fsapi:cbd_v11:quarterly_change
2004-06-30,Mozambique,MOZ,Sub-Saharan Africa,low_income,4.06,purchase,wgc_fsapi:cbd_v11:quarterly_change
2004-09-30,Mozambique,MOZ,Sub-Saharan Africa,low_income,-1.57,sale,wgc_fsapi:cbd_v11:quarterly_change
2004-12-31,Mozambique,MOZ,Sub-Saharan Africa,low_income,-0.63,sale,wgc_fsapi:cbd_v11:quarterly_change
2005-03-31,Mozambique,MOZ,Sub-Saharan Africa,low_income,0.02,purchase,wgc_fsapi:cbd_v11:quarterly_change
2005-06-30,Mozambique,MOZ,Sub-Saharan Africa,low_income,-0.62,sale,wgc_fsapi:cbd_v11:quarterly_change
2005-09-30,Mozambique,MOZ,Sub-Saharan Africa,low_income,1.86,purchase,wgc_fsapi:cbd_v11:quarterly_change
2005-12-31,Mozambique,MOZ,Sub-Saharan Africa,low_income,-0.31,sale,wgc_fsapi:cbd_v11:quarterly_change
2006-03-31,Mozambique,MOZ,Sub-Saharan Africa,low_income,-0.62,sale,wgc_fsapi:cbd_v11:quarterly_change
2006-06-30,Mozambique,MOZ,Sub-Saharan Africa,low_income,-0.62,sale,wgc_fsapi:cbd_v11:quarterly_change
2006-09-30,Mozambique,MOZ,Sub-Saharan Africa,low_income,1.24,purchase,wgc_fsapi:cbd_v11:quarterly_change
2007-06-30,Mozambique,MOZ,Sub-Saharan Africa,low_income,0.31,purchase,wgc_fsapi:cbd_v11:quarterly_change
2007-12-31,Mozambique,MOZ,Sub-Saharan Africa,low_income,-0.31,sale,wgc_fsapi:cbd_v11:quarterly_change
2009-06-30,Mozambique,MOZ,Sub-Saharan Africa,low_income,-0.31,sale,wgc_fsapi:cbd_v11:quarterly_change
2009-12-31,Mozambique,MOZ,Sub-Saharan Africa,low_income,-0.31,sale,wgc_fsapi:cbd_v11:quarterly_change
2011-12-31,Mozambique,MOZ,Sub-Saharan Africa,low_income,0.15,purchase,wgc_fsapi:cbd_v11:quarterly_change
2012-03-31,Mozambique,MOZ,Sub-Saharan Africa,low_income,0.78,purchase,wgc_fsapi:cbd_v11:quarterly_change
2012-12-31,Mozambique,MOZ,Sub-Saharan Africa,low_income,0.31,purchase,wgc_fsapi:cbd_v11:quarterly_change
2013-03-31,Mozambique,MOZ,Sub-Saharan Africa,low_income,0.16,purchase,wgc_fsapi:cbd_v11:quarterly_change
2013-06-30,Mozambique,MOZ,Sub-Saharan Africa,low_income,0.46,purchase,wgc_fsapi:cbd_v11:quarterly_change
2013-09-30,Mozambique,MOZ,Sub-Saharan Africa,low_income,0.16,purchase,wgc_fsapi:cbd_v11:quarterly_change
2013-12-31,Mozambique,MOZ,Sub-Saharan Africa,low_income,1.09,purchase,wgc_fsapi:cbd_v11:quarterly_change
2014-03-31,Mozambique,MOZ,Sub-Saharan Africa,low_income,-0.78,sale,wgc_fsapi:cbd_v11:quarterly_change
2014-06-30,Mozambique,MOZ,Sub-Saharan Africa,low_income,-0.31,sale,wgc_fsapi:cbd_v11:quarterly_change
2014-09-30,Mozambique,MOZ,Sub-Saharan Africa,low_income,2.02,purchase,wgc_fsapi:cbd_v11:quarterly_change
2014-12-31,Mozambique,MOZ,Sub-Saharan Africa,low_income,-0.93,sale,wgc_fsapi:cbd_v11:quarterly_change
2015-03-31,Mozambique,MOZ,Sub-Saharan Africa,low_income,0.47,purchase,wgc_fsapi:cbd_v11:quarterly_change
2015-09-30,Mozambique,MOZ,Sub-Saharan Africa,low_income,-0.63,sale,wgc_fsapi:cbd_v11:quarterly_change
2015-12-31,Mozambique,MOZ,Sub-Saharan Africa,low_income,-0.31,sale,wgc_fsapi:cbd_v11:quarterly_change
2016-06-30,Mozambique,MOZ,Sub-Saharan Africa,low_income,-0.31,sale,wgc_fsapi:cbd_v11:quarterly_change
2016-09-30,Mozambique,MOZ,Sub-Saharan Africa,low_income,0.32,purchase,wgc_fsapi:cbd_v11:quarterly_change
2016-12-31,Mozambique,MOZ,Sub-Saharan Africa,low_income,-0.63,sale,wgc_fsapi:cbd_v11:quarterly_change
2018-03-31,Mozambique,MOZ,Sub-Saharan Africa,low_income,0.01,purchase,wgc_fsapi:cbd_v11:quarterly_change
2019-09-30,Mozambique,MOZ,Sub-Saharan Africa,low_income,-0.44,sale,wgc_fsapi:cbd_v11:quarterly_change
2020-09-30,Mozambique,MOZ,Sub-Saharan Africa,low_income,0.01,purchase,wgc_fsapi:cbd_v11:quarterly_change
2019-06-30,Mauritania,MRT,Middle East & North Africa,lower_middle_income,0.66,purchase,wgc_fsapi:cbd_v11:quarterly_change
2008-12-31,Mauritius,MUS,Sub-Saharan Africa,high_income,-0.01,sale,wgc_fsapi:cbd_v11:quarterly_change
2009-12-31,Mauritius,MUS,Sub-Saharan Africa,high_income,2.0,purchase,wgc_fsapi:cbd_v11:quarterly_change
2012-12-31,Mauritius,MUS,Sub-Saharan Africa,high_income,0.13,purchase,wgc_fsapi:cbd_v11:quarterly_change
2013-03-31,Mauritius,MUS,Sub-Saharan Africa,high_income,-0.13,sale,wgc_fsapi:cbd_v11:quarterly_change
2013-09-30,Mauritius,MUS,Sub-Saharan Africa,high_income,-0.02,sale,wgc_fsapi:cbd_v11:quarterly_change
2014-03-31,Mauritius,MUS,Sub-Saharan Africa,high_income,0.02,purchase,wgc_fsapi:cbd_v11:quarterly_change
2014-09-30,Mauritius,MUS,Sub-Saharan Africa,high_income,1.99,purchase,wgc_fsapi:cbd_v11:quarterly_change
2014-12-31,Mauritius,MUS,Sub-Saharan Africa,high_income,2.0,purchase,wgc_fsapi:cbd_v11:quarterly_change
2015-03-31,Mauritius,MUS,Sub-Saharan Africa,high_income,0.99,purchase,wgc_fsapi:cbd_v11:quarterly_change
2015-06-30,Mauritius,MUS,Sub-Saharan Africa,high_income,-0.01,sale,wgc_fsapi:cbd_v11:quarterly_change
2016-03-31,Mauritius,MUS,Sub-Saharan Africa,high_income,1.0,purchase,wgc_fsapi:cbd_v11:quarterly_change
2016-06-30,Mauritius,MUS,Sub-Saharan Africa,high_income,1.55,purchase,wgc_fsapi:cbd_v11:quarterly_change
2016-12-31,Mauritius,MUS,Sub-Saharan Africa,high_income,1.0,purchase,wgc_fsapi:cbd_v11:quarterly_change
2017-12-31,Mauritius,MUS,Sub-Saharan Africa,high_income,0.01,purchase,wgc_fsapi:cbd_v11:quarterly_change
2019-09-30,Mauritius,MUS,Sub-Saharan Africa,high_income,-0.01,sale,wgc_fsapi:cbd_v11:quarterly_change
2019-12-31,Mauritius,MUS,Sub-Saharan Africa,high_income,0.01,purchase,wgc_fsapi:cbd_v11:quarterly_change
2022-09-30,Mauritius,MUS,Sub-Saharan Africa,high_income,-0.01,sale,wgc_fsapi:cbd_v11:quarterly_change
2023-06-30,Mauritius,MUS,Sub-Saharan Africa,high_income,-0.01,sale,wgc_fsapi:cbd_v11:quarterly_change
2014-03-31,Malaysia,MYS,South East Asia,upper_middle_income,-0.93,sale,wgc_fsapi:cbd_v11:quarterly_change
2014-12-31,Malaysia,MYS,South East Asia,upper_middle_income,0.31,purchase,wgc_fsapi:cbd_v11:quarterly_change
2015-03-31,Malaysia,MYS,South East Asia,upper_middle_income,1.24,purchase,wgc_fsapi:cbd_v11:quarterly_change
2015-06-30,Malaysia,MYS,South East Asia,upper_middle_income,0.31,purchase,wgc_fsapi:cbd_v11:quarterly_change
2015-09-30,Malaysia,MYS,South East Asia,upper_middle_income,0.63,purchase,wgc_fsapi:cbd_v11:quarterly_change
2015-12-31,Malaysia,MYS,South East Asia,upper_middle_income,0.31,purchase,wgc_fsapi:cbd_v11:quarterly_change
2016-03-31,Malaysia,MYS,South East Asia,upper_middle_income,-1.87,sale,wgc_fsapi:cbd_v11:quarterly_change
2016-12-31,Malaysia,MYS,South East Asia,upper_middle_income,1.87,purchase,wgc_fsapi:cbd_v11:quarterly_change
2017-03-31,Malaysia,MYS,South East Asia,upper_middle_income,0.31,purchase,wgc_fsapi:cbd_v11:quarterly_change
2017-06-30,Malaysia,MYS,South East Asia,upper_middle_income,-0.31,sale,wgc_fsapi:cbd_v11:quarterly_change
2017-09-30,Malaysia,MYS,South East Asia,upper_middle_income,-0.63,sale,wgc_fsapi:cbd_v11:quarterly_change
2018-12-31,Malaysia,MYS,South East Asia,upper_middle_income,1.25,purchase,wgc_fsapi:cbd_v11:quarterly_change
2021-06-30,Nigeria,NGA,Sub-Saharan Africa,lower_middle_income,0.01,purchase,wgc_fsapi:cbd_v11:quarterly_change
2025-06-30,Nigeria,NGA,Sub-Saharan Africa,lower_middle_income,0.06,purchase,wgc_fsapi:cbd_v11:quarterly_change
2004-06-30,Nicaragua,NIC,Latin America & Caribbean,lower_middle_income,0.01,purchase,wgc_fsapi:cbd_v11:quarterly_change
2004-09-30,Nicaragua,NIC,Latin America & Caribbean,lower_middle_income,-0.47,sale,wgc_fsapi:cbd_v11:quarterly_change
2001-06-30,Netherlands,NLD,Western Europe,high_income,-1.99,sale,wgc_fsapi:cbd_v11:quarterly_change
2001-09-30,Netherlands,NLD,Western Europe,high_income,-24.88,sale,wgc_fsapi:cbd_v11:quarterly_change
2001-12-31,Netherlands,NLD,Western Europe,high_income,-0.41,sale,wgc_fsapi:cbd_v11:quarterly_change
2002-06-30,Netherlands,NLD,Western Europe,high_income,-8.95,sale,wgc_fsapi:cbd_v11:quarterly_change
2002-12-31,Netherlands,NLD,Western Europe,high_income,-23.89,sale,wgc_fsapi:cbd_v11:quarterly_change
2003-03-31,Netherlands,NLD,Western Europe,high_income,-9.11,sale,wgc_fsapi:cbd_v11:quarterly_change
2003-06-30,Netherlands,NLD,Western Europe,high_income,-0.04,sale,wgc_fsapi:cbd_v11:quarterly_change
2003-09-30,Netherlands,NLD,Western Europe,high_income,-5.81,sale,wgc_fsapi:cbd_v11:quarterly_change
2003-12-31,Netherlands,NLD,Western Europe,high_income,-59.25,sale,wgc_fsapi:cbd_v11:quarterly_change
2005-03-31,Netherlands,NLD,Western Europe,high_income,-55.03,sale,wgc_fsapi:cbd_v11:quarterly_change
2005-12-31,Netherlands,NLD,Western Europe,high_income,-27.49,sale,wgc_fsapi:cbd_v11:quarterly_change
2006-03-31,Netherlands,NLD,Western Europe,high_income,-38.23,sale,wgc_fsapi:cbd_v11:quarterly_change
2006-06-30,Netherlands,NLD,Western Europe,high_income,-1.77,sale,wgc_fsapi:cbd_v11:quarterly_change
2006-12-31,Netherlands,NLD,Western Europe,high_income,-14.0,sale,wgc_fsapi:cbd_v11:quarterly_change
2007-12-31,Netherlands,NLD,Western Europe,high_income,-19.5,sale,wgc_fsapi:cbd_v11:quarterly_change
2008-12-31,Netherlands,NLD,Western Europe,high_income,-8.99,sale,wgc_fsapi:cbd_v11:quarterly_change
2002-03-31,Norway,NOR,Western Europe,high_income,-0.04,sale,wgc_fsapi:cbd_v11:quarterly_change
2003-03-31,Norway,NOR,Western Europe,high_income,-0.03,sale,wgc_fsapi:cbd_v11:quarterly_change
2003-12-31,Norway,NOR,Western Europe,high_income,-0.03,sale,wgc_fsapi:cbd_v11:quarterly_change
2004-03-31,Norway,NOR,Western Europe,high_income,-36.7,sale,wgc_fsapi:cbd_v11:quarterly_change
2005-03-31,Nepal,NPL,South Asia,lower_middle_income,-0.74,sale,wgc_fsapi:cbd_v11:quarterly_change
2006-09-30,Nepal,NPL,South Asia,lower_middle_income,-4.01,sale,wgc_fsapi:cbd_v11:quarterly_change
2009-09-30,Nepal,NPL,South Asia,lower_middle_income,1.46,purchase,wgc_fsapi:cbd_v11:quarterly_change
2012-03-31,Nepal,NPL,South Asia,lower_middle_income,0.31,purchase,wgc_fsapi:cbd_v11:quarterly_change
2012-09-30,Nepal,NPL,South Asia,lower_middle_income,0.31,purchase,wgc_fsapi:cbd_v11:quarterly_change
2013-03-31,Nepal,NPL,South Asia,lower_middle_income,0.62,purchase,wgc_fsapi:cbd_v11:quarterly_change
2013-06-30,Nepal,NPL,South Asia,lower_middle_income,0.93,purchase,wgc_fsapi:cbd_v11:quarterly_change
2014-06-30,Nepal,NPL,South Asia,lower_middle_income,0.31,purchase,wgc_fsapi:cbd_v11:quarterly_change
2014-09-30,Nepal,NPL,South Asia,lower_middle_income,0.63,purchase,wgc_fsapi:cbd_v11:quarterly_change
2014-12-31,Nepal,NPL,South Asia,lower_middle_income,0.31,purchase,wgc_fsapi:cbd_v11:quarterly_change
2015-06-30,Nepal,NPL,South Asia,lower_middle_income,0.31,purchase,wgc_fsapi:cbd_v11:quarterly_change
2015-09-30,Nepal,NPL,South Asia,lower_middle_income,0.62,purchase,wgc_fsapi:cbd_v11:quarterly_change
2015-12-31,Nepal,NPL,South Asia,lower_middle_income,0.31,purchase,wgc_fsapi:cbd_v11:quarterly_change
2016-12-31,Nepal,NPL,South Asia,lower_middle_income,0.31,purchase,wgc_fsapi:cbd_v11:quarterly_change
2021-12-31,Nepal,NPL,South Asia,lower_middle_income,1.56,purchase,wgc_fsapi:cbd_v11:quarterly_change
2002-06-30,Oman,OMN,Middle East & North Africa,high_income,-9.02,sale,wgc_fsapi:cbd_v11:quarterly_change
2022-09-30,Oman,OMN,Middle East & North Africa,high_income,1.86,purchase,wgc_fsapi:cbd_v11:quarterly_change
2023-03-31,Oman,OMN,Middle East & North Africa,high_income,0.32,purchase,wgc_fsapi:cbd_v11:quarterly_change
2023-06-30,Oman,OMN,Middle East & North Africa,high_income,0.16,purchase,wgc_fsapi:cbd_v11:quarterly_change
2024-03-31,Oman,OMN,Middle East & North Africa,high_income,4.37,purchase,wgc_fsapi:cbd_v11:quarterly_change
2002-06-30,Pakistan,PAK,South Asia,lower_middle_income,0.08,purchase,wgc_fsapi:cbd_v11:quarterly_change
2003-09-30,Pakistan,PAK,South Asia,lower_middle_income,0.08,purchase,wgc_fsapi:cbd_v11:quarterly_change
2003-12-31,Pakistan,PAK,South Asia,lower_middle_income,0.01,purchase,wgc_fsapi:cbd_v11:quarterly_change
2004-06-30,Pakistan,PAK,South Asia,lower_middle_income,0.07,purchase,wgc_fsapi:cbd_v11:quarterly_change
2006-09-30,Pakistan,PAK,South Asia,lower_middle_income,0.04,purchase,wgc_fsapi:cbd_v11:quarterly_change
2007-06-30,Pakistan,PAK,South Asia,lower_middle_income,0.01,purchase,wgc_fsapi:cbd_v11:quarterly_change
2007-12-31,Pakistan,PAK,South Asia,lower_middle_income,0.11,purchase,wgc_fsapi:cbd_v11:quarterly_change
2010-03-31,Pakistan,PAK,South Asia,lower_middle_income,-1.04,sale,wgc_fsapi:cbd_v11:quarterly_change
2011-09-30,Pakistan,PAK,South Asia,lower_middle_income,0.01,purchase,wgc_fsapi:cbd_v11:quarterly_change
2012-06-30,Pakistan,PAK,South Asia,lower_middle_income,0.03,purchase,wgc_fsapi:cbd_v11:quarterly_change
2014-09-30,Pakistan,PAK,South Asia,lower_middle_income,0.04,purchase,wgc_fsapi:cbd_v11:quarterly_change
2015-06-30,Pakistan,PAK,South Asia,lower_middle_income,0.03,purchase,wgc_fsapi:cbd_v11:quarterly_change
2016-09-30,Pakistan,PAK,South Asia,lower_middle_income,0.01,purchase,wgc_fsapi:cbd_v11:quarterly_change
2016-12-31,Pakistan,PAK,South Asia,lower_middle_income,0.01,purchase,wgc_fsapi:cbd_v11:quarterly_change
2017-06-30,Pakistan,PAK,South Asia,lower_middle_income,0.04,purchase,wgc_fsapi:cbd_v11:quarterly_change
2018-03-31,Pakistan,PAK,South Asia,lower_middle_income,0.01,purchase,wgc_fsapi:cbd_v11:quarterly_change
2018-06-30,Pakistan,PAK,South Asia,lower_middle_income,0.04,purchase,wgc_fsapi:cbd_v11:quarterly_change
2019-09-30,Pakistan,PAK,South Asia,lower_middle_income,0.02,purchase,wgc_fsapi:cbd_v11:quarterly_change
2020-06-30,Pakistan,PAK,South Asia,lower_middle_income,0.01,purchase,wgc_fsapi:cbd_v11:quarterly_change
2021-06-30,Pakistan,PAK,South Asia,lower_middle_income,0.01,purchase,wgc_fsapi:cbd_v11:quarterly_change
2023-06-30,Pakistan,PAK,South Asia,lower_middle_income,0.01,purchase,wgc_fsapi:cbd_v11:quarterly_change
2024-03-31,Pakistan,PAK,South Asia,lower_middle_income,0.02,purchase,wgc_fsapi:cbd_v11:quarterly_change
2024-06-30,Pakistan,PAK,South Asia,lower_middle_income,0.01,purchase,wgc_fsapi:cbd_v11:quarterly_change
2024-09-30,Pakistan,PAK,South Asia,lower_middle_income,0.03,purchase,wgc_fsapi:cbd_v11:quarterly_change
2024-12-31,Pakistan,PAK,South Asia,lower_middle_income,0.02,purchase,wgc_fsapi:cbd_v11:quarterly_change
2025-03-31,Pakistan,PAK,South Asia,lower_middle_income,0.01,purchase,wgc_fsapi:cbd_v11:quarterly_change
2025-09-30,Pakistan,PAK,South Asia,lower_middle_income,0.01,purchase,wgc_fsapi:cbd_v11:quarterly_change
2025-12-31,Pakistan,PAK,South Asia,lower_middle_income,0.01,purchase,wgc_fsapi:cbd_v11:quarterly_change
2001-12-31,Peru,PER,Latin America & Caribbean,upper_middle_income,0.47,purchase,wgc_fsapi:cbd_v11:quarterly_change
2020-03-31,Peru,PER,Latin America & Caribbean,upper_middle_income,-0.01,sale,wgc_fsapi:cbd_v11:quarterly_change
2001-03-31,Philippines,PHL,South East Asia,lower_middle_income,3.61,purchase,wgc_fsapi:cbd_v11:quarterly_change
2001-06-30,Philippines,PHL,South East Asia,lower_middle_income,0.98,purchase,wgc_fsapi:cbd_v11:quarterly_change
2001-09-30,Philippines,PHL,South East Asia,lower_middle_income,11.35,purchase,wgc_fsapi:cbd_v11:quarterly_change
2001-12-31,Philippines,PHL,South East Asia,lower_middle_income,7.45,purchase,wgc_fsapi:cbd_v11:quarterly_change
2002-03-31,Philippines,PHL,South East Asia,lower_middle_income,1.02,purchase,wgc_fsapi:cbd_v11:quarterly_change
2002-06-30,Philippines,PHL,South East Asia,lower_middle_income,6.39,purchase,wgc_fsapi:cbd_v11:quarterly_change
2002-09-30,Philippines,PHL,South East Asia,lower_middle_income,7.79,purchase,wgc_fsapi:cbd_v11:quarterly_change
2002-12-31,Philippines,PHL,South East Asia,lower_middle_income,8.07,purchase,wgc_fsapi:cbd_v11:quarterly_change
2003-03-31,Philippines,PHL,South East Asia,lower_middle_income,2.93,purchase,wgc_fsapi:cbd_v11:quarterly_change
2003-06-30,Philippines,PHL,South East Asia,lower_middle_income,-2.49,sale,wgc_fsapi:cbd_v11:quarterly_change
2003-09-30,Philippines,PHL,South East Asia,lower_middle_income,-9.48,sale,wgc_fsapi:cbd_v11:quarterly_change
2003-12-31,Philippines,PHL,South East Asia,lower_middle_income,-6.86,sale,wgc_fsapi:cbd_v11:quarterly_change
2004-03-31,Philippines,PHL,South East Asia,lower_middle_income,-13.78,sale,wgc_fsapi:cbd_v11:quarterly_change
2004-06-30,Philippines,PHL,South East Asia,lower_middle_income,8.28,purchase,wgc_fsapi:cbd_v11:quarterly_change
2004-09-30,Philippines,PHL,South East Asia,lower_middle_income,3.04,purchase,wgc_fsapi:cbd_v11:quarterly_change
2004-12-31,Philippines,PHL,South East Asia,lower_middle_income,-31.71,sale,wgc_fsapi:cbd_v11:quarterly_change
2005-03-31,Philippines,PHL,South East Asia,lower_middle_income,-25.09,sale,wgc_fsapi:cbd_v11:quarterly_change
2005-06-30,Philippines,PHL,South East Asia,lower_middle_income,-11.5,sale,wgc_fsapi:cbd_v11:quarterly_change
2005-09-30,Philippines,PHL,South East Asia,lower_middle_income,-14.22,sale,wgc_fsapi:cbd_v11:quarterly_change
2005-12-31,Philippines,PHL,South East Asia,lower_middle_income,-16.09,sale,wgc_fsapi:cbd_v11:quarterly_change
2006-03-31,Philippines,PHL,South East Asia,lower_middle_income,-5.08,sale,wgc_fsapi:cbd_v11:quarterly_change
2006-06-30,Philippines,PHL,South East Asia,lower_middle_income,-3.14,sale,wgc_fsapi:cbd_v11:quarterly_change
2006-09-30,Philippines,PHL,South East Asia,lower_middle_income,-4.0,sale,wgc_fsapi:cbd_v11:quarterly_change
2006-12-31,Philippines,PHL,South East Asia,lower_middle_income,1.43,purchase,wgc_fsapi:cbd_v11:quarterly_change
2007-03-31,Philippines,PHL,South East Asia,lower_middle_income,-2.94,sale,wgc_fsapi:cbd_v11:quarterly_change
2007-06-30,Philippines,PHL,South East Asia,lower_middle_income,-0.65,sale,wgc_fsapi:cbd_v11:quarterly_change
2007-09-30,Philippines,PHL,South East Asia,lower_middle_income,-13.25,sale,wgc_fsapi:cbd_v11:quarterly_change
2007-12-31,Philippines,PHL,South East Asia,lower_middle_income,4.78,purchase,wgc_fsapi:cbd_v11:quarterly_change
2008-03-31,Philippines,PHL,South East Asia,lower_middle_income,-2.07,sale,wgc_fsapi:cbd_v11:quarterly_change
2008-06-30,Philippines,PHL,South East Asia,lower_middle_income,3.5,purchase,wgc_fsapi:cbd_v11:quarterly_change
2008-09-30,Philippines,PHL,South East Asia,lower_middle_income,0.04,purchase,wgc_fsapi:cbd_v11:quarterly_change
2008-12-31,Philippines,PHL,South East Asia,lower_middle_income,20.8,purchase,wgc_fsapi:cbd_v11:quarterly_change
2009-03-31,Philippines,PHL,South East Asia,lower_middle_income,0.1,purchase,wgc_fsapi:cbd_v11:quarterly_change
2009-06-30,Philippines,PHL,South East Asia,lower_middle_income,3.69,purchase,wgc_fsapi:cbd_v11:quarterly_change
2009-09-30,Philippines,PHL,South East Asia,lower_middle_income,-3.06,sale,wgc_fsapi:cbd_v11:quarterly_change
2009-12-31,Philippines,PHL,South East Asia,lower_middle_income,0.43,purchase,wgc_fsapi:cbd_v11:quarterly_change
2010-03-31,Philippines,PHL,South East Asia,lower_middle_income,9.62,purchase,wgc_fsapi:cbd_v11:quarterly_change
2010-06-30,Philippines,PHL,South East Asia,lower_middle_income,7.18,purchase,wgc_fsapi:cbd_v11:quarterly_change
2010-09-30,Philippines,PHL,South East Asia,lower_middle_income,4.04,purchase,wgc_fsapi:cbd_v11:quarterly_change
2010-12-31,Philippines,PHL,South East Asia,lower_middle_income,-21.84,sale,wgc_fsapi:cbd_v11:quarterly_change
2011-03-31,Philippines,PHL,South East Asia,lower_middle_income,-0.42,sale,wgc_fsapi:cbd_v11:quarterly_change
2011-06-30,Philippines,PHL,South East Asia,lower_middle_income,4.35,purchase,wgc_fsapi:cbd_v11:quarterly_change
2011-09-30,Philippines,PHL,South East Asia,lower_middle_income,-15.33,sale,wgc_fsapi:cbd_v11:quarterly_change
2011-12-31,Philippines,PHL,South East Asia,lower_middle_income,16.44,purchase,wgc_fsapi:cbd_v11:quarterly_change
2012-03-31,Philippines,PHL,South East Asia,lower_middle_income,35.1,purchase,wgc_fsapi:cbd_v11:quarterly_change
2012-06-30,Philippines,PHL,South East Asia,lower_middle_income,0.21,purchase,wgc_fsapi:cbd_v11:quarterly_change
2012-09-30,Philippines,PHL,South East Asia,lower_middle_income,0.14,purchase,wgc_fsapi:cbd_v11:quarterly_change
2012-12-31,Philippines,PHL,South East Asia,lower_middle_income,-1.87,sale,wgc_fsapi:cbd_v11:quarterly_change
2013-03-31,Philippines,PHL,South East Asia,lower_middle_income,-0.04,sale,wgc_fsapi:cbd_v11:quarterly_change
2013-06-30,Philippines,PHL,South East Asia,lower_middle_income,0.01,purchase,wgc_fsapi:cbd_v11:quarterly_change
2013-09-30,Philippines,PHL,South East Asia,lower_middle_income,0.35,purchase,wgc_fsapi:cbd_v11:quarterly_change
2013-12-31,Philippines,PHL,South East Asia,lower_middle_income,0.47,purchase,wgc_fsapi:cbd_v11:quarterly_change
2014-03-31,Philippines,PHL,South East Asia,lower_middle_income,0.44,purchase,wgc_fsapi:cbd_v11:quarterly_change
2014-06-30,Philippines,PHL,South East Asia,lower_middle_income,0.45,purchase,wgc_fsapi:cbd_v11:quarterly_change
2014-09-30,Philippines,PHL,South East Asia,lower_middle_income,0.45,purchase,wgc_fsapi:cbd_v11:quarterly_change
2014-12-31,Philippines,PHL,South East Asia,lower_middle_income,0.45,purchase,wgc_fsapi:cbd_v11:quarterly_change
2015-06-30,Philippines,PHL,South East Asia,lower_middle_income,0.15,purchase,wgc_fsapi:cbd_v11:quarterly_change
2015-09-30,Philippines,PHL,South East Asia,lower_middle_income,0.13,purchase,wgc_fsapi:cbd_v11:quarterly_change
2015-12-31,Philippines,PHL,South East Asia,lower_middle_income,0.33,purchase,wgc_fsapi:cbd_v11:quarterly_change
2016-06-30,Philippines,PHL,South East Asia,lower_middle_income,0.27,purchase,wgc_fsapi:cbd_v11:quarterly_change
2016-09-30,Philippines,PHL,South East Asia,lower_middle_income,0.16,purchase,wgc_fsapi:cbd_v11:quarterly_change
2017-03-31,Philippines,PHL,South East Asia,lower_middle_income,0.01,purchase,wgc_fsapi:cbd_v11:quarterly_change
2017-09-30,Philippines,PHL,South East Asia,lower_middle_income,0.01,purchase,wgc_fsapi:cbd_v11:quarterly_change
2018-06-30,Philippines,PHL,South East Asia,lower_middle_income,0.01,purchase,wgc_fsapi:cbd_v11:quarterly_change
2018-09-30,Philippines,PHL,South East Asia,lower_middle_income,1.55,purchase,wgc_fsapi:cbd_v11:quarterly_change
2019-06-30,Philippines,PHL,South East Asia,lower_middle_income,0.01,purchase,wgc_fsapi:cbd_v11:quarterly_change
2020-09-30,Philippines,PHL,South East Asia,lower_middle_income,-6.8,sale,wgc_fsapi:cbd_v11:quarterly_change
2020-12-31,Philippines,PHL,South East Asia,lower_middle_income,-2.35,sale,wgc_fsapi:cbd_v11:quarterly_change
2021-03-31,Philippines,PHL,South East Asia,lower_middle_income,-24.73,sale,wgc_fsapi:cbd_v11:quarterly_change
2021-06-30,Philippines,PHL,South East Asia,lower_middle_income,-7.9,sale,wgc_fsapi:cbd_v11:quarterly_change
2021-09-30,Philippines,PHL,South East Asia,lower_middle_income,0.86,purchase,wgc_fsapi:cbd_v11:quarterly_change
2021-12-31,Philippines,PHL,South East Asia,lower_middle_income,1.8,purchase,wgc_fsapi:cbd_v11:quarterly_change
2022-03-31,Philippines,PHL,South East Asia,lower_middle_income,-7.53,sale,wgc_fsapi:cbd_v11:quarterly_change
2022-06-30,Philippines,PHL,South East Asia,lower_middle_income,2.57,purchase,wgc_fsapi:cbd_v11:quarterly_change
2022-09-30,Philippines,PHL,South East Asia,lower_middle_income,1.89,purchase,wgc_fsapi:cbd_v11:quarterly_change
2022-12-31,Philippines,PHL,South East Asia,lower_middle_income,1.98,purchase,wgc_fsapi:cbd_v11:quarterly_change
2023-03-31,Philippines,PHL,South East Asia,lower_middle_income,2.12,purchase,wgc_fsapi:cbd_v11:quarterly_change
2023-06-30,Philippines,PHL,South East Asia,lower_middle_income,2.47,purchase,wgc_fsapi:cbd_v11:quarterly_change
2023-09-30,Philippines,PHL,South East Asia,lower_middle_income,2.46,purchase,wgc_fsapi:cbd_v11:quarterly_change
2023-12-31,Philippines,PHL,South East Asia,lower_middle_income,-5.72,sale,wgc_fsapi:cbd_v11:quarterly_change
2024-03-31,Philippines,PHL,South East Asia,lower_middle_income,-13.33,sale,wgc_fsapi:cbd_v11:quarterly_change
2024-06-30,Philippines,PHL,South East Asia,lower_middle_income,-13.07,sale,wgc_fsapi:cbd_v11:quarterly_change
2024-09-30,Philippines,PHL,South East Asia,lower_middle_income,-4.53,sale,wgc_fsapi:cbd_v11:quarterly_change
2024-12-31,Philippines,PHL,South East Asia,lower_middle_income,2.35,purchase,wgc_fsapi:cbd_v11:quarterly_change
2025-03-31,Philippines,PHL,South East Asia,lower_middle_income,-2.99,sale,wgc_fsapi:cbd_v11:quarterly_change
2025-06-30,Philippines,PHL,South East Asia,lower_middle_income,2.19,purchase,wgc_fsapi:cbd_v11:quarterly_change
2025-09-30,Philippines,PHL,South East Asia,lower_middle_income,2.23,purchase,wgc_fsapi:cbd_v11:quarterly_change
2025-12-31,Philippines,PHL,South East Asia,lower_middle_income,1.22,purchase,wgc_fsapi:cbd_v11:quarterly_change
2016-12-31,Papua New Guinea,PNG,South East Asia,lower_middle_income,-0.63,sale,wgc_fsapi:cbd_v11:quarterly_change
2023-06-30,Papua New Guinea,PNG,South East Asia,lower_middle_income,0.63,purchase,wgc_fsapi:cbd_v11:quarterly_change
2001-09-30,Poland,POL,Central and Eastern Europe,high_income,0.03,purchase,wgc_fsapi:cbd_v11:quarterly_change
2001-12-31,Poland,POL,Central and Eastern Europe,high_income,0.03,purchase,wgc_fsapi:cbd_v11:quarterly_change
2002-12-31,Poland,POL,Central and Eastern Europe,high_income,0.03,purchase,wgc_fsapi:cbd_v11:quarterly_change
2003-06-30,Poland,POL,Central and Eastern Europe,high_income,-0.03,sale,wgc_fsapi:cbd_v11:quarterly_change
2003-12-31,Poland,POL,Central and Eastern Europe,high_income,-0.03,sale,wgc_fsapi:cbd_v11:quarterly_change
2004-03-31,Poland,POL,Central and Eastern Europe,high_income,0.03,purchase,wgc_fsapi:cbd_v11:quarterly_change
2008-06-30,Poland,POL,Central and Eastern Europe,high_income,0.03,purchase,wgc_fsapi:cbd_v11:quarterly_change
2009-09-30,Poland,POL,Central and Eastern Europe,high_income,-0.01,sale,wgc_fsapi:cbd_v11:quarterly_change
2010-03-31,Poland,POL,Central and Eastern Europe,high_income,0.01,purchase,wgc_fsapi:cbd_v11:quarterly_change
2014-12-31,Poland,POL,Central and Eastern Europe,high_income,0.01,purchase,wgc_fsapi:cbd_v11:quarterly_change
2015-03-31,Poland,POL,Central and Eastern Europe,high_income,-0.01,sale,wgc_fsapi:cbd_v11:quarterly_change
2015-12-31,Poland,POL,Central and Eastern Europe,high_income,0.01,purchase,wgc_fsapi:cbd_v11:quarterly_change
2016-03-31,Poland,POL,Central and Eastern Europe,high_income,0.01,purchase,wgc_fsapi:cbd_v11:quarterly_change
2016-12-31,Poland,POL,Central and Eastern Europe,high_income,0.02,purchase,wgc_fsapi:cbd_v11:quarterly_change
2017-03-31,Poland,POL,Central and Eastern Europe,high_income,0.01,purchase,wgc_fsapi:cbd_v11:quarterly_change
2018-09-30,Poland,POL,Central and Eastern Europe,high_income,13.69,purchase,wgc_fsapi:cbd_v11:quarterly_change
2018-12-31,Poland,POL,Central and Eastern Europe,high_income,11.97,purchase,wgc_fsapi:cbd_v11:quarterly_change
2019-03-31,Poland,POL,Central and Eastern Europe,high_income,0.01,purchase,wgc_fsapi:cbd_v11:quarterly_change
2019-06-30,Poland,POL,Central and Eastern Europe,high_income,99.54,purchase,wgc_fsapi:cbd_v11:quarterly_change
2019-09-30,Poland,POL,Central and Eastern Europe,high_income,0.47,purchase,wgc_fsapi:cbd_v11:quarterly_change
2020-09-30,Poland,POL,Central and Eastern Europe,high_income,0.01,purchase,wgc_fsapi:cbd_v11:quarterly_change
2021-06-30,Poland,POL,Central and Eastern Europe,high_income,3.11,purchase,wgc_fsapi:cbd_v11:quarterly_change
2021-12-31,Poland,POL,Central and Eastern Europe,high_income,-0.93,sale,wgc_fsapi:cbd_v11:quarterly_change
2022-03-31,Poland,POL,Central and Eastern Europe,high_income,-2.18,sale,wgc_fsapi:cbd_v11:quarterly_change
2022-06-30,Poland,POL,Central and Eastern Europe,high_income,0.01,purchase,wgc_fsapi:cbd_v11:quarterly_change
2023-06-30,Poland,POL,Central and Eastern Europe,high_income,48.41,purchase,wgc_fsapi:cbd_v11:quarterly_change
2023-09-30,Poland,POL,Central and Eastern Europe,high_income,56.63,purchase,wgc_fsapi:cbd_v11:quarterly_change
2023-12-31,Poland,POL,Central and Eastern Europe,high_income,24.98,purchase,wgc_fsapi:cbd_v11:quarterly_change
2024-06-30,Poland,POL,Central and Eastern Europe,high_income,18.68,purchase,wgc_fsapi:cbd_v11:quarterly_change
2024-09-30,Poland,POL,Central and Eastern Europe,high_income,42.33,purchase,wgc_fsapi:cbd_v11:quarterly_change
2024-12-31,Poland,POL,Central and Eastern Europe,high_income,28.53,purchase,wgc_fsapi:cbd_v11:quarterly_change
2025-03-31,Poland,POL,Central and Eastern Europe,high_income,48.58,purchase,wgc_fsapi:cbd_v11:quarterly_change
2025-06-30,Poland,POL,Central and Eastern Europe,high_income,18.66,purchase,wgc_fsapi:cbd_v11:quarterly_change
2025-09-30,Poland,POL,Central and Eastern Europe,high_income,-0.13,sale,wgc_fsapi:cbd_v11:quarterly_change
2025-12-31,Poland,POL,Central and Eastern Europe,high_income,34.87,purchase,wgc_fsapi:cbd_v11:quarterly_change
2001-09-30,Portugal,PRT,Western Europe,high_income,0.03,purchase,wgc_fsapi:cbd_v11:quarterly_change
2002-06-30,Portugal,PRT,Western Europe,high_income,0.03,purchase,wgc_fsapi:cbd_v11:quarterly_change
2002-12-31,Portugal,PRT,Western Europe,high_income,-14.93,sale,wgc_fsapi:cbd_v11:quarterly_change
2003-03-31,Portugal,PRT,Western Europe,high_income,-29.86,sale,wgc_fsapi:cbd_v11:quarterly_change
2003-06-30,Portugal,PRT,Western Europe,high_income,-44.79,sale,wgc_fsapi:cbd_v11:quarterly_change
2003-09-30,Portugal,PRT,Western Europe,high_income,-0.03,sale,wgc_fsapi:cbd_v11:quarterly_change
2004-06-30,Portugal,PRT,Western Europe,high_income,-34.89,sale,wgc_fsapi:cbd_v11:quarterly_change
2004-09-30,Portugal,PRT,Western Europe,high_income,-0.04,sale,wgc_fsapi:cbd_v11:quarterly_change
2004-12-31,Portugal,PRT,Western Europe,high_income,-19.93,sale,wgc_fsapi:cbd_v11:quarterly_change
2005-06-30,Portugal,PRT,Western Europe,high_income,-25.07,sale,wgc_fsapi:cbd_v11:quarterly_change
2005-09-30,Portugal,PRT,Western Europe,high_income,-9.77,sale,wgc_fsapi:cbd_v11:quarterly_change
2005-12-31,Portugal,PRT,Western Europe,high_income,-9.98,sale,wgc_fsapi:cbd_v11:quarterly_change
2006-03-31,Portugal,PRT,Western Europe,high_income,-0.03,sale,wgc_fsapi:cbd_v11:quarterly_change
2006-06-30,Portugal,PRT,Western Europe,high_income,-0.03,sale,wgc_fsapi:cbd_v11:quarterly_change
2006-09-30,Portugal,PRT,Western Europe,high_income,-34.84,sale,wgc_fsapi:cbd_v11:quarterly_change
2007-12-31,Portugal,PRT,Western Europe,high_income,-0.03,sale,wgc_fsapi:cbd_v11:quarterly_change
2009-06-30,Portugal,PRT,Western Europe,high_income,-0.03,sale,wgc_fsapi:cbd_v11:quarterly_change
2011-03-31,Portugal,PRT,Western Europe,high_income,-0.03,sale,wgc_fsapi:cbd_v11:quarterly_change
2014-03-31,Portugal,PRT,Western Europe,high_income,0.03,purchase,wgc_fsapi:cbd_v11:quarterly_change
2016-12-31,Portugal,PRT,Western Europe,high_income,-0.03,sale,wgc_fsapi:cbd_v11:quarterly_change
2017-03-31,Portugal,PRT,Western Europe,high_income,0.03,purchase,wgc_fsapi:cbd_v11:quarterly_change
2017-12-31,Portugal,PRT,Western Europe,high_income,-0.01,sale,wgc_fsapi:cbd_v11:quarterly_change
2018-03-31,Portugal,PRT,Western Europe,high_income,0.01,purchase,wgc_fsapi:cbd_v11:quarterly_change
2019-03-31,Portugal,PRT,Western Europe,high_income,0.03,purchase,wgc_fsapi:cbd_v11:quarterly_change
2020-09-30,Portugal,PRT,Western Europe,high_income,0.03,purchase,wgc_fsapi:cbd_v11:quarterly_change
2023-03-31,Portugal,PRT,Western Europe,high_income,0.03,purchase,wgc_fsapi:cbd_v11:quarterly_change
2023-06-30,Portugal,PRT,Western Europe,high_income,0.03,purchase,wgc_fsapi:cbd_v11:quarterly_change
2024-06-30,Portugal,PRT,Western Europe,high_income,0.03,purchase,wgc_fsapi:cbd_v11:quarterly_change
2024-12-31,Portugal,PRT,Western Europe,high_income,0.03,purchase,wgc_fsapi:cbd_v11:quarterly_change
2025-06-30,Portugal,PRT,Western Europe,high_income,-0.03,sale,wgc_fsapi:cbd_v11:quarterly_change
2004-09-30,Paraguay,PRY,Latin America & Caribbean,upper_middle_income,-1.09,sale,wgc_fsapi:cbd_v11:quarterly_change
2008-03-31,Paraguay,PRY,Latin America & Caribbean,upper_middle_income,0.66,purchase,wgc_fsapi:cbd_v11:quarterly_change
2012-09-30,Paraguay,PRY,Latin America & Caribbean,upper_middle_income,7.53,purchase,wgc_fsapi:cbd_v11:quarterly_change
2004-12-31,Qatar,QAT,Middle East & North Africa,high_income,0.7,purchase,wgc_fsapi:cbd_v11:quarterly_change
2005-03-31,Qatar,QAT,Middle East & North Africa,high_income,-0.7,sale,wgc_fsapi:cbd_v11:quarterly_change
2005-06-30,Qatar,QAT,Middle East & North Africa,high_income,-0.01,sale,wgc_fsapi:cbd_v11:quarterly_change
2007-03-31,Qatar,QAT,Middle East & North Africa,high_income,7.77,purchase,wgc_fsapi:cbd_v11:quarterly_change
2007-06-30,Qatar,QAT,Middle East & North Africa,high_income,3.58,purchase,wgc_fsapi:cbd_v11:quarterly_change
2007-09-30,Qatar,QAT,Middle East & North Africa,high_income,-1.08,sale,wgc_fsapi:cbd_v11:quarterly_change
2007-12-31,Qatar,QAT,Middle East & North Africa,high_income,1.55,purchase,wgc_fsapi:cbd_v11:quarterly_change
2015-12-31,Qatar,QAT,Middle East & North Africa,high_income,9.81,purchase,wgc_fsapi:cbd_v11:quarterly_change
2016-03-31,Qatar,QAT,Middle East & North Africa,high_income,-3.11,sale,wgc_fsapi:cbd_v11:quarterly_change
2016-06-30,Qatar,QAT,Middle East & North Africa,high_income,0.62,purchase,wgc_fsapi:cbd_v11:quarterly_change
2016-09-30,Qatar,QAT,Middle East & North Africa,high_income,3.11,purchase,wgc_fsapi:cbd_v11:quarterly_change
2016-12-31,Qatar,QAT,Middle East & North Africa,high_income,6.85,purchase,wgc_fsapi:cbd_v11:quarterly_change
2017-03-31,Qatar,QAT,Middle East & North Africa,high_income,-3.11,sale,wgc_fsapi:cbd_v11:quarterly_change
2017-09-30,Qatar,QAT,Middle East & North Africa,high_income,3.11,purchase,wgc_fsapi:cbd_v11:quarterly_change
2017-12-31,Qatar,QAT,Middle East & North Africa,high_income,0.01,purchase,wgc_fsapi:cbd_v11:quarterly_change
2018-03-31,Qatar,QAT,Middle East & North Africa,high_income,-3.11,sale,wgc_fsapi:cbd_v11:quarterly_change
2018-09-30,Qatar,QAT,Middle East & North Africa,high_income,4.66,purchase,wgc_fsapi:cbd_v11:quarterly_change
2019-03-31,Qatar,QAT,Middle East & North Africa,high_income,6.28,purchase,wgc_fsapi:cbd_v11:quarterly_change
2019-06-30,Qatar,QAT,Middle East & North Africa,high_income,1.57,purchase,wgc_fsapi:cbd_v11:quarterly_change
2019-09-30,Qatar,QAT,Middle East & North Africa,high_income,3.11,purchase,wgc_fsapi:cbd_v11:quarterly_change
2019-12-31,Qatar,QAT,Middle East & North Africa,high_income,0.01,purchase,wgc_fsapi:cbd_v11:quarterly_change
2020-06-30,Qatar,QAT,Middle East & North Africa,high_income,3.12,purchase,wgc_fsapi:cbd_v11:quarterly_change
2020-09-30,Qatar,QAT,Middle East & North Africa,high_income,6.22,purchase,wgc_fsapi:cbd_v11:quarterly_change
2020-12-31,Qatar,QAT,Middle East & North Africa,high_income,5.15,purchase,wgc_fsapi:cbd_v11:quarterly_change
2021-06-30,Qatar,QAT,Middle East & North Africa,high_income,3.12,purchase,wgc_fsapi:cbd_v11:quarterly_change
2021-09-30,Qatar,QAT,Middle East & North Africa,high_income,-1.56,sale,wgc_fsapi:cbd_v11:quarterly_change
2021-12-31,Qatar,QAT,Middle East & North Africa,high_income,-1.54,sale,wgc_fsapi:cbd_v11:quarterly_change
2022-03-31,Qatar,QAT,Middle East & North Africa,high_income,-5.44,sale,wgc_fsapi:cbd_v11:quarterly_change
2022-06-30,Qatar,QAT,Middle East & North Africa,high_income,6.23,purchase,wgc_fsapi:cbd_v11:quarterly_change
2022-09-30,Qatar,QAT,Middle East & North Africa,high_income,31.11,purchase,wgc_fsapi:cbd_v11:quarterly_change
2022-12-31,Qatar,QAT,Middle East & North Africa,high_income,3.15,purchase,wgc_fsapi:cbd_v11:quarterly_change
2023-06-30,Qatar,QAT,Middle East & North Africa,high_income,1.6,purchase,wgc_fsapi:cbd_v11:quarterly_change
2023-09-30,Qatar,QAT,Middle East & North Africa,high_income,4.73,purchase,wgc_fsapi:cbd_v11:quarterly_change
2023-12-31,Qatar,QAT,Middle East & North Africa,high_income,2.84,purchase,wgc_fsapi:cbd_v11:quarterly_change
2024-03-31,Qatar,QAT,Middle East & North Africa,high_income,1.58,purchase,wgc_fsapi:cbd_v11:quarterly_change
2024-06-30,Qatar,QAT,Middle East & North Africa,high_income,3.89,purchase,wgc_fsapi:cbd_v11:quarterly_change
2024-09-30,Qatar,QAT,Middle East & North Africa,high_income,3.12,purchase,wgc_fsapi:cbd_v11:quarterly_change
2024-12-31,Qatar,QAT,Middle East & North Africa,high_income,1.27,purchase,wgc_fsapi:cbd_v11:quarterly_change
2025-03-31,Qatar,QAT,Middle East & North Africa,high_income,2.81,purchase,wgc_fsapi:cbd_v11:quarterly_change
2025-06-30,Qatar,QAT,Middle East & North Africa,high_income,2.5,purchase,wgc_fsapi:cbd_v11:quarterly_change
2025-09-30,Qatar,QAT,Middle East & North Africa,high_income,-0.15,sale,wgc_fsapi:cbd_v11:quarterly_change
2025-12-31,Qatar,QAT,Middle East & North Africa,high_income,-0.77,sale,wgc_fsapi:cbd_v11:quarterly_change
2001-03-31,Romania,ROU,Central and Eastern Europe,high_income,0.06,purchase,wgc_fsapi:cbd_v11:quarterly_change
2001-09-30,Romania,ROU,Central and Eastern Europe,high_income,0.07,purchase,wgc_fsapi:cbd_v11:quarterly_change
2001-12-31,Romania,ROU,Central and Eastern Europe,high_income,0.12,purchase,wgc_fsapi:cbd_v11:quarterly_change
2002-06-30,Romania,ROU,Central and Eastern Europe,high_income,0.03,purchase,wgc_fsapi:cbd_v11:quarterly_change
2002-09-30,Romania,ROU,Central and Eastern Europe,high_income,0.06,purchase,wgc_fsapi:cbd_v11:quarterly_change
2002-12-31,Romania,ROU,Central and Eastern Europe,high_income,0.04,purchase,wgc_fsapi:cbd_v11:quarterly_change
2003-12-31,Romania,ROU,Central and Eastern Europe,high_income,-0.25,sale,wgc_fsapi:cbd_v11:quarterly_change
2004-12-31,Romania,ROU,Central and Eastern Europe,high_income,-0.03,sale,wgc_fsapi:cbd_v11:quarterly_change
2005-03-31,Romania,ROU,Central and Eastern Europe,high_income,-0.07,sale,wgc_fsapi:cbd_v11:quarterly_change
2005-06-30,Romania,ROU,Central and Eastern Europe,high_income,-0.03,sale,wgc_fsapi:cbd_v11:quarterly_change
2005-09-30,Romania,ROU,Central and Eastern Europe,high_income,-0.05,sale,wgc_fsapi:cbd_v11:quarterly_change
2005-12-31,Romania,ROU,Central and Eastern Europe,high_income,-0.05,sale,wgc_fsapi:cbd_v11:quarterly_change
2006-03-31,Romania,ROU,Central and Eastern Europe,high_income,-0.05,sale,wgc_fsapi:cbd_v11:quarterly_change
2006-06-30,Romania,ROU,Central and Eastern Europe,high_income,-0.03,sale,wgc_fsapi:cbd_v11:quarterly_change
2006-09-30,Romania,ROU,Central and Eastern Europe,high_income,-0.07,sale,wgc_fsapi:cbd_v11:quarterly_change
2007-06-30,Romania,ROU,Central and Eastern Europe,high_income,-0.03,sale,wgc_fsapi:cbd_v11:quarterly_change
2007-12-31,Romania,ROU,Central and Eastern Europe,high_income,-0.95,sale,wgc_fsapi:cbd_v11:quarterly_change
2009-06-30,Romania,ROU,Central and Eastern Europe,high_income,0.01,purchase,wgc_fsapi:cbd_v11:quarterly_change
2015-09-30,Romania,ROU,Central and Eastern Europe,high_income,-0.02,sale,wgc_fsapi:cbd_v11:quarterly_change
2019-06-30,Romania,ROU,Central and Eastern Europe,high_income,-0.01,sale,wgc_fsapi:cbd_v11:quarterly_change
2019-09-30,Romania,ROU,Central and Eastern Europe,high_income,-0.04,sale,wgc_fsapi:cbd_v11:quarterly_change
2021-03-31,Romania,ROU,Central and Eastern Europe,high_income,-0.01,sale,wgc_fsapi:cbd_v11:quarterly_change
2021-06-30,Romania,ROU,Central and Eastern Europe,high_income,0.01,purchase,wgc_fsapi:cbd_v11:quarterly_change
2021-09-30,Romania,ROU,Central and Eastern Europe,high_income,-0.01,sale,wgc_fsapi:cbd_v11:quarterly_change
2022-12-31,Romania,ROU,Central and Eastern Europe,high_income,-0.02,sale,wgc_fsapi:cbd_v11:quarterly_change
2024-06-30,Romania,ROU,Central and Eastern Europe,high_income,-0.02,sale,wgc_fsapi:cbd_v11:quarterly_change
2024-12-31,Romania,ROU,Central and Eastern Europe,high_income,0.03,purchase,wgc_fsapi:cbd_v11:quarterly_change
2001-03-31,Russian Federation,RUS,Central and Eastern Europe,high_income,6.13,purchase,wgc_fsapi:cbd_v11:quarterly_change
2001-06-30,Russian Federation,RUS,Central and Eastern Europe,high_income,3.58,purchase,wgc_fsapi:cbd_v11:quarterly_change
2001-09-30,Russian Federation,RUS,Central and Eastern Europe,high_income,11.6,purchase,wgc_fsapi:cbd_v11:quarterly_change
2001-12-31,Russian Federation,RUS,Central and Eastern Europe,high_income,17.26,purchase,wgc_fsapi:cbd_v11:quarterly_change
2002-03-31,Russian Federation,RUS,Central and Eastern Europe,high_income,3.74,purchase,wgc_fsapi:cbd_v11:quarterly_change
2002-06-30,Russian Federation,RUS,Central and Eastern Europe,high_income,-39.91,sale,wgc_fsapi:cbd_v11:quarterly_change
2002-09-30,Russian Federation,RUS,Central and Eastern Europe,high_income,0.09,purchase,wgc_fsapi:cbd_v11:quarterly_change
2002-12-31,Russian Federation,RUS,Central and Eastern Europe,high_income,0.78,purchase,wgc_fsapi:cbd_v11:quarterly_change
2003-03-31,Russian Federation,RUS,Central and Eastern Europe,high_income,-0.43,sale,wgc_fsapi:cbd_v11:quarterly_change
2003-06-30,Russian Federation,RUS,Central and Eastern Europe,high_income,0.4,purchase,wgc_fsapi:cbd_v11:quarterly_change
2003-09-30,Russian Federation,RUS,Central and Eastern Europe,high_income,0.47,purchase,wgc_fsapi:cbd_v11:quarterly_change
2003-12-31,Russian Federation,RUS,Central and Eastern Europe,high_income,2.08,purchase,wgc_fsapi:cbd_v11:quarterly_change
2004-03-31,Russian Federation,RUS,Central and Eastern Europe,high_income,-0.4,sale,wgc_fsapi:cbd_v11:quarterly_change
2004-06-30,Russian Federation,RUS,Central and Eastern Europe,high_income,0.31,purchase,wgc_fsapi:cbd_v11:quarterly_change
2004-09-30,Russian Federation,RUS,Central and Eastern Europe,high_income,-0.94,sale,wgc_fsapi:cbd_v11:quarterly_change
2004-12-31,Russian Federation,RUS,Central and Eastern Europe,high_income,-2.2,sale,wgc_fsapi:cbd_v11:quarterly_change
2005-03-31,Russian Federation,RUS,Central and Eastern Europe,high_income,-0.28,sale,wgc_fsapi:cbd_v11:quarterly_change
2005-06-30,Russian Federation,RUS,Central and Eastern Europe,high_income,7.55,purchase,wgc_fsapi:cbd_v11:quarterly_change
2005-09-30,Russian Federation,RUS,Central and Eastern Europe,high_income,-7.55,sale,wgc_fsapi:cbd_v11:quarterly_change
2005-12-31,Russian Federation,RUS,Central and Eastern Europe,high_income,0.18,purchase,wgc_fsapi:cbd_v11:quarterly_change
2006-03-31,Russian Federation,RUS,Central and Eastern Europe,high_income,-0.34,sale,wgc_fsapi:cbd_v11:quarterly_change
2006-09-30,Russian Federation,RUS,Central and Eastern Europe,high_income,2.64,purchase,wgc_fsapi:cbd_v11:quarterly_change
2006-12-31,Russian Federation,RUS,Central and Eastern Europe,high_income,12.32,purchase,wgc_fsapi:cbd_v11:quarterly_change
2007-03-31,Russian Federation,RUS,Central and Eastern Europe,high_income,-1.21,sale,wgc_fsapi:cbd_v11:quarterly_change
2007-06-30,Russian Federation,RUS,Central and Eastern Europe,high_income,6.65,purchase,wgc_fsapi:cbd_v11:quarterly_change
2007-09-30,Russian Federation,RUS,Central and Eastern Europe,high_income,21.62,purchase,wgc_fsapi:cbd_v11:quarterly_change
2007-12-31,Russian Federation,RUS,Central and Eastern Europe,high_income,21.8,purchase,wgc_fsapi:cbd_v11:quarterly_change
2008-03-31,Russian Federation,RUS,Central and Eastern Europe,high_income,6.66,purchase,wgc_fsapi:cbd_v11:quarterly_change
2008-06-30,Russian Federation,RUS,Central and Eastern Europe,high_income,5.97,purchase,wgc_fsapi:cbd_v11:quarterly_change
2008-09-30,Russian Federation,RUS,Central and Eastern Europe,high_income,32.91,purchase,wgc_fsapi:cbd_v11:quarterly_change
2008-12-31,Russian Federation,RUS,Central and Eastern Europe,high_income,23.7,purchase,wgc_fsapi:cbd_v11:quarterly_change
2009-03-31,Russian Federation,RUS,Central and Eastern Europe,high_income,12.29,purchase,wgc_fsapi:cbd_v11:quarterly_change
2009-06-30,Russian Federation,RUS,Central and Eastern Europe,high_income,18.25,purchase,wgc_fsapi:cbd_v11:quarterly_change
2009-09-30,Russian Federation,RUS,Central and Eastern Europe,high_income,40.93,purchase,wgc_fsapi:cbd_v11:quarterly_change
2009-12-31,Russian Federation,RUS,Central and Eastern Europe,high_income,57.98,purchase,wgc_fsapi:cbd_v11:quarterly_change
2010-03-31,Russian Federation,RUS,Central and Eastern Europe,high_income,27.0,purchase,wgc_fsapi:cbd_v11:quarterly_change
2010-06-30,Russian Federation,RUS,Central and Eastern Europe,high_income,33.78,purchase,wgc_fsapi:cbd_v11:quarterly_change
2010-09-30,Russian Federation,RUS,Central and Eastern Europe,high_income,46.19,purchase,wgc_fsapi:cbd_v11:quarterly_change
2010-12-31,Russian Federation,RUS,Central and Eastern Europe,high_income,32.62,purchase,wgc_fsapi:cbd_v11:quarterly_change
2011-03-31,Russian Federation,RUS,Central and Eastern Europe,high_income,22.49,purchase,wgc_fsapi:cbd_v11:quarterly_change
2011-06-30,Russian Federation,RUS,Central and Eastern Europe,high_income,25.6,purchase,wgc_fsapi:cbd_v11:quarterly_change
2011-09-30,Russian Federation,RUS,Central and Eastern Europe,high_income,14.83,purchase,wgc_fsapi:cbd_v11:quarterly_change
2011-12-31,Russian Federation,RUS,Central and Eastern Europe,high_income,31.42,purchase,wgc_fsapi:cbd_v11:quarterly_change
2012-03-31,Russian Federation,RUS,Central and Eastern Europe,high_income,12.78,purchase,wgc_fsapi:cbd_v11:quarterly_change
2012-06-30,Russian Federation,RUS,Central and Eastern Europe,high_income,22.3,purchase,wgc_fsapi:cbd_v11:quarterly_change
2012-09-30,Russian Federation,RUS,Central and Eastern Europe,high_income,16.49,purchase,wgc_fsapi:cbd_v11:quarterly_change
2012-12-31,Russian Federation,RUS,Central and Eastern Europe,high_income,23.23,purchase,wgc_fsapi:cbd_v11:quarterly_change
2013-03-31,Russian Federation,RUS,Central and Eastern Europe,high_income,23.86,purchase,wgc_fsapi:cbd_v11:quarterly_change
2013-06-30,Russian Federation,RUS,Central and Eastern Europe,high_income,14.8,purchase,wgc_fsapi:cbd_v11:quarterly_change
2013-09-30,Russian Federation,RUS,Central and Eastern Europe,high_income,18.7,purchase,wgc_fsapi:cbd_v11:quarterly_change
2013-12-31,Russian Federation,RUS,Central and Eastern Europe,high_income,20.09,purchase,wgc_fsapi:cbd_v11:quarterly_change
2014-03-31,Russian Federation,RUS,Central and Eastern Europe,high_income,5.5,purchase,wgc_fsapi:cbd_v11:quarterly_change
2014-06-30,Russian Federation,RUS,Central and Eastern Europe,high_income,54.02,purchase,wgc_fsapi:cbd_v11:quarterly_change
2014-09-30,Russian Federation,RUS,Central and Eastern Europe,high_income,55.05,purchase,wgc_fsapi:cbd_v11:quarterly_change
2014-12-31,Russian Federation,RUS,Central and Eastern Europe,high_income,58.41,purchase,wgc_fsapi:cbd_v11:quarterly_change
2015-03-31,Russian Federation,RUS,Central and Eastern Europe,high_income,30.06,purchase,wgc_fsapi:cbd_v11:quarterly_change
2015-06-30,Russian Federation,RUS,Central and Eastern Europe,high_income,36.8,purchase,wgc_fsapi:cbd_v11:quarterly_change
2015-09-30,Russian Federation,RUS,Central and Eastern Europe,high_income,77.16,purchase,wgc_fsapi:cbd_v11:quarterly_change
2015-12-31,Russian Federation,RUS,Central and Eastern Europe,high_income,62.33,purchase,wgc_fsapi:cbd_v11:quarterly_change
2016-03-31,Russian Federation,RUS,Central and Eastern Europe,high_income,45.85,purchase,wgc_fsapi:cbd_v11:quarterly_change
2016-06-30,Russian Federation,RUS,Central and Eastern Europe,high_income,38.35,purchase,wgc_fsapi:cbd_v11:quarterly_change
2016-09-30,Russian Federation,RUS,Central and Eastern Europe,high_income,43.92,purchase,wgc_fsapi:cbd_v11:quarterly_change
2016-12-31,Russian Federation,RUS,Central and Eastern Europe,high_income,72.56,purchase,wgc_fsapi:cbd_v11:quarterly_change
2017-03-31,Russian Federation,RUS,Central and Eastern Europe,high_income,64.88,purchase,wgc_fsapi:cbd_v11:quarterly_change
2017-06-30,Russian Federation,RUS,Central and Eastern Europe,high_income,35.74,purchase,wgc_fsapi:cbd_v11:quarterly_change
2017-09-30,Russian Federation,RUS,Central and Eastern Europe,high_income,63.02,purchase,wgc_fsapi:cbd_v11:quarterly_change
2017-12-31,Russian Federation,RUS,Central and Eastern Europe,high_income,59.9,purchase,wgc_fsapi:cbd_v11:quarterly_change
2018-03-31,Russian Federation,RUS,Central and Eastern Europe,high_income,52.04,purchase,wgc_fsapi:cbd_v11:quarterly_change
2018-06-30,Russian Federation,RUS,Central and Eastern Europe,high_income,53.21,purchase,wgc_fsapi:cbd_v11:quarterly_change
2018-09-30,Russian Federation,RUS,Central and Eastern Europe,high_income,92.23,purchase,wgc_fsapi:cbd_v11:quarterly_change
2018-12-31,Russian Federation,RUS,Central and Eastern Europe,high_income,76.79,purchase,wgc_fsapi:cbd_v11:quarterly_change
2019-03-31,Russian Federation,RUS,Central and Eastern Europe,high_income,55.27,purchase,wgc_fsapi:cbd_v11:quarterly_change
2019-06-30,Russian Federation,RUS,Central and Eastern Europe,high_income,38.69,purchase,wgc_fsapi:cbd_v11:quarterly_change
2019-09-30,Russian Federation,RUS,Central and Eastern Europe,high_income,34.87,purchase,wgc_fsapi:cbd_v11:quarterly_change
2019-12-31,Russian Federation,RUS,Central and Eastern Europe,high_income,29.3,purchase,wgc_fsapi:cbd_v11:quarterly_change
2020-03-31,Russian Federation,RUS,Central and Eastern Europe,high_income,27.99,purchase,wgc_fsapi:cbd_v11:quarterly_change
2020-06-30,Russian Federation,RUS,Central and Eastern Europe,high_income,0.72,purchase,wgc_fsapi:cbd_v11:quarterly_change
2020-09-30,Russian Federation,RUS,Central and Eastern Europe,high_income,-1.22,sale,wgc_fsapi:cbd_v11:quarterly_change
2020-12-31,Russian Federation,RUS,Central and Eastern Europe,high_income,-0.12,sale,wgc_fsapi:cbd_v11:quarterly_change
2021-03-31,Russian Federation,RUS,Central and Eastern Europe,high_income,-3.11,sale,wgc_fsapi:cbd_v11:quarterly_change
2021-06-30,Russian Federation,RUS,Central and Eastern Europe,high_income,-3.11,sale,wgc_fsapi:cbd_v11:quarterly_change
2021-09-30,Russian Federation,RUS,Central and Eastern Europe,high_income,6.22,purchase,wgc_fsapi:cbd_v11:quarterly_change
2021-12-31,Russian Federation,RUS,Central and Eastern Europe,high_income,3.11,purchase,wgc_fsapi:cbd_v11:quarterly_change
2022-03-31,Russian Federation,RUS,Central and Eastern Europe,high_income,3.11,purchase,wgc_fsapi:cbd_v11:quarterly_change
2022-06-30,Russian Federation,RUS,Central and Eastern Europe,high_income,18.66,purchase,wgc_fsapi:cbd_v11:quarterly_change
2022-09-30,Russian Federation,RUS,Central and Eastern Europe,high_income,6.3,purchase,wgc_fsapi:cbd_v11:quarterly_change
2022-12-31,Russian Federation,RUS,Central and Eastern Europe,high_income,3.03,purchase,wgc_fsapi:cbd_v11:quarterly_change
2023-03-31,Russian Federation,RUS,Central and Eastern Europe,high_income,-6.22,sale,wgc_fsapi:cbd_v11:quarterly_change
2023-06-30,Russian Federation,RUS,Central and Eastern Europe,high_income,3.11,purchase,wgc_fsapi:cbd_v11:quarterly_change
2023-09-30,Russian Federation,RUS,Central and Eastern Europe,high_income,3.11,purchase,wgc_fsapi:cbd_v11:quarterly_change
2024-06-30,Russian Federation,RUS,Central and Eastern Europe,high_income,3.11,purchase,wgc_fsapi:cbd_v11:quarterly_change
2024-09-30,Russian Federation,RUS,Central and Eastern Europe,high_income,-3.11,sale,wgc_fsapi:cbd_v11:quarterly_change
2025-03-31,Russian Federation,RUS,Central and Eastern Europe,high_income,-3.11,sale,wgc_fsapi:cbd_v11:quarterly_change
2025-12-31,Russian Federation,RUS,Central and Eastern Europe,high_income,-3.11,sale,wgc_fsapi:cbd_v11:quarterly_change
2008-03-31,Saudi Arabia,SAU,Middle East & North Africa,high_income,179.95,purchase,wgc_fsapi:cbd_v11:quarterly_change
2016-03-31,Saudi Arabia,SAU,Middle East & North Africa,high_income,0.17,purchase,wgc_fsapi:cbd_v11:quarterly_change
2021-06-30,Singapore,SGP,South East Asia,high_income,26.34,purchase,wgc_fsapi:cbd_v11:quarterly_change
2023-03-31,Singapore,SGP,South East Asia,high_income,68.68,purchase,wgc_fsapi:cbd_v11:quarterly_change
2023-06-30,Singapore,SGP,South East Asia,high_income,2.92,purchase,wgc_fsapi:cbd_v11:quarterly_change
2023-09-30,Singapore,SGP,South East Asia,high_income,4.92,purchase,wgc_fsapi:cbd_v11:quarterly_change
2023-12-31,Singapore,SGP,South East Asia,high_income,-0.22,sale,wgc_fsapi:cbd_v11:quarterly_change
2024-03-31,Singapore,SGP,South East Asia,high_income,6.56,purchase,wgc_fsapi:cbd_v11:quarterly_change
2024-06-30,Singapore,SGP,South East Asia,high_income,-7.74,sale,wgc_fsapi:cbd_v11:quarterly_change
2024-09-30,Singapore,SGP,South East Asia,high_income,-1.25,sale,wgc_fsapi:cbd_v11:quarterly_change
2024-12-31,Singapore,SGP,South East Asia,high_income,-7.65,sale,wgc_fsapi:cbd_v11:quarterly_change
2025-03-31,Singapore,SGP,South East Asia,high_income,-4.85,sale,wgc_fsapi:cbd_v11:quarterly_change
2025-06-30,Singapore,SGP,South East Asia,high_income,-10.98,sale,wgc_fsapi:cbd_v11:quarterly_change
2025-09-30,Singapore,SGP,South East Asia,high_income,0.59,purchase,wgc_fsapi:cbd_v11:quarterly_change
2025-12-31,Singapore,SGP,South East Asia,high_income,-11.16,sale,wgc_fsapi:cbd_v11:quarterly_change
2004-12-31,El Salvador,SLV,Latin America & Caribbean,lower_middle_income,-1.55,sale,wgc_fsapi:cbd_v11:quarterly_change
2005-03-31,El Salvador,SLV,Latin America & Caribbean,lower_middle_income,-2.03,sale,wgc_fsapi:cbd_v11:quarterly_change
2005-06-30,El Salvador,SLV,Latin America & Caribbean,lower_middle_income,-0.87,sale,wgc_fsapi:cbd_v11:quarterly_change
2005-12-31,El Salvador,SLV,Latin America & Caribbean,lower_middle_income,-2.24,sale,wgc_fsapi:cbd_v11:quarterly_change
2006-06-30,El Salvador,SLV,Latin America & Caribbean,lower_middle_income,-0.65,sale,wgc_fsapi:cbd_v11:quarterly_change
2010-12-31,El Salvador,SLV,Latin America & Caribbean,lower_middle_income,-0.31,sale,wgc_fsapi:cbd_v11:quarterly_change
2014-12-31,El Salvador,SLV,Latin America & Caribbean,lower_middle_income,-0.16,sale,wgc_fsapi:cbd_v11:quarterly_change
2015-03-31,El Salvador,SLV,Latin America & Caribbean,lower_middle_income,-5.41,sale,wgc_fsapi:cbd_v11:quarterly_change
2025-09-30,El Salvador,SLV,Latin America & Caribbean,lower_middle_income,0.44,purchase,wgc_fsapi:cbd_v11:quarterly_change
2001-03-31,Serbia,SRB,Central and Eastern Europe,upper_middle_income,0.1,purchase,wgc_fsapi:cbd_v11:quarterly_change
2001-06-30,Serbia,SRB,Central and Eastern Europe,upper_middle_income,17.0,purchase,wgc_fsapi:cbd_v11:quarterly_change
2001-09-30,Serbia,SRB,Central and Eastern Europe,upper_middle_income,0.1,purchase,wgc_fsapi:cbd_v11:quarterly_change
2001-12-31,Serbia,SRB,Central and Eastern Europe,upper_middle_income,-13.0,sale,wgc_fsapi:cbd_v11:quarterly_change
2002-03-31,Serbia,SRB,Central and Eastern Europe,upper_middle_income,-8.6,sale,wgc_fsapi:cbd_v11:quarterly_change
2002-06-30,Serbia,SRB,Central and Eastern Europe,upper_middle_income,0.1,purchase,wgc_fsapi:cbd_v11:quarterly_change
2002-09-30,Serbia,SRB,Central and Eastern Europe,upper_middle_income,0.2,purchase,wgc_fsapi:cbd_v11:quarterly_change
2002-12-31,Serbia,SRB,Central and Eastern Europe,upper_middle_income,0.1,purchase,wgc_fsapi:cbd_v11:quarterly_change
2003-03-31,Serbia,SRB,Central and Eastern Europe,upper_middle_income,0.1,purchase,wgc_fsapi:cbd_v11:quarterly_change
2003-12-31,Serbia,SRB,Central and Eastern Europe,upper_middle_income,0.1,purchase,wgc_fsapi:cbd_v11:quarterly_change
2004-09-30,Serbia,SRB,Central and Eastern Europe,upper_middle_income,0.1,purchase,wgc_fsapi:cbd_v11:quarterly_change
2004-12-31,Serbia,SRB,Central and Eastern Europe,upper_middle_income,0.1,purchase,wgc_fsapi:cbd_v11:quarterly_change
2005-06-30,Serbia,SRB,Central and Eastern Europe,upper_middle_income,0.1,purchase,wgc_fsapi:cbd_v11:quarterly_change
2005-09-30,Serbia,SRB,Central and Eastern Europe,upper_middle_income,2.3,purchase,wgc_fsapi:cbd_v11:quarterly_change
2006-09-30,Serbia,SRB,Central and Eastern Europe,upper_middle_income,-0.2,sale,wgc_fsapi:cbd_v11:quarterly_change
2006-12-31,Serbia,SRB,Central and Eastern Europe,upper_middle_income,-1.0,sale,wgc_fsapi:cbd_v11:quarterly_change
2007-03-31,Serbia,SRB,Central and Eastern Europe,upper_middle_income,0.1,purchase,wgc_fsapi:cbd_v11:quarterly_change
2007-09-30,Serbia,SRB,Central and Eastern Europe,upper_middle_income,0.1,purchase,wgc_fsapi:cbd_v11:quarterly_change
2008-03-31,Serbia,SRB,Central and Eastern Europe,upper_middle_income,0.2,purchase,wgc_fsapi:cbd_v11:quarterly_change
2008-09-30,Serbia,SRB,Central and Eastern Europe,upper_middle_income,0.3,purchase,wgc_fsapi:cbd_v11:quarterly_change
2008-12-31,Serbia,SRB,Central and Eastern Europe,upper_middle_income,0.2,purchase,wgc_fsapi:cbd_v11:quarterly_change
2009-03-31,Serbia,SRB,Central and Eastern Europe,upper_middle_income,0.16,purchase,wgc_fsapi:cbd_v11:quarterly_change
2009-06-30,Serbia,SRB,Central and Eastern Europe,upper_middle_income,0.06,purchase,wgc_fsapi:cbd_v11:quarterly_change
2009-09-30,Serbia,SRB,Central and Eastern Europe,upper_middle_income,0.08,purchase,wgc_fsapi:cbd_v11:quarterly_change
2009-12-31,Serbia,SRB,Central and Eastern Europe,upper_middle_income,0.12,purchase,wgc_fsapi:cbd_v11:quarterly_change
2011-03-31,Serbia,SRB,Central and Eastern Europe,upper_middle_income,-0.01,sale,wgc_fsapi:cbd_v11:quarterly_change
2011-06-30,Serbia,SRB,Central and Eastern Europe,upper_middle_income,0.55,purchase,wgc_fsapi:cbd_v11:quarterly_change
2011-09-30,Serbia,SRB,Central and Eastern Europe,upper_middle_income,0.43,purchase,wgc_fsapi:cbd_v11:quarterly_change
2011-12-31,Serbia,SRB,Central and Eastern Europe,upper_middle_income,0.25,purchase,wgc_fsapi:cbd_v11:quarterly_change
2012-03-31,Serbia,SRB,Central and Eastern Europe,upper_middle_income,0.19,purchase,wgc_fsapi:cbd_v11:quarterly_change
2012-06-30,Serbia,SRB,Central and Eastern Europe,upper_middle_income,0.24,purchase,wgc_fsapi:cbd_v11:quarterly_change
2012-09-30,Serbia,SRB,Central and Eastern Europe,upper_middle_income,0.15,purchase,wgc_fsapi:cbd_v11:quarterly_change
2012-12-31,Serbia,SRB,Central and Eastern Europe,upper_middle_income,0.37,purchase,wgc_fsapi:cbd_v11:quarterly_change
2013-03-31,Serbia,SRB,Central and Eastern Europe,upper_middle_income,0.34,purchase,wgc_fsapi:cbd_v11:quarterly_change
2013-06-30,Serbia,SRB,Central and Eastern Europe,upper_middle_income,0.26,purchase,wgc_fsapi:cbd_v11:quarterly_change
2013-09-30,Serbia,SRB,Central and Eastern Europe,upper_middle_income,0.18,purchase,wgc_fsapi:cbd_v11:quarterly_change
2013-12-31,Serbia,SRB,Central and Eastern Europe,upper_middle_income,0.17,purchase,wgc_fsapi:cbd_v11:quarterly_change
2014-03-31,Serbia,SRB,Central and Eastern Europe,upper_middle_income,0.33,purchase,wgc_fsapi:cbd_v11:quarterly_change
2014-06-30,Serbia,SRB,Central and Eastern Europe,upper_middle_income,0.48,purchase,wgc_fsapi:cbd_v11:quarterly_change
2014-09-30,Serbia,SRB,Central and Eastern Europe,upper_middle_income,0.26,purchase,wgc_fsapi:cbd_v11:quarterly_change
2014-12-31,Serbia,SRB,Central and Eastern Europe,upper_middle_income,0.23,purchase,wgc_fsapi:cbd_v11:quarterly_change
2015-03-31,Serbia,SRB,Central and Eastern Europe,upper_middle_income,0.12,purchase,wgc_fsapi:cbd_v11:quarterly_change
2015-06-30,Serbia,SRB,Central and Eastern Europe,upper_middle_income,0.16,purchase,wgc_fsapi:cbd_v11:quarterly_change
2015-09-30,Serbia,SRB,Central and Eastern Europe,upper_middle_income,0.12,purchase,wgc_fsapi:cbd_v11:quarterly_change
2015-12-31,Serbia,SRB,Central and Eastern Europe,upper_middle_income,0.19,purchase,wgc_fsapi:cbd_v11:quarterly_change
2016-03-31,Serbia,SRB,Central and Eastern Europe,upper_middle_income,0.15,purchase,wgc_fsapi:cbd_v11:quarterly_change
2016-06-30,Serbia,SRB,Central and Eastern Europe,upper_middle_income,0.19,purchase,wgc_fsapi:cbd_v11:quarterly_change
2016-09-30,Serbia,SRB,Central and Eastern Europe,upper_middle_income,0.09,purchase,wgc_fsapi:cbd_v11:quarterly_change
2016-12-31,Serbia,SRB,Central and Eastern Europe,upper_middle_income,0.15,purchase,wgc_fsapi:cbd_v11:quarterly_change
2017-03-31,Serbia,SRB,Central and Eastern Europe,upper_middle_income,0.13,purchase,wgc_fsapi:cbd_v11:quarterly_change
2017-06-30,Serbia,SRB,Central and Eastern Europe,upper_middle_income,0.18,purchase,wgc_fsapi:cbd_v11:quarterly_change
2017-09-30,Serbia,SRB,Central and Eastern Europe,upper_middle_income,0.12,purchase,wgc_fsapi:cbd_v11:quarterly_change
2017-12-31,Serbia,SRB,Central and Eastern Europe,upper_middle_income,0.22,purchase,wgc_fsapi:cbd_v11:quarterly_change
2018-03-31,Serbia,SRB,Central and Eastern Europe,upper_middle_income,0.15,purchase,wgc_fsapi:cbd_v11:quarterly_change
2018-06-30,Serbia,SRB,Central and Eastern Europe,upper_middle_income,0.3,purchase,wgc_fsapi:cbd_v11:quarterly_change
2018-09-30,Serbia,SRB,Central and Eastern Europe,upper_middle_income,0.3,purchase,wgc_fsapi:cbd_v11:quarterly_change
2018-12-31,Serbia,SRB,Central and Eastern Europe,upper_middle_income,0.31,purchase,wgc_fsapi:cbd_v11:quarterly_change
2019-03-31,Serbia,SRB,Central and Eastern Europe,upper_middle_income,0.28,purchase,wgc_fsapi:cbd_v11:quarterly_change
2019-06-30,Serbia,SRB,Central and Eastern Europe,upper_middle_income,0.35,purchase,wgc_fsapi:cbd_v11:quarterly_change
2019-09-30,Serbia,SRB,Central and Eastern Europe,upper_middle_income,0.31,purchase,wgc_fsapi:cbd_v11:quarterly_change
2019-12-31,Serbia,SRB,Central and Eastern Europe,upper_middle_income,9.24,purchase,wgc_fsapi:cbd_v11:quarterly_change
2020-03-31,Serbia,SRB,Central and Eastern Europe,upper_middle_income,0.4,purchase,wgc_fsapi:cbd_v11:quarterly_change
2020-06-30,Serbia,SRB,Central and Eastern Europe,upper_middle_income,0.56,purchase,wgc_fsapi:cbd_v11:quarterly_change
2020-09-30,Serbia,SRB,Central and Eastern Europe,upper_middle_income,0.55,purchase,wgc_fsapi:cbd_v11:quarterly_change
2020-12-31,Serbia,SRB,Central and Eastern Europe,upper_middle_income,3.54,purchase,wgc_fsapi:cbd_v11:quarterly_change
2021-03-31,Serbia,SRB,Central and Eastern Europe,upper_middle_income,0.39,purchase,wgc_fsapi:cbd_v11:quarterly_change
2021-06-30,Serbia,SRB,Central and Eastern Europe,upper_middle_income,0.39,purchase,wgc_fsapi:cbd_v11:quarterly_change
2021-09-30,Serbia,SRB,Central and Eastern Europe,upper_middle_income,0.5,purchase,wgc_fsapi:cbd_v11:quarterly_change
2021-12-31,Serbia,SRB,Central and Eastern Europe,upper_middle_income,0.41,purchase,wgc_fsapi:cbd_v11:quarterly_change
2022-03-31,Serbia,SRB,Central and Eastern Europe,upper_middle_income,0.44,purchase,wgc_fsapi:cbd_v11:quarterly_change
2022-06-30,Serbia,SRB,Central and Eastern Europe,upper_middle_income,0.42,purchase,wgc_fsapi:cbd_v11:quarterly_change
2022-09-30,Serbia,SRB,Central and Eastern Europe,upper_middle_income,0.26,purchase,wgc_fsapi:cbd_v11:quarterly_change
2022-12-31,Serbia,SRB,Central and Eastern Europe,upper_middle_income,0.01,purchase,wgc_fsapi:cbd_v11:quarterly_change
2023-09-30,Serbia,SRB,Central and Eastern Europe,upper_middle_income,0.21,purchase,wgc_fsapi:cbd_v11:quarterly_change
2023-12-31,Serbia,SRB,Central and Eastern Europe,upper_middle_income,1.27,purchase,wgc_fsapi:cbd_v11:quarterly_change
2024-03-31,Serbia,SRB,Central and Eastern Europe,upper_middle_income,0.72,purchase,wgc_fsapi:cbd_v11:quarterly_change
2024-06-30,Serbia,SRB,Central and Eastern Europe,upper_middle_income,0.78,purchase,wgc_fsapi:cbd_v11:quarterly_change
2024-09-30,Serbia,SRB,Central and Eastern Europe,upper_middle_income,5.81,purchase,wgc_fsapi:cbd_v11:quarterly_change
2024-12-31,Serbia,SRB,Central and Eastern Europe,upper_middle_income,0.89,purchase,wgc_fsapi:cbd_v11:quarterly_change
2025-03-31,Serbia,SRB,Central and Eastern Europe,upper_middle_income,0.96,purchase,wgc_fsapi:cbd_v11:quarterly_change
2025-06-30,Serbia,SRB,Central and Eastern Europe,upper_middle_income,1.2,purchase,wgc_fsapi:cbd_v11:quarterly_change
2025-09-30,Serbia,SRB,Central and Eastern Europe,upper_middle_income,1.38,purchase,wgc_fsapi:cbd_v11:quarterly_change
2001-03-31,Suriname,SUR,Latin America & Caribbean,upper_middle_income,-0.17,sale,wgc_fsapi:cbd_v11:quarterly_change
2001-06-30,Suriname,SUR,Latin America & Caribbean,upper_middle_income,0.37,purchase,wgc_fsapi:cbd_v11:quarterly_change
2001-09-30,Suriname,SUR,Latin America & Caribbean,upper_middle_income,-0.39,sale,wgc_fsapi:cbd_v11:quarterly_change
2001-12-31,Suriname,SUR,Latin America & Caribbean,upper_middle_income,0.46,purchase,wgc_fsapi:cbd_v11:quarterly_change
2002-03-31,Suriname,SUR,Latin America & Caribbean,upper_middle_income,-0.11,sale,wgc_fsapi:cbd_v11:quarterly_change
2002-06-30,Suriname,SUR,Latin America & Caribbean,upper_middle_income,0.05,purchase,wgc_fsapi:cbd_v11:quarterly_change
2002-09-30,Suriname,SUR,Latin America & Caribbean,upper_middle_income,-7.37,sale,wgc_fsapi:cbd_v11:quarterly_change
2002-12-31,Suriname,SUR,Latin America & Caribbean,upper_middle_income,-0.17,sale,wgc_fsapi:cbd_v11:quarterly_change
2003-03-31,Suriname,SUR,Latin America & Caribbean,upper_middle_income,-0.06,sale,wgc_fsapi:cbd_v11:quarterly_change
2003-09-30,Suriname,SUR,Latin America & Caribbean,upper_middle_income,0.06,purchase,wgc_fsapi:cbd_v11:quarterly_change
2005-03-31,Suriname,SUR,Latin America & Caribbean,upper_middle_income,0.2,purchase,wgc_fsapi:cbd_v11:quarterly_change
2005-06-30,Suriname,SUR,Latin America & Caribbean,upper_middle_income,0.03,purchase,wgc_fsapi:cbd_v11:quarterly_change
2005-09-30,Suriname,SUR,Latin America & Caribbean,upper_middle_income,0.07,purchase,wgc_fsapi:cbd_v11:quarterly_change
2005-12-31,Suriname,SUR,Latin America & Caribbean,upper_middle_income,0.04,purchase,wgc_fsapi:cbd_v11:quarterly_change
2006-03-31,Suriname,SUR,Latin America & Caribbean,upper_middle_income,-0.07,sale,wgc_fsapi:cbd_v11:quarterly_change
2006-06-30,Suriname,SUR,Latin America & Caribbean,upper_middle_income,0.08,purchase,wgc_fsapi:cbd_v11:quarterly_change
2006-09-30,Suriname,SUR,Latin America & Caribbean,upper_middle_income,0.12,purchase,wgc_fsapi:cbd_v11:quarterly_change
2006-12-31,Suriname,SUR,Latin America & Caribbean,upper_middle_income,-0.04,sale,wgc_fsapi:cbd_v11:quarterly_change
2007-03-31,Suriname,SUR,Latin America & Caribbean,upper_middle_income,0.04,purchase,wgc_fsapi:cbd_v11:quarterly_change
2007-06-30,Suriname,SUR,Latin America & Caribbean,upper_middle_income,0.02,purchase,wgc_fsapi:cbd_v11:quarterly_change
2007-09-30,Suriname,SUR,Latin America & Caribbean,upper_middle_income,0.04,purchase,wgc_fsapi:cbd_v11:quarterly_change
2007-12-31,Suriname,SUR,Latin America & Caribbean,upper_middle_income,0.07,purchase,wgc_fsapi:cbd_v11:quarterly_change
2008-03-31,Suriname,SUR,Latin America & Caribbean,upper_middle_income,0.05,purchase,wgc_fsapi:cbd_v11:quarterly_change
2008-06-30,Suriname,SUR,Latin America & Caribbean,upper_middle_income,0.03,purchase,wgc_fsapi:cbd_v11:quarterly_change
2008-09-30,Suriname,SUR,Latin America & Caribbean,upper_middle_income,0.03,purchase,wgc_fsapi:cbd_v11:quarterly_change
2008-12-31,Suriname,SUR,Latin America & Caribbean,upper_middle_income,0.1,purchase,wgc_fsapi:cbd_v11:quarterly_change
2009-03-31,Suriname,SUR,Latin America & Caribbean,upper_middle_income,0.03,purchase,wgc_fsapi:cbd_v11:quarterly_change
2009-06-30,Suriname,SUR,Latin America & Caribbean,upper_middle_income,0.07,purchase,wgc_fsapi:cbd_v11:quarterly_change
2009-09-30,Suriname,SUR,Latin America & Caribbean,upper_middle_income,0.12,purchase,wgc_fsapi:cbd_v11:quarterly_change
2009-12-31,Suriname,SUR,Latin America & Caribbean,upper_middle_income,0.06,purchase,wgc_fsapi:cbd_v11:quarterly_change
2010-03-31,Suriname,SUR,Latin America & Caribbean,upper_middle_income,0.07,purchase,wgc_fsapi:cbd_v11:quarterly_change
2010-06-30,Suriname,SUR,Latin America & Caribbean,upper_middle_income,0.06,purchase,wgc_fsapi:cbd_v11:quarterly_change
2010-09-30,Suriname,SUR,Latin America & Caribbean,upper_middle_income,0.05,purchase,wgc_fsapi:cbd_v11:quarterly_change
2010-12-31,Suriname,SUR,Latin America & Caribbean,upper_middle_income,0.06,purchase,wgc_fsapi:cbd_v11:quarterly_change
2011-03-31,Suriname,SUR,Latin America & Caribbean,upper_middle_income,0.06,purchase,wgc_fsapi:cbd_v11:quarterly_change
2011-06-30,Suriname,SUR,Latin America & Caribbean,upper_middle_income,0.08,purchase,wgc_fsapi:cbd_v11:quarterly_change
2011-09-30,Suriname,SUR,Latin America & Caribbean,upper_middle_income,0.02,purchase,wgc_fsapi:cbd_v11:quarterly_change
2011-12-31,Suriname,SUR,Latin America & Caribbean,upper_middle_income,0.07,purchase,wgc_fsapi:cbd_v11:quarterly_change
2012-06-30,Suriname,SUR,Latin America & Caribbean,upper_middle_income,0.08,purchase,wgc_fsapi:cbd_v11:quarterly_change
2012-09-30,Suriname,SUR,Latin America & Caribbean,upper_middle_income,0.03,purchase,wgc_fsapi:cbd_v11:quarterly_change
2013-03-31,Suriname,SUR,Latin America & Caribbean,upper_middle_income,0.05,purchase,wgc_fsapi:cbd_v11:quarterly_change
2013-06-30,Suriname,SUR,Latin America & Caribbean,upper_middle_income,-1.27,sale,wgc_fsapi:cbd_v11:quarterly_change
2013-09-30,Suriname,SUR,Latin America & Caribbean,upper_middle_income,-0.05,sale,wgc_fsapi:cbd_v11:quarterly_change
2014-03-31,Suriname,SUR,Latin America & Caribbean,upper_middle_income,0.3,purchase,wgc_fsapi:cbd_v11:quarterly_change
2016-06-30,Suriname,SUR,Latin America & Caribbean,upper_middle_income,-0.78,sale,wgc_fsapi:cbd_v11:quarterly_change
2016-12-31,Suriname,SUR,Latin America & Caribbean,upper_middle_income,0.23,purchase,wgc_fsapi:cbd_v11:quarterly_change
2017-03-31,Suriname,SUR,Latin America & Caribbean,upper_middle_income,-0.06,sale,wgc_fsapi:cbd_v11:quarterly_change
2017-09-30,Suriname,SUR,Latin America & Caribbean,upper_middle_income,-0.04,sale,wgc_fsapi:cbd_v11:quarterly_change
2017-12-31,Suriname,SUR,Latin America & Caribbean,upper_middle_income,0.25,purchase,wgc_fsapi:cbd_v11:quarterly_change
2018-03-31,Suriname,SUR,Latin America & Caribbean,upper_middle_income,-0.06,sale,wgc_fsapi:cbd_v11:quarterly_change
2018-06-30,Suriname,SUR,Latin America & Caribbean,upper_middle_income,0.25,purchase,wgc_fsapi:cbd_v11:quarterly_change
2018-09-30,Suriname,SUR,Latin America & Caribbean,upper_middle_income,0.15,purchase,wgc_fsapi:cbd_v11:quarterly_change
2018-12-31,Suriname,SUR,Latin America & Caribbean,upper_middle_income,0.1,purchase,wgc_fsapi:cbd_v11:quarterly_change
2019-03-31,Suriname,SUR,Latin America & Caribbean,upper_middle_income,-0.07,sale,wgc_fsapi:cbd_v11:quarterly_change
2019-12-31,Suriname,SUR,Latin America & Caribbean,upper_middle_income,0.35,purchase,wgc_fsapi:cbd_v11:quarterly_change
2020-03-31,Suriname,SUR,Latin America & Caribbean,upper_middle_income,-0.2,sale,wgc_fsapi:cbd_v11:quarterly_change
2024-03-31,Suriname,SUR,Latin America & Caribbean,upper_middle_income,-0.25,sale,wgc_fsapi:cbd_v11:quarterly_change
2001-06-30,Slovakia,SVK,Central and Eastern Europe,high_income,-5.0,sale,wgc_fsapi:cbd_v11:quarterly_change
2009-03-31,Slovakia,SVK,Central and Eastern Europe,high_income,-3.33,sale,wgc_fsapi:cbd_v11:quarterly_change
2014-03-31,Slovakia,SVK,Central and Eastern Europe,high_income,-0.1,sale,wgc_fsapi:cbd_v11:quarterly_change
2001-06-30,Slovenia,SVN,Central and Eastern Europe,high_income,7.55,purchase,wgc_fsapi:cbd_v11:quarterly_change
2002-09-30,Slovenia,SVN,Central and Eastern Europe,high_income,-0.01,sale,wgc_fsapi:cbd_v11:quarterly_change
2005-12-31,Slovenia,SVN,Central and Eastern Europe,high_income,-2.5,sale,wgc_fsapi:cbd_v11:quarterly_change
2007-03-31,Slovenia,SVN,Central and Eastern Europe,high_income,-1.86,sale,wgc_fsapi:cbd_v11:quarterly_change
2008-03-31,Slovenia,SVN,Central and Eastern Europe,high_income,0.01,purchase,wgc_fsapi:cbd_v11:quarterly_change
2009-03-31,Slovenia,SVN,Central and Eastern Europe,high_income,-0.01,sale,wgc_fsapi:cbd_v11:quarterly_change
2009-06-30,Slovenia,SVN,Central and Eastern Europe,high_income,0.01,purchase,wgc_fsapi:cbd_v11:quarterly_change
2010-12-31,Slovenia,SVN,Central and Eastern Europe,high_income,-0.02,sale,wgc_fsapi:cbd_v11:quarterly_change
2011-03-31,Slovenia,SVN,Central and Eastern Europe,high_income,-0.01,sale,wgc_fsapi:cbd_v11:quarterly_change
2016-03-31,Slovenia,SVN,Central and Eastern Europe,high_income,0.01,purchase,wgc_fsapi:cbd_v11:quarterly_change
2016-06-30,Slovenia,SVN,Central and Eastern Europe,high_income,-0.01,sale,wgc_fsapi:cbd_v11:quarterly_change
2025-03-31,Slovenia,SVN,Central and Eastern Europe,high_income,0.31,purchase,wgc_fsapi:cbd_v11:quarterly_change
2025-06-30,Slovenia,SVN,Central and Eastern Europe,high_income,0.25,purchase,wgc_fsapi:cbd_v11:quarterly_change
2025-09-30,Slovenia,SVN,Central and Eastern Europe,high_income,0.28,purchase,wgc_fsapi:cbd_v11:quarterly_change
2005-03-31,Sweden,SWE,Western Europe,high_income,-15.02,sale,wgc_fsapi:cbd_v11:quarterly_change
2005-12-31,Sweden,SWE,Western Europe,high_income,-2.0,sale,wgc_fsapi:cbd_v11:quarterly_change
2006-03-31,Sweden,SWE,Western Europe,high_income,-3.2,sale,wgc_fsapi:cbd_v11:quarterly_change
2006-06-30,Sweden,SWE,Western Europe,high_income,-1.9,sale,wgc_fsapi:cbd_v11:quarterly_change
2006-09-30,Sweden,SWE,Western Europe,high_income,-2.8,sale,wgc_fsapi:cbd_v11:quarterly_change
2006-12-31,Sweden,SWE,Western Europe,high_income,-2.0,sale,wgc_fsapi:cbd_v11:quarterly_change
2007-03-31,Sweden,SWE,Western Europe,high_income,-2.3,sale,wgc_fsapi:cbd_v11:quarterly_change
2007-06-30,Sweden,SWE,Western Europe,high_income,-2.8,sale,wgc_fsapi:cbd_v11:quarterly_change
2007-09-30,Sweden,SWE,Western Europe,high_income,-2.7,sale,wgc_fsapi:cbd_v11:quarterly_change
2007-12-31,Sweden,SWE,Western Europe,high_income,-1.9,sale,wgc_fsapi:cbd_v11:quarterly_change
2008-03-31,Sweden,SWE,Western Europe,high_income,-2.2,sale,wgc_fsapi:cbd_v11:quarterly_change
2008-06-30,Sweden,SWE,Western Europe,high_income,-2.6,sale,wgc_fsapi:cbd_v11:quarterly_change
2008-09-30,Sweden,SWE,Western Europe,high_income,-3.3,sale,wgc_fsapi:cbd_v11:quarterly_change
2008-12-31,Sweden,SWE,Western Europe,high_income,-3.7,sale,wgc_fsapi:cbd_v11:quarterly_change
2009-03-31,Sweden,SWE,Western Europe,high_income,-3.4,sale,wgc_fsapi:cbd_v11:quarterly_change
2009-06-30,Sweden,SWE,Western Europe,high_income,-2.6,sale,wgc_fsapi:cbd_v11:quarterly_change
2009-09-30,Sweden,SWE,Western Europe,high_income,-5.28,sale,wgc_fsapi:cbd_v11:quarterly_change
2008-03-31,Syrian Arab Republic,SYR,Middle East & North Africa,low_income,-0.09,sale,wgc_fsapi:cbd_v11:quarterly_change
2001-06-30,Thailand,THA,South East Asia,upper_middle_income,1.03,purchase,wgc_fsapi:cbd_v11:quarterly_change
2001-09-30,Thailand,THA,South East Asia,upper_middle_income,0.68,purchase,wgc_fsapi:cbd_v11:quarterly_change
2001-12-31,Thailand,THA,South East Asia,upper_middle_income,1.81,purchase,wgc_fsapi:cbd_v11:quarterly_change
2002-06-30,Thailand,THA,South East Asia,upper_middle_income,0.62,purchase,wgc_fsapi:cbd_v11:quarterly_change
2003-12-31,Thailand,THA,South East Asia,upper_middle_income,3.11,purchase,wgc_fsapi:cbd_v11:quarterly_change
2004-06-30,Thailand,THA,South East Asia,upper_middle_income,3.11,purchase,wgc_fsapi:cbd_v11:quarterly_change
2010-09-30,Thailand,THA,South East Asia,upper_middle_income,15.55,purchase,wgc_fsapi:cbd_v11:quarterly_change
2011-03-31,Thailand,THA,South East Asia,upper_middle_income,9.33,purchase,wgc_fsapi:cbd_v11:quarterly_change
2011-06-30,Thailand,THA,South East Asia,upper_middle_income,18.66,purchase,wgc_fsapi:cbd_v11:quarterly_change
2011-09-30,Thailand,THA,South East Asia,upper_middle_income,24.89,purchase,wgc_fsapi:cbd_v11:quarterly_change
2017-09-30,Thailand,THA,South East Asia,upper_middle_income,1.55,purchase,wgc_fsapi:cbd_v11:quarterly_change
2019-09-30,Thailand,THA,South East Asia,upper_middle_income,-0.12,sale,wgc_fsapi:cbd_v11:quarterly_change
2019-12-31,Thailand,THA,South East Asia,upper_middle_income,0.12,purchase,wgc_fsapi:cbd_v11:quarterly_change
2021-06-30,Thailand,THA,South East Asia,upper_middle_income,90.2,purchase,wgc_fsapi:cbd_v11:quarterly_change
2024-03-31,Thailand,THA,South East Asia,upper_middle_income,-9.64,sale,wgc_fsapi:cbd_v11:quarterly_change
2001-03-31,Tajikistan,TJK,Central Asia,low_income,0.01,purchase,wgc_fsapi:cbd_v11:quarterly_change
2001-09-30,Tajikistan,TJK,Central Asia,low_income,0.02,purchase,wgc_fsapi:cbd_v11:quarterly_change
2002-03-31,Tajikistan,TJK,Central Asia,low_income,0.1,purchase,wgc_fsapi:cbd_v11:quarterly_change
2002-06-30,Tajikistan,TJK,Central Asia,low_income,-0.29,sale,wgc_fsapi:cbd_v11:quarterly_change
2003-06-30,Tajikistan,TJK,Central Asia,low_income,0.16,purchase,wgc_fsapi:cbd_v11:quarterly_change
2003-09-30,Tajikistan,TJK,Central Asia,low_income,0.04,purchase,wgc_fsapi:cbd_v11:quarterly_change
2003-12-31,Tajikistan,TJK,Central Asia,low_income,0.23,purchase,wgc_fsapi:cbd_v11:quarterly_change
2004-03-31,Tajikistan,TJK,Central Asia,low_income,0.06,purchase,wgc_fsapi:cbd_v11:quarterly_change
2004-06-30,Tajikistan,TJK,Central Asia,low_income,0.06,purchase,wgc_fsapi:cbd_v11:quarterly_change
2004-09-30,Tajikistan,TJK,Central Asia,low_income,0.42,purchase,wgc_fsapi:cbd_v11:quarterly_change
2004-12-31,Tajikistan,TJK,Central Asia,low_income,0.06,purchase,wgc_fsapi:cbd_v11:quarterly_change
2005-03-31,Tajikistan,TJK,Central Asia,low_income,0.37,purchase,wgc_fsapi:cbd_v11:quarterly_change
2005-06-30,Tajikistan,TJK,Central Asia,low_income,0.06,purchase,wgc_fsapi:cbd_v11:quarterly_change
2005-09-30,Tajikistan,TJK,Central Asia,low_income,-0.24,sale,wgc_fsapi:cbd_v11:quarterly_change
2005-12-31,Tajikistan,TJK,Central Asia,low_income,0.03,purchase,wgc_fsapi:cbd_v11:quarterly_change
2006-03-31,Tajikistan,TJK,Central Asia,low_income,0.02,purchase,wgc_fsapi:cbd_v11:quarterly_change
2006-06-30,Tajikistan,TJK,Central Asia,low_income,0.03,purchase,wgc_fsapi:cbd_v11:quarterly_change
2006-09-30,Tajikistan,TJK,Central Asia,low_income,-0.04,sale,wgc_fsapi:cbd_v11:quarterly_change
2006-12-31,Tajikistan,TJK,Central Asia,low_income,0.14,purchase,wgc_fsapi:cbd_v11:quarterly_change
2007-03-31,Tajikistan,TJK,Central Asia,low_income,-0.04,sale,wgc_fsapi:cbd_v11:quarterly_change
2007-06-30,Tajikistan,TJK,Central Asia,low_income,0.16,purchase,wgc_fsapi:cbd_v11:quarterly_change
2007-09-30,Tajikistan,TJK,Central Asia,low_income,0.02,purchase,wgc_fsapi:cbd_v11:quarterly_change
2007-12-31,Tajikistan,TJK,Central Asia,low_income,0.14,purchase,wgc_fsapi:cbd_v11:quarterly_change
2008-03-31,Tajikistan,TJK,Central Asia,low_income,0.07,purchase,wgc_fsapi:cbd_v11:quarterly_change
2008-06-30,Tajikistan,TJK,Central Asia,low_income,0.1,purchase,wgc_fsapi:cbd_v11:quarterly_change
2008-09-30,Tajikistan,TJK,Central Asia,low_income,0.18,purchase,wgc_fsapi:cbd_v11:quarterly_change
2008-12-31,Tajikistan,TJK,Central Asia,low_income,0.1,purchase,wgc_fsapi:cbd_v11:quarterly_change
2009-03-31,Tajikistan,TJK,Central Asia,low_income,0.08,purchase,wgc_fsapi:cbd_v11:quarterly_change
2009-06-30,Tajikistan,TJK,Central Asia,low_income,0.02,purchase,wgc_fsapi:cbd_v11:quarterly_change
2009-12-31,Tajikistan,TJK,Central Asia,low_income,0.07,purchase,wgc_fsapi:cbd_v11:quarterly_change
2010-03-31,Tajikistan,TJK,Central Asia,low_income,0.09,purchase,wgc_fsapi:cbd_v11:quarterly_change
2010-06-30,Tajikistan,TJK,Central Asia,low_income,1.14,purchase,wgc_fsapi:cbd_v11:quarterly_change
2010-09-30,Tajikistan,TJK,Central Asia,low_income,-0.94,sale,wgc_fsapi:cbd_v11:quarterly_change
2010-12-31,Tajikistan,TJK,Central Asia,low_income,-0.84,sale,wgc_fsapi:cbd_v11:quarterly_change
2011-03-31,Tajikistan,TJK,Central Asia,low_income,1.15,purchase,wgc_fsapi:cbd_v11:quarterly_change
2011-06-30,Tajikistan,TJK,Central Asia,low_income,0.14,purchase,wgc_fsapi:cbd_v11:quarterly_change
2011-09-30,Tajikistan,TJK,Central Asia,low_income,1.7,purchase,wgc_fsapi:cbd_v11:quarterly_change
2011-12-31,Tajikistan,TJK,Central Asia,low_income,-0.07,sale,wgc_fsapi:cbd_v11:quarterly_change
2012-03-31,Tajikistan,TJK,Central Asia,low_income,0.23,purchase,wgc_fsapi:cbd_v11:quarterly_change
2012-06-30,Tajikistan,TJK,Central Asia,low_income,0.1,purchase,wgc_fsapi:cbd_v11:quarterly_change
2012-09-30,Tajikistan,TJK,Central Asia,low_income,-0.33,sale,wgc_fsapi:cbd_v11:quarterly_change
2012-12-31,Tajikistan,TJK,Central Asia,low_income,1.55,purchase,wgc_fsapi:cbd_v11:quarterly_change
2013-03-31,Tajikistan,TJK,Central Asia,low_income,0.23,purchase,wgc_fsapi:cbd_v11:quarterly_change
2013-06-30,Tajikistan,TJK,Central Asia,low_income,0.39,purchase,wgc_fsapi:cbd_v11:quarterly_change
2013-09-30,Tajikistan,TJK,Central Asia,low_income,0.07,purchase,wgc_fsapi:cbd_v11:quarterly_change
2013-12-31,Tajikistan,TJK,Central Asia,low_income,-1.73,sale,wgc_fsapi:cbd_v11:quarterly_change
2014-03-31,Tajikistan,TJK,Central Asia,low_income,0.48,purchase,wgc_fsapi:cbd_v11:quarterly_change
2014-06-30,Tajikistan,TJK,Central Asia,low_income,2.63,purchase,wgc_fsapi:cbd_v11:quarterly_change
2014-09-30,Tajikistan,TJK,Central Asia,low_income,1.32,purchase,wgc_fsapi:cbd_v11:quarterly_change
2014-12-31,Tajikistan,TJK,Central Asia,low_income,-0.96,sale,wgc_fsapi:cbd_v11:quarterly_change
2015-03-31,Tajikistan,TJK,Central Asia,low_income,0.26,purchase,wgc_fsapi:cbd_v11:quarterly_change
2015-06-30,Tajikistan,TJK,Central Asia,low_income,1.37,purchase,wgc_fsapi:cbd_v11:quarterly_change
2015-09-30,Tajikistan,TJK,Central Asia,low_income,1.64,purchase,wgc_fsapi:cbd_v11:quarterly_change
2015-12-31,Tajikistan,TJK,Central Asia,low_income,0.67,purchase,wgc_fsapi:cbd_v11:quarterly_change
2016-03-31,Tajikistan,TJK,Central Asia,low_income,0.3,purchase,wgc_fsapi:cbd_v11:quarterly_change
2016-06-30,Tajikistan,TJK,Central Asia,low_income,-0.56,sale,wgc_fsapi:cbd_v11:quarterly_change
2016-09-30,Tajikistan,TJK,Central Asia,low_income,2.1,purchase,wgc_fsapi:cbd_v11:quarterly_change
2016-12-31,Tajikistan,TJK,Central Asia,low_income,0.16,purchase,wgc_fsapi:cbd_v11:quarterly_change
2017-03-31,Tajikistan,TJK,Central Asia,low_income,-1.88,sale,wgc_fsapi:cbd_v11:quarterly_change
2017-06-30,Tajikistan,TJK,Central Asia,low_income,3.78,purchase,wgc_fsapi:cbd_v11:quarterly_change
2017-09-30,Tajikistan,TJK,Central Asia,low_income,-1.31,sale,wgc_fsapi:cbd_v11:quarterly_change
2017-12-31,Tajikistan,TJK,Central Asia,low_income,0.42,purchase,wgc_fsapi:cbd_v11:quarterly_change
2018-06-30,Tajikistan,TJK,Central Asia,low_income,4.13,purchase,wgc_fsapi:cbd_v11:quarterly_change
2018-12-31,Tajikistan,TJK,Central Asia,low_income,2.53,purchase,wgc_fsapi:cbd_v11:quarterly_change
2019-03-31,Tajikistan,TJK,Central Asia,low_income,-1.84,sale,wgc_fsapi:cbd_v11:quarterly_change
2019-06-30,Tajikistan,TJK,Central Asia,low_income,1.91,purchase,wgc_fsapi:cbd_v11:quarterly_change
2019-09-30,Tajikistan,TJK,Central Asia,low_income,-2.06,sale,wgc_fsapi:cbd_v11:quarterly_change
2019-12-31,Tajikistan,TJK,Central Asia,low_income,-0.94,sale,wgc_fsapi:cbd_v11:quarterly_change
2020-03-31,Tajikistan,TJK,Central Asia,low_income,-2.14,sale,wgc_fsapi:cbd_v11:quarterly_change
2020-09-30,Tajikistan,TJK,Central Asia,low_income,-6.38,sale,wgc_fsapi:cbd_v11:quarterly_change
2020-12-31,Tajikistan,TJK,Central Asia,low_income,3.07,purchase,wgc_fsapi:cbd_v11:quarterly_change
2021-03-31,Tajikistan,TJK,Central Asia,low_income,-11.89,sale,wgc_fsapi:cbd_v11:quarterly_change
2021-06-30,Tajikistan,TJK,Central Asia,low_income,3.23,purchase,wgc_fsapi:cbd_v11:quarterly_change
2021-12-31,Tajikistan,TJK,Central Asia,low_income,-3.24,sale,wgc_fsapi:cbd_v11:quarterly_change
2022-06-30,Tajikistan,TJK,Central Asia,low_income,3.74,purchase,wgc_fsapi:cbd_v11:quarterly_change
2022-09-30,Tajikistan,TJK,Central Asia,low_income,-0.01,sale,wgc_fsapi:cbd_v11:quarterly_change
2022-12-31,Tajikistan,TJK,Central Asia,low_income,2.75,purchase,wgc_fsapi:cbd_v11:quarterly_change
2001-06-30,Trinidad and Tobago,TTO,Latin America & Caribbean,high_income,0.01,purchase,wgc_fsapi:cbd_v11:quarterly_change
2001-12-31,Trinidad and Tobago,TTO,Latin America & Caribbean,high_income,0.01,purchase,wgc_fsapi:cbd_v11:quarterly_change
2003-03-31,Trinidad and Tobago,TTO,Latin America & Caribbean,high_income,0.01,purchase,wgc_fsapi:cbd_v11:quarterly_change
2006-06-30,Trinidad and Tobago,TTO,Latin America & Caribbean,high_income,0.01,purchase,wgc_fsapi:cbd_v11:quarterly_change
2010-06-30,Trinidad and Tobago,TTO,Latin America & Caribbean,high_income,0.01,purchase,wgc_fsapi:cbd_v11:quarterly_change
2015-06-30,Trinidad and Tobago,TTO,Latin America & Caribbean,high_income,0.01,purchase,wgc_fsapi:cbd_v11:quarterly_change
2018-06-30,Trinidad and Tobago,TTO,Latin America & Caribbean,high_income,0.01,purchase,wgc_fsapi:cbd_v11:quarterly_change
2023-09-30,Trinidad and Tobago,TTO,Latin America & Caribbean,high_income,0.01,purchase,wgc_fsapi:cbd_v11:quarterly_change
2025-03-31,Trinidad and Tobago,TTO,Latin America & Caribbean,high_income,0.01,purchase,wgc_fsapi:cbd_v11:quarterly_change
2001-06-30,Tunisia,TUN,Middle East & North Africa,lower_middle_income,-0.04,sale,wgc_fsapi:cbd_v11:quarterly_change
2001-09-30,Tunisia,TUN,Middle East & North Africa,lower_middle_income,-0.02,sale,wgc_fsapi:cbd_v11:quarterly_change
2001-12-31,Tunisia,TUN,Middle East & North Africa,lower_middle_income,0.01,purchase,wgc_fsapi:cbd_v11:quarterly_change
2002-06-30,Tunisia,TUN,Middle East & North Africa,lower_middle_income,-0.01,sale,wgc_fsapi:cbd_v11:quarterly_change
2002-09-30,Tunisia,TUN,Middle East & North Africa,lower_middle_income,-0.01,sale,wgc_fsapi:cbd_v11:quarterly_change
2008-03-31,Tunisia,TUN,Middle East & North Africa,lower_middle_income,0.01,purchase,wgc_fsapi:cbd_v11:quarterly_change
2010-03-31,Tunisia,TUN,Middle East & North Africa,lower_middle_income,-0.03,sale,wgc_fsapi:cbd_v11:quarterly_change
2011-12-31,Tunisia,TUN,Middle East & North Africa,lower_middle_income,-0.01,sale,wgc_fsapi:cbd_v11:quarterly_change
2013-12-31,Tunisia,TUN,Middle East & North Africa,lower_middle_income,0.04,purchase,wgc_fsapi:cbd_v11:quarterly_change
2020-06-30,Tunisia,TUN,Middle East & North Africa,lower_middle_income,0.06,purchase,wgc_fsapi:cbd_v11:quarterly_change
2001-03-31,Turkey,TUR,Central and Eastern Europe,upper_middle_income,-0.08,sale,wgc_fsapi:cbd_v11:quarterly_change
2001-06-30,Turkey,TUR,Central and Eastern Europe,upper_middle_income,-0.04,sale,wgc_fsapi:cbd_v11:quarterly_change
2001-09-30,Turkey,TUR,Central and Eastern Europe,upper_middle_income,-0.05,sale,wgc_fsapi:cbd_v11:quarterly_change
2001-12-31,Turkey,TUR,Central and Eastern Europe,upper_middle_income,-0.02,sale,wgc_fsapi:cbd_v11:quarterly_change
2012-03-31,Turkey,TUR,Central and Eastern Europe,upper_middle_income,0.01,purchase,wgc_fsapi:cbd_v11:quarterly_change
2012-06-30,Turkey,TUR,Central and Eastern Europe,upper_middle_income,-0.01,sale,wgc_fsapi:cbd_v11:quarterly_change
2012-09-30,Turkey,TUR,Central and Eastern Europe,upper_middle_income,0.01,purchase,wgc_fsapi:cbd_v11:quarterly_change
2012-12-31,Turkey,TUR,Central and Eastern Europe,upper_middle_income,-0.07,sale,wgc_fsapi:cbd_v11:quarterly_change
2013-03-31,Turkey,TUR,Central and Eastern Europe,upper_middle_income,0.05,purchase,wgc_fsapi:cbd_v11:quarterly_change
2013-09-30,Turkey,TUR,Central and Eastern Europe,upper_middle_income,0.02,purchase,wgc_fsapi:cbd_v11:quarterly_change
2013-12-31,Turkey,TUR,Central and Eastern Europe,upper_middle_income,-0.01,sale,wgc_fsapi:cbd_v11:quarterly_change
2014-09-30,Turkey,TUR,Central and Eastern Europe,upper_middle_income,-0.02,sale,wgc_fsapi:cbd_v11:quarterly_change
2014-12-31,Turkey,TUR,Central and Eastern Europe,upper_middle_income,0.03,purchase,wgc_fsapi:cbd_v11:quarterly_change
2015-03-31,Turkey,TUR,Central and Eastern Europe,upper_middle_income,0.01,purchase,wgc_fsapi:cbd_v11:quarterly_change
2015-06-30,Turkey,TUR,Central and Eastern Europe,upper_middle_income,-0.03,sale,wgc_fsapi:cbd_v11:quarterly_change
2015-09-30,Turkey,TUR,Central and Eastern Europe,upper_middle_income,0.03,purchase,wgc_fsapi:cbd_v11:quarterly_change
2015-12-31,Turkey,TUR,Central and Eastern Europe,upper_middle_income,-0.02,sale,wgc_fsapi:cbd_v11:quarterly_change
2016-06-30,Turkey,TUR,Central and Eastern Europe,upper_middle_income,0.02,purchase,wgc_fsapi:cbd_v11:quarterly_change
2016-09-30,Turkey,TUR,Central and Eastern Europe,upper_middle_income,-0.01,sale,wgc_fsapi:cbd_v11:quarterly_change
2016-12-31,Turkey,TUR,Central and Eastern Europe,upper_middle_income,-0.02,sale,wgc_fsapi:cbd_v11:quarterly_change
2017-03-31,Turkey,TUR,Central and Eastern Europe,upper_middle_income,0.01,purchase,wgc_fsapi:cbd_v11:quarterly_change
2017-06-30,Turkey,TUR,Central and Eastern Europe,upper_middle_income,20.97,purchase,wgc_fsapi:cbd_v11:quarterly_change
2017-09-30,Turkey,TUR,Central and Eastern Europe,upper_middle_income,30.32,purchase,wgc_fsapi:cbd_v11:quarterly_change
2017-12-31,Turkey,TUR,Central and Eastern Europe,upper_middle_income,34.64,purchase,wgc_fsapi:cbd_v11:quarterly_change
2018-03-31,Turkey,TUR,Central and Eastern Europe,upper_middle_income,29.84,purchase,wgc_fsapi:cbd_v11:quarterly_change
2018-06-30,Turkey,TUR,Central and Eastern Europe,upper_middle_income,8.3,purchase,wgc_fsapi:cbd_v11:quarterly_change
2018-09-30,Turkey,TUR,Central and Eastern Europe,upper_middle_income,6.0,purchase,wgc_fsapi:cbd_v11:quarterly_change
2018-12-31,Turkey,TUR,Central and Eastern Europe,upper_middle_income,7.3,purchase,wgc_fsapi:cbd_v11:quarterly_change
2019-03-31,Turkey,TUR,Central and Eastern Europe,upper_middle_income,31.98,purchase,wgc_fsapi:cbd_v11:quarterly_change
2019-06-30,Turkey,TUR,Central and Eastern Europe,upper_middle_income,16.43,purchase,wgc_fsapi:cbd_v11:quarterly_change
2019-09-30,Turkey,TUR,Central and Eastern Europe,upper_middle_income,43.09,purchase,wgc_fsapi:cbd_v11:quarterly_change
2019-12-31,Turkey,TUR,Central and Eastern Europe,upper_middle_income,34.06,purchase,wgc_fsapi:cbd_v11:quarterly_change
2020-03-31,Turkey,TUR,Central and Eastern Europe,upper_middle_income,59.29,purchase,wgc_fsapi:cbd_v11:quarterly_change
2020-06-30,Turkey,TUR,Central and Eastern Europe,upper_middle_income,31.57,purchase,wgc_fsapi:cbd_v11:quarterly_change
2020-09-30,Turkey,TUR,Central and Eastern Europe,upper_middle_income,-34.78,sale,wgc_fsapi:cbd_v11:quarterly_change
2020-12-31,Turkey,TUR,Central and Eastern Europe,upper_middle_income,-40.47,sale,wgc_fsapi:cbd_v11:quarterly_change
2021-03-31,Turkey,TUR,Central and Eastern Europe,upper_middle_income,5.22,purchase,wgc_fsapi:cbd_v11:quarterly_change
2021-06-30,Turkey,TUR,Central and Eastern Europe,upper_middle_income,6.81,purchase,wgc_fsapi:cbd_v11:quarterly_change
2021-09-30,Turkey,TUR,Central and Eastern Europe,upper_middle_income,-13.29,sale,wgc_fsapi:cbd_v11:quarterly_change
2021-12-31,Turkey,TUR,Central and Eastern Europe,upper_middle_income,0.86,purchase,wgc_fsapi:cbd_v11:quarterly_change
2022-03-31,Turkey,TUR,Central and Eastern Europe,upper_middle_income,36.87,purchase,wgc_fsapi:cbd_v11:quarterly_change
2022-06-30,Turkey,TUR,Central and Eastern Europe,upper_middle_income,26.59,purchase,wgc_fsapi:cbd_v11:quarterly_change
2022-09-30,Turkey,TUR,Central and Eastern Europe,upper_middle_income,31.17,purchase,wgc_fsapi:cbd_v11:quarterly_change
2022-12-31,Turkey,TUR,Central and Eastern Europe,upper_middle_income,52.9,purchase,wgc_fsapi:cbd_v11:quarterly_change
2023-03-31,Turkey,TUR,Central and Eastern Europe,upper_middle_income,30.21,purchase,wgc_fsapi:cbd_v11:quarterly_change
2023-06-30,Turkey,TUR,Central and Eastern Europe,upper_middle_income,-132.23,sale,wgc_fsapi:cbd_v11:quarterly_change
2023-09-30,Turkey,TUR,Central and Eastern Europe,upper_middle_income,39.22,purchase,wgc_fsapi:cbd_v11:quarterly_change
2023-12-31,Turkey,TUR,Central and Eastern Europe,upper_middle_income,61.22,purchase,wgc_fsapi:cbd_v11:quarterly_change
2024-03-31,Turkey,TUR,Central and Eastern Europe,upper_middle_income,30.11,purchase,wgc_fsapi:cbd_v11:quarterly_change
2024-06-30,Turkey,TUR,Central and Eastern Europe,upper_middle_income,-15.37,sale,wgc_fsapi:cbd_v11:quarterly_change
2024-09-30,Turkey,TUR,Central and Eastern Europe,upper_middle_income,10.44,purchase,wgc_fsapi:cbd_v11:quarterly_change
2024-12-31,Turkey,TUR,Central and Eastern Europe,upper_middle_income,22.23,purchase,wgc_fsapi:cbd_v11:quarterly_change
2025-03-31,Turkey,TUR,Central and Eastern Europe,upper_middle_income,6.32,purchase,wgc_fsapi:cbd_v11:quarterly_change
2025-06-30,Turkey,TUR,Central and Eastern Europe,upper_middle_income,10.84,purchase,wgc_fsapi:cbd_v11:quarterly_change
2025-09-30,Turkey,TUR,Central and Eastern Europe,upper_middle_income,6.52,purchase,wgc_fsapi:cbd_v11:quarterly_change
2025-12-31,Turkey,TUR,Central and Eastern Europe,upper_middle_income,2.42,purchase,wgc_fsapi:cbd_v11:quarterly_change
2003-09-30,"Taiwan, China",TWN,East Asia,high_income,1.87,purchase,wgc_fsapi:cbd_v11:quarterly_change
2004-06-30,"Taiwan, China",TWN,East Asia,high_income,-1.87,sale,wgc_fsapi:cbd_v11:quarterly_change
2004-12-31,"Taiwan, China",TWN,East Asia,high_income,1.55,purchase,wgc_fsapi:cbd_v11:quarterly_change
2008-03-31,"Taiwan, China",TWN,East Asia,high_income,-0.31,sale,wgc_fsapi:cbd_v11:quarterly_change
2008-06-30,"Taiwan, China",TWN,East Asia,high_income,-0.62,sale,wgc_fsapi:cbd_v11:quarterly_change
2008-12-31,"Taiwan, China",TWN,East Asia,high_income,1.25,purchase,wgc_fsapi:cbd_v11:quarterly_change
2011-12-31,"Taiwan, China",TWN,East Asia,high_income,-1.25,sale,wgc_fsapi:cbd_v11:quarterly_change
2012-06-30,"Taiwan, China",TWN,East Asia,high_income,0.31,purchase,wgc_fsapi:cbd_v11:quarterly_change
2012-09-30,"Taiwan, China",TWN,East Asia,high_income,0.94,purchase,wgc_fsapi:cbd_v11:quarterly_change
2016-03-31,"Taiwan, China",TWN,East Asia,high_income,-0.94,sale,wgc_fsapi:cbd_v11:quarterly_change
2016-09-30,"Taiwan, China",TWN,East Asia,high_income,0.94,purchase,wgc_fsapi:cbd_v11:quarterly_change
2019-12-31,"Taiwan, China",TWN,East Asia,high_income,-1.25,sale,wgc_fsapi:cbd_v11:quarterly_change
2020-06-30,"Taiwan, China",TWN,East Asia,high_income,0.31,purchase,wgc_fsapi:cbd_v11:quarterly_change
2020-09-30,"Taiwan, China",TWN,East Asia,high_income,0.94,purchase,wgc_fsapi:cbd_v11:quarterly_change
2023-12-31,"Taiwan, China",TWN,East Asia,high_income,-1.25,sale,wgc_fsapi:cbd_v11:quarterly_change
2024-06-30,"Taiwan, China",TWN,East Asia,high_income,0.31,purchase,wgc_fsapi:cbd_v11:quarterly_change
2024-12-31,"Taiwan, China",TWN,East Asia,high_income,1.25,purchase,wgc_fsapi:cbd_v11:quarterly_change
2001-03-31,Ukraine,UKR,Central and Eastern Europe,upper_middle_income,0.19,purchase,wgc_fsapi:cbd_v11:quarterly_change
2001-06-30,Ukraine,UKR,Central and Eastern Europe,upper_middle_income,0.34,purchase,wgc_fsapi:cbd_v11:quarterly_change
2001-09-30,Ukraine,UKR,Central and Eastern Europe,upper_middle_income,0.21,purchase,wgc_fsapi:cbd_v11:quarterly_change
2001-12-31,Ukraine,UKR,Central and Eastern Europe,upper_middle_income,0.18,purchase,wgc_fsapi:cbd_v11:quarterly_change
2002-03-31,Ukraine,UKR,Central and Eastern Europe,upper_middle_income,0.16,purchase,wgc_fsapi:cbd_v11:quarterly_change
2002-06-30,Ukraine,UKR,Central and Eastern Europe,upper_middle_income,0.17,purchase,wgc_fsapi:cbd_v11:quarterly_change
2002-09-30,Ukraine,UKR,Central and Eastern Europe,upper_middle_income,0.17,purchase,wgc_fsapi:cbd_v11:quarterly_change
2002-12-31,Ukraine,UKR,Central and Eastern Europe,upper_middle_income,7.8,purchase,wgc_fsapi:cbd_v11:quarterly_change
2003-03-31,Ukraine,UKR,Central and Eastern Europe,upper_middle_income,0.31,purchase,wgc_fsapi:cbd_v11:quarterly_change
2003-09-30,Ukraine,UKR,Central and Eastern Europe,upper_middle_income,-0.62,sale,wgc_fsapi:cbd_v11:quarterly_change
2003-12-31,Ukraine,UKR,Central and Eastern Europe,upper_middle_income,-3.42,sale,wgc_fsapi:cbd_v11:quarterly_change
2004-06-30,Ukraine,UKR,Central and Eastern Europe,upper_middle_income,0.31,purchase,wgc_fsapi:cbd_v11:quarterly_change
2004-09-30,Ukraine,UKR,Central and Eastern Europe,upper_middle_income,-4.03,sale,wgc_fsapi:cbd_v11:quarterly_change
2004-12-31,Ukraine,UKR,Central and Eastern Europe,upper_middle_income,0.29,purchase,wgc_fsapi:cbd_v11:quarterly_change
2005-06-30,Ukraine,UKR,Central and Eastern Europe,upper_middle_income,0.31,purchase,wgc_fsapi:cbd_v11:quarterly_change
2005-09-30,Ukraine,UKR,Central and Eastern Europe,upper_middle_income,7.78,purchase,wgc_fsapi:cbd_v11:quarterly_change
2006-06-30,Ukraine,UKR,Central and Eastern Europe,upper_middle_income,0.62,purchase,wgc_fsapi:cbd_v11:quarterly_change
2006-09-30,Ukraine,UKR,Central and Eastern Europe,upper_middle_income,0.31,purchase,wgc_fsapi:cbd_v11:quarterly_change
2007-06-30,Ukraine,UKR,Central and Eastern Europe,upper_middle_income,0.25,purchase,wgc_fsapi:cbd_v11:quarterly_change
2007-09-30,Ukraine,UKR,Central and Eastern Europe,upper_middle_income,0.19,purchase,wgc_fsapi:cbd_v11:quarterly_change
2007-12-31,Ukraine,UKR,Central and Eastern Europe,upper_middle_income,0.4,purchase,wgc_fsapi:cbd_v11:quarterly_change
2008-03-31,Ukraine,UKR,Central and Eastern Europe,upper_middle_income,0.13,purchase,wgc_fsapi:cbd_v11:quarterly_change
2008-06-30,Ukraine,UKR,Central and Eastern Europe,upper_middle_income,0.06,purchase,wgc_fsapi:cbd_v11:quarterly_change
2008-09-30,Ukraine,UKR,Central and Eastern Europe,upper_middle_income,0.16,purchase,wgc_fsapi:cbd_v11:quarterly_change
2008-12-31,Ukraine,UKR,Central and Eastern Europe,upper_middle_income,0.18,purchase,wgc_fsapi:cbd_v11:quarterly_change
2009-03-31,Ukraine,UKR,Central and Eastern Europe,upper_middle_income,0.13,purchase,wgc_fsapi:cbd_v11:quarterly_change
2009-06-30,Ukraine,UKR,Central and Eastern Europe,upper_middle_income,0.09,purchase,wgc_fsapi:cbd_v11:quarterly_change
2009-09-30,Ukraine,UKR,Central and Eastern Europe,upper_middle_income,0.09,purchase,wgc_fsapi:cbd_v11:quarterly_change
2009-12-31,Ukraine,UKR,Central and Eastern Europe,upper_middle_income,0.13,purchase,wgc_fsapi:cbd_v11:quarterly_change
2010-03-31,Ukraine,UKR,Central and Eastern Europe,upper_middle_income,0.15,purchase,wgc_fsapi:cbd_v11:quarterly_change
2010-06-30,Ukraine,UKR,Central and Eastern Europe,upper_middle_income,0.1,purchase,wgc_fsapi:cbd_v11:quarterly_change
2010-09-30,Ukraine,UKR,Central and Eastern Europe,upper_middle_income,0.09,purchase,wgc_fsapi:cbd_v11:quarterly_change
2010-12-31,Ukraine,UKR,Central and Eastern Europe,upper_middle_income,0.19,purchase,wgc_fsapi:cbd_v11:quarterly_change
2011-03-31,Ukraine,UKR,Central and Eastern Europe,upper_middle_income,0.12,purchase,wgc_fsapi:cbd_v11:quarterly_change
2011-06-30,Ukraine,UKR,Central and Eastern Europe,upper_middle_income,0.09,purchase,wgc_fsapi:cbd_v11:quarterly_change
2011-09-30,Ukraine,UKR,Central and Eastern Europe,upper_middle_income,0.13,purchase,wgc_fsapi:cbd_v11:quarterly_change
2011-12-31,Ukraine,UKR,Central and Eastern Europe,upper_middle_income,0.15,purchase,wgc_fsapi:cbd_v11:quarterly_change
2012-03-31,Ukraine,UKR,Central and Eastern Europe,upper_middle_income,1.19,purchase,wgc_fsapi:cbd_v11:quarterly_change
2012-06-30,Ukraine,UKR,Central and Eastern Europe,upper_middle_income,3.6,purchase,wgc_fsapi:cbd_v11:quarterly_change
2012-09-30,Ukraine,UKR,Central and Eastern Europe,upper_middle_income,2.34,purchase,wgc_fsapi:cbd_v11:quarterly_change
2012-12-31,Ukraine,UKR,Central and Eastern Europe,upper_middle_income,0.31,purchase,wgc_fsapi:cbd_v11:quarterly_change
2013-03-31,Ukraine,UKR,Central and Eastern Europe,upper_middle_income,0.62,purchase,wgc_fsapi:cbd_v11:quarterly_change
2013-06-30,Ukraine,UKR,Central and Eastern Europe,upper_middle_income,2.8,purchase,wgc_fsapi:cbd_v11:quarterly_change
2013-09-30,Ukraine,UKR,Central and Eastern Europe,upper_middle_income,2.8,purchase,wgc_fsapi:cbd_v11:quarterly_change
2013-12-31,Ukraine,UKR,Central and Eastern Europe,upper_middle_income,0.62,purchase,wgc_fsapi:cbd_v11:quarterly_change
2014-03-31,Ukraine,UKR,Central and Eastern Europe,upper_middle_income,0.31,purchase,wgc_fsapi:cbd_v11:quarterly_change
2014-06-30,Ukraine,UKR,Central and Eastern Europe,upper_middle_income,-2.49,sale,wgc_fsapi:cbd_v11:quarterly_change
2014-09-30,Ukraine,UKR,Central and Eastern Europe,upper_middle_income,0.31,purchase,wgc_fsapi:cbd_v11:quarterly_change
2014-12-31,Ukraine,UKR,Central and Eastern Europe,upper_middle_income,-16.79,sale,wgc_fsapi:cbd_v11:quarterly_change
2015-03-31,Ukraine,UKR,Central and Eastern Europe,upper_middle_income,0.31,purchase,wgc_fsapi:cbd_v11:quarterly_change
2015-09-30,Ukraine,UKR,Central and Eastern Europe,upper_middle_income,3.11,purchase,wgc_fsapi:cbd_v11:quarterly_change
2015-12-31,Ukraine,UKR,Central and Eastern Europe,upper_middle_income,0.31,purchase,wgc_fsapi:cbd_v11:quarterly_change
2016-06-30,Ukraine,UKR,Central and Eastern Europe,upper_middle_income,-2.18,sale,wgc_fsapi:cbd_v11:quarterly_change
2016-09-30,Ukraine,UKR,Central and Eastern Europe,upper_middle_income,0.63,purchase,wgc_fsapi:cbd_v11:quarterly_change
2016-12-31,Ukraine,UKR,Central and Eastern Europe,upper_middle_income,-0.32,sale,wgc_fsapi:cbd_v11:quarterly_change
2018-03-31,Ukraine,UKR,Central and Eastern Europe,upper_middle_income,-1.24,sale,wgc_fsapi:cbd_v11:quarterly_change
2019-03-31,Ukraine,UKR,Central and Eastern Europe,upper_middle_income,0.31,purchase,wgc_fsapi:cbd_v11:quarterly_change
2019-12-31,Ukraine,UKR,Central and Eastern Europe,upper_middle_income,0.62,purchase,wgc_fsapi:cbd_v11:quarterly_change
2020-09-30,Ukraine,UKR,Central and Eastern Europe,upper_middle_income,0.31,purchase,wgc_fsapi:cbd_v11:quarterly_change
2020-12-31,Ukraine,UKR,Central and Eastern Europe,upper_middle_income,0.63,purchase,wgc_fsapi:cbd_v11:quarterly_change
2021-03-31,Ukraine,UKR,Central and Eastern Europe,upper_middle_income,0.31,purchase,wgc_fsapi:cbd_v11:quarterly_change
2021-12-31,Ukraine,UKR,Central and Eastern Europe,upper_middle_income,0.62,purchase,wgc_fsapi:cbd_v11:quarterly_change
2024-09-30,Ukraine,UKR,Central and Eastern Europe,upper_middle_income,0.31,purchase,wgc_fsapi:cbd_v11:quarterly_change
2001-03-31,Uruguay,URY,Latin America & Caribbean,high_income,-7.68,sale,wgc_fsapi:cbd_v11:quarterly_change
2001-06-30,Uruguay,URY,Latin America & Caribbean,high_income,-12.85,sale,wgc_fsapi:cbd_v11:quarterly_change
2001-09-30,Uruguay,URY,Latin America & Caribbean,high_income,-12.84,sale,wgc_fsapi:cbd_v11:quarterly_change
2002-12-31,Uruguay,URY,Latin America & Caribbean,high_income,0.01,purchase,wgc_fsapi:cbd_v11:quarterly_change
2015-03-31,Uruguay,URY,Latin America & Caribbean,high_income,-0.01,sale,wgc_fsapi:cbd_v11:quarterly_change
2015-06-30,Uruguay,URY,Latin America & Caribbean,high_income,0.01,purchase,wgc_fsapi:cbd_v11:quarterly_change
2015-09-30,Uruguay,URY,Latin America & Caribbean,high_income,-0.15,sale,wgc_fsapi:cbd_v11:quarterly_change
2016-09-30,Uruguay,URY,Latin America & Caribbean,high_income,-0.01,sale,wgc_fsapi:cbd_v11:quarterly_change
2021-06-30,Uruguay,URY,Latin America & Caribbean,high_income,-0.01,sale,wgc_fsapi:cbd_v11:quarterly_change
2021-09-30,Uruguay,URY,Latin America & Caribbean,high_income,0.01,purchase,wgc_fsapi:cbd_v11:quarterly_change
2001-03-31,United States of America,USA,North America,high_income,0.18,purchase,wgc_fsapi:cbd_v11:quarterly_change
2001-06-30,United States of America,USA,North America,high_income,-1.81,sale,wgc_fsapi:cbd_v11:quarterly_change
2001-09-30,United States of America,USA,North America,high_income,13.73,purchase,wgc_fsapi:cbd_v11:quarterly_change
2003-03-31,United States of America,USA,North America,high_income,-14.38,sale,wgc_fsapi:cbd_v11:quarterly_change
2003-06-30,United States of America,USA,North America,high_income,0.65,purchase,wgc_fsapi:cbd_v11:quarterly_change
2003-09-30,United States of America,USA,North America,high_income,-0.07,sale,wgc_fsapi:cbd_v11:quarterly_change
2003-12-31,United States of America,USA,North America,high_income,-0.31,sale,wgc_fsapi:cbd_v11:quarterly_change
2004-03-31,United States of America,USA,North America,high_income,1.32,purchase,wgc_fsapi:cbd_v11:quarterly_change
2004-06-30,United States of America,USA,North America,high_income,-0.26,sale,wgc_fsapi:cbd_v11:quarterly_change
2004-09-30,United States of America,USA,North America,high_income,-0.97,sale,wgc_fsapi:cbd_v11:quarterly_change
2004-12-31,United States of America,USA,North America,high_income,1.15,purchase,wgc_fsapi:cbd_v11:quarterly_change
2005-03-31,United States of America,USA,North America,high_income,-2.66,sale,wgc_fsapi:cbd_v11:quarterly_change
2005-06-30,United States of America,USA,North America,high_income,-0.03,sale,wgc_fsapi:cbd_v11:quarterly_change
2005-09-30,United States of America,USA,North America,high_income,-0.03,sale,wgc_fsapi:cbd_v11:quarterly_change
2005-12-31,United States of America,USA,North America,high_income,1.61,purchase,wgc_fsapi:cbd_v11:quarterly_change
2006-03-31,United States of America,USA,North America,high_income,-0.09,sale,wgc_fsapi:cbd_v11:quarterly_change
2006-06-30,United States of America,USA,North America,high_income,-1.52,sale,wgc_fsapi:cbd_v11:quarterly_change
2021-09-30,United States of America,USA,North America,high_income,0.01,purchase,wgc_fsapi:cbd_v11:quarterly_change
2022-09-30,United States of America,USA,North America,high_income,-0.01,sale,wgc_fsapi:cbd_v11:quarterly_change
2013-06-30,Uzbekistan,UZB,Central Asia,lower_middle_income,28.93,purchase,wgc_fsapi:cbd_v11:quarterly_change
2013-09-30,Uzbekistan,UZB,Central Asia,lower_middle_income,-2.8,sale,wgc_fsapi:cbd_v11:quarterly_change
2013-12-31,Uzbekistan,UZB,Central Asia,lower_middle_income,10.57,purchase,wgc_fsapi:cbd_v11:quarterly_change
2014-03-31,Uzbekistan,UZB,Central Asia,lower_middle_income,10.89,purchase,wgc_fsapi:cbd_v11:quarterly_change
2014-06-30,Uzbekistan,UZB,Central Asia,lower_middle_income,22.39,purchase,wgc_fsapi:cbd_v11:quarterly_change
2014-09-30,Uzbekistan,UZB,Central Asia,lower_middle_income,12.13,purchase,wgc_fsapi:cbd_v11:quarterly_change
2014-12-31,Uzbekistan,UZB,Central Asia,lower_middle_income,11.82,purchase,wgc_fsapi:cbd_v11:quarterly_change
2015-03-31,Uzbekistan,UZB,Central Asia,lower_middle_income,0.62,purchase,wgc_fsapi:cbd_v11:quarterly_change
2015-06-30,Uzbekistan,UZB,Central Asia,lower_middle_income,22.09,purchase,wgc_fsapi:cbd_v11:quarterly_change
2015-09-30,Uzbekistan,UZB,Central Asia,lower_middle_income,12.44,purchase,wgc_fsapi:cbd_v11:quarterly_change
2015-12-31,Uzbekistan,UZB,Central Asia,lower_middle_income,1.86,purchase,wgc_fsapi:cbd_v11:quarterly_change
2016-03-31,Uzbekistan,UZB,Central Asia,lower_middle_income,11.51,purchase,wgc_fsapi:cbd_v11:quarterly_change
2016-06-30,Uzbekistan,UZB,Central Asia,lower_middle_income,11.51,purchase,wgc_fsapi:cbd_v11:quarterly_change
2016-09-30,Uzbekistan,UZB,Central Asia,lower_middle_income,2.18,purchase,wgc_fsapi:cbd_v11:quarterly_change
2016-12-31,Uzbekistan,UZB,Central Asia,lower_middle_income,-8.09,sale,wgc_fsapi:cbd_v11:quarterly_change
2017-03-31,Uzbekistan,UZB,Central Asia,lower_middle_income,11.82,purchase,wgc_fsapi:cbd_v11:quarterly_change
2017-06-30,Uzbekistan,UZB,Central Asia,lower_middle_income,1.87,purchase,wgc_fsapi:cbd_v11:quarterly_change
2017-09-30,Uzbekistan,UZB,Central Asia,lower_middle_income,-25.2,sale,wgc_fsapi:cbd_v11:quarterly_change
2017-12-31,Uzbekistan,UZB,Central Asia,lower_middle_income,19.29,purchase,wgc_fsapi:cbd_v11:quarterly_change
2018-03-31,Uzbekistan,UZB,Central Asia,lower_middle_income,-8.09,sale,wgc_fsapi:cbd_v11:quarterly_change
2018-06-30,Uzbekistan,UZB,Central Asia,lower_middle_income,15.86,purchase,wgc_fsapi:cbd_v11:quarterly_change
2018-09-30,Uzbekistan,UZB,Central Asia,lower_middle_income,22.4,purchase,wgc_fsapi:cbd_v11:quarterly_change
2018-12-31,Uzbekistan,UZB,Central Asia,lower_middle_income,-11.51,sale,wgc_fsapi:cbd_v11:quarterly_change
2019-03-31,Uzbekistan,UZB,Central Asia,lower_middle_income,-8.09,sale,wgc_fsapi:cbd_v11:quarterly_change
2019-06-30,Uzbekistan,UZB,Central Asia,lower_middle_income,3.11,purchase,wgc_fsapi:cbd_v11:quarterly_change
2019-09-30,Uzbekistan,UZB,Central Asia,lower_middle_income,-18.04,sale,wgc_fsapi:cbd_v11:quarterly_change
2019-12-31,Uzbekistan,UZB,Central Asia,lower_middle_income,3.73,purchase,wgc_fsapi:cbd_v11:quarterly_change
2020-03-31,Uzbekistan,UZB,Central Asia,lower_middle_income,2.18,purchase,wgc_fsapi:cbd_v11:quarterly_change
2020-06-30,Uzbekistan,UZB,Central Asia,lower_middle_income,4.11,purchase,wgc_fsapi:cbd_v11:quarterly_change
2020-09-30,Uzbekistan,UZB,Central Asia,lower_middle_income,-34.9,sale,wgc_fsapi:cbd_v11:quarterly_change
2020-12-31,Uzbekistan,UZB,Central Asia,lower_middle_income,25.19,purchase,wgc_fsapi:cbd_v11:quarterly_change
2021-03-31,Uzbekistan,UZB,Central Asia,lower_middle_income,23.33,purchase,wgc_fsapi:cbd_v11:quarterly_change
2021-06-30,Uzbekistan,UZB,Central Asia,lower_middle_income,2.18,purchase,wgc_fsapi:cbd_v11:quarterly_change
2021-09-30,Uzbekistan,UZB,Central Asia,lower_middle_income,25.5,purchase,wgc_fsapi:cbd_v11:quarterly_change
2021-12-31,Uzbekistan,UZB,Central Asia,lower_middle_income,-21.46,sale,wgc_fsapi:cbd_v11:quarterly_change
2022-03-31,Uzbekistan,UZB,Central Asia,lower_middle_income,-24.57,sale,wgc_fsapi:cbd_v11:quarterly_change
2022-06-30,Uzbekistan,UZB,Central Asia,lower_middle_income,26.44,purchase,wgc_fsapi:cbd_v11:quarterly_change
2022-09-30,Uzbekistan,UZB,Central Asia,lower_middle_income,26.12,purchase,wgc_fsapi:cbd_v11:quarterly_change
2022-12-31,Uzbekistan,UZB,Central Asia,lower_middle_income,5.91,purchase,wgc_fsapi:cbd_v11:quarterly_change
2023-03-31,Uzbekistan,UZB,Central Asia,lower_middle_income,-14.61,sale,wgc_fsapi:cbd_v11:quarterly_change
2023-06-30,Uzbekistan,UZB,Central Asia,lower_middle_income,-4.05,sale,wgc_fsapi:cbd_v11:quarterly_change
2023-09-30,Uzbekistan,UZB,Central Asia,lower_middle_income,6.53,purchase,wgc_fsapi:cbd_v11:quarterly_change
2023-12-31,Uzbekistan,UZB,Central Asia,lower_middle_income,-12.44,sale,wgc_fsapi:cbd_v11:quarterly_change
2024-03-31,Uzbekistan,UZB,Central Asia,lower_middle_income,-13.68,sale,wgc_fsapi:cbd_v11:quarterly_change
2024-06-30,Uzbekistan,UZB,Central Asia,lower_middle_income,7.46,purchase,wgc_fsapi:cbd_v11:quarterly_change
2024-09-30,Uzbekistan,UZB,Central Asia,lower_middle_income,8.71,purchase,wgc_fsapi:cbd_v11:quarterly_change
2024-12-31,Uzbekistan,UZB,Central Asia,lower_middle_income,8.71,purchase,wgc_fsapi:cbd_v11:quarterly_change
2025-03-31,Uzbekistan,UZB,Central Asia,lower_middle_income,-14.93,sale,wgc_fsapi:cbd_v11:quarterly_change
2025-06-30,Uzbekistan,UZB,Central Asia,lower_middle_income,-3.11,sale,wgc_fsapi:cbd_v11:quarterly_change
2025-09-30,Uzbekistan,UZB,Central Asia,lower_middle_income,-3.11,sale,wgc_fsapi:cbd_v11:quarterly_change
2025-12-31,Uzbekistan,UZB,Central Asia,lower_middle_income,28.93,purchase,wgc_fsapi:cbd_v11:quarterly_change
2001-03-31,Venezuela,VEN,Latin America & Caribbean,upper_middle_income,9.95,purchase,wgc_fsapi:cbd_v11:quarterly_change
2001-06-30,Venezuela,VEN,Latin America & Caribbean,upper_middle_income,5.6,purchase,wgc_fsapi:cbd_v11:quarterly_change
2001-09-30,Venezuela,VEN,Latin America & Caribbean,upper_middle_income,3.42,purchase,wgc_fsapi:cbd_v11:quarterly_change
2001-12-31,Venezuela,VEN,Latin America & Caribbean,upper_middle_income,2.8,purchase,wgc_fsapi:cbd_v11:quarterly_change
2002-03-31,Venezuela,VEN,Latin America & Caribbean,upper_middle_income,13.68,purchase,wgc_fsapi:cbd_v11:quarterly_change
2002-06-30,Venezuela,VEN,Latin America & Caribbean,upper_middle_income,-27.37,sale,wgc_fsapi:cbd_v11:quarterly_change
2002-09-30,Venezuela,VEN,Latin America & Caribbean,upper_middle_income,-2.17,sale,wgc_fsapi:cbd_v11:quarterly_change
2002-12-31,Venezuela,VEN,Latin America & Caribbean,upper_middle_income,4.04,purchase,wgc_fsapi:cbd_v11:quarterly_change
2003-03-31,Venezuela,VEN,Latin America & Caribbean,upper_middle_income,2.8,purchase,wgc_fsapi:cbd_v11:quarterly_change
2003-06-30,Venezuela,VEN,Latin America & Caribbean,upper_middle_income,23.02,purchase,wgc_fsapi:cbd_v11:quarterly_change
2003-09-30,Venezuela,VEN,Latin America & Caribbean,upper_middle_income,-19.29,sale,wgc_fsapi:cbd_v11:quarterly_change
2003-12-31,Venezuela,VEN,Latin America & Caribbean,upper_middle_income,21.77,purchase,wgc_fsapi:cbd_v11:quarterly_change
2004-09-30,Venezuela,VEN,Latin America & Caribbean,upper_middle_income,0.63,purchase,wgc_fsapi:cbd_v11:quarterly_change
2005-09-30,Venezuela,VEN,Latin America & Caribbean,upper_middle_income,-0.31,sale,wgc_fsapi:cbd_v11:quarterly_change
2005-12-31,Venezuela,VEN,Latin America & Caribbean,upper_middle_income,-0.32,sale,wgc_fsapi:cbd_v11:quarterly_change
2006-12-31,Venezuela,VEN,Latin America & Caribbean,upper_middle_income,0.32,purchase,wgc_fsapi:cbd_v11:quarterly_change
2007-03-31,Venezuela,VEN,Latin America & Caribbean,upper_middle_income,-0.32,sale,wgc_fsapi:cbd_v11:quarterly_change
2008-09-30,Venezuela,VEN,Latin America & Caribbean,upper_middle_income,-0.31,sale,wgc_fsapi:cbd_v11:quarterly_change
2009-12-31,Venezuela,VEN,Latin America & Caribbean,upper_middle_income,4.36,purchase,wgc_fsapi:cbd_v11:quarterly_change
2010-03-31,Venezuela,VEN,Latin America & Caribbean,upper_middle_income,3.11,purchase,wgc_fsapi:cbd_v11:quarterly_change
2010-12-31,Venezuela,VEN,Latin America & Caribbean,upper_middle_income,1.86,purchase,wgc_fsapi:cbd_v11:quarterly_change
2011-09-30,Venezuela,VEN,Latin America & Caribbean,upper_middle_income,7.16,purchase,wgc_fsapi:cbd_v11:quarterly_change
2011-12-31,Venezuela,VEN,Latin America & Caribbean,upper_middle_income,-7.16,sale,wgc_fsapi:cbd_v11:quarterly_change
2012-09-30,Venezuela,VEN,Latin America & Caribbean,upper_middle_income,-1.86,sale,wgc_fsapi:cbd_v11:quarterly_change
2012-12-31,Venezuela,VEN,Latin America & Caribbean,upper_middle_income,1.86,purchase,wgc_fsapi:cbd_v11:quarterly_change
2013-06-30,Venezuela,VEN,Latin America & Caribbean,upper_middle_income,1.87,purchase,wgc_fsapi:cbd_v11:quarterly_change
2014-03-31,Venezuela,VEN,Latin America & Caribbean,upper_middle_income,-1.93,sale,wgc_fsapi:cbd_v11:quarterly_change
2014-09-30,Venezuela,VEN,Latin America & Caribbean,upper_middle_income,-4.69,sale,wgc_fsapi:cbd_v11:quarterly_change
2015-03-31,Venezuela,VEN,Latin America & Caribbean,upper_middle_income,-30.92,sale,wgc_fsapi:cbd_v11:quarterly_change
2015-06-30,Venezuela,VEN,Latin America & Caribbean,upper_middle_income,-28.26,sale,wgc_fsapi:cbd_v11:quarterly_change
2015-09-30,Venezuela,VEN,Latin America & Caribbean,upper_middle_income,-0.18,sale,wgc_fsapi:cbd_v11:quarterly_change
2015-12-31,Venezuela,VEN,Latin America & Caribbean,upper_middle_income,-28.74,sale,wgc_fsapi:cbd_v11:quarterly_change
2016-03-31,Venezuela,VEN,Latin America & Caribbean,upper_middle_income,-42.78,sale,wgc_fsapi:cbd_v11:quarterly_change
2016-06-30,Venezuela,VEN,Latin America & Caribbean,upper_middle_income,-35.89,sale,wgc_fsapi:cbd_v11:quarterly_change
2016-09-30,Venezuela,VEN,Latin America & Caribbean,upper_middle_income,-5.35,sale,wgc_fsapi:cbd_v11:quarterly_change
2016-12-31,Venezuela,VEN,Latin America & Caribbean,upper_middle_income,-2.01,sale,wgc_fsapi:cbd_v11:quarterly_change
2017-03-31,Venezuela,VEN,Latin America & Caribbean,upper_middle_income,1.26,purchase,wgc_fsapi:cbd_v11:quarterly_change
2017-06-30,Venezuela,VEN,Latin America & Caribbean,upper_middle_income,-0.09,sale,wgc_fsapi:cbd_v11:quarterly_change
2017-09-30,Venezuela,VEN,Latin America & Caribbean,upper_middle_income,-0.49,sale,wgc_fsapi:cbd_v11:quarterly_change
2017-12-31,Venezuela,VEN,Latin America & Caribbean,upper_middle_income,-25.4,sale,wgc_fsapi:cbd_v11:quarterly_change
2018-03-31,Venezuela,VEN,Latin America & Caribbean,upper_middle_income,-11.95,sale,wgc_fsapi:cbd_v11:quarterly_change
2018-06-30,Venezuela,VEN,Latin America & Caribbean,upper_middle_income,11.0,purchase,wgc_fsapi:cbd_v11:quarterly_change
2001-03-31,South Africa,ZAF,Sub-Saharan Africa,upper_middle_income,-0.93,sale,wgc_fsapi:cbd_v11:quarterly_change
2001-06-30,South Africa,ZAF,Sub-Saharan Africa,upper_middle_income,-0.63,sale,wgc_fsapi:cbd_v11:quarterly_change
2001-12-31,South Africa,ZAF,Sub-Saharan Africa,upper_middle_income,-4.04,sale,wgc_fsapi:cbd_v11:quarterly_change
2002-03-31,South Africa,ZAF,Sub-Saharan Africa,upper_middle_income,0.31,purchase,wgc_fsapi:cbd_v11:quarterly_change
2002-06-30,South Africa,ZAF,Sub-Saharan Africa,upper_middle_income,-0.31,sale,wgc_fsapi:cbd_v11:quarterly_change
2002-09-30,South Africa,ZAF,Sub-Saharan Africa,upper_middle_income,-4.04,sale,wgc_fsapi:cbd_v11:quarterly_change
2002-12-31,South Africa,ZAF,Sub-Saharan Africa,upper_middle_income,-0.31,sale,wgc_fsapi:cbd_v11:quarterly_change
2003-03-31,South Africa,ZAF,Sub-Saharan Africa,upper_middle_income,-5.6,sale,wgc_fsapi:cbd_v11:quarterly_change
2003-06-30,South Africa,ZAF,Sub-Saharan Africa,upper_middle_income,-44.17,sale,wgc_fsapi:cbd_v11:quarterly_change
2003-09-30,South Africa,ZAF,Sub-Saharan Africa,upper_middle_income,-0.31,sale,wgc_fsapi:cbd_v11:quarterly_change
2003-12-31,South Africa,ZAF,Sub-Saharan Africa,upper_middle_income,0.16,purchase,wgc_fsapi:cbd_v11:quarterly_change
2004-03-31,South Africa,ZAF,Sub-Saharan Africa,upper_middle_income,0.06,purchase,wgc_fsapi:cbd_v11:quarterly_change
2004-06-30,South Africa,ZAF,Sub-Saharan Africa,upper_middle_income,0.12,purchase,wgc_fsapi:cbd_v11:quarterly_change
2004-12-31,South Africa,ZAF,Sub-Saharan Africa,upper_middle_income,0.1,purchase,wgc_fsapi:cbd_v11:quarterly_change
2005-03-31,South Africa,ZAF,Sub-Saharan Africa,upper_middle_income,0.03,purchase,wgc_fsapi:cbd_v11:quarterly_change
2005-09-30,South Africa,ZAF,Sub-Saharan Africa,upper_middle_income,0.03,purchase,wgc_fsapi:cbd_v11:quarterly_change
2005-12-31,South Africa,ZAF,Sub-Saharan Africa,upper_middle_income,0.03,purchase,wgc_fsapi:cbd_v11:quarterly_change
2006-03-31,South Africa,ZAF,Sub-Saharan Africa,upper_middle_income,0.03,purchase,wgc_fsapi:cbd_v11:quarterly_change
2006-06-30,South Africa,ZAF,Sub-Saharan Africa,upper_middle_income,0.03,purchase,wgc_fsapi:cbd_v11:quarterly_change
2006-12-31,South Africa,ZAF,Sub-Saharan Africa,upper_middle_income,0.03,purchase,wgc_fsapi:cbd_v11:quarterly_change
2007-06-30,South Africa,ZAF,Sub-Saharan Africa,upper_middle_income,0.03,purchase,wgc_fsapi:cbd_v11:quarterly_change
2007-12-31,South Africa,ZAF,Sub-Saharan Africa,upper_middle_income,0.13,purchase,wgc_fsapi:cbd_v11:quarterly_change
2008-03-31,South Africa,ZAF,Sub-Saharan Africa,upper_middle_income,0.06,purchase,wgc_fsapi:cbd_v11:quarterly_change
2008-09-30,South Africa,ZAF,Sub-Saharan Africa,upper_middle_income,0.03,purchase,wgc_fsapi:cbd_v11:quarterly_change
2008-12-31,South Africa,ZAF,Sub-Saharan Africa,upper_middle_income,0.34,purchase,wgc_fsapi:cbd_v11:quarterly_change
2009-03-31,South Africa,ZAF,Sub-Saharan Africa,upper_middle_income,0.1,purchase,wgc_fsapi:cbd_v11:quarterly_change
2009-06-30,South Africa,ZAF,Sub-Saharan Africa,upper_middle_income,0.03,purchase,wgc_fsapi:cbd_v11:quarterly_change
2009-12-31,South Africa,ZAF,Sub-Saharan Africa,upper_middle_income,0.03,purchase,wgc_fsapi:cbd_v11:quarterly_change
2010-06-30,South Africa,ZAF,Sub-Saharan Africa,upper_middle_income,0.03,purchase,wgc_fsapi:cbd_v11:quarterly_change
2010-12-31,South Africa,ZAF,Sub-Saharan Africa,upper_middle_income,0.03,purchase,wgc_fsapi:cbd_v11:quarterly_change
2011-03-31,South Africa,ZAF,Sub-Saharan Africa,upper_middle_income,0.06,purchase,wgc_fsapi:cbd_v11:quarterly_change
2011-12-31,South Africa,ZAF,Sub-Saharan Africa,upper_middle_income,0.03,purchase,wgc_fsapi:cbd_v11:quarterly_change
2012-03-31,South Africa,ZAF,Sub-Saharan Africa,upper_middle_income,0.03,purchase,wgc_fsapi:cbd_v11:quarterly_change
2012-09-30,South Africa,ZAF,Sub-Saharan Africa,upper_middle_income,0.04,purchase,wgc_fsapi:cbd_v11:quarterly_change
2012-12-31,South Africa,ZAF,Sub-Saharan Africa,upper_middle_income,0.03,purchase,wgc_fsapi:cbd_v11:quarterly_change
2014-03-31,South Africa,ZAF,Sub-Saharan Africa,upper_middle_income,0.03,purchase,wgc_fsapi:cbd_v11:quarterly_change
2014-09-30,South Africa,ZAF,Sub-Saharan Africa,upper_middle_income,0.03,purchase,wgc_fsapi:cbd_v11:quarterly_change
2014-12-31,South Africa,ZAF,Sub-Saharan Africa,upper_middle_income,0.03,purchase,wgc_fsapi:cbd_v11:quarterly_change
2015-06-30,South Africa,ZAF,Sub-Saharan Africa,upper_middle_income,0.03,purchase,wgc_fsapi:cbd_v11:quarterly_change
2016-09-30,South Africa,ZAF,Sub-Saharan Africa,upper_middle_income,0.03,purchase,wgc_fsapi:cbd_v11:quarterly_change
2017-06-30,South Africa,ZAF,Sub-Saharan Africa,upper_middle_income,0.03,purchase,wgc_fsapi:cbd_v11:quarterly_change
2017-12-31,South Africa,ZAF,Sub-Saharan Africa,upper_middle_income,0.03,purchase,wgc_fsapi:cbd_v11:quarterly_change
2020-12-31,South Africa,ZAF,Sub-Saharan Africa,upper_middle_income,0.04,purchase,wgc_fsapi:cbd_v11:quarterly_change
2022-09-30,South Africa,ZAF,Sub-Saharan Africa,upper_middle_income,0.03,purchase,wgc_fsapi:cbd_v11:quarterly_change
2023-03-31,South Africa,ZAF,Sub-Saharan Africa,upper_middle_income,0.03,purchase,wgc_fsapi:cbd_v11:quarterly_change
2024-03-31,South Africa,ZAF,Sub-Saharan Africa,upper_middle_income,0.03,purchase,wgc_fsapi:cbd_v11:quarterly_change
2025-03-31,South Africa,ZAF,Sub-Saharan Africa,upper_middle_income,0.03,purchase,wgc_fsapi:cbd_v11:quarterly_change
2025-12-31,South Africa,ZAF,Sub-Saharan Africa,upper_middle_income,0.03,purchase,wgc_fsapi:cbd_v11:quarterly_change
