date,value,source
2004-11-18,8.09,spdr_api:gld_historical_archive
2004-11-19,57.85,spdr_api:gld_historical_archive
2004-11-22,87.09,spdr_api:gld_historical_archive
2004-11-23,87.09,spdr_api:gld_historical_archive
2004-11-24,96.42,spdr_api:gld_historical_archive
2004-11-26,100.46,spdr_api:gld_historical_archive
2004-11-29,103.57,spdr_api:gld_historical_archive
2004-11-30,103.57,spdr_api:gld_historical_archive
2004-12-01,103.57,spdr_api:gld_historical_archive
2004-12-02,103.56,spdr_api:gld_historical_archive
2004-12-03,103.56,spdr_api:gld_historical_archive
2004-12-06,103.56,spdr_api:gld_historical_archive
2004-12-07,88.02,spdr_api:gld_historical_archive
2004-12-08,91.13,spdr_api:gld_historical_archive
2004-12-09,91.13,spdr_api:gld_historical_archive
2004-12-10,91.13,spdr_api:gld_historical_archive
2004-12-13,91.13,spdr_api:gld_historical_archive
2004-12-14,91.13,spdr_api:gld_historical_archive
2004-12-15,91.13,spdr_api:gld_historical_archive
2004-12-16,91.13,spdr_api:gld_historical_archive
2004-12-17,88.64,spdr_api:gld_historical_archive
2004-12-20,88.64,spdr_api:gld_historical_archive
2004-12-21,88.64,spdr_api:gld_historical_archive
2004-12-22,91.75,spdr_api:gld_historical_archive
2004-12-23,91.75,spdr_api:gld_historical_archive
2004-12-27,91.75,spdr_api:gld_historical_archive
2004-12-28,91.75,spdr_api:gld_historical_archive
2004-12-29,91.75,spdr_api:gld_historical_archive
2004-12-30,94.86,spdr_api:gld_historical_archive
2004-12-31,94.86,spdr_api:gld_historical_archive
2005-01-03,109.16,spdr_api:gld_historical_archive
2005-01-04,109.14,spdr_api:gld_historical_archive
2005-01-05,109.14,spdr_api:gld_historical_archive
2005-01-06,112.24,spdr_api:gld_historical_archive
2005-01-07,123.12,spdr_api:gld_historical_archive
2005-01-10,123.12,spdr_api:gld_historical_archive
2005-01-11,139.6,spdr_api:gld_historical_archive
2005-01-12,142.71,spdr_api:gld_historical_archive
2005-01-13,142.71,spdr_api:gld_historical_archive
2005-01-14,142.71,spdr_api:gld_historical_archive
2005-01-18,142.71,spdr_api:gld_historical_archive
2005-01-19,142.71,spdr_api:gld_historical_archive
2005-01-20,142.71,spdr_api:gld_historical_archive
2005-01-21,142.71,spdr_api:gld_historical_archive
2005-01-24,148.92,spdr_api:gld_historical_archive
2005-01-25,152.03,spdr_api:gld_historical_archive
2005-01-26,152.03,spdr_api:gld_historical_archive
2005-01-27,152.03,spdr_api:gld_historical_archive
2005-01-28,152.03,spdr_api:gld_historical_archive
2005-01-31,152.03,spdr_api:gld_historical_archive
2005-02-01,151.98,spdr_api:gld_historical_archive
2005-02-02,151.98,spdr_api:gld_historical_archive
2005-02-03,151.98,spdr_api:gld_historical_archive
2005-02-04,151.98,spdr_api:gld_historical_archive
2005-02-07,151.98,spdr_api:gld_historical_archive
2005-02-08,155.09,spdr_api:gld_historical_archive
2005-02-09,155.09,spdr_api:gld_historical_archive
2005-02-10,155.09,spdr_api:gld_historical_archive
2005-02-11,155.09,spdr_api:gld_historical_archive
2005-02-14,155.09,spdr_api:gld_historical_archive
2005-02-15,155.09,spdr_api:gld_historical_archive
2005-02-16,155.09,spdr_api:gld_historical_archive
2005-02-17,155.09,spdr_api:gld_historical_archive
2005-02-18,155.09,spdr_api:gld_historical_archive
2005-02-22,159.75,spdr_api:gld_historical_archive
2005-02-23,157.88,spdr_api:gld_historical_archive
2005-02-24,157.88,spdr_api:gld_historical_archive
2005-02-25,157.88,spdr_api:gld_historical_archive
2005-02-28,157.88,spdr_api:gld_historical_archive
2005-03-01,157.84,spdr_api:gld_historical_archive
2005-03-02,157.84,spdr_api:gld_historical_archive
2005-03-03,160.94,spdr_api:gld_historical_archive
2005-03-04,164.05,spdr_api:gld_historical_archive
2005-03-07,164.05,spdr_api:gld_historical_archive
2005-03-08,164.05,spdr_api:gld_historical_archive
2005-03-09,164.05,spdr_api:gld_historical_archive
2005-03-10,164.05,spdr_api:gld_historical_archive
2005-03-11,164.05,spdr_api:gld_historical_archive
2005-03-14,164.05,spdr_api:gld_historical_archive
2005-03-15,164.05,spdr_api:gld_historical_archive
2005-03-16,164.05,spdr_api:gld_historical_archive
2005-03-17,164.05,spdr_api:gld_historical_archive
2005-03-18,164.05,spdr_api:gld_historical_archive
2005-03-21,164.05,spdr_api:gld_historical_archive
2005-03-22,164.05,spdr_api:gld_historical_archive
2005-03-23,164.05,spdr_api:gld_historical_archive
2005-03-24,164.05,spdr_api:gld_historical_archive
2005-03-28,164.05,spdr_api:gld_historical_archive
2005-03-29,164.05,spdr_api:gld_historical_archive
2005-03-30,164.05,spdr_api:gld_historical_archive
2005-03-31,164.05,spdr_api:gld_historical_archive
2005-04-01,163.99,spdr_api:gld_historical_archive
2005-04-04,163.99,spdr_api:gld_historical_archive
2005-04-05,167.1,spdr_api:gld_historical_archive
2005-04-06,166.79,spdr_api:gld_historical_archive
2005-04-07,169.89,spdr_api:gld_historical_archive
2005-04-08,173.0,spdr_api:gld_historical_archive
2005-04-11,173.0,spdr_api:gld_historical_archive
2005-04-12,173.0,spdr_api:gld_historical_archive
2005-04-13,177.66,spdr_api:gld_historical_archive
2005-04-14,177.66,spdr_api:gld_historical_archive
2005-04-15,177.66,spdr_api:gld_historical_archive
2005-04-18,177.66,spdr_api:gld_historical_archive
2005-04-19,177.66,spdr_api:gld_historical_archive
2005-04-20,177.66,spdr_api:gld_historical_archive
2005-04-21,177.66,spdr_api:gld_historical_archive
2005-04-22,177.66,spdr_api:gld_historical_archive
2005-04-25,177.66,spdr_api:gld_historical_archive
2005-04-26,178.9,spdr_api:gld_historical_archive
2005-04-27,178.9,spdr_api:gld_historical_archive
2005-04-28,178.9,spdr_api:gld_historical_archive
2005-04-29,178.9,spdr_api:gld_historical_archive
2005-05-02,178.9,spdr_api:gld_historical_archive
2005-05-03,178.84,spdr_api:gld_historical_archive
2005-05-04,178.84,spdr_api:gld_historical_archive
2005-05-05,178.84,spdr_api:gld_historical_archive
2005-05-06,178.84,spdr_api:gld_historical_archive
2005-05-09,178.84,spdr_api:gld_historical_archive
2005-05-10,178.84,spdr_api:gld_historical_archive
2005-05-11,178.84,spdr_api:gld_historical_archive
2005-05-12,178.84,spdr_api:gld_historical_archive
2005-05-13,178.84,spdr_api:gld_historical_archive
2005-05-16,178.84,spdr_api:gld_historical_archive
2005-05-17,178.84,spdr_api:gld_historical_archive
2005-05-18,178.84,spdr_api:gld_historical_archive
2005-05-19,178.84,spdr_api:gld_historical_archive
2005-05-20,178.84,spdr_api:gld_historical_archive
2005-05-23,177.6,spdr_api:gld_historical_archive
2005-05-24,177.6,spdr_api:gld_historical_archive
2005-05-25,177.6,spdr_api:gld_historical_archive
2005-05-26,177.6,spdr_api:gld_historical_archive
2005-05-27,177.6,spdr_api:gld_historical_archive
2005-05-31,179.15,spdr_api:gld_historical_archive
2005-06-01,179.1,spdr_api:gld_historical_archive
2005-06-02,179.1,spdr_api:gld_historical_archive
2005-06-03,179.1,spdr_api:gld_historical_archive
2005-06-06,179.1,spdr_api:gld_historical_archive
2005-06-07,179.1,spdr_api:gld_historical_archive
2005-06-08,179.1,spdr_api:gld_historical_archive
2005-06-09,179.1,spdr_api:gld_historical_archive
2005-06-10,179.1,spdr_api:gld_historical_archive
2005-06-13,179.1,spdr_api:gld_historical_archive
2005-06-14,179.1,spdr_api:gld_historical_archive
2005-06-15,179.1,spdr_api:gld_historical_archive
2005-06-16,179.1,spdr_api:gld_historical_archive
2005-06-17,179.1,spdr_api:gld_historical_archive
2005-06-20,179.1,spdr_api:gld_historical_archive
2005-06-21,179.1,spdr_api:gld_historical_archive
2005-06-22,179.1,spdr_api:gld_historical_archive
2005-06-23,175.99,spdr_api:gld_historical_archive
2005-06-24,175.99,spdr_api:gld_historical_archive
2005-06-27,175.37,spdr_api:gld_historical_archive
2005-06-28,175.37,spdr_api:gld_historical_archive
2005-06-29,175.37,spdr_api:gld_historical_archive
2005-06-30,175.37,spdr_api:gld_historical_archive
2005-07-01,175.31,spdr_api:gld_historical_archive
2005-07-05,175.31,spdr_api:gld_historical_archive
2005-07-06,175.31,spdr_api:gld_historical_archive
2005-07-07,178.41,spdr_api:gld_historical_archive
2005-07-08,178.41,spdr_api:gld_historical_archive
2005-07-11,178.41,spdr_api:gld_historical_archive
2005-07-12,178.41,spdr_api:gld_historical_archive
2005-07-13,181.51,spdr_api:gld_historical_archive
2005-07-14,181.51,spdr_api:gld_historical_archive
2005-07-15,181.51,spdr_api:gld_historical_archive
2005-07-18,181.51,spdr_api:gld_historical_archive
2005-07-19,181.51,spdr_api:gld_historical_archive
2005-07-20,181.51,spdr_api:gld_historical_archive
2005-07-21,184.61,spdr_api:gld_historical_archive
2005-07-22,184.61,spdr_api:gld_historical_archive
2005-07-25,184.61,spdr_api:gld_historical_archive
2005-07-26,187.72,spdr_api:gld_historical_archive
2005-07-27,187.72,spdr_api:gld_historical_archive
2005-07-28,187.72,spdr_api:gld_historical_archive
2005-07-29,187.72,spdr_api:gld_historical_archive
2005-08-01,187.66,spdr_api:gld_historical_archive
2005-08-02,191.38,spdr_api:gld_historical_archive
2005-08-03,191.38,spdr_api:gld_historical_archive
2005-08-04,191.38,spdr_api:gld_historical_archive
2005-08-05,191.38,spdr_api:gld_historical_archive
2005-08-08,191.38,spdr_api:gld_historical_archive
2005-08-09,191.38,spdr_api:gld_historical_archive
2005-08-10,191.38,spdr_api:gld_historical_archive
2005-08-11,191.38,spdr_api:gld_historical_archive
2005-08-12,191.38,spdr_api:gld_historical_archive
2005-08-15,191.38,spdr_api:gld_historical_archive
2005-08-16,191.38,spdr_api:gld_historical_archive
2005-08-17,191.38,spdr_api:gld_historical_archive
2005-08-18,191.38,spdr_api:gld_historical_archive
2005-08-19,191.38,spdr_api:gld_historical_archive
2005-08-22,191.38,spdr_api:gld_historical_archive
2005-08-23,191.38,spdr_api:gld_historical_archive
2005-08-24,191.38,spdr_api:gld_historical_archive
2005-08-25,191.38,spdr_api:gld_historical_archive
2005-08-26,191.38,spdr_api:gld_historical_archive
2005-08-29,191.38,spdr_api:gld_historical_archive
2005-08-30,191.38,spdr_api:gld_historical_archive
2005-08-31,194.48,spdr_api:gld_historical_archive
2005-09-01,194.41,spdr_api:gld_historical_archive
2005-09-02,194.41,spdr_api:gld_historical_archive
2005-09-06,194.41,spdr_api:gld_historical_archive
2005-09-07,194.41,spdr_api:gld_historical_archive
2005-09-08,198.14,spdr_api:gld_historical_archive
2005-09-09,201.24,spdr_api:gld_historical_archive
2005-09-12,201.24,spdr_api:gld_historical_archive
2005-09-13,201.24,spdr_api:gld_historical_archive
2005-09-14,201.24,spdr_api:gld_historical_archive
2005-09-15,201.24,spdr_api:gld_historical_archive
2005-09-16,204.34,spdr_api:gld_historical_archive
2005-09-19,204.34,spdr_api:gld_historical_archive
2005-09-20,204.34,spdr_api:gld_historical_archive
2005-09-21,204.34,spdr_api:gld_historical_archive
2005-09-22,207.44,spdr_api:gld_historical_archive
2005-09-23,207.44,spdr_api:gld_historical_archive
2005-09-26,207.44,spdr_api:gld_historical_archive
2005-09-27,207.44,spdr_api:gld_historical_archive
2005-09-28,207.44,spdr_api:gld_historical_archive
2005-09-29,207.44,spdr_api:gld_historical_archive
2005-09-30,207.44,spdr_api:gld_historical_archive
2005-10-03,207.36,spdr_api:gld_historical_archive
2005-10-04,207.36,spdr_api:gld_historical_archive
2005-10-05,207.36,spdr_api:gld_historical_archive
2005-10-06,207.36,spdr_api:gld_historical_archive
2005-10-07,207.36,spdr_api:gld_historical_archive
2005-10-10,207.36,spdr_api:gld_historical_archive
2005-10-11,207.36,spdr_api:gld_historical_archive
2005-10-12,207.36,spdr_api:gld_historical_archive
2005-10-13,207.36,spdr_api:gld_historical_archive
2005-10-14,207.36,spdr_api:gld_historical_archive
2005-10-17,207.36,spdr_api:gld_historical_archive
2005-10-18,207.36,spdr_api:gld_historical_archive
2005-10-19,207.36,spdr_api:gld_historical_archive
2005-10-20,207.36,spdr_api:gld_historical_archive
2005-10-21,207.36,spdr_api:gld_historical_archive
2005-10-24,207.36,spdr_api:gld_historical_archive
2005-10-25,207.36,spdr_api:gld_historical_archive
2005-10-26,207.36,spdr_api:gld_historical_archive
2005-10-27,207.36,spdr_api:gld_historical_archive
2005-10-28,208.29,spdr_api:gld_historical_archive
2005-10-31,208.29,spdr_api:gld_historical_archive
2005-11-01,211.32,spdr_api:gld_historical_archive
2005-11-02,211.32,spdr_api:gld_historical_archive
2005-11-03,211.32,spdr_api:gld_historical_archive
2005-11-04,211.32,spdr_api:gld_historical_archive
2005-11-07,211.32,spdr_api:gld_historical_archive
2005-11-08,211.32,spdr_api:gld_historical_archive
2005-11-09,211.32,spdr_api:gld_historical_archive
2005-11-10,211.32,spdr_api:gld_historical_archive
2005-11-11,211.32,spdr_api:gld_historical_archive
2005-11-14,215.04,spdr_api:gld_historical_archive
2005-11-15,215.04,spdr_api:gld_historical_archive
2005-11-16,215.04,spdr_api:gld_historical_archive
2005-11-17,218.13,spdr_api:gld_historical_archive
2005-11-18,221.23,spdr_api:gld_historical_archive
2005-11-21,221.23,spdr_api:gld_historical_archive
2005-11-22,221.23,spdr_api:gld_historical_archive
2005-11-23,226.19,spdr_api:gld_historical_archive
2005-11-25,226.19,spdr_api:gld_historical_archive
2005-11-28,226.19,spdr_api:gld_historical_archive
2005-11-29,229.28,spdr_api:gld_historical_archive
2005-11-30,229.28,spdr_api:gld_historical_archive
2005-12-01,229.22,spdr_api:gld_historical_archive
2005-12-02,229.22,spdr_api:gld_historical_archive
2005-12-05,229.22,spdr_api:gld_historical_archive
2005-12-06,229.22,spdr_api:gld_historical_archive
2005-12-07,229.22,spdr_api:gld_historical_archive
2005-12-08,232.32,spdr_api:gld_historical_archive
2005-12-09,232.32,spdr_api:gld_historical_archive
2005-12-12,232.32,spdr_api:gld_historical_archive
2005-12-13,232.32,spdr_api:gld_historical_archive
2005-12-14,232.32,spdr_api:gld_historical_archive
2005-12-15,232.32,spdr_api:gld_historical_archive
2005-12-16,235.41,spdr_api:gld_historical_archive
2005-12-19,238.51,spdr_api:gld_historical_archive
2005-12-20,238.51,spdr_api:gld_historical_archive
2005-12-21,241.61,spdr_api:gld_historical_archive
2005-12-22,241.61,spdr_api:gld_historical_archive
2005-12-23,241.61,spdr_api:gld_historical_archive
2005-12-27,247.8,spdr_api:gld_historical_archive
2005-12-28,253.99,spdr_api:gld_historical_archive
2005-12-29,255.54,spdr_api:gld_historical_archive
2005-12-30,263.28,spdr_api:gld_historical_archive
2006-01-03,263.28,spdr_api:gld_historical_archive
2006-01-04,263.21,spdr_api:gld_historical_archive
2006-01-05,282.1,spdr_api:gld_historical_archive
2006-01-06,282.1,spdr_api:gld_historical_archive
2006-01-09,285.19,spdr_api:gld_historical_archive
2006-01-10,285.19,spdr_api:gld_historical_archive
2006-01-11,285.19,spdr_api:gld_historical_archive
2006-01-12,285.19,spdr_api:gld_historical_archive
2006-01-13,285.19,spdr_api:gld_historical_archive
2006-01-17,286.12,spdr_api:gld_historical_archive
2006-01-18,286.12,spdr_api:gld_historical_archive
2006-01-19,289.22,spdr_api:gld_historical_archive
2006-01-20,289.22,spdr_api:gld_historical_archive
2006-01-23,290.46,spdr_api:gld_historical_archive
2006-01-24,293.55,spdr_api:gld_historical_archive
2006-01-25,312.13,spdr_api:gld_historical_archive
2006-01-26,312.13,spdr_api:gld_historical_archive
2006-01-27,328.84,spdr_api:gld_historical_archive
2006-01-30,333.8,spdr_api:gld_historical_archive
2006-01-31,333.8,spdr_api:gld_historical_archive
2006-02-01,333.7,spdr_api:gld_historical_archive
2006-02-02,339.89,spdr_api:gld_historical_archive
2006-02-03,342.99,spdr_api:gld_historical_archive
2006-02-06,342.99,spdr_api:gld_historical_archive
2006-02-07,342.99,spdr_api:gld_historical_archive
2006-02-08,342.99,spdr_api:gld_historical_archive
2006-02-09,342.99,spdr_api:gld_historical_archive
2006-02-10,342.99,spdr_api:gld_historical_archive
2006-02-13,342.99,spdr_api:gld_historical_archive
2006-02-14,342.99,spdr_api:gld_historical_archive
2006-02-15,342.99,spdr_api:gld_historical_archive
2006-02-16,342.99,spdr_api:gld_historical_archive
2006-02-17,342.99,spdr_api:gld_historical_archive
2006-02-21,342.99,spdr_api:gld_historical_archive
2006-02-22,342.99,spdr_api:gld_historical_archive
2006-02-23,342.99,spdr_api:gld_historical_archive
2006-02-24,342.99,spdr_api:gld_historical_archive
2006-02-27,342.99,spdr_api:gld_historical_archive
2006-02-28,342.99,spdr_api:gld_historical_archive
2006-03-01,343.17,spdr_api:gld_historical_archive
2006-03-02,343.17,spdr_api:gld_historical_archive
2006-03-03,343.17,spdr_api:gld_historical_archive
2006-03-06,350.91,spdr_api:gld_historical_archive
2006-03-07,350.91,spdr_api:gld_historical_archive
2006-03-08,350.91,spdr_api:gld_historical_archive
2006-03-09,350.91,spdr_api:gld_historical_archive
2006-03-10,350.93,spdr_api:gld_historical_archive
2006-03-13,350.93,spdr_api:gld_historical_archive
2006-03-14,350.93,spdr_api:gld_historical_archive
2006-03-15,350.93,spdr_api:gld_historical_archive
2006-03-16,350.93,spdr_api:gld_historical_archive
2006-03-17,350.93,spdr_api:gld_historical_archive
2006-03-20,350.93,spdr_api:gld_historical_archive
2006-03-21,350.93,spdr_api:gld_historical_archive
2006-03-22,350.93,spdr_api:gld_historical_archive
2006-03-23,350.92,spdr_api:gld_historical_archive
2006-03-24,347.82,spdr_api:gld_historical_archive
2006-03-27,347.82,spdr_api:gld_historical_archive
2006-03-28,347.82,spdr_api:gld_historical_archive
2006-03-29,347.82,spdr_api:gld_historical_archive
2006-03-30,347.82,spdr_api:gld_historical_archive
2006-03-31,347.82,spdr_api:gld_historical_archive
2006-04-03,350.92,spdr_api:gld_historical_archive
2006-04-04,350.81,spdr_api:gld_historical_archive
2006-04-05,350.81,spdr_api:gld_historical_archive
2006-04-06,350.81,spdr_api:gld_historical_archive
2006-04-07,350.81,spdr_api:gld_historical_archive
2006-04-10,350.81,spdr_api:gld_historical_archive
2006-04-11,350.81,spdr_api:gld_historical_archive
2006-04-12,350.81,spdr_api:gld_historical_archive
2006-04-13,355.45,spdr_api:gld_historical_archive
2006-04-17,355.45,spdr_api:gld_historical_archive
2006-04-18,355.45,spdr_api:gld_historical_archive
2006-04-19,355.45,spdr_api:gld_historical_archive
2006-04-20,355.45,spdr_api:gld_historical_archive
2006-04-21,355.45,spdr_api:gld_historical_archive
2006-04-24,358.54,spdr_api:gld_historical_archive
2006-04-25,358.54,spdr_api:gld_historical_archive
2006-04-26,358.54,spdr_api:gld_historical_archive
2006-04-27,358.54,spdr_api:gld_historical_archive
2006-04-28,358.54,spdr_api:gld_historical_archive
2006-05-01,358.54,spdr_api:gld_historical_archive
2006-05-02,358.54,spdr_api:gld_historical_archive
2006-05-03,358.44,spdr_api:gld_historical_archive
2006-05-04,356.89,spdr_api:gld_historical_archive
2006-05-05,353.8,spdr_api:gld_historical_archive
2006-05-08,353.8,spdr_api:gld_historical_archive
2006-05-09,353.8,spdr_api:gld_historical_archive
2006-05-10,353.8,spdr_api:gld_historical_archive
2006-05-11,353.8,spdr_api:gld_historical_archive
2006-05-12,353.8,spdr_api:gld_historical_archive
2006-05-15,349.47,spdr_api:gld_historical_archive
2006-05-16,349.47,spdr_api:gld_historical_archive
2006-05-17,346.38,spdr_api:gld_historical_archive
2006-05-18,344.52,spdr_api:gld_historical_archive
2006-05-19,341.43,spdr_api:gld_historical_archive
2006-05-22,341.43,spdr_api:gld_historical_archive
2006-05-23,341.43,spdr_api:gld_historical_archive
2006-05-24,343.29,spdr_api:gld_historical_archive
2006-05-25,343.29,spdr_api:gld_historical_archive
2006-05-26,343.29,spdr_api:gld_historical_archive
2006-05-30,344.22,spdr_api:gld_historical_archive
2006-05-31,347.31,spdr_api:gld_historical_archive
2006-06-01,351.63,spdr_api:gld_historical_archive
2006-06-02,351.51,spdr_api:gld_historical_archive
2006-06-05,355.53,spdr_api:gld_historical_archive
2006-06-06,355.53,spdr_api:gld_historical_archive
2006-06-07,355.53,spdr_api:gld_historical_archive
2006-06-08,355.53,spdr_api:gld_historical_archive
2006-06-09,355.53,spdr_api:gld_historical_archive
2006-06-12,355.53,spdr_api:gld_historical_archive
2006-06-13,355.53,spdr_api:gld_historical_archive
2006-06-14,358.62,spdr_api:gld_historical_archive
2006-06-15,361.71,spdr_api:gld_historical_archive
2006-06-16,361.71,spdr_api:gld_historical_archive
2006-06-19,363.88,spdr_api:gld_historical_archive
2006-06-20,365.73,spdr_api:gld_historical_archive
2006-06-21,365.73,spdr_api:gld_historical_archive
2006-06-22,365.73,spdr_api:gld_historical_archive
2006-06-23,365.73,spdr_api:gld_historical_archive
2006-06-26,365.73,spdr_api:gld_historical_archive
2006-06-27,365.73,spdr_api:gld_historical_archive
2006-06-28,365.73,spdr_api:gld_historical_archive
2006-06-29,365.73,spdr_api:gld_historical_archive
2006-06-30,371.91,spdr_api:gld_historical_archive
2006-07-03,371.91,spdr_api:gld_historical_archive
2006-07-05,375.0,spdr_api:gld_historical_archive
2006-07-06,376.13,spdr_api:gld_historical_archive
2006-07-07,376.13,spdr_api:gld_historical_archive
2006-07-10,383.54,spdr_api:gld_historical_archive
2006-07-11,384.47,spdr_api:gld_historical_archive
2006-07-12,384.47,spdr_api:gld_historical_archive
2006-07-13,387.56,spdr_api:gld_historical_archive
2006-07-14,387.56,spdr_api:gld_historical_archive
2006-07-17,387.56,spdr_api:gld_historical_archive
2006-07-18,387.56,spdr_api:gld_historical_archive
2006-07-19,387.56,spdr_api:gld_historical_archive
2006-07-20,387.56,spdr_api:gld_historical_archive
2006-07-21,387.56,spdr_api:gld_historical_archive
2006-07-24,387.56,spdr_api:gld_historical_archive
2006-07-25,387.56,spdr_api:gld_historical_archive
2006-07-26,387.56,spdr_api:gld_historical_archive
2006-07-27,384.78,spdr_api:gld_historical_archive
2006-07-28,384.78,spdr_api:gld_historical_archive
2006-07-31,384.78,spdr_api:gld_historical_archive
2006-08-01,384.78,spdr_api:gld_historical_archive
2006-08-02,384.78,spdr_api:gld_historical_archive
2006-08-03,387.74,spdr_api:gld_historical_archive
2006-08-04,387.74,spdr_api:gld_historical_archive
2006-08-07,387.74,spdr_api:gld_historical_archive
2006-08-08,387.74,spdr_api:gld_historical_archive
2006-08-09,387.74,spdr_api:gld_historical_archive
2006-08-10,387.74,spdr_api:gld_historical_archive
2006-08-11,388.98,spdr_api:gld_historical_archive
2006-08-14,388.98,spdr_api:gld_historical_archive
2006-08-15,388.98,spdr_api:gld_historical_archive
2006-08-16,388.98,spdr_api:gld_historical_archive
2006-08-17,388.98,spdr_api:gld_historical_archive
2006-08-18,388.98,spdr_api:gld_historical_archive
2006-08-21,388.98,spdr_api:gld_historical_archive
2006-08-22,388.98,spdr_api:gld_historical_archive
2006-08-23,390.52,spdr_api:gld_historical_archive
2006-08-24,390.52,spdr_api:gld_historical_archive
2006-08-25,390.52,spdr_api:gld_historical_archive
2006-08-28,390.52,spdr_api:gld_historical_archive
2006-08-29,390.52,spdr_api:gld_historical_archive
2006-08-30,392.07,spdr_api:gld_historical_archive
2006-08-31,392.07,spdr_api:gld_historical_archive
2006-09-01,392.07,spdr_api:gld_historical_archive
2006-09-05,392.07,spdr_api:gld_historical_archive
2006-09-06,392.07,spdr_api:gld_historical_archive
2006-09-07,391.94,spdr_api:gld_historical_archive
2006-09-08,391.94,spdr_api:gld_historical_archive
2006-09-11,391.94,spdr_api:gld_historical_archive
2006-09-12,390.7,spdr_api:gld_historical_archive
2006-09-13,393.79,spdr_api:gld_historical_archive
2006-09-14,393.79,spdr_api:gld_historical_archive
2006-09-15,393.79,spdr_api:gld_historical_archive
2006-09-18,393.79,spdr_api:gld_historical_archive
2006-09-19,390.7,spdr_api:gld_historical_archive
2006-09-20,388.85,spdr_api:gld_historical_archive
2006-09-21,388.85,spdr_api:gld_historical_archive
2006-09-22,386.38,spdr_api:gld_historical_archive
2006-09-25,386.38,spdr_api:gld_historical_archive
2006-09-26,386.38,spdr_api:gld_historical_archive
2006-09-27,386.38,spdr_api:gld_historical_archive
2006-09-28,386.38,spdr_api:gld_historical_archive
2006-09-29,386.38,spdr_api:gld_historical_archive
2006-10-02,386.38,spdr_api:gld_historical_archive
2006-10-03,386.38,spdr_api:gld_historical_archive
2006-10-04,389.34,spdr_api:gld_historical_archive
2006-10-05,389.34,spdr_api:gld_historical_archive
2006-10-06,389.34,spdr_api:gld_historical_archive
2006-10-09,389.34,spdr_api:gld_historical_archive
2006-10-10,389.34,spdr_api:gld_historical_archive
2006-10-11,390.26,spdr_api:gld_historical_archive
2006-10-12,390.26,spdr_api:gld_historical_archive
2006-10-13,390.26,spdr_api:gld_historical_archive
2006-10-16,390.26,spdr_api:gld_historical_archive
2006-10-17,390.26,spdr_api:gld_historical_archive
2006-10-18,390.26,spdr_api:gld_historical_archive
2006-10-19,390.26,spdr_api:gld_historical_archive
2006-10-20,390.26,spdr_api:gld_historical_archive
2006-10-23,390.26,spdr_api:gld_historical_archive
2006-10-24,388.72,spdr_api:gld_historical_archive
2006-10-25,388.72,spdr_api:gld_historical_archive
2006-10-26,388.72,spdr_api:gld_historical_archive
2006-10-27,388.72,spdr_api:gld_historical_archive
2006-10-30,388.72,spdr_api:gld_historical_archive
2006-10-31,388.72,spdr_api:gld_historical_archive
2006-11-01,396.74,spdr_api:gld_historical_archive
2006-11-02,399.83,spdr_api:gld_historical_archive
2006-11-03,402.92,spdr_api:gld_historical_archive
2006-11-06,404.03,spdr_api:gld_historical_archive
2006-11-07,404.03,spdr_api:gld_historical_archive
2006-11-08,409.59,spdr_api:gld_historical_archive
2006-11-09,409.59,spdr_api:gld_historical_archive
2006-11-10,409.59,spdr_api:gld_historical_archive
2006-11-13,409.59,spdr_api:gld_historical_archive
2006-11-14,412.67,spdr_api:gld_historical_archive
2006-11-15,415.76,spdr_api:gld_historical_archive
2006-11-16,415.76,spdr_api:gld_historical_archive
2006-11-17,415.76,spdr_api:gld_historical_archive
2006-11-20,415.76,spdr_api:gld_historical_archive
2006-11-21,415.76,spdr_api:gld_historical_archive
2006-11-22,418.84,spdr_api:gld_historical_archive
2006-11-24,423.47,spdr_api:gld_historical_archive
2006-11-27,425.32,spdr_api:gld_historical_archive
2006-11-28,425.32,spdr_api:gld_historical_archive
2006-11-29,435.5,spdr_api:gld_historical_archive
2006-11-30,441.68,spdr_api:gld_historical_archive
2006-12-01,441.68,spdr_api:gld_historical_archive
2006-12-04,441.68,spdr_api:gld_historical_archive
2006-12-05,441.68,spdr_api:gld_historical_archive
2006-12-06,441.68,spdr_api:gld_historical_archive
2006-12-07,441.52,spdr_api:gld_historical_archive
2006-12-08,441.52,spdr_api:gld_historical_archive
2006-12-11,441.52,spdr_api:gld_historical_archive
2006-12-12,446.15,spdr_api:gld_historical_archive
2006-12-13,448.92,spdr_api:gld_historical_archive
2006-12-14,448.92,spdr_api:gld_historical_archive
2006-12-15,448.92,spdr_api:gld_historical_archive
2006-12-18,448.92,spdr_api:gld_historical_archive
2006-12-19,448.92,spdr_api:gld_historical_archive
2006-12-20,452.01,spdr_api:gld_historical_archive
2006-12-21,452.01,spdr_api:gld_historical_archive
2006-12-22,452.01,spdr_api:gld_historical_archive
2006-12-26,452.01,spdr_api:gld_historical_archive
2006-12-27,452.01,spdr_api:gld_historical_archive
2006-12-28,453.24,spdr_api:gld_historical_archive
2006-12-29,453.24,spdr_api:gld_historical_archive
2007-01-03,453.24,spdr_api:gld_historical_archive
2007-01-04,453.24,spdr_api:gld_historical_archive
2007-01-05,453.24,spdr_api:gld_historical_archive
2007-01-08,453.08,spdr_api:gld_historical_archive
2007-01-09,453.08,spdr_api:gld_historical_archive
2007-01-10,453.08,spdr_api:gld_historical_archive
2007-01-11,453.08,spdr_api:gld_historical_archive
2007-01-12,448.76,spdr_api:gld_historical_archive
2007-01-16,448.76,spdr_api:gld_historical_archive
2007-01-17,451.84,spdr_api:gld_historical_archive
2007-01-18,451.84,spdr_api:gld_historical_archive
2007-01-19,451.84,spdr_api:gld_historical_archive
2007-01-22,451.84,spdr_api:gld_historical_archive
2007-01-23,450.3,spdr_api:gld_historical_archive
2007-01-24,450.3,spdr_api:gld_historical_archive
2007-01-25,450.3,spdr_api:gld_historical_archive
2007-01-26,450.3,spdr_api:gld_historical_archive
2007-01-29,450.3,spdr_api:gld_historical_archive
2007-01-30,450.3,spdr_api:gld_historical_archive
2007-01-31,450.3,spdr_api:gld_historical_archive
2007-02-01,454.0,spdr_api:gld_historical_archive
2007-02-02,458.63,spdr_api:gld_historical_archive
2007-02-05,458.63,spdr_api:gld_historical_archive
2007-02-06,458.63,spdr_api:gld_historical_archive
2007-02-07,461.71,spdr_api:gld_historical_archive
2007-02-08,461.71,spdr_api:gld_historical_archive
2007-02-09,461.58,spdr_api:gld_historical_archive
2007-02-12,466.2,spdr_api:gld_historical_archive
2007-02-13,467.74,spdr_api:gld_historical_archive
2007-02-14,467.74,spdr_api:gld_historical_archive
2007-02-15,475.76,spdr_api:gld_historical_archive
2007-02-16,475.76,spdr_api:gld_historical_archive
2007-02-20,475.76,spdr_api:gld_historical_archive
2007-02-21,479.77,spdr_api:gld_historical_archive
2007-02-22,485.93,spdr_api:gld_historical_archive
2007-02-23,487.47,spdr_api:gld_historical_archive
2007-02-26,487.47,spdr_api:gld_historical_archive
2007-02-27,487.47,spdr_api:gld_historical_archive
2007-02-28,481.31,spdr_api:gld_historical_archive
2007-03-01,481.31,spdr_api:gld_historical_archive
2007-03-02,481.31,spdr_api:gld_historical_archive
2007-03-05,481.31,spdr_api:gld_historical_archive
2007-03-06,481.16,spdr_api:gld_historical_archive
2007-03-07,481.16,spdr_api:gld_historical_archive
2007-03-08,487.32,spdr_api:gld_historical_archive
2007-03-09,483.01,spdr_api:gld_historical_archive
2007-03-12,483.01,spdr_api:gld_historical_archive
2007-03-13,483.01,spdr_api:gld_historical_archive
2007-03-14,476.84,spdr_api:gld_historical_archive
2007-03-15,476.84,spdr_api:gld_historical_archive
2007-03-16,476.84,spdr_api:gld_historical_archive
2007-03-19,476.84,spdr_api:gld_historical_archive
2007-03-20,476.84,spdr_api:gld_historical_archive
2007-03-21,476.84,spdr_api:gld_historical_archive
2007-03-22,479.31,spdr_api:gld_historical_archive
2007-03-23,479.31,spdr_api:gld_historical_archive
2007-03-26,479.31,spdr_api:gld_historical_archive
2007-03-27,479.31,spdr_api:gld_historical_archive
2007-03-28,479.31,spdr_api:gld_historical_archive
2007-03-29,483.93,spdr_api:gld_historical_archive
2007-03-30,483.93,spdr_api:gld_historical_archive
2007-04-02,483.93,spdr_api:gld_historical_archive
2007-04-03,485.16,spdr_api:gld_historical_archive
2007-04-04,488.4,spdr_api:gld_historical_archive
2007-04-05,494.56,spdr_api:gld_historical_archive
2007-04-09,494.56,spdr_api:gld_historical_archive
2007-04-10,494.56,spdr_api:gld_historical_archive
2007-04-11,494.56,spdr_api:gld_historical_archive
2007-04-12,494.56,spdr_api:gld_historical_archive
2007-04-13,494.56,spdr_api:gld_historical_archive
2007-04-16,494.56,spdr_api:gld_historical_archive
2007-04-17,500.72,spdr_api:gld_historical_archive
2007-04-18,500.72,spdr_api:gld_historical_archive
2007-04-19,500.72,spdr_api:gld_historical_archive
2007-04-20,494.87,spdr_api:gld_historical_archive
2007-04-23,494.87,spdr_api:gld_historical_archive
2007-04-24,493.33,spdr_api:gld_historical_archive
2007-04-25,493.33,spdr_api:gld_historical_archive
2007-04-26,493.33,spdr_api:gld_historical_archive
2007-04-27,493.33,spdr_api:gld_historical_archive
2007-04-30,493.33,spdr_api:gld_historical_archive
2007-05-01,493.33,spdr_api:gld_historical_archive
2007-05-02,485.93,spdr_api:gld_historical_archive
2007-05-03,485.93,spdr_api:gld_historical_archive
2007-05-04,485.78,spdr_api:gld_historical_archive
2007-05-07,485.78,spdr_api:gld_historical_archive
2007-05-08,485.78,spdr_api:gld_historical_archive
2007-05-09,485.78,spdr_api:gld_historical_archive
2007-05-10,480.23,spdr_api:gld_historical_archive
2007-05-11,480.23,spdr_api:gld_historical_archive
2007-05-14,483.01,spdr_api:gld_historical_archive
2007-05-15,485.78,spdr_api:gld_historical_archive
2007-05-16,477.77,spdr_api:gld_historical_archive
2007-05-17,469.15,spdr_api:gld_historical_archive
2007-05-18,469.15,spdr_api:gld_historical_archive
2007-05-21,469.15,spdr_api:gld_historical_archive
2007-05-22,469.15,spdr_api:gld_historical_archive
2007-05-23,469.15,spdr_api:gld_historical_archive
2007-05-24,472.23,spdr_api:gld_historical_archive
2007-05-25,472.23,spdr_api:gld_historical_archive
2007-05-29,472.23,spdr_api:gld_historical_archive
2007-05-30,463.6,spdr_api:gld_historical_archive
2007-05-31,468.22,spdr_api:gld_historical_archive
2007-06-01,477.77,spdr_api:gld_historical_archive
2007-06-04,477.77,spdr_api:gld_historical_archive
2007-06-05,477.77,spdr_api:gld_historical_archive
2007-06-06,477.77,spdr_api:gld_historical_archive
2007-06-07,477.61,spdr_api:gld_historical_archive
2007-06-08,469.91,spdr_api:gld_historical_archive
2007-06-11,469.91,spdr_api:gld_historical_archive
2007-06-12,472.99,spdr_api:gld_historical_archive
2007-06-13,472.99,spdr_api:gld_historical_archive
2007-06-14,472.99,spdr_api:gld_historical_archive
2007-06-15,472.99,spdr_api:gld_historical_archive
2007-06-18,474.53,spdr_api:gld_historical_archive
2007-06-19,474.53,spdr_api:gld_historical_archive
2007-06-20,474.53,spdr_api:gld_historical_archive
2007-06-21,474.53,spdr_api:gld_historical_archive
2007-06-22,474.53,spdr_api:gld_historical_archive
2007-06-25,474.53,spdr_api:gld_historical_archive
2007-06-26,463.45,spdr_api:gld_historical_archive
2007-06-27,463.45,spdr_api:gld_historical_archive
2007-06-28,464.37,spdr_api:gld_historical_archive
2007-06-29,464.37,spdr_api:gld_historical_archive
2007-07-02,464.37,spdr_api:gld_historical_archive
2007-07-03,464.37,spdr_api:gld_historical_archive
2007-07-05,464.22,spdr_api:gld_historical_archive
2007-07-06,473.45,spdr_api:gld_historical_archive
2007-07-09,481.15,spdr_api:gld_historical_archive
2007-07-10,481.15,spdr_api:gld_historical_archive
2007-07-11,481.15,spdr_api:gld_historical_archive
2007-07-12,484.84,spdr_api:gld_historical_archive
2007-07-13,484.84,spdr_api:gld_historical_archive
2007-07-16,487.92,spdr_api:gld_historical_archive
2007-07-17,487.92,spdr_api:gld_historical_archive
2007-07-18,489.46,spdr_api:gld_historical_archive
2007-07-19,497.15,spdr_api:gld_historical_archive
2007-07-20,497.15,spdr_api:gld_historical_archive
2007-07-23,497.15,spdr_api:gld_historical_archive
2007-07-24,497.15,spdr_api:gld_historical_archive
2007-07-25,497.15,spdr_api:gld_historical_archive
2007-07-26,496.53,spdr_api:gld_historical_archive
2007-07-27,496.53,spdr_api:gld_historical_archive
2007-07-30,496.53,spdr_api:gld_historical_archive
2007-07-31,496.53,spdr_api:gld_historical_archive
2007-08-01,506.69,spdr_api:gld_historical_archive
2007-08-02,506.52,spdr_api:gld_historical_archive
2007-08-03,506.52,spdr_api:gld_historical_archive
2007-08-06,509.6,spdr_api:gld_historical_archive
2007-08-07,509.6,spdr_api:gld_historical_archive
2007-08-08,509.29,spdr_api:gld_historical_archive
2007-08-09,509.29,spdr_api:gld_historical_archive
2007-08-10,509.29,spdr_api:gld_historical_archive
2007-08-13,509.29,spdr_api:gld_historical_archive
2007-08-14,510.21,spdr_api:gld_historical_archive
2007-08-15,510.21,spdr_api:gld_historical_archive
2007-08-16,507.14,spdr_api:gld_historical_archive
2007-08-17,507.14,spdr_api:gld_historical_archive
2007-08-20,514.21,spdr_api:gld_historical_archive
2007-08-21,514.21,spdr_api:gld_historical_archive
2007-08-22,514.21,spdr_api:gld_historical_archive
2007-08-23,514.21,spdr_api:gld_historical_archive
2007-08-24,515.44,spdr_api:gld_historical_archive
2007-08-27,515.44,spdr_api:gld_historical_archive
2007-08-28,515.44,spdr_api:gld_historical_archive
2007-08-29,515.44,spdr_api:gld_historical_archive
2007-08-30,515.44,spdr_api:gld_historical_archive
2007-08-31,515.44,spdr_api:gld_historical_archive
2007-09-04,515.44,spdr_api:gld_historical_archive
2007-09-05,528.36,spdr_api:gld_historical_archive
2007-09-06,542.35,spdr_api:gld_historical_archive
2007-09-07,549.42,spdr_api:gld_historical_archive
2007-09-10,558.65,spdr_api:gld_historical_archive
2007-09-11,566.95,spdr_api:gld_historical_archive
2007-09-12,566.95,spdr_api:gld_historical_archive
2007-09-13,566.95,spdr_api:gld_historical_archive
2007-09-14,566.95,spdr_api:gld_historical_archive
2007-09-17,567.88,spdr_api:gld_historical_archive
2007-09-18,575.57,spdr_api:gld_historical_archive
2007-09-19,577.1,spdr_api:gld_historical_archive
2007-09-20,577.1,spdr_api:gld_historical_archive
2007-09-21,577.1,spdr_api:gld_historical_archive
2007-09-24,578.03,spdr_api:gld_historical_archive
2007-09-25,578.03,spdr_api:gld_historical_archive
2007-09-26,578.03,spdr_api:gld_historical_archive
2007-09-27,578.03,spdr_api:gld_historical_archive
2007-09-28,578.03,spdr_api:gld_historical_archive
2007-10-01,578.03,spdr_api:gld_historical_archive
2007-10-02,578.03,spdr_api:gld_historical_archive
2007-10-03,577.85,spdr_api:gld_historical_archive
2007-10-04,577.85,spdr_api:gld_historical_archive
2007-10-05,577.85,spdr_api:gld_historical_archive
2007-10-08,577.85,spdr_api:gld_historical_archive
2007-10-09,585.53,spdr_api:gld_historical_archive
2007-10-10,585.53,spdr_api:gld_historical_archive
2007-10-11,591.68,spdr_api:gld_historical_archive
2007-10-12,593.22,spdr_api:gld_historical_archive
2007-10-15,593.22,spdr_api:gld_historical_archive
2007-10-16,594.45,spdr_api:gld_historical_archive
2007-10-17,594.45,spdr_api:gld_historical_archive
2007-10-18,594.45,spdr_api:gld_historical_archive
2007-10-19,594.45,spdr_api:gld_historical_archive
2007-10-22,594.45,spdr_api:gld_historical_archive
2007-10-23,594.45,spdr_api:gld_historical_archive
2007-10-24,594.45,spdr_api:gld_historical_archive
2007-10-25,597.53,spdr_api:gld_historical_archive
2007-10-26,597.53,spdr_api:gld_historical_archive
2007-10-29,597.53,spdr_api:gld_historical_archive
2007-10-30,597.53,spdr_api:gld_historical_archive
2007-10-31,597.53,spdr_api:gld_historical_archive
2007-11-01,597.53,spdr_api:gld_historical_archive
2007-11-02,597.53,spdr_api:gld_historical_archive
2007-11-05,597.53,spdr_api:gld_historical_archive
2007-11-06,597.35,spdr_api:gld_historical_archive
2007-11-07,597.35,spdr_api:gld_historical_archive
2007-11-08,599.5,spdr_api:gld_historical_archive
2007-11-09,599.5,spdr_api:gld_historical_archive
2007-11-13,588.74,spdr_api:gld_historical_archive
2007-11-14,588.74,spdr_api:gld_historical_archive
2007-11-15,588.74,spdr_api:gld_historical_archive
2007-11-16,588.74,spdr_api:gld_historical_archive
2007-11-19,588.74,spdr_api:gld_historical_archive
2007-11-20,588.74,spdr_api:gld_historical_archive
2007-11-21,588.74,spdr_api:gld_historical_archive
2007-11-23,588.74,spdr_api:gld_historical_archive
2007-11-26,591.2,spdr_api:gld_historical_archive
2007-11-27,609.33,spdr_api:gld_historical_archive
2007-11-28,609.33,spdr_api:gld_historical_archive
2007-11-29,609.33,spdr_api:gld_historical_archive
2007-11-30,601.65,spdr_api:gld_historical_archive
2007-12-03,601.65,spdr_api:gld_historical_archive
2007-12-04,601.45,spdr_api:gld_historical_archive
2007-12-05,601.45,spdr_api:gld_historical_archive
2007-12-06,602.37,spdr_api:gld_historical_archive
2007-12-07,602.37,spdr_api:gld_historical_archive
2007-12-10,614.67,spdr_api:gld_historical_archive
2007-12-11,614.67,spdr_api:gld_historical_archive
2007-12-12,615.9,spdr_api:gld_historical_archive
2007-12-13,615.9,spdr_api:gld_historical_archive
2007-12-14,615.9,spdr_api:gld_historical_archive
2007-12-17,617.43,spdr_api:gld_historical_archive
2007-12-18,617.43,spdr_api:gld_historical_archive
2007-12-19,617.43,spdr_api:gld_historical_archive
2007-12-20,617.43,spdr_api:gld_historical_archive
2007-12-21,617.43,spdr_api:gld_historical_archive
2007-12-24,617.43,spdr_api:gld_historical_archive
2007-12-26,627.88,spdr_api:gld_historical_archive
2007-12-27,627.88,spdr_api:gld_historical_archive
2007-12-28,627.88,spdr_api:gld_historical_archive
2007-12-31,627.88,spdr_api:gld_historical_archive
2008-01-02,627.88,spdr_api:gld_historical_archive
2008-01-03,627.88,spdr_api:gld_historical_archive
2008-01-04,629.72,spdr_api:gld_historical_archive
2008-01-07,639.35,spdr_api:gld_historical_archive
2008-01-08,639.35,spdr_api:gld_historical_archive
2008-01-09,639.35,spdr_api:gld_historical_archive
2008-01-10,641.81,spdr_api:gld_historical_archive
2008-01-11,641.81,spdr_api:gld_historical_archive
2008-01-14,652.56,spdr_api:gld_historical_archive
2008-01-15,652.56,spdr_api:gld_historical_archive
2008-01-16,631.05,spdr_api:gld_historical_archive
2008-01-17,629.83,spdr_api:gld_historical_archive
2008-01-18,622.76,spdr_api:gld_historical_archive
2008-01-22,622.76,spdr_api:gld_historical_archive
2008-01-23,630.44,spdr_api:gld_historical_archive
2008-01-24,630.75,spdr_api:gld_historical_archive
2008-01-25,630.75,spdr_api:gld_historical_archive
2008-01-28,630.75,spdr_api:gld_historical_archive
2008-01-29,630.75,spdr_api:gld_historical_archive
2008-01-30,630.75,spdr_api:gld_historical_archive
2008-01-31,631.98,spdr_api:gld_historical_archive
2008-02-01,631.36,spdr_api:gld_historical_archive
2008-02-04,631.15,spdr_api:gld_historical_archive
2008-02-05,631.15,spdr_api:gld_historical_archive
2008-02-06,631.15,spdr_api:gld_historical_archive
2008-02-07,631.15,spdr_api:gld_historical_archive
2008-02-08,631.15,spdr_api:gld_historical_archive
2008-02-11,631.15,spdr_api:gld_historical_archive
2008-02-12,631.15,spdr_api:gld_historical_archive
2008-02-13,631.15,spdr_api:gld_historical_archive
2008-02-14,631.15,spdr_api:gld_historical_archive
2008-02-15,631.15,spdr_api:gld_historical_archive
2008-02-19,631.15,spdr_api:gld_historical_archive
2008-02-20,631.15,spdr_api:gld_historical_archive
2008-02-21,631.15,spdr_api:gld_historical_archive
2008-02-22,631.15,spdr_api:gld_historical_archive
2008-02-25,639.44,spdr_api:gld_historical_archive
2008-02-26,639.44,spdr_api:gld_historical_archive
2008-02-27,639.44,spdr_api:gld_historical_archive
2008-02-28,639.44,spdr_api:gld_historical_archive
2008-02-29,639.44,spdr_api:gld_historical_archive
2008-03-03,647.73,spdr_api:gld_historical_archive
2008-03-04,647.73,spdr_api:gld_historical_archive
2008-03-05,647.73,spdr_api:gld_historical_archive
2008-03-06,647.56,spdr_api:gld_historical_archive
2008-03-07,647.56,spdr_api:gld_historical_archive
2008-03-10,654.93,spdr_api:gld_historical_archive
2008-03-11,652.48,spdr_api:gld_historical_archive
2008-03-12,652.48,spdr_api:gld_historical_archive
2008-03-13,652.48,spdr_api:gld_historical_archive
2008-03-14,653.4,spdr_api:gld_historical_archive
2008-03-17,663.83,spdr_api:gld_historical_archive
2008-03-18,663.83,spdr_api:gld_historical_archive
2008-03-19,648.79,spdr_api:gld_historical_archive
2008-03-20,637.13,spdr_api:gld_historical_archive
2008-03-24,634.06,spdr_api:gld_historical_archive
2008-03-25,634.06,spdr_api:gld_historical_archive
2008-03-26,634.06,spdr_api:gld_historical_archive
2008-03-27,642.04,spdr_api:gld_historical_archive
2008-03-28,642.04,spdr_api:gld_historical_archive
2008-03-31,642.04,spdr_api:gld_historical_archive
2008-04-01,642.04,spdr_api:gld_historical_archive
2008-04-02,642.04,spdr_api:gld_historical_archive
2008-04-03,642.04,spdr_api:gld_historical_archive
2008-04-04,642.04,spdr_api:gld_historical_archive
2008-04-07,642.04,spdr_api:gld_historical_archive
2008-04-08,642.04,spdr_api:gld_historical_archive
2008-04-09,641.82,spdr_api:gld_historical_archive
2008-04-10,641.82,spdr_api:gld_historical_archive
2008-04-11,641.82,spdr_api:gld_historical_archive
2008-04-14,641.82,spdr_api:gld_historical_archive
2008-04-15,641.82,spdr_api:gld_historical_archive
2008-04-16,641.82,spdr_api:gld_historical_archive
2008-04-17,641.82,spdr_api:gld_historical_archive
2008-04-18,641.82,spdr_api:gld_historical_archive
2008-04-21,641.82,spdr_api:gld_historical_archive
2008-04-22,623.41,spdr_api:gld_historical_archive
2008-04-23,611.75,spdr_api:gld_historical_archive
2008-04-24,591.19,spdr_api:gld_historical_archive
2008-04-25,591.19,spdr_api:gld_historical_archive
2008-04-28,591.19,spdr_api:gld_historical_archive
2008-04-29,580.45,spdr_api:gld_historical_archive
2008-04-30,580.45,spdr_api:gld_historical_archive
2008-05-01,580.45,spdr_api:gld_historical_archive
2008-05-02,580.45,spdr_api:gld_historical_archive
2008-05-05,580.45,spdr_api:gld_historical_archive
2008-05-06,584.44,spdr_api:gld_historical_archive
2008-05-07,590.57,spdr_api:gld_historical_archive
2008-05-08,590.37,spdr_api:gld_historical_archive
2008-05-09,590.37,spdr_api:gld_historical_archive
2008-05-12,590.37,spdr_api:gld_historical_archive
2008-05-13,590.37,spdr_api:gld_historical_archive
2008-05-14,583.93,spdr_api:gld_historical_archive
2008-05-15,583.93,spdr_api:gld_historical_archive
2008-05-16,583.93,spdr_api:gld_historical_archive
2008-05-19,583.93,spdr_api:gld_historical_archive
2008-05-20,583.93,spdr_api:gld_historical_archive
2008-05-21,583.93,spdr_api:gld_historical_archive
2008-05-22,591.6,spdr_api:gld_historical_archive
2008-05-23,591.6,spdr_api:gld_historical_archive
2008-05-27,591.6,spdr_api:gld_historical_archive
2008-05-28,591.6,spdr_api:gld_historical_archive
2008-05-29,597.73,spdr_api:gld_historical_archive
2008-05-30,597.73,spdr_api:gld_historical_archive
2008-06-02,597.73,spdr_api:gld_historical_archive
2008-06-03,597.73,spdr_api:gld_historical_archive
2008-06-04,597.73,spdr_api:gld_historical_archive
2008-06-05,597.73,spdr_api:gld_historical_archive
2008-06-06,597.55,spdr_api:gld_historical_archive
2008-06-09,597.55,spdr_api:gld_historical_archive
2008-06-10,597.55,spdr_api:gld_historical_archive
2008-06-11,597.55,spdr_api:gld_historical_archive
2008-06-12,605.21,spdr_api:gld_historical_archive
2008-06-13,605.21,spdr_api:gld_historical_archive
2008-06-16,605.21,spdr_api:gld_historical_archive
2008-06-17,617.48,spdr_api:gld_historical_archive
2008-06-18,611.35,spdr_api:gld_historical_archive
2008-06-19,614.41,spdr_api:gld_historical_archive
2008-06-20,615.95,spdr_api:gld_historical_archive
2008-06-23,628.21,spdr_api:gld_historical_archive
2008-06-24,628.21,spdr_api:gld_historical_archive
2008-06-25,628.21,spdr_api:gld_historical_archive
2008-06-26,628.21,spdr_api:gld_historical_archive
2008-06-27,644.16,spdr_api:gld_historical_archive
2008-06-30,644.16,spdr_api:gld_historical_archive
2008-07-01,644.16,spdr_api:gld_historical_archive
2008-07-02,658.57,spdr_api:gld_historical_archive
2008-07-03,658.38,spdr_api:gld_historical_archive
2008-07-07,658.99,spdr_api:gld_historical_archive
2008-07-08,658.99,spdr_api:gld_historical_archive
2008-07-09,658.99,spdr_api:gld_historical_archive
2008-07-10,659.91,spdr_api:gld_historical_archive
2008-07-11,705.9,spdr_api:gld_historical_archive
2008-07-14,701.91,spdr_api:gld_historical_archive
2008-07-15,701.91,spdr_api:gld_historical_archive
2008-07-16,701.91,spdr_api:gld_historical_archive
2008-07-17,702.53,spdr_api:gld_historical_archive
2008-07-18,702.53,spdr_api:gld_historical_archive
2008-07-21,705.59,spdr_api:gld_historical_archive
2008-07-22,690.26,spdr_api:gld_historical_archive
2008-07-23,673.4,spdr_api:gld_historical_archive
2008-07-24,673.4,spdr_api:gld_historical_archive
2008-07-25,673.4,spdr_api:gld_historical_archive
2008-07-28,673.4,spdr_api:gld_historical_archive
2008-07-29,673.4,spdr_api:gld_historical_archive
2008-07-30,673.4,spdr_api:gld_historical_archive
2008-07-31,673.4,spdr_api:gld_historical_archive
2008-08-01,674.02,spdr_api:gld_historical_archive
2008-08-04,674.63,spdr_api:gld_historical_archive
2008-08-05,659.31,spdr_api:gld_historical_archive
2008-08-06,659.31,spdr_api:gld_historical_archive
2008-08-07,659.31,spdr_api:gld_historical_archive
2008-08-08,659.03,spdr_api:gld_historical_archive
2008-08-11,659.03,spdr_api:gld_historical_archive
2008-08-12,659.03,spdr_api:gld_historical_archive
2008-08-13,659.03,spdr_api:gld_historical_archive
2008-08-14,659.03,spdr_api:gld_historical_archive
2008-08-15,659.03,spdr_api:gld_historical_archive
2008-08-18,659.03,spdr_api:gld_historical_archive
2008-08-19,651.37,spdr_api:gld_historical_archive
2008-08-20,651.37,spdr_api:gld_historical_archive
2008-08-21,651.37,spdr_api:gld_historical_archive
2008-08-22,651.37,spdr_api:gld_historical_archive
2008-08-25,651.37,spdr_api:gld_historical_archive
2008-08-26,651.37,spdr_api:gld_historical_archive
2008-08-27,651.37,spdr_api:gld_historical_archive
2008-08-28,651.37,spdr_api:gld_historical_archive
2008-08-29,651.37,spdr_api:gld_historical_archive
2008-09-02,651.37,spdr_api:gld_historical_archive
2008-09-03,642.18,spdr_api:gld_historical_archive
2008-09-04,642.18,spdr_api:gld_historical_archive
2008-09-05,642.18,spdr_api:gld_historical_archive
2008-09-08,641.93,spdr_api:gld_historical_archive
2008-09-09,631.2,spdr_api:gld_historical_archive
2008-09-10,614.35,spdr_api:gld_historical_archive
2008-09-11,614.35,spdr_api:gld_historical_archive
2008-09-12,614.35,spdr_api:gld_historical_archive
2008-09-15,614.35,spdr_api:gld_historical_archive
2008-09-16,614.35,spdr_api:gld_historical_archive
2008-09-17,650.81,spdr_api:gld_historical_archive
2008-09-18,655.1,spdr_api:gld_historical_archive
2008-09-19,679.6,spdr_api:gld_historical_archive
2008-09-22,709.62,spdr_api:gld_historical_archive
2008-09-23,724.94,spdr_api:gld_historical_archive
2008-09-24,724.94,spdr_api:gld_historical_archive
2008-09-25,723.71,spdr_api:gld_historical_archive
2008-09-26,724.63,spdr_api:gld_historical_archive
2008-09-29,752.2,spdr_api:gld_historical_archive
2008-09-30,755.26,spdr_api:gld_historical_archive
2008-10-01,755.26,spdr_api:gld_historical_archive
2008-10-02,755.26,spdr_api:gld_historical_archive
2008-10-03,739.95,spdr_api:gld_historical_archive
2008-10-06,744.54,spdr_api:gld_historical_archive
2008-10-07,745.22,spdr_api:gld_historical_archive
2008-10-08,763.9,spdr_api:gld_historical_archive
2008-10-09,765.74,spdr_api:gld_historical_archive
2008-10-10,770.64,spdr_api:gld_historical_archive
2008-10-13,770.64,spdr_api:gld_historical_archive
2008-10-14,767.58,spdr_api:gld_historical_archive
2008-10-15,767.58,spdr_api:gld_historical_archive
2008-10-16,756.86,spdr_api:gld_historical_archive
2008-10-17,756.86,spdr_api:gld_historical_archive
2008-10-20,756.25,spdr_api:gld_historical_archive
2008-10-21,755.64,spdr_api:gld_historical_archive
2008-10-22,755.64,spdr_api:gld_historical_archive
2008-10-23,747.06,spdr_api:gld_historical_archive
2008-10-24,747.06,spdr_api:gld_historical_archive
2008-10-27,749.21,spdr_api:gld_historical_archive
2008-10-28,749.21,spdr_api:gld_historical_archive
2008-10-29,749.21,spdr_api:gld_historical_archive
2008-10-30,749.21,spdr_api:gld_historical_archive
2008-10-31,749.21,spdr_api:gld_historical_archive
2008-11-03,749.21,spdr_api:gld_historical_archive
2008-11-04,749.21,spdr_api:gld_historical_archive
2008-11-05,749.21,spdr_api:gld_historical_archive
2008-11-06,749.21,spdr_api:gld_historical_archive
2008-11-07,749.21,spdr_api:gld_historical_archive
2008-11-10,749.21,spdr_api:gld_historical_archive
2008-11-11,749.21,spdr_api:gld_historical_archive
2008-11-12,748.94,spdr_api:gld_historical_archive
2008-11-13,748.94,spdr_api:gld_historical_archive
2008-11-14,748.94,spdr_api:gld_historical_archive
2008-11-17,748.94,spdr_api:gld_historical_archive
2008-11-18,748.94,spdr_api:gld_historical_archive
2008-11-19,752.0,spdr_api:gld_historical_archive
2008-11-20,752.0,spdr_api:gld_historical_archive
2008-11-21,755.06,spdr_api:gld_historical_archive
2008-11-24,755.06,spdr_api:gld_historical_archive
2008-11-25,755.06,spdr_api:gld_historical_archive
2008-11-26,758.12,spdr_api:gld_historical_archive
2008-11-28,758.12,spdr_api:gld_historical_archive
2008-12-01,758.12,spdr_api:gld_historical_archive
2008-12-02,758.12,spdr_api:gld_historical_archive
2008-12-03,758.12,spdr_api:gld_historical_archive
2008-12-04,757.89,spdr_api:gld_historical_archive
2008-12-05,757.89,spdr_api:gld_historical_archive
2008-12-08,757.89,spdr_api:gld_historical_archive
2008-12-09,757.89,spdr_api:gld_historical_archive
2008-12-10,757.89,spdr_api:gld_historical_archive
2008-12-11,762.17,spdr_api:gld_historical_archive
2008-12-12,762.17,spdr_api:gld_historical_archive
2008-12-15,765.23,spdr_api:gld_historical_archive
2008-12-16,769.21,spdr_api:gld_historical_archive
2008-12-17,775.33,spdr_api:gld_historical_archive
2008-12-18,775.33,spdr_api:gld_historical_archive
2008-12-19,775.33,spdr_api:gld_historical_archive
2008-12-22,775.33,spdr_api:gld_historical_archive
2008-12-23,775.33,spdr_api:gld_historical_archive
2008-12-24,775.33,spdr_api:gld_historical_archive
2008-12-26,775.33,spdr_api:gld_historical_archive
2008-12-29,780.23,spdr_api:gld_historical_archive
2008-12-30,780.23,spdr_api:gld_historical_archive
2008-12-31,780.23,spdr_api:gld_historical_archive
2009-01-02,780.23,spdr_api:gld_historical_archive
2009-01-05,780.23,spdr_api:gld_historical_archive
2009-01-06,787.88,spdr_api:gld_historical_archive
2009-01-07,787.88,spdr_api:gld_historical_archive
2009-01-08,787.6,spdr_api:gld_historical_archive
2009-01-09,787.6,spdr_api:gld_historical_archive
2009-01-12,787.6,spdr_api:gld_historical_archive
2009-01-13,787.6,spdr_api:gld_historical_archive
2009-01-14,790.66,spdr_api:gld_historical_archive
2009-01-15,795.25,spdr_api:gld_historical_archive
2009-01-16,795.25,spdr_api:gld_historical_archive
2009-01-20,802.9,spdr_api:gld_historical_archive
2009-01-21,805.96,spdr_api:gld_historical_archive
2009-01-22,819.11,spdr_api:gld_historical_archive
2009-01-23,832.57,spdr_api:gld_historical_archive
2009-01-26,832.88,spdr_api:gld_historical_archive
2009-01-27,832.88,spdr_api:gld_historical_archive
2009-01-28,832.88,spdr_api:gld_historical_archive
2009-01-29,843.59,spdr_api:gld_historical_archive
2009-01-30,843.59,spdr_api:gld_historical_archive
2009-02-02,853.37,spdr_api:gld_historical_archive
2009-02-03,853.37,spdr_api:gld_historical_archive
2009-02-04,859.49,spdr_api:gld_historical_archive
2009-02-05,867.19,spdr_api:gld_historical_archive
2009-02-06,867.19,spdr_api:gld_historical_archive
2009-02-09,881.87,spdr_api:gld_historical_archive
2009-02-10,894.72,spdr_api:gld_historical_archive
2009-02-11,935.09,spdr_api:gld_historical_archive
2009-02-12,970.57,spdr_api:gld_historical_archive
2009-02-13,985.86,spdr_api:gld_historical_archive
2009-02-17,1008.8,spdr_api:gld_historical_archive
2009-02-18,1024.09,spdr_api:gld_historical_archive
2009-02-19,1028.98,spdr_api:gld_historical_archive
2009-02-20,1028.98,spdr_api:gld_historical_archive
2009-02-23,1028.98,spdr_api:gld_historical_archive
2009-02-24,1028.98,spdr_api:gld_historical_archive
2009-02-25,1028.98,spdr_api:gld_historical_archive
2009-02-26,1029.29,spdr_api:gld_historical_archive
2009-02-27,1029.29,spdr_api:gld_historical_archive
2009-03-02,1029.29,spdr_api:gld_historical_archive
2009-03-03,1029.29,spdr_api:gld_historical_archive
2009-03-04,1029.29,spdr_api:gld_historical_archive
2009-03-05,1029.29,spdr_api:gld_historical_archive
2009-03-06,1028.99,spdr_api:gld_historical_archive
2009-03-09,1028.99,spdr_api:gld_historical_archive
2009-03-10,1028.99,spdr_api:gld_historical_archive
2009-03-11,1038.17,spdr_api:gld_historical_archive
2009-03-12,1041.53,spdr_api:gld_historical_archive
2009-03-13,1056.82,spdr_api:gld_historical_archive
2009-03-16,1069.05,spdr_api:gld_historical_archive
2009-03-17,1069.05,spdr_api:gld_historical_archive
2009-03-18,1084.33,spdr_api:gld_historical_archive
2009-03-19,1103.29,spdr_api:gld_historical_archive
2009-03-20,1114.6,spdr_api:gld_historical_archive
2009-03-23,1114.29,spdr_api:gld_historical_archive
2009-03-24,1124.99,spdr_api:gld_historical_archive
2009-03-25,1124.99,spdr_api:gld_historical_archive
2009-03-26,1124.99,spdr_api:gld_historical_archive
2009-03-27,1127.44,spdr_api:gld_historical_archive
2009-03-30,1127.44,spdr_api:gld_historical_archive
2009-03-31,1127.44,spdr_api:gld_historical_archive
2009-04-01,1127.44,spdr_api:gld_historical_archive
2009-04-02,1127.44,spdr_api:gld_historical_archive
2009-04-03,1127.37,spdr_api:gld_historical_archive
2009-04-06,1127.37,spdr_api:gld_historical_archive
2009-04-07,1127.37,spdr_api:gld_historical_archive
2009-04-08,1127.37,spdr_api:gld_historical_archive
2009-04-09,1127.68,spdr_api:gld_historical_archive
2009-04-13,1127.68,spdr_api:gld_historical_archive
2009-04-14,1127.68,spdr_api:gld_historical_archive
2009-04-15,1127.68,spdr_api:gld_historical_archive
2009-04-16,1119.43,spdr_api:gld_historical_archive
2009-04-17,1105.98,spdr_api:gld_historical_archive
2009-04-20,1105.98,spdr_api:gld_historical_archive
2009-04-21,1105.98,spdr_api:gld_historical_archive
2009-04-22,1105.98,spdr_api:gld_historical_archive
2009-04-23,1104.45,spdr_api:gld_historical_archive
2009-04-24,1104.45,spdr_api:gld_historical_archive
2009-04-27,1104.45,spdr_api:gld_historical_archive
2009-04-28,1104.45,spdr_api:gld_historical_archive
2009-04-29,1104.45,spdr_api:gld_historical_archive
2009-04-30,1104.45,spdr_api:gld_historical_archive
2009-05-01,1104.45,spdr_api:gld_historical_archive
2009-05-04,1104.45,spdr_api:gld_historical_archive
2009-05-05,1104.45,spdr_api:gld_historical_archive
2009-05-06,1104.09,spdr_api:gld_historical_archive
2009-05-07,1104.09,spdr_api:gld_historical_archive
2009-05-08,1104.09,spdr_api:gld_historical_archive
2009-05-11,1104.09,spdr_api:gld_historical_archive
2009-05-12,1104.09,spdr_api:gld_historical_archive
2009-05-13,1105.62,spdr_api:gld_historical_archive
2009-05-14,1105.62,spdr_api:gld_historical_archive
2009-05-15,1105.62,spdr_api:gld_historical_archive
2009-05-18,1105.62,spdr_api:gld_historical_archive
2009-05-19,1105.62,spdr_api:gld_historical_archive
2009-05-20,1105.62,spdr_api:gld_historical_archive
2009-05-21,1105.62,spdr_api:gld_historical_archive
2009-05-22,1118.76,spdr_api:gld_historical_archive
2009-05-26,1118.76,spdr_api:gld_historical_archive
2009-05-27,1118.76,spdr_api:gld_historical_archive
2009-05-28,1118.76,spdr_api:gld_historical_archive
2009-05-29,1118.76,spdr_api:gld_historical_archive
2009-06-01,1134.03,spdr_api:gld_historical_archive
2009-06-02,1134.03,spdr_api:gld_historical_archive
2009-06-03,1132.5,spdr_api:gld_historical_archive
2009-06-04,1132.5,spdr_api:gld_historical_archive
2009-06-05,1132.15,spdr_api:gld_historical_archive
2009-06-08,1132.15,spdr_api:gld_historical_archive
2009-06-09,1132.15,spdr_api:gld_historical_archive
2009-06-10,1132.15,spdr_api:gld_historical_archive
2009-06-11,1132.15,spdr_api:gld_historical_archive
2009-06-12,1132.15,spdr_api:gld_historical_archive
2009-06-15,1132.15,spdr_api:gld_historical_archive
2009-06-16,1132.15,spdr_api:gld_historical_archive
2009-06-17,1132.15,spdr_api:gld_historical_archive
2009-06-18,1132.15,spdr_api:gld_historical_archive
2009-06-19,1132.15,spdr_api:gld_historical_archive
2009-06-22,1131.24,spdr_api:gld_historical_archive
2009-06-23,1131.24,spdr_api:gld_historical_archive
2009-06-24,1131.24,spdr_api:gld_historical_archive
2009-06-25,1125.74,spdr_api:gld_historical_archive
2009-06-26,1125.74,spdr_api:gld_historical_archive
2009-06-29,1125.74,spdr_api:gld_historical_archive
2009-06-30,1120.55,spdr_api:gld_historical_archive
2009-07-01,1120.55,spdr_api:gld_historical_archive
2009-07-02,1120.55,spdr_api:gld_historical_archive
2009-07-06,1120.19,spdr_api:gld_historical_archive
2009-07-07,1120.19,spdr_api:gld_historical_archive
2009-07-08,1109.81,spdr_api:gld_historical_archive
2009-07-09,1109.81,spdr_api:gld_historical_archive
2009-07-10,1109.81,spdr_api:gld_historical_archive
2009-07-13,1109.81,spdr_api:gld_historical_archive
2009-07-14,1094.54,spdr_api:gld_historical_archive
2009-07-15,1094.54,spdr_api:gld_historical_archive
2009-07-16,1094.85,spdr_api:gld_historical_archive
2009-07-17,1094.54,spdr_api:gld_historical_archive
2009-07-20,1094.54,spdr_api:gld_historical_archive
2009-07-21,1092.41,spdr_api:gld_historical_archive
2009-07-22,1086.61,spdr_api:gld_historical_archive
2009-07-23,1086.61,spdr_api:gld_historical_archive
2009-07-24,1086.61,spdr_api:gld_historical_archive
2009-07-27,1086.61,spdr_api:gld_historical_archive
2009-07-28,1083.25,spdr_api:gld_historical_archive
2009-07-29,1072.87,spdr_api:gld_historical_archive
2009-07-30,1072.87,spdr_api:gld_historical_archive
2009-07-31,1072.87,spdr_api:gld_historical_archive
2009-08-03,1072.87,spdr_api:gld_historical_archive
2009-08-04,1072.87,spdr_api:gld_historical_archive
2009-08-05,1072.87,spdr_api:gld_historical_archive
2009-08-06,1072.87,spdr_api:gld_historical_archive
2009-08-07,1068.9,spdr_api:gld_historical_archive
2009-08-10,1068.55,spdr_api:gld_historical_archive
2009-08-11,1065.49,spdr_api:gld_historical_archive
2009-08-12,1065.49,spdr_api:gld_historical_archive
2009-08-13,1065.49,spdr_api:gld_historical_archive
2009-08-14,1065.49,spdr_api:gld_historical_archive
2009-08-17,1065.49,spdr_api:gld_historical_archive
2009-08-18,1065.49,spdr_api:gld_historical_archive
2009-08-19,1065.49,spdr_api:gld_historical_archive
2009-08-20,1065.49,spdr_api:gld_historical_archive
2009-08-21,1066.41,spdr_api:gld_historical_archive
2009-08-24,1066.41,spdr_api:gld_historical_archive
2009-08-25,1061.83,spdr_api:gld_historical_archive
2009-08-26,1061.83,spdr_api:gld_historical_archive
2009-08-27,1061.83,spdr_api:gld_historical_archive
2009-08-28,1061.83,spdr_api:gld_historical_archive
2009-08-31,1061.83,spdr_api:gld_historical_archive
2009-09-01,1061.83,spdr_api:gld_historical_archive
2009-09-02,1063.36,spdr_api:gld_historical_archive
2009-09-03,1078.01,spdr_api:gld_historical_archive
2009-09-04,1077.63,spdr_api:gld_historical_archive
2009-09-08,1077.63,spdr_api:gld_historical_archive
2009-09-09,1077.63,spdr_api:gld_historical_archive
2009-09-10,1077.63,spdr_api:gld_historical_archive
2009-09-11,1077.63,spdr_api:gld_historical_archive
2009-09-14,1078.85,spdr_api:gld_historical_archive
2009-09-15,1078.85,spdr_api:gld_historical_archive
2009-09-16,1086.48,spdr_api:gld_historical_archive
2009-09-17,1086.48,spdr_api:gld_historical_archive
2009-09-18,1086.48,spdr_api:gld_historical_archive
2009-09-21,1101.73,spdr_api:gld_historical_archive
2009-09-22,1101.73,spdr_api:gld_historical_archive
2009-09-23,1101.73,spdr_api:gld_historical_archive
2009-09-24,1094.11,spdr_api:gld_historical_archive
2009-09-25,1094.11,spdr_api:gld_historical_archive
2009-09-28,1094.11,spdr_api:gld_historical_archive
2009-09-29,1094.11,spdr_api:gld_historical_archive
2009-09-30,1095.33,spdr_api:gld_historical_archive
2009-10-01,1095.33,spdr_api:gld_historical_archive
2009-10-02,1096.55,spdr_api:gld_historical_archive
2009-10-05,1098.07,spdr_api:gld_historical_archive
2009-10-06,1100.51,spdr_api:gld_historical_archive
2009-10-07,1109.31,spdr_api:gld_historical_archive
2009-10-08,1109.31,spdr_api:gld_historical_archive
2009-10-09,1109.31,spdr_api:gld_historical_archive
2009-10-12,1109.31,spdr_api:gld_historical_archive
2009-10-13,1109.31,spdr_api:gld_historical_archive
2009-10-14,1109.31,spdr_api:gld_historical_archive
2009-10-15,1109.31,spdr_api:gld_historical_archive
2009-10-16,1109.31,spdr_api:gld_historical_archive
2009-10-19,1109.31,spdr_api:gld_historical_archive
2009-10-20,1109.31,spdr_api:gld_historical_archive
2009-10-21,1108.09,spdr_api:gld_historical_archive
2009-10-22,1108.09,spdr_api:gld_historical_archive
2009-10-23,1108.09,spdr_api:gld_historical_archive
2009-10-26,1106.87,spdr_api:gld_historical_archive
2009-10-27,1105.65,spdr_api:gld_historical_archive
2009-10-28,1104.43,spdr_api:gld_historical_archive
2009-10-29,1104.43,spdr_api:gld_historical_archive
2009-10-30,1103.52,spdr_api:gld_historical_archive
2009-11-02,1103.52,spdr_api:gld_historical_archive
2009-11-03,1108.4,spdr_api:gld_historical_archive
2009-11-04,1108.4,spdr_api:gld_historical_archive
2009-11-05,1108.34,spdr_api:gld_historical_archive
2009-11-06,1108.34,spdr_api:gld_historical_archive
2009-11-09,1114.44,spdr_api:gld_historical_archive
2009-11-10,1114.44,spdr_api:gld_historical_archive
2009-11-11,1114.44,spdr_api:gld_historical_archive
2009-11-12,1114.44,spdr_api:gld_historical_archive
2009-11-13,1113.83,spdr_api:gld_historical_archive
2009-11-16,1113.83,spdr_api:gld_historical_archive
2009-11-17,1113.83,spdr_api:gld_historical_archive
2009-11-18,1117.49,spdr_api:gld_historical_archive
2009-11-19,1117.49,spdr_api:gld_historical_archive
2009-11-20,1117.49,spdr_api:gld_historical_archive
2009-11-23,1121.46,spdr_api:gld_historical_archive
2009-11-24,1122.37,spdr_api:gld_historical_archive
2009-11-25,1127.86,spdr_api:gld_historical_archive
2009-11-27,1127.86,spdr_api:gld_historical_archive
2009-11-30,1129.99,spdr_api:gld_historical_archive
2009-12-01,1130.6,spdr_api:gld_historical_archive
2009-12-02,1131.21,spdr_api:gld_historical_archive
2009-12-03,1131.49,spdr_api:gld_historical_archive
2009-12-04,1129.97,spdr_api:gld_historical_archive
2009-12-07,1129.97,spdr_api:gld_historical_archive
2009-12-08,1116.25,spdr_api:gld_historical_archive
2009-12-09,1116.25,spdr_api:gld_historical_archive
2009-12-10,1116.25,spdr_api:gld_historical_archive
2009-12-11,1116.25,spdr_api:gld_historical_archive
2009-12-14,1116.55,spdr_api:gld_historical_archive
2009-12-15,1116.55,spdr_api:gld_historical_archive
2009-12-16,1120.51,spdr_api:gld_historical_archive
2009-12-17,1120.51,spdr_api:gld_historical_archive
2009-12-18,1126.61,spdr_api:gld_historical_archive
2009-12-21,1132.71,spdr_api:gld_historical_archive
2009-12-22,1132.71,spdr_api:gld_historical_archive
2009-12-23,1132.71,spdr_api:gld_historical_archive
2009-12-24,1132.71,spdr_api:gld_historical_archive
2009-12-28,1132.71,spdr_api:gld_historical_archive
2009-12-29,1133.62,spdr_api:gld_historical_archive
2009-12-30,1133.62,spdr_api:gld_historical_archive
2009-12-31,1133.62,spdr_api:gld_historical_archive
2010-01-04,1128.75,spdr_api:gld_historical_archive
2010-01-05,1128.75,spdr_api:gld_historical_archive
2010-01-06,1123.87,spdr_api:gld_historical_archive
2010-01-07,1123.5,spdr_api:gld_historical_archive
2010-01-08,1119.54,spdr_api:gld_historical_archive
2010-01-11,1119.54,spdr_api:gld_historical_archive
2010-01-12,1115.88,spdr_api:gld_historical_archive
2010-01-13,1115.88,spdr_api:gld_historical_archive
2010-01-14,1113.75,spdr_api:gld_historical_archive
2010-01-15,1112.84,spdr_api:gld_historical_archive
2010-01-19,1111.92,spdr_api:gld_historical_archive
2010-01-20,1111.92,spdr_api:gld_historical_archive
2010-01-21,1111.92,spdr_api:gld_historical_archive
2010-01-22,1111.92,spdr_api:gld_historical_archive
2010-01-25,1111.92,spdr_api:gld_historical_archive
2010-01-26,1111.92,spdr_api:gld_historical_archive
2010-01-27,1111.92,spdr_api:gld_historical_archive
2010-01-28,1111.92,spdr_api:gld_historical_archive
2010-01-29,1111.92,spdr_api:gld_historical_archive
2010-02-01,1111.92,spdr_api:gld_historical_archive
2010-02-02,1111.92,spdr_api:gld_historical_archive
2010-02-03,1110.34,spdr_api:gld_historical_archive
2010-02-04,1104.55,spdr_api:gld_historical_archive
2010-02-05,1106.38,spdr_api:gld_historical_archive
2010-02-08,1106.38,spdr_api:gld_historical_archive
2010-02-09,1106.38,spdr_api:gld_historical_archive
2010-02-10,1106.38,spdr_api:gld_historical_archive
2010-02-11,1106.38,spdr_api:gld_historical_archive
2010-02-12,1106.38,spdr_api:gld_historical_archive
2010-02-16,1109.42,spdr_api:gld_historical_archive
2010-02-17,1109.42,spdr_api:gld_historical_archive
2010-02-18,1109.42,spdr_api:gld_historical_archive
2010-02-19,1107.6,spdr_api:gld_historical_archive
2010-02-22,1107.9,spdr_api:gld_historical_archive
2010-02-23,1106.99,spdr_api:gld_historical_archive
2010-02-24,1106.99,spdr_api:gld_historical_archive
2010-02-25,1106.99,spdr_api:gld_historical_archive
2010-02-26,1106.99,spdr_api:gld_historical_archive
2010-03-01,1106.99,spdr_api:gld_historical_archive
2010-03-02,1111.56,spdr_api:gld_historical_archive
2010-03-03,1115.51,spdr_api:gld_historical_archive
2010-03-04,1115.51,spdr_api:gld_historical_archive
2010-03-05,1116.12,spdr_api:gld_historical_archive
2010-03-08,1116.12,spdr_api:gld_historical_archive
2010-03-09,1116.12,spdr_api:gld_historical_archive
2010-03-10,1115.51,spdr_api:gld_historical_archive
2010-03-11,1115.51,spdr_api:gld_historical_archive
2010-03-12,1115.51,spdr_api:gld_historical_archive
2010-03-15,1115.51,spdr_api:gld_historical_archive
2010-03-16,1115.51,spdr_api:gld_historical_archive
2010-03-17,1115.51,spdr_api:gld_historical_archive
2010-03-18,1115.51,spdr_api:gld_historical_archive
2010-03-19,1115.51,spdr_api:gld_historical_archive
2010-03-22,1115.51,spdr_api:gld_historical_archive
2010-03-23,1120.08,spdr_api:gld_historical_archive
2010-03-24,1120.08,spdr_api:gld_historical_archive
2010-03-25,1124.65,spdr_api:gld_historical_archive
2010-03-26,1124.65,spdr_api:gld_historical_archive
2010-03-29,1129.82,spdr_api:gld_historical_archive
2010-03-30,1129.82,spdr_api:gld_historical_archive
2010-03-31,1129.82,spdr_api:gld_historical_archive
2010-04-01,1129.82,spdr_api:gld_historical_archive
2010-04-05,1129.82,spdr_api:gld_historical_archive
2010-04-06,1129.82,spdr_api:gld_historical_archive
2010-04-07,1130.74,spdr_api:gld_historical_archive
2010-04-08,1140.43,spdr_api:gld_historical_archive
2010-04-09,1141.04,spdr_api:gld_historical_archive
2010-04-12,1141.04,spdr_api:gld_historical_archive
2010-04-13,1141.04,spdr_api:gld_historical_archive
2010-04-14,1141.04,spdr_api:gld_historical_archive
2010-04-15,1141.04,spdr_api:gld_historical_archive
2010-04-16,1141.04,spdr_api:gld_historical_archive
2010-04-19,1141.04,spdr_api:gld_historical_archive
2010-04-20,1141.04,spdr_api:gld_historical_archive
2010-04-21,1141.04,spdr_api:gld_historical_archive
2010-04-22,1140.13,spdr_api:gld_historical_archive
2010-04-23,1140.13,spdr_api:gld_historical_archive
2010-04-26,1146.22,spdr_api:gld_historical_archive
2010-04-27,1146.83,spdr_api:gld_historical_archive
2010-04-28,1152.91,spdr_api:gld_historical_archive
2010-04-29,1159.0,spdr_api:gld_historical_archive
2010-04-30,1159.0,spdr_api:gld_historical_archive
2010-05-03,1159.0,spdr_api:gld_historical_archive
2010-05-04,1159.0,spdr_api:gld_historical_archive
2010-05-05,1166.0,spdr_api:gld_historical_archive
2010-05-06,1185.79,spdr_api:gld_historical_archive
2010-05-07,1188.5,spdr_api:gld_historical_archive
2010-05-10,1192.15,spdr_api:gld_historical_archive
2010-05-11,1192.15,spdr_api:gld_historical_archive
2010-05-12,1209.5,spdr_api:gld_historical_archive
2010-05-13,1209.5,spdr_api:gld_historical_archive
2010-05-14,1214.06,spdr_api:gld_historical_archive
2010-05-17,1217.11,spdr_api:gld_historical_archive
2010-05-18,1217.11,spdr_api:gld_historical_archive
2010-05-19,1220.15,spdr_api:gld_historical_archive
2010-05-20,1220.15,spdr_api:gld_historical_archive
2010-05-21,1220.15,spdr_api:gld_historical_archive
2010-05-24,1236.89,spdr_api:gld_historical_archive
2010-05-25,1267.32,spdr_api:gld_historical_archive
2010-05-26,1267.63,spdr_api:gld_historical_archive
2010-05-27,1267.93,spdr_api:gld_historical_archive
2010-05-28,1267.93,spdr_api:gld_historical_archive
2010-06-01,1268.23,spdr_api:gld_historical_archive
2010-06-02,1268.54,spdr_api:gld_historical_archive
2010-06-03,1289.84,spdr_api:gld_historical_archive
2010-06-04,1286.36,spdr_api:gld_historical_archive
2010-06-07,1286.36,spdr_api:gld_historical_archive
2010-06-08,1298.53,spdr_api:gld_historical_archive
2010-06-09,1298.53,spdr_api:gld_historical_archive
2010-06-10,1306.14,spdr_api:gld_historical_archive
2010-06-11,1306.14,spdr_api:gld_historical_archive
2010-06-14,1306.14,spdr_api:gld_historical_archive
2010-06-15,1306.14,spdr_api:gld_historical_archive
2010-06-16,1306.14,spdr_api:gld_historical_archive
2010-06-17,1307.96,spdr_api:gld_historical_archive
2010-06-18,1307.96,spdr_api:gld_historical_archive
2010-06-21,1307.96,spdr_api:gld_historical_archive
2010-06-22,1313.13,spdr_api:gld_historical_archive
2010-06-23,1313.13,spdr_api:gld_historical_archive
2010-06-24,1316.18,spdr_api:gld_historical_archive
2010-06-25,1316.18,spdr_api:gld_historical_archive
2010-06-28,1316.18,spdr_api:gld_historical_archive
2010-06-29,1320.44,spdr_api:gld_historical_archive
2010-06-30,1320.44,spdr_api:gld_historical_archive
2010-07-01,1319.22,spdr_api:gld_historical_archive
2010-07-02,1318.91,spdr_api:gld_historical_archive
2010-07-06,1316.48,spdr_api:gld_historical_archive
2010-07-07,1316.48,spdr_api:gld_historical_archive
2010-07-08,1316.04,spdr_api:gld_historical_archive
2010-07-09,1314.51,spdr_api:gld_historical_archive
2010-07-12,1314.82,spdr_api:gld_historical_archive
2010-07-13,1314.82,spdr_api:gld_historical_archive
2010-07-14,1314.82,spdr_api:gld_historical_archive
2010-07-15,1314.21,spdr_api:gld_historical_archive
2010-07-16,1314.21,spdr_api:gld_historical_archive
2010-07-19,1314.21,spdr_api:gld_historical_archive
2010-07-20,1308.13,spdr_api:gld_historical_archive
2010-07-21,1308.13,spdr_api:gld_historical_archive
2010-07-22,1302.05,spdr_api:gld_historical_archive
2010-07-23,1302.05,spdr_api:gld_historical_archive
2010-07-26,1301.74,spdr_api:gld_historical_archive
2010-07-27,1300.83,spdr_api:gld_historical_archive
2010-07-28,1282.28,spdr_api:gld_historical_archive
2010-07-29,1282.28,spdr_api:gld_historical_archive
2010-07-30,1282.28,spdr_api:gld_historical_archive
2010-08-02,1282.28,spdr_api:gld_historical_archive
2010-08-03,1282.28,spdr_api:gld_historical_archive
2010-08-04,1281.83,spdr_api:gld_historical_archive
2010-08-05,1282.75,spdr_api:gld_historical_archive
2010-08-06,1282.75,spdr_api:gld_historical_archive
2010-08-09,1282.75,spdr_api:gld_historical_archive
2010-08-10,1282.75,spdr_api:gld_historical_archive
2010-08-11,1285.79,spdr_api:gld_historical_archive
2010-08-12,1286.7,spdr_api:gld_historical_archive
2010-08-13,1286.7,spdr_api:gld_historical_archive
2010-08-16,1286.7,spdr_api:gld_historical_archive
2010-08-17,1294.6,spdr_api:gld_historical_archive
2010-08-18,1295.52,spdr_api:gld_historical_archive
2010-08-19,1299.47,spdr_api:gld_historical_archive
2010-08-20,1299.47,spdr_api:gld_historical_archive
2010-08-23,1299.47,spdr_api:gld_historical_archive
2010-08-24,1297.95,spdr_api:gld_historical_archive
2010-08-25,1297.95,spdr_api:gld_historical_archive
2010-08-26,1297.95,spdr_api:gld_historical_archive
2010-08-27,1298.56,spdr_api:gld_historical_archive
2010-08-30,1298.56,spdr_api:gld_historical_archive
2010-08-31,1302.51,spdr_api:gld_historical_archive
2010-09-01,1304.03,spdr_api:gld_historical_archive
2010-09-02,1294.91,spdr_api:gld_historical_archive
2010-09-03,1294.44,spdr_api:gld_historical_archive
2010-09-07,1294.44,spdr_api:gld_historical_archive
2010-09-08,1294.44,spdr_api:gld_historical_archive
2010-09-09,1293.53,spdr_api:gld_historical_archive
2010-09-10,1293.53,spdr_api:gld_historical_archive
2010-09-13,1292.62,spdr_api:gld_historical_archive
2010-09-14,1298.7,spdr_api:gld_historical_archive
2010-09-15,1294.75,spdr_api:gld_historical_archive
2010-09-16,1294.75,spdr_api:gld_historical_archive
2010-09-17,1300.83,spdr_api:gld_historical_archive
2010-09-20,1304.47,spdr_api:gld_historical_archive
2010-09-21,1304.17,spdr_api:gld_historical_archive
2010-09-22,1304.17,spdr_api:gld_historical_archive
2010-09-23,1301.43,spdr_api:gld_historical_archive
2010-09-24,1300.52,spdr_api:gld_historical_archive
2010-09-27,1300.52,spdr_api:gld_historical_archive
2010-09-28,1305.69,spdr_api:gld_historical_archive
2010-09-29,1305.69,spdr_api:gld_historical_archive
2010-09-30,1304.78,spdr_api:gld_historical_archive
2010-10-01,1302.34,spdr_api:gld_historical_archive
2010-10-04,1301.91,spdr_api:gld_historical_archive
2010-10-05,1301.91,spdr_api:gld_historical_archive
2010-10-06,1301.91,spdr_api:gld_historical_archive
2010-10-07,1288.54,spdr_api:gld_historical_archive
2010-10-08,1288.24,spdr_api:gld_historical_archive
2010-10-11,1287.33,spdr_api:gld_historical_archive
2010-10-12,1287.33,spdr_api:gld_historical_archive
2010-10-13,1285.2,spdr_api:gld_historical_archive
2010-10-14,1304.34,spdr_api:gld_historical_archive
2010-10-15,1301.91,spdr_api:gld_historical_archive
2010-10-18,1301.0,spdr_api:gld_historical_archive
2010-10-19,1300.09,spdr_api:gld_historical_archive
2010-10-20,1299.18,spdr_api:gld_historical_archive
2010-10-21,1298.27,spdr_api:gld_historical_archive
2010-10-22,1298.27,spdr_api:gld_historical_archive
2010-10-25,1298.27,spdr_api:gld_historical_archive
2010-10-26,1298.27,spdr_api:gld_historical_archive
2010-10-27,1298.27,spdr_api:gld_historical_archive
2010-10-28,1293.1,spdr_api:gld_historical_archive
2010-10-29,1293.1,spdr_api:gld_historical_archive
2010-11-01,1293.1,spdr_api:gld_historical_archive
2010-11-02,1292.19,spdr_api:gld_historical_archive
2010-11-03,1292.19,spdr_api:gld_historical_archive
2010-11-04,1292.19,spdr_api:gld_historical_archive
2010-11-05,1291.77,spdr_api:gld_historical_archive
2010-11-08,1294.2,spdr_api:gld_historical_archive
2010-11-09,1292.98,spdr_api:gld_historical_archive
2010-11-10,1291.77,spdr_api:gld_historical_archive
2010-11-11,1290.86,spdr_api:gld_historical_archive
2010-11-12,1290.86,spdr_api:gld_historical_archive
2010-11-15,1290.86,spdr_api:gld_historical_archive
2010-11-16,1290.86,spdr_api:gld_historical_archive
2010-11-17,1290.86,spdr_api:gld_historical_archive
2010-11-18,1286.3,spdr_api:gld_historical_archive
2010-11-19,1289.34,spdr_api:gld_historical_archive
2010-11-22,1285.08,spdr_api:gld_historical_archive
2010-11-23,1285.08,spdr_api:gld_historical_archive
2010-11-24,1285.08,spdr_api:gld_historical_archive
2010-11-26,1285.08,spdr_api:gld_historical_archive
2010-11-29,1286.6,spdr_api:gld_historical_archive
2010-11-30,1286.6,spdr_api:gld_historical_archive
2010-12-01,1293.89,spdr_api:gld_historical_archive
2010-12-02,1298.45,spdr_api:gld_historical_archive
2010-12-03,1298.03,spdr_api:gld_historical_archive
2010-12-06,1298.03,spdr_api:gld_historical_archive
2010-12-07,1297.73,spdr_api:gld_historical_archive
2010-12-08,1295.3,spdr_api:gld_historical_archive
2010-12-09,1293.78,spdr_api:gld_historical_archive
2010-12-10,1289.83,spdr_api:gld_historical_archive
2010-12-13,1289.83,spdr_api:gld_historical_archive
2010-12-14,1286.79,spdr_api:gld_historical_archive
2010-12-15,1286.19,spdr_api:gld_historical_archive
2010-12-16,1283.76,spdr_api:gld_historical_archive
2010-12-17,1298.94,spdr_api:gld_historical_archive
2010-12-20,1298.94,spdr_api:gld_historical_archive
2010-12-21,1298.03,spdr_api:gld_historical_archive
2010-12-22,1288.62,spdr_api:gld_historical_archive
2010-12-23,1284.97,spdr_api:gld_historical_archive
2010-12-27,1284.97,spdr_api:gld_historical_archive
2010-12-28,1284.06,spdr_api:gld_historical_archive
2010-12-29,1284.06,spdr_api:gld_historical_archive
2010-12-30,1280.72,spdr_api:gld_historical_archive
2010-12-31,1280.72,spdr_api:gld_historical_archive
2011-01-03,1280.72,spdr_api:gld_historical_archive
2011-01-04,1276.47,spdr_api:gld_historical_archive
2011-01-05,1272.68,spdr_api:gld_historical_archive
2011-01-06,1272.68,spdr_api:gld_historical_archive
2011-01-07,1271.16,spdr_api:gld_historical_archive
2011-01-10,1272.68,spdr_api:gld_historical_archive
2011-01-11,1271.47,spdr_api:gld_historical_archive
2011-01-12,1271.47,spdr_api:gld_historical_archive
2011-01-13,1265.09,spdr_api:gld_historical_archive
2011-01-14,1259.33,spdr_api:gld_historical_archive
2011-01-18,1256.9,spdr_api:gld_historical_archive
2011-01-19,1251.43,spdr_api:gld_historical_archive
2011-01-20,1251.43,spdr_api:gld_historical_archive
2011-01-21,1271.77,spdr_api:gld_historical_archive
2011-01-24,1260.84,spdr_api:gld_historical_archive
2011-01-25,1229.58,spdr_api:gld_historical_archive
2011-01-26,1229.58,spdr_api:gld_historical_archive
2011-01-27,1226.55,spdr_api:gld_historical_archive
2011-01-28,1224.12,spdr_api:gld_historical_archive
2011-01-31,1227.15,spdr_api:gld_historical_archive
2011-02-01,1227.15,spdr_api:gld_historical_archive
2011-02-02,1227.15,spdr_api:gld_historical_archive
2011-02-03,1229.28,spdr_api:gld_historical_archive
2011-02-04,1228.86,spdr_api:gld_historical_archive
2011-02-07,1228.86,spdr_api:gld_historical_archive
2011-02-08,1228.56,spdr_api:gld_historical_archive
2011-02-09,1226.44,spdr_api:gld_historical_archive
2011-02-10,1225.53,spdr_api:gld_historical_archive
2011-02-11,1225.53,spdr_api:gld_historical_archive
2011-02-14,1225.53,spdr_api:gld_historical_archive
2011-02-15,1224.01,spdr_api:gld_historical_archive
2011-02-16,1224.01,spdr_api:gld_historical_archive
2011-02-17,1224.01,spdr_api:gld_historical_archive
2011-02-18,1223.1,spdr_api:gld_historical_archive
2011-02-22,1218.24,spdr_api:gld_historical_archive
2011-02-23,1218.24,spdr_api:gld_historical_archive
2011-02-24,1211.57,spdr_api:gld_historical_archive
2011-02-25,1211.57,spdr_api:gld_historical_archive
2011-02-28,1210.96,spdr_api:gld_historical_archive
2011-03-01,1210.96,spdr_api:gld_historical_archive
2011-03-02,1210.96,spdr_api:gld_historical_archive
2011-03-03,1210.62,spdr_api:gld_historical_archive
2011-03-04,1210.62,spdr_api:gld_historical_archive
2011-03-07,1217.3,spdr_api:gld_historical_archive
2011-03-08,1217.3,spdr_api:gld_historical_archive
2011-03-09,1217.3,spdr_api:gld_historical_archive
2011-03-10,1217.3,spdr_api:gld_historical_archive
2011-03-11,1215.48,spdr_api:gld_historical_archive
2011-03-14,1213.65,spdr_api:gld_historical_archive
2011-03-15,1212.74,spdr_api:gld_historical_archive
2011-03-16,1217.3,spdr_api:gld_historical_archive
2011-03-17,1217.3,spdr_api:gld_historical_archive
2011-03-18,1226.4,spdr_api:gld_historical_archive
2011-03-21,1215.78,spdr_api:gld_historical_archive
2011-03-22,1214.87,spdr_api:gld_historical_archive
2011-03-23,1214.87,spdr_api:gld_historical_archive
2011-03-24,1213.96,spdr_api:gld_historical_archive
2011-03-25,1213.96,spdr_api:gld_historical_archive
2011-03-28,1211.84,spdr_api:gld_historical_archive
2011-03-29,1211.84,spdr_api:gld_historical_archive
2011-03-30,1211.84,spdr_api:gld_historical_archive
2011-03-31,1211.23,spdr_api:gld_historical_archive
2011-04-01,1211.23,spdr_api:gld_historical_archive
2011-04-04,1211.23,spdr_api:gld_historical_archive
2011-04-05,1212.75,spdr_api:gld_historical_archive
2011-04-06,1205.47,spdr_api:gld_historical_archive
2011-04-07,1217.21,spdr_api:gld_historical_archive
2011-04-08,1217.21,spdr_api:gld_historical_archive
2011-04-11,1217.21,spdr_api:gld_historical_archive
2011-04-12,1216.3,spdr_api:gld_historical_archive
2011-04-13,1212.96,spdr_api:gld_historical_archive
2011-04-14,1212.96,spdr_api:gld_historical_archive
2011-04-15,1231.16,spdr_api:gld_historical_archive
2011-04-18,1231.16,spdr_api:gld_historical_archive
2011-04-19,1230.25,spdr_api:gld_historical_archive
2011-04-20,1230.25,spdr_api:gld_historical_archive
2011-04-21,1229.64,spdr_api:gld_historical_archive
2011-04-25,1229.64,spdr_api:gld_historical_archive
2011-04-26,1229.64,spdr_api:gld_historical_archive
2011-04-27,1229.64,spdr_api:gld_historical_archive
2011-04-28,1229.64,spdr_api:gld_historical_archive
2011-04-29,1229.64,spdr_api:gld_historical_archive
2011-05-02,1229.64,spdr_api:gld_historical_archive
2011-05-03,1224.49,spdr_api:gld_historical_archive
2011-05-04,1219.94,spdr_api:gld_historical_archive
2011-05-05,1208.42,spdr_api:gld_historical_archive
2011-05-06,1205.39,spdr_api:gld_historical_archive
2011-05-09,1201.95,spdr_api:gld_historical_archive
2011-05-10,1201.95,spdr_api:gld_historical_archive
2011-05-11,1201.04,spdr_api:gld_historical_archive
2011-05-12,1193.16,spdr_api:gld_historical_archive
2011-05-13,1192.25,spdr_api:gld_historical_archive
2011-05-16,1192.25,spdr_api:gld_historical_archive
2011-05-17,1192.25,spdr_api:gld_historical_archive
2011-05-18,1191.34,spdr_api:gld_historical_archive
2011-05-19,1191.34,spdr_api:gld_historical_archive
2011-05-20,1201.95,spdr_api:gld_historical_archive
2011-05-23,1209.53,spdr_api:gld_historical_archive
2011-05-24,1214.08,spdr_api:gld_historical_archive
2011-05-25,1214.08,spdr_api:gld_historical_archive
2011-05-26,1214.08,spdr_api:gld_historical_archive
2011-05-27,1213.17,spdr_api:gld_historical_archive
2011-05-31,1210.74,spdr_api:gld_historical_archive
2011-06-01,1212.87,spdr_api:gld_historical_archive
2011-06-02,1212.87,spdr_api:gld_historical_archive
2011-06-03,1212.87,spdr_api:gld_historical_archive
2011-06-06,1212.87,spdr_api:gld_historical_archive
2011-06-07,1212.87,spdr_api:gld_historical_archive
2011-06-08,1211.57,spdr_api:gld_historical_archive
2011-06-09,1211.57,spdr_api:gld_historical_archive
2011-06-10,1200.96,spdr_api:gld_historical_archive
2011-06-13,1200.05,spdr_api:gld_historical_archive
2011-06-14,1200.05,spdr_api:gld_historical_archive
2011-06-15,1200.05,spdr_api:gld_historical_archive
2011-06-16,1200.05,spdr_api:gld_historical_archive
2011-06-17,1209.14,spdr_api:gld_historical_archive
2011-06-20,1209.14,spdr_api:gld_historical_archive
2011-06-21,1209.14,spdr_api:gld_historical_archive
2011-06-22,1209.14,spdr_api:gld_historical_archive
2011-06-23,1209.14,spdr_api:gld_historical_archive
2011-06-24,1209.14,spdr_api:gld_historical_archive
2011-06-27,1209.14,spdr_api:gld_historical_archive
2011-06-28,1209.14,spdr_api:gld_historical_archive
2011-06-29,1208.23,spdr_api:gld_historical_archive
2011-06-30,1208.23,spdr_api:gld_historical_archive
2011-07-01,1205.81,spdr_api:gld_historical_archive
2011-07-05,1205.81,spdr_api:gld_historical_archive
2011-07-06,1205.81,spdr_api:gld_historical_archive
2011-07-07,1205.81,spdr_api:gld_historical_archive
2011-07-08,1205.41,spdr_api:gld_historical_archive
2011-07-11,1205.41,spdr_api:gld_historical_archive
2011-07-12,1225.41,spdr_api:gld_historical_archive
2011-07-13,1225.41,spdr_api:gld_historical_archive
2011-07-14,1225.41,spdr_api:gld_historical_archive
2011-07-15,1236.01,spdr_api:gld_historical_archive
2011-07-18,1249.34,spdr_api:gld_historical_archive
2011-07-19,1246.01,spdr_api:gld_historical_archive
2011-07-20,1246.01,spdr_api:gld_historical_archive
2011-07-21,1242.68,spdr_api:gld_historical_archive
2011-07-22,1241.77,spdr_api:gld_historical_archive
2011-07-25,1241.77,spdr_api:gld_historical_archive
2011-07-26,1241.77,spdr_api:gld_historical_archive
2011-07-27,1244.8,spdr_api:gld_historical_archive
2011-07-28,1262.97,spdr_api:gld_historical_archive
2011-07-29,1263.58,spdr_api:gld_historical_archive
2011-08-01,1263.58,spdr_api:gld_historical_archive
2011-08-02,1281.75,spdr_api:gld_historical_archive
2011-08-03,1286.3,spdr_api:gld_historical_archive
2011-08-04,1286.3,spdr_api:gld_historical_archive
2011-08-05,1286.3,spdr_api:gld_historical_archive
2011-08-08,1309.92,spdr_api:gld_historical_archive
2011-08-09,1296.9,spdr_api:gld_historical_archive
2011-08-10,1296.52,spdr_api:gld_historical_archive
2011-08-11,1272.89,spdr_api:gld_historical_archive
2011-08-12,1260.17,spdr_api:gld_historical_archive
2011-08-15,1260.17,spdr_api:gld_historical_archive
2011-08-16,1262.9,spdr_api:gld_historical_archive
2011-08-17,1271.98,spdr_api:gld_historical_archive
2011-08-18,1286.83,spdr_api:gld_historical_archive
2011-08-19,1290.76,spdr_api:gld_historical_archive
2011-08-22,1284.4,spdr_api:gld_historical_archive
2011-08-23,1259.57,spdr_api:gld_historical_archive
2011-08-24,1232.31,spdr_api:gld_historical_archive
2011-08-25,1232.31,spdr_api:gld_historical_archive
2011-08-26,1230.8,spdr_api:gld_historical_archive
2011-08-29,1230.8,spdr_api:gld_historical_archive
2011-08-30,1232.31,spdr_api:gld_historical_archive
2011-08-31,1232.31,spdr_api:gld_historical_archive
2011-09-01,1232.31,spdr_api:gld_historical_archive
2011-09-02,1232.31,spdr_api:gld_historical_archive
2011-09-06,1232.31,spdr_api:gld_historical_archive
2011-09-07,1232.31,spdr_api:gld_historical_archive
2011-09-08,1231.41,spdr_api:gld_historical_archive
2011-09-09,1241.92,spdr_api:gld_historical_archive
2011-09-12,1241.92,spdr_api:gld_historical_archive
2011-09-13,1241.31,spdr_api:gld_historical_archive
2011-09-14,1241.31,spdr_api:gld_historical_archive
2011-09-15,1241.31,spdr_api:gld_historical_archive
2011-09-16,1251.91,spdr_api:gld_historical_archive
2011-09-19,1251.91,spdr_api:gld_historical_archive
2011-09-20,1252.21,spdr_api:gld_historical_archive
2011-09-21,1252.21,spdr_api:gld_historical_archive
2011-09-22,1252.21,spdr_api:gld_historical_archive
2011-09-23,1252.21,spdr_api:gld_historical_archive
2011-09-26,1246.76,spdr_api:gld_historical_archive
2011-09-27,1241.92,spdr_api:gld_historical_archive
2011-09-28,1241.92,spdr_api:gld_historical_archive
2011-09-29,1231.93,spdr_api:gld_historical_archive
2011-09-30,1231.93,spdr_api:gld_historical_archive
2011-10-03,1232.23,spdr_api:gld_historical_archive
2011-10-04,1229.51,spdr_api:gld_historical_archive
2011-10-05,1229.51,spdr_api:gld_historical_archive
2011-10-06,1229.51,spdr_api:gld_historical_archive
2011-10-07,1229.51,spdr_api:gld_historical_archive
2011-10-10,1227.99,spdr_api:gld_historical_archive
2011-10-11,1227.99,spdr_api:gld_historical_archive
2011-10-12,1227.99,spdr_api:gld_historical_archive
2011-10-13,1227.51,spdr_api:gld_historical_archive
2011-10-14,1227.51,spdr_api:gld_historical_archive
2011-10-17,1227.51,spdr_api:gld_historical_archive
2011-10-18,1227.51,spdr_api:gld_historical_archive
2011-10-19,1227.51,spdr_api:gld_historical_archive
2011-10-20,1227.51,spdr_api:gld_historical_archive
2011-10-21,1227.51,spdr_api:gld_historical_archive
2011-10-24,1233.56,spdr_api:gld_historical_archive
2011-10-25,1244.16,spdr_api:gld_historical_archive
2011-10-26,1244.16,spdr_api:gld_historical_archive
2011-10-27,1243.55,spdr_api:gld_historical_archive
2011-10-28,1243.55,spdr_api:gld_historical_archive
2011-10-31,1243.55,spdr_api:gld_historical_archive
2011-11-01,1243.55,spdr_api:gld_historical_archive
2011-11-02,1243.55,spdr_api:gld_historical_archive
2011-11-03,1243.55,spdr_api:gld_historical_archive
2011-11-04,1245.06,spdr_api:gld_historical_archive
2011-11-07,1255.65,spdr_api:gld_historical_archive
2011-11-08,1264.13,spdr_api:gld_historical_archive
2011-11-09,1267.15,spdr_api:gld_historical_archive
2011-11-10,1268.67,spdr_api:gld_historical_archive
2011-11-11,1268.67,spdr_api:gld_historical_archive
2011-11-14,1268.28,spdr_api:gld_historical_archive
2011-11-15,1268.28,spdr_api:gld_historical_archive
2011-11-16,1277.36,spdr_api:gld_historical_archive
2011-11-17,1289.46,spdr_api:gld_historical_archive
2011-11-18,1293.09,spdr_api:gld_historical_archive
2011-11-21,1291.27,spdr_api:gld_historical_archive
2011-11-22,1297.32,spdr_api:gld_historical_archive
2011-11-23,1297.32,spdr_api:gld_historical_archive
2011-11-25,1297.32,spdr_api:gld_historical_archive
2011-11-28,1297.32,spdr_api:gld_historical_archive
2011-11-29,1297.32,spdr_api:gld_historical_archive
2011-11-30,1298.53,spdr_api:gld_historical_archive
2011-12-01,1297.93,spdr_api:gld_historical_archive
2011-12-02,1297.93,spdr_api:gld_historical_archive
2011-12-05,1297.93,spdr_api:gld_historical_archive
2011-12-06,1297.93,spdr_api:gld_historical_archive
2011-12-07,1295.81,spdr_api:gld_historical_archive
2011-12-08,1295.81,spdr_api:gld_historical_archive
2011-12-09,1295.4,spdr_api:gld_historical_archive
2011-12-12,1294.8,spdr_api:gld_historical_archive
2011-12-13,1294.8,spdr_api:gld_historical_archive
2011-12-14,1294.8,spdr_api:gld_historical_archive
2011-12-15,1279.98,spdr_api:gld_historical_archive
2011-12-16,1279.98,spdr_api:gld_historical_archive
2011-12-19,1279.98,spdr_api:gld_historical_archive
2011-12-20,1279.98,spdr_api:gld_historical_archive
2011-12-21,1267.88,spdr_api:gld_historical_archive
2011-12-22,1254.57,spdr_api:gld_historical_archive
2011-12-23,1254.57,spdr_api:gld_historical_archive
2011-12-27,1254.57,spdr_api:gld_historical_archive
2011-12-28,1254.57,spdr_api:gld_historical_archive
2011-12-29,1254.57,spdr_api:gld_historical_archive
2011-12-30,1254.57,spdr_api:gld_historical_archive
2012-01-03,1254.57,spdr_api:gld_historical_archive
2012-01-04,1254.57,spdr_api:gld_historical_archive
2012-01-05,1254.57,spdr_api:gld_historical_archive
2012-01-06,1254.57,spdr_api:gld_historical_archive
2012-01-09,1254.57,spdr_api:gld_historical_archive
2012-01-10,1254.57,spdr_api:gld_historical_archive
2012-01-11,1254.16,spdr_api:gld_historical_archive
2012-01-12,1254.16,spdr_api:gld_historical_archive
2012-01-13,1254.16,spdr_api:gld_historical_archive
2012-01-17,1255.67,spdr_api:gld_historical_archive
2012-01-18,1255.67,spdr_api:gld_historical_archive
2012-01-19,1255.67,spdr_api:gld_historical_archive
2012-01-20,1255.67,spdr_api:gld_historical_archive
2012-01-23,1250.53,spdr_api:gld_historical_archive
2012-01-24,1250.53,spdr_api:gld_historical_archive
2012-01-25,1259.6,spdr_api:gld_historical_archive
2012-01-26,1261.11,spdr_api:gld_historical_archive
2012-01-27,1271.09,spdr_api:gld_historical_archive
2012-01-30,1271.09,spdr_api:gld_historical_archive
2012-01-31,1271.09,spdr_api:gld_historical_archive
2012-02-01,1271.09,spdr_api:gld_historical_archive
2012-02-02,1277.14,spdr_api:gld_historical_archive
2012-02-03,1277.14,spdr_api:gld_historical_archive
2012-02-06,1277.14,spdr_api:gld_historical_archive
2012-02-07,1277.14,spdr_api:gld_historical_archive
2012-02-08,1277.14,spdr_api:gld_historical_archive
2012-02-09,1278.34,spdr_api:gld_historical_archive
2012-02-10,1278.65,spdr_api:gld_historical_archive
2012-02-13,1278.65,spdr_api:gld_historical_archive
2012-02-14,1278.26,spdr_api:gld_historical_archive
2012-02-15,1278.26,spdr_api:gld_historical_archive
2012-02-16,1281.28,spdr_api:gld_historical_archive
2012-02-17,1281.28,spdr_api:gld_historical_archive
2012-02-21,1281.59,spdr_api:gld_historical_archive
2012-02-22,1281.59,spdr_api:gld_historical_archive
2012-02-23,1282.8,spdr_api:gld_historical_archive
2012-02-24,1284.61,spdr_api:gld_historical_archive
2012-02-27,1284.61,spdr_api:gld_historical_archive
2012-02-28,1284.61,spdr_api:gld_historical_archive
2012-02-29,1293.68,spdr_api:gld_historical_archive
2012-03-01,1293.68,spdr_api:gld_historical_archive
2012-03-02,1293.68,spdr_api:gld_historical_archive
2012-03-05,1293.68,spdr_api:gld_historical_archive
2012-03-06,1293.68,spdr_api:gld_historical_archive
2012-03-07,1293.68,spdr_api:gld_historical_archive
2012-03-08,1293.68,spdr_api:gld_historical_archive
2012-03-09,1293.68,spdr_api:gld_historical_archive
2012-03-12,1293.68,spdr_api:gld_historical_archive
2012-03-13,1293.27,spdr_api:gld_historical_archive
2012-03-14,1293.27,spdr_api:gld_historical_archive
2012-03-15,1293.27,spdr_api:gld_historical_archive
2012-03-16,1293.27,spdr_api:gld_historical_archive
2012-03-19,1293.27,spdr_api:gld_historical_archive
2012-03-20,1290.25,spdr_api:gld_historical_archive
2012-03-21,1290.25,spdr_api:gld_historical_archive
2012-03-22,1282.69,spdr_api:gld_historical_archive
2012-03-23,1282.69,spdr_api:gld_historical_archive
2012-03-26,1288.74,spdr_api:gld_historical_archive
2012-03-27,1286.62,spdr_api:gld_historical_archive
2012-03-28,1286.62,spdr_api:gld_historical_archive
2012-03-29,1286.62,spdr_api:gld_historical_archive
2012-03-30,1286.62,spdr_api:gld_historical_archive
2012-04-02,1286.62,spdr_api:gld_historical_archive
2012-04-03,1286.62,spdr_api:gld_historical_archive
2012-04-04,1286.62,spdr_api:gld_historical_archive
2012-04-05,1286.62,spdr_api:gld_historical_archive
2012-04-09,1286.62,spdr_api:gld_historical_archive
2012-04-10,1286.17,spdr_api:gld_historical_archive
2012-04-11,1286.17,spdr_api:gld_historical_archive
2012-04-12,1286.17,spdr_api:gld_historical_archive
2012-04-13,1286.17,spdr_api:gld_historical_archive
2012-04-16,1286.17,spdr_api:gld_historical_archive
2012-04-17,1286.17,spdr_api:gld_historical_archive
2012-04-18,1286.17,spdr_api:gld_historical_archive
2012-04-19,1286.17,spdr_api:gld_historical_archive
2012-04-20,1286.17,spdr_api:gld_historical_archive
2012-04-23,1281.94,spdr_api:gld_historical_archive
2012-04-24,1281.94,spdr_api:gld_historical_archive
2012-04-25,1281.94,spdr_api:gld_historical_archive
2012-04-26,1281.94,spdr_api:gld_historical_archive
2012-04-27,1284.36,spdr_api:gld_historical_archive
2012-04-30,1278.31,spdr_api:gld_historical_archive
2012-05-01,1274.09,spdr_api:gld_historical_archive
2012-05-02,1274.09,spdr_api:gld_historical_archive
2012-05-03,1274.09,spdr_api:gld_historical_archive
2012-05-04,1274.09,spdr_api:gld_historical_archive
2012-05-07,1274.99,spdr_api:gld_historical_archive
2012-05-08,1274.99,spdr_api:gld_historical_archive
2012-05-09,1274.99,spdr_api:gld_historical_archive
2012-05-10,1277.11,spdr_api:gld_historical_archive
2012-05-11,1277.11,spdr_api:gld_historical_archive
2012-05-14,1277.11,spdr_api:gld_historical_archive
2012-05-15,1277.11,spdr_api:gld_historical_archive
2012-05-16,1276.6,spdr_api:gld_historical_archive
2012-05-17,1278.71,spdr_api:gld_historical_archive
2012-05-18,1282.94,spdr_api:gld_historical_archive
2012-05-21,1282.94,spdr_api:gld_historical_archive
2012-05-22,1265.43,spdr_api:gld_historical_archive
2012-05-23,1268.15,spdr_api:gld_historical_archive
2012-05-24,1270.26,spdr_api:gld_historical_archive
2012-05-25,1270.26,spdr_api:gld_historical_archive
2012-05-29,1270.26,spdr_api:gld_historical_archive
2012-05-30,1270.26,spdr_api:gld_historical_archive
2012-05-31,1270.26,spdr_api:gld_historical_archive
2012-06-01,1273.88,spdr_api:gld_historical_archive
2012-06-04,1273.88,spdr_api:gld_historical_archive
2012-06-05,1273.88,spdr_api:gld_historical_archive
2012-06-06,1274.79,spdr_api:gld_historical_archive
2012-06-07,1274.79,spdr_api:gld_historical_archive
2012-06-08,1274.79,spdr_api:gld_historical_archive
2012-06-11,1274.79,spdr_api:gld_historical_archive
2012-06-12,1274.37,spdr_api:gld_historical_archive
2012-06-13,1274.37,spdr_api:gld_historical_archive
2012-06-14,1277.39,spdr_api:gld_historical_archive
2012-06-15,1277.39,spdr_api:gld_historical_archive
2012-06-18,1281.62,spdr_api:gld_historical_archive
2012-06-19,1281.62,spdr_api:gld_historical_archive
2012-06-20,1281.62,spdr_api:gld_historical_archive
2012-06-21,1281.62,spdr_api:gld_historical_archive
2012-06-22,1281.62,spdr_api:gld_historical_archive
2012-06-25,1281.62,spdr_api:gld_historical_archive
2012-06-26,1281.62,spdr_api:gld_historical_archive
2012-06-27,1281.62,spdr_api:gld_historical_archive
2012-06-28,1281.62,spdr_api:gld_historical_archive
2012-06-29,1279.51,spdr_api:gld_historical_archive
2012-07-02,1279.51,spdr_api:gld_historical_archive
2012-07-03,1279.51,spdr_api:gld_historical_archive
2012-07-05,1279.51,spdr_api:gld_historical_archive
2012-07-06,1279.08,spdr_api:gld_historical_archive
2012-07-09,1275.46,spdr_api:gld_historical_archive
2012-07-10,1271.24,spdr_api:gld_historical_archive
2012-07-11,1271.24,spdr_api:gld_historical_archive
2012-07-12,1269.73,spdr_api:gld_historical_archive
2012-07-13,1269.73,spdr_api:gld_historical_archive
2012-07-16,1266.11,spdr_api:gld_historical_archive
2012-07-17,1266.11,spdr_api:gld_historical_archive
2012-07-18,1266.11,spdr_api:gld_historical_archive
2012-07-19,1257.05,spdr_api:gld_historical_archive
2012-07-20,1254.64,spdr_api:gld_historical_archive
2012-07-23,1254.64,spdr_api:gld_historical_archive
2012-07-24,1254.64,spdr_api:gld_historical_archive
2012-07-25,1252.53,spdr_api:gld_historical_archive
2012-07-26,1252.53,spdr_api:gld_historical_archive
2012-07-27,1248.61,spdr_api:gld_historical_archive
2012-07-30,1248.61,spdr_api:gld_historical_archive
2012-07-31,1251.92,spdr_api:gld_historical_archive
2012-08-01,1251.92,spdr_api:gld_historical_archive
2012-08-02,1251.92,spdr_api:gld_historical_archive
2012-08-03,1254.94,spdr_api:gld_historical_archive
2012-08-06,1254.94,spdr_api:gld_historical_archive
2012-08-07,1254.94,spdr_api:gld_historical_archive
2012-08-08,1254.94,spdr_api:gld_historical_archive
2012-08-09,1254.94,spdr_api:gld_historical_archive
2012-08-10,1258.15,spdr_api:gld_historical_archive
2012-08-13,1258.15,spdr_api:gld_historical_archive
2012-08-14,1258.15,spdr_api:gld_historical_archive
2012-08-15,1258.15,spdr_api:gld_historical_archive
2012-08-16,1263.58,spdr_api:gld_historical_archive
2012-08-17,1274.74,spdr_api:gld_historical_archive
2012-08-20,1274.74,spdr_api:gld_historical_archive
2012-08-21,1278.96,spdr_api:gld_historical_archive
2012-08-22,1281.98,spdr_api:gld_historical_archive
2012-08-23,1286.5,spdr_api:gld_historical_archive
2012-08-24,1286.5,spdr_api:gld_historical_archive
2012-08-27,1286.5,spdr_api:gld_historical_archive
2012-08-28,1289.52,spdr_api:gld_historical_archive
2012-08-29,1289.52,spdr_api:gld_historical_archive
2012-08-30,1289.52,spdr_api:gld_historical_archive
2012-08-31,1289.52,spdr_api:gld_historical_archive
2012-09-04,1293.14,spdr_api:gld_historical_archive
2012-09-05,1293.14,spdr_api:gld_historical_archive
2012-09-06,1293.14,spdr_api:gld_historical_archive
2012-09-07,1293.14,spdr_api:gld_historical_archive
2012-09-10,1293.14,spdr_api:gld_historical_archive
2012-09-11,1293.14,spdr_api:gld_historical_archive
2012-09-12,1289.42,spdr_api:gld_historical_archive
2012-09-13,1292.43,spdr_api:gld_historical_archive
2012-09-14,1301.48,spdr_api:gld_historical_archive
2012-09-17,1301.48,spdr_api:gld_historical_archive
2012-09-18,1303.29,spdr_api:gld_historical_archive
2012-09-19,1305.4,spdr_api:gld_historical_archive
2012-09-20,1308.41,spdr_api:gld_historical_archive
2012-09-21,1317.76,spdr_api:gld_historical_archive
2012-09-24,1326.81,spdr_api:gld_historical_archive
2012-09-25,1331.33,spdr_api:gld_historical_archive
2012-09-26,1320.78,spdr_api:gld_historical_archive
2012-09-27,1320.78,spdr_api:gld_historical_archive
2012-09-28,1320.78,spdr_api:gld_historical_archive
2012-10-01,1322.59,spdr_api:gld_historical_archive
2012-10-02,1322.59,spdr_api:gld_historical_archive
2012-10-03,1324.4,spdr_api:gld_historical_archive
2012-10-04,1333.44,spdr_api:gld_historical_archive
2012-10-05,1333.44,spdr_api:gld_historical_archive
2012-10-08,1340.52,spdr_api:gld_historical_archive
2012-10-09,1340.52,spdr_api:gld_historical_archive
2012-10-10,1340.52,spdr_api:gld_historical_archive
2012-10-11,1340.52,spdr_api:gld_historical_archive
2012-10-12,1340.52,spdr_api:gld_historical_archive
2012-10-15,1333.89,spdr_api:gld_historical_archive
2012-10-16,1333.89,spdr_api:gld_historical_archive
2012-10-17,1333.89,spdr_api:gld_historical_archive
2012-10-18,1333.89,spdr_api:gld_historical_archive
2012-10-19,1334.19,spdr_api:gld_historical_archive
2012-10-22,1336.9,spdr_api:gld_historical_archive
2012-10-23,1336.9,spdr_api:gld_historical_archive
2012-10-24,1336.9,spdr_api:gld_historical_archive
2012-10-25,1336.9,spdr_api:gld_historical_archive
2012-10-26,1336.3,spdr_api:gld_historical_archive
2012-10-31,1336.3,spdr_api:gld_historical_archive
2012-11-01,1336.3,spdr_api:gld_historical_archive
2012-11-02,1336.3,spdr_api:gld_historical_archive
2012-11-05,1332.38,spdr_api:gld_historical_archive
2012-11-06,1334.49,spdr_api:gld_historical_archive
2012-11-07,1337.21,spdr_api:gld_historical_archive
2012-11-08,1339.62,spdr_api:gld_historical_archive
2012-11-09,1338.71,spdr_api:gld_historical_archive
2012-11-12,1338.71,spdr_api:gld_historical_archive
2012-11-13,1338.71,spdr_api:gld_historical_archive
2012-11-14,1336.3,spdr_api:gld_historical_archive
2012-11-15,1339.62,spdr_api:gld_historical_archive
2012-11-16,1342.63,spdr_api:gld_historical_archive
2012-11-19,1342.2,spdr_api:gld_historical_archive
2012-11-20,1342.2,spdr_api:gld_historical_archive
2012-11-21,1342.2,spdr_api:gld_historical_archive
2012-11-23,1342.2,spdr_api:gld_historical_archive
2012-11-26,1342.2,spdr_api:gld_historical_archive
2012-11-27,1345.81,spdr_api:gld_historical_archive
2012-11-28,1347.02,spdr_api:gld_historical_archive
2012-11-29,1347.02,spdr_api:gld_historical_archive
2012-11-30,1348.83,spdr_api:gld_historical_archive
2012-12-03,1348.83,spdr_api:gld_historical_archive
2012-12-04,1351.24,spdr_api:gld_historical_archive
2012-12-05,1351.54,spdr_api:gld_historical_archive
2012-12-06,1351.54,spdr_api:gld_historical_archive
2012-12-07,1353.35,spdr_api:gld_historical_archive
2012-12-10,1353.35,spdr_api:gld_historical_archive
2012-12-11,1351.42,spdr_api:gld_historical_archive
2012-12-12,1351.42,spdr_api:gld_historical_archive
2012-12-13,1351.42,spdr_api:gld_historical_archive
2012-12-14,1351.42,spdr_api:gld_historical_archive
2012-12-17,1350.52,spdr_api:gld_historical_archive
2012-12-18,1350.52,spdr_api:gld_historical_archive
2012-12-19,1350.52,spdr_api:gld_historical_archive
2012-12-20,1350.52,spdr_api:gld_historical_archive
2012-12-21,1350.82,spdr_api:gld_historical_archive
2012-12-24,1350.82,spdr_api:gld_historical_archive
2012-12-26,1350.82,spdr_api:gld_historical_archive
2012-12-27,1350.82,spdr_api:gld_historical_archive
2012-12-28,1350.82,spdr_api:gld_historical_archive
2012-12-31,1350.82,spdr_api:gld_historical_archive
2013-01-02,1349.92,spdr_api:gld_historical_archive
2013-01-03,1340.28,spdr_api:gld_historical_archive
2013-01-04,1342.09,spdr_api:gld_historical_archive
2013-01-07,1340.74,spdr_api:gld_historical_archive
2013-01-08,1339.84,spdr_api:gld_historical_archive
2013-01-09,1339.84,spdr_api:gld_historical_archive
2013-01-10,1337.73,spdr_api:gld_historical_archive
2013-01-11,1337.73,spdr_api:gld_historical_archive
2013-01-14,1337.73,spdr_api:gld_historical_archive
2013-01-15,1336.83,spdr_api:gld_historical_archive
2013-01-16,1334.42,spdr_api:gld_historical_archive
2013-01-17,1332.61,spdr_api:gld_historical_archive
2013-01-18,1332.61,spdr_api:gld_historical_archive
2013-01-22,1335.92,spdr_api:gld_historical_archive
2013-01-23,1334.11,spdr_api:gld_historical_archive
2013-01-24,1331.71,spdr_api:gld_historical_archive
2013-01-25,1329.9,spdr_api:gld_historical_archive
2013-01-28,1328.09,spdr_api:gld_historical_archive
2013-01-29,1328.09,spdr_api:gld_historical_archive
2013-01-30,1328.09,spdr_api:gld_historical_archive
2013-01-31,1328.09,spdr_api:gld_historical_archive
2013-02-01,1328.09,spdr_api:gld_historical_archive
2013-02-04,1328.09,spdr_api:gld_historical_archive
2013-02-05,1328.09,spdr_api:gld_historical_archive
2013-02-06,1328.09,spdr_api:gld_historical_archive
2013-02-07,1329.9,spdr_api:gld_historical_archive
2013-02-08,1326.89,spdr_api:gld_historical_archive
2013-02-11,1326.89,spdr_api:gld_historical_archive
2013-02-12,1326.89,spdr_api:gld_historical_archive
2013-02-13,1325.99,spdr_api:gld_historical_archive
2013-02-14,1322.97,spdr_api:gld_historical_archive
2013-02-15,1322.97,spdr_api:gld_historical_archive
2013-02-19,1319.96,spdr_api:gld_historical_archive
2013-02-20,1299.19,spdr_api:gld_historical_archive
2013-02-21,1290.31,spdr_api:gld_historical_archive
2013-02-22,1280.67,spdr_api:gld_historical_archive
2013-02-25,1272.85,spdr_api:gld_historical_archive
2013-02-26,1270.44,spdr_api:gld_historical_archive
2013-02-27,1258.4,spdr_api:gld_historical_archive
2013-02-28,1254.49,spdr_api:gld_historical_archive
2013-03-01,1253.88,spdr_api:gld_historical_archive
2013-03-04,1253.28,spdr_api:gld_historical_archive
2013-03-05,1244.86,spdr_api:gld_historical_archive
2013-03-06,1244.86,spdr_api:gld_historical_archive
2013-03-07,1243.05,spdr_api:gld_historical_archive
2013-03-08,1239.74,spdr_api:gld_historical_archive
2013-03-11,1236.73,spdr_api:gld_historical_archive
2013-03-12,1236.31,spdr_api:gld_historical_archive
2013-03-13,1236.31,spdr_api:gld_historical_archive
2013-03-14,1236.31,spdr_api:gld_historical_archive
2013-03-15,1233.0,spdr_api:gld_historical_archive
2013-03-18,1219.45,spdr_api:gld_historical_archive
2013-03-19,1222.16,spdr_api:gld_historical_archive
2013-03-20,1222.16,spdr_api:gld_historical_archive
2013-03-21,1221.26,spdr_api:gld_historical_archive
2013-03-22,1221.26,spdr_api:gld_historical_archive
2013-03-25,1221.26,spdr_api:gld_historical_archive
2013-03-26,1221.26,spdr_api:gld_historical_archive
2013-03-27,1221.26,spdr_api:gld_historical_archive
2013-03-28,1221.26,spdr_api:gld_historical_archive
2013-04-01,1217.05,spdr_api:gld_historical_archive
2013-04-02,1208.92,spdr_api:gld_historical_archive
2013-04-03,1206.22,spdr_api:gld_historical_archive
2013-04-04,1206.22,spdr_api:gld_historical_archive
2013-04-05,1205.31,spdr_api:gld_historical_archive
2013-04-08,1205.31,spdr_api:gld_historical_archive
2013-04-09,1200.38,spdr_api:gld_historical_archive
2013-04-10,1183.53,spdr_api:gld_historical_archive
2013-04-11,1181.42,spdr_api:gld_historical_archive
2013-04-12,1158.56,spdr_api:gld_historical_archive
2013-04-15,1154.34,spdr_api:gld_historical_archive
2013-04-16,1145.92,spdr_api:gld_historical_archive
2013-04-17,1134.79,spdr_api:gld_historical_archive
2013-04-18,1132.99,spdr_api:gld_historical_archive
2013-04-19,1123.06,spdr_api:gld_historical_archive
2013-04-22,1104.71,spdr_api:gld_historical_archive
2013-04-23,1097.19,spdr_api:gld_historical_archive
2013-04-24,1092.98,spdr_api:gld_historical_archive
2013-04-25,1090.27,spdr_api:gld_historical_archive
2013-04-26,1083.05,spdr_api:gld_historical_archive
2013-04-29,1080.64,spdr_api:gld_historical_archive
2013-04-30,1078.54,spdr_api:gld_historical_archive
2013-05-01,1075.23,spdr_api:gld_historical_archive
2013-05-02,1069.21,spdr_api:gld_historical_archive
2013-05-03,1065.61,spdr_api:gld_historical_archive
2013-05-06,1062.3,spdr_api:gld_historical_archive
2013-05-07,1057.79,spdr_api:gld_historical_archive
2013-05-08,1051.47,spdr_api:gld_historical_archive
2013-05-09,1054.18,spdr_api:gld_historical_archive
2013-05-10,1051.65,spdr_api:gld_historical_archive
2013-05-13,1051.65,spdr_api:gld_historical_archive
2013-05-14,1051.65,spdr_api:gld_historical_archive
2013-05-15,1047.13,spdr_api:gld_historical_archive
2013-05-16,1041.42,spdr_api:gld_historical_archive
2013-05-17,1038.41,spdr_api:gld_historical_archive
2013-05-20,1031.5,spdr_api:gld_historical_archive
2013-05-21,1023.08,spdr_api:gld_historical_archive
2013-05-22,1020.07,spdr_api:gld_historical_archive
2013-05-23,1018.57,spdr_api:gld_historical_archive
2013-05-24,1016.16,spdr_api:gld_historical_archive
2013-05-28,1012.25,spdr_api:gld_historical_archive
2013-05-29,1013.15,spdr_api:gld_historical_archive
2013-05-30,1013.15,spdr_api:gld_historical_archive
2013-05-31,1013.15,spdr_api:gld_historical_archive
2013-06-03,1013.15,spdr_api:gld_historical_archive
2013-06-04,1010.45,spdr_api:gld_historical_archive
2013-06-05,1010.45,spdr_api:gld_historical_archive
2013-06-06,1007.74,spdr_api:gld_historical_archive
2013-06-07,1007.14,spdr_api:gld_historical_archive
2013-06-10,1009.85,spdr_api:gld_historical_archive
2013-06-11,1009.85,spdr_api:gld_historical_archive
2013-06-12,1009.85,spdr_api:gld_historical_archive
2013-06-13,1003.53,spdr_api:gld_historical_archive
2013-06-14,1003.53,spdr_api:gld_historical_archive
2013-06-17,1003.17,spdr_api:gld_historical_archive
2013-06-18,1001.66,spdr_api:gld_historical_archive
2013-06-19,999.56,spdr_api:gld_historical_archive
2013-06-20,995.35,spdr_api:gld_historical_archive
2013-06-21,989.94,spdr_api:gld_historical_archive
2013-06-24,985.73,spdr_api:gld_historical_archive
2013-06-25,969.5,spdr_api:gld_historical_archive
2013-06-26,969.5,spdr_api:gld_historical_archive
2013-06-27,969.5,spdr_api:gld_historical_archive
2013-06-28,969.5,spdr_api:gld_historical_archive
2013-07-01,968.3,spdr_api:gld_historical_archive
2013-07-02,964.69,spdr_api:gld_historical_archive
2013-07-03,964.69,spdr_api:gld_historical_archive
2013-07-05,961.99,spdr_api:gld_historical_archive
2013-07-08,946.96,spdr_api:gld_historical_archive
2013-07-09,939.75,spdr_api:gld_historical_archive
2013-07-10,939.07,spdr_api:gld_historical_archive
2013-07-11,939.07,spdr_api:gld_historical_archive
2013-07-12,939.07,spdr_api:gld_historical_archive
2013-07-15,939.07,spdr_api:gld_historical_archive
2013-07-16,937.57,spdr_api:gld_historical_archive
2013-07-17,936.07,spdr_api:gld_historical_archive
2013-07-18,935.17,spdr_api:gld_historical_archive
2013-07-19,932.46,spdr_api:gld_historical_archive
2013-07-22,931.26,spdr_api:gld_historical_archive
2013-07-23,929.76,spdr_api:gld_historical_archive
2013-07-24,929.76,spdr_api:gld_historical_archive
2013-07-25,927.36,spdr_api:gld_historical_archive
2013-07-26,927.36,spdr_api:gld_historical_archive
2013-07-29,927.36,spdr_api:gld_historical_archive
2013-07-30,927.36,spdr_api:gld_historical_archive
2013-07-31,927.36,spdr_api:gld_historical_archive
2013-08-01,921.05,spdr_api:gld_historical_archive
2013-08-02,918.64,spdr_api:gld_historical_archive
2013-08-05,917.14,spdr_api:gld_historical_archive
2013-08-06,915.04,spdr_api:gld_historical_archive
2013-08-07,910.53,spdr_api:gld_historical_archive
2013-08-08,909.33,spdr_api:gld_historical_archive
2013-08-09,911.13,spdr_api:gld_historical_archive
2013-08-12,911.13,spdr_api:gld_historical_archive
2013-08-13,911.13,spdr_api:gld_historical_archive
2013-08-14,913.23,spdr_api:gld_historical_archive
2013-08-15,912.92,spdr_api:gld_historical_archive
2013-08-16,915.32,spdr_api:gld_historical_archive
2013-08-19,912.32,spdr_api:gld_historical_archive
2013-08-20,914.12,spdr_api:gld_historical_archive
2013-08-21,913.52,spdr_api:gld_historical_archive
2013-08-22,913.52,spdr_api:gld_historical_archive
2013-08-23,920.13,spdr_api:gld_historical_archive
2013-08-26,920.13,spdr_api:gld_historical_archive
2013-08-27,921.03,spdr_api:gld_historical_archive
2013-08-28,921.03,spdr_api:gld_historical_archive
2013-08-29,921.03,spdr_api:gld_historical_archive
2013-08-30,921.03,spdr_api:gld_historical_archive
2013-09-03,919.23,spdr_api:gld_historical_archive
2013-09-04,919.23,spdr_api:gld_historical_archive
2013-09-05,919.23,spdr_api:gld_historical_archive
2013-09-06,919.23,spdr_api:gld_historical_archive
2013-09-09,917.13,spdr_api:gld_historical_archive
2013-09-10,917.13,spdr_api:gld_historical_archive
2013-09-11,917.13,spdr_api:gld_historical_archive
2013-09-12,917.13,spdr_api:gld_historical_archive
2013-09-13,911.12,spdr_api:gld_historical_archive
2013-09-16,911.12,spdr_api:gld_historical_archive
2013-09-17,911.12,spdr_api:gld_historical_archive
2013-09-18,911.12,spdr_api:gld_historical_archive
2013-09-19,912.0,spdr_api:gld_historical_archive
2013-09-20,910.19,spdr_api:gld_historical_archive
2013-09-23,909.59,spdr_api:gld_historical_archive
2013-09-24,909.59,spdr_api:gld_historical_archive
2013-09-25,909.59,spdr_api:gld_historical_archive
2013-09-26,909.59,spdr_api:gld_historical_archive
2013-09-27,905.99,spdr_api:gld_historical_archive
2013-09-30,905.99,spdr_api:gld_historical_archive
2013-10-01,905.99,spdr_api:gld_historical_archive
2013-10-02,901.79,spdr_api:gld_historical_archive
2013-10-03,899.99,spdr_api:gld_historical_archive
2013-10-04,899.99,spdr_api:gld_historical_archive
2013-10-07,899.99,spdr_api:gld_historical_archive
2013-10-08,898.18,spdr_api:gld_historical_archive
2013-10-09,898.18,spdr_api:gld_historical_archive
2013-10-10,896.38,spdr_api:gld_historical_archive
2013-10-11,890.98,spdr_api:gld_historical_archive
2013-10-14,889.13,spdr_api:gld_historical_archive
2013-10-15,889.13,spdr_api:gld_historical_archive
2013-10-16,885.53,spdr_api:gld_historical_archive
2013-10-17,882.23,spdr_api:gld_historical_archive
2013-10-18,882.23,spdr_api:gld_historical_archive
2013-10-21,871.72,spdr_api:gld_historical_archive
2013-10-22,878.32,spdr_api:gld_historical_archive
2013-10-23,878.32,spdr_api:gld_historical_archive
2013-10-24,876.52,spdr_api:gld_historical_archive
2013-10-25,872.02,spdr_api:gld_historical_archive
2013-10-28,872.02,spdr_api:gld_historical_archive
2013-10-29,872.02,spdr_api:gld_historical_archive
2013-10-30,872.02,spdr_api:gld_historical_archive
2013-10-31,872.02,spdr_api:gld_historical_archive
2013-11-01,866.32,spdr_api:gld_historical_archive
2013-11-04,866.32,spdr_api:gld_historical_archive
2013-11-05,866.32,spdr_api:gld_historical_archive
2013-11-06,868.42,spdr_api:gld_historical_archive
2013-11-07,868.42,spdr_api:gld_historical_archive
2013-11-08,868.42,spdr_api:gld_historical_archive
2013-11-11,868.42,spdr_api:gld_historical_archive
2013-11-12,868.42,spdr_api:gld_historical_archive
2013-11-13,865.71,spdr_api:gld_historical_archive
2013-11-14,865.71,spdr_api:gld_historical_archive
2013-11-15,865.71,spdr_api:gld_historical_archive
2013-11-18,864.51,spdr_api:gld_historical_archive
2013-11-19,863.01,spdr_api:gld_historical_archive
2013-11-20,860.31,spdr_api:gld_historical_archive
2013-11-21,856.71,spdr_api:gld_historical_archive
2013-11-22,852.21,spdr_api:gld_historical_archive
2013-11-25,848.91,spdr_api:gld_historical_archive
2013-11-26,848.91,spdr_api:gld_historical_archive
2013-11-27,843.21,spdr_api:gld_historical_archive
2013-11-29,843.21,spdr_api:gld_historical_archive
2013-12-02,843.21,spdr_api:gld_historical_archive
2013-12-03,841.41,spdr_api:gld_historical_archive
2013-12-04,838.71,spdr_api:gld_historical_archive
2013-12-05,838.71,spdr_api:gld_historical_archive
2013-12-06,835.71,spdr_api:gld_historical_archive
2013-12-09,835.71,spdr_api:gld_historical_archive
2013-12-10,835.71,spdr_api:gld_historical_archive
2013-12-11,833.6,spdr_api:gld_historical_archive
2013-12-12,827.6,spdr_api:gld_historical_archive
2013-12-13,827.6,spdr_api:gld_historical_archive
2013-12-16,818.9,spdr_api:gld_historical_archive
2013-12-17,816.82,spdr_api:gld_historical_archive
2013-12-18,812.62,spdr_api:gld_historical_archive
2013-12-19,808.72,spdr_api:gld_historical_archive
2013-12-20,814.12,spdr_api:gld_historical_archive
2013-12-23,805.72,spdr_api:gld_historical_archive
2013-12-24,805.72,spdr_api:gld_historical_archive
2013-12-26,804.22,spdr_api:gld_historical_archive
2013-12-27,801.22,spdr_api:gld_historical_archive
2013-12-30,798.22,spdr_api:gld_historical_archive
2013-12-31,798.22,spdr_api:gld_historical_archive
2014-01-02,794.62,spdr_api:gld_historical_archive
2014-01-03,794.62,spdr_api:gld_historical_archive
2014-01-06,794.62,spdr_api:gld_historical_archive
2014-01-07,794.62,spdr_api:gld_historical_archive
2014-01-08,793.12,spdr_api:gld_historical_archive
2014-01-09,793.12,spdr_api:gld_historical_archive
2014-01-10,793.12,spdr_api:gld_historical_archive
2014-01-13,793.12,spdr_api:gld_historical_archive
2014-01-14,789.56,spdr_api:gld_historical_archive
2014-01-15,789.56,spdr_api:gld_historical_archive
2014-01-16,789.56,spdr_api:gld_historical_archive
2014-01-17,797.05,spdr_api:gld_historical_archive
2014-01-21,797.05,spdr_api:gld_historical_archive
2014-01-22,795.85,spdr_api:gld_historical_archive
2014-01-23,790.46,spdr_api:gld_historical_archive
2014-01-24,790.46,spdr_api:gld_historical_archive
2014-01-27,790.46,spdr_api:gld_historical_archive
2014-01-28,790.46,spdr_api:gld_historical_archive
2014-01-29,792.56,spdr_api:gld_historical_archive
2014-01-30,793.16,spdr_api:gld_historical_archive
2014-01-31,793.16,spdr_api:gld_historical_archive
2014-02-03,793.16,spdr_api:gld_historical_archive
2014-02-04,797.05,spdr_api:gld_historical_archive
2014-02-05,797.05,spdr_api:gld_historical_archive
2014-02-06,797.05,spdr_api:gld_historical_archive
2014-02-07,797.05,spdr_api:gld_historical_archive
2014-02-10,797.05,spdr_api:gld_historical_archive
2014-02-11,798.85,spdr_api:gld_historical_archive
2014-02-12,798.85,spdr_api:gld_historical_archive
2014-02-13,806.35,spdr_api:gld_historical_archive
2014-02-14,801.25,spdr_api:gld_historical_archive
2014-02-18,801.25,spdr_api:gld_historical_archive
2014-02-19,795.61,spdr_api:gld_historical_archive
2014-02-20,795.61,spdr_api:gld_historical_archive
2014-02-21,798.31,spdr_api:gld_historical_archive
2014-02-24,801.61,spdr_api:gld_historical_archive
2014-02-25,803.7,spdr_api:gld_historical_archive
2014-02-26,803.7,spdr_api:gld_historical_archive
2014-02-27,803.7,spdr_api:gld_historical_archive
2014-02-28,803.7,spdr_api:gld_historical_archive
2014-03-03,803.7,spdr_api:gld_historical_archive
2014-03-04,803.7,spdr_api:gld_historical_archive
2014-03-05,803.7,spdr_api:gld_historical_archive
2014-03-06,803.7,spdr_api:gld_historical_archive
2014-03-07,805.2,spdr_api:gld_historical_archive
2014-03-10,812.7,spdr_api:gld_historical_archive
2014-03-11,812.7,spdr_api:gld_historical_archive
2014-03-12,811.2,spdr_api:gld_historical_archive
2014-03-13,813.3,spdr_api:gld_historical_archive
2014-03-14,816.59,spdr_api:gld_historical_archive
2014-03-17,812.78,spdr_api:gld_historical_archive
2014-03-18,812.78,spdr_api:gld_historical_archive
2014-03-19,812.78,spdr_api:gld_historical_archive
2014-03-20,812.78,spdr_api:gld_historical_archive
2014-03-21,816.97,spdr_api:gld_historical_archive
2014-03-24,821.47,spdr_api:gld_historical_archive
2014-03-25,818.77,spdr_api:gld_historical_archive
2014-03-26,816.97,spdr_api:gld_historical_archive
2014-03-27,816.97,spdr_api:gld_historical_archive
2014-03-28,816.97,spdr_api:gld_historical_archive
2014-03-31,813.08,spdr_api:gld_historical_archive
2014-04-01,810.98,spdr_api:gld_historical_archive
2014-04-02,810.98,spdr_api:gld_historical_archive
2014-04-03,810.98,spdr_api:gld_historical_archive
2014-04-04,809.18,spdr_api:gld_historical_archive
2014-04-07,809.18,spdr_api:gld_historical_archive
2014-04-08,806.48,spdr_api:gld_historical_archive
2014-04-09,806.48,spdr_api:gld_historical_archive
2014-04-10,806.22,spdr_api:gld_historical_archive
2014-04-11,804.42,spdr_api:gld_historical_archive
2014-04-14,806.22,spdr_api:gld_historical_archive
2014-04-15,806.82,spdr_api:gld_historical_archive
2014-04-16,798.43,spdr_api:gld_historical_archive
2014-04-17,795.14,spdr_api:gld_historical_archive
2014-04-21,792.14,spdr_api:gld_historical_archive
2014-04-22,792.14,spdr_api:gld_historical_archive
2014-04-23,792.14,spdr_api:gld_historical_archive
2014-04-24,792.14,spdr_api:gld_historical_archive
2014-04-25,792.14,spdr_api:gld_historical_archive
2014-04-28,792.14,spdr_api:gld_historical_archive
2014-04-29,792.14,spdr_api:gld_historical_archive
2014-04-30,787.94,spdr_api:gld_historical_archive
2014-05-01,785.55,spdr_api:gld_historical_archive
2014-05-02,782.85,spdr_api:gld_historical_archive
2014-05-05,782.85,spdr_api:gld_historical_archive
2014-05-06,782.85,spdr_api:gld_historical_archive
2014-05-07,782.85,spdr_api:gld_historical_archive
2014-05-08,782.85,spdr_api:gld_historical_archive
2014-05-09,782.85,spdr_api:gld_historical_archive
2014-05-12,780.46,spdr_api:gld_historical_archive
2014-05-13,780.46,spdr_api:gld_historical_archive
2014-05-14,780.46,spdr_api:gld_historical_archive
2014-05-15,782.25,spdr_api:gld_historical_archive
2014-05-16,781.98,spdr_api:gld_historical_archive
2014-05-19,781.98,spdr_api:gld_historical_archive
2014-05-20,780.19,spdr_api:gld_historical_archive
2014-05-21,776.89,spdr_api:gld_historical_archive
2014-05-22,776.89,spdr_api:gld_historical_archive
2014-05-23,776.89,spdr_api:gld_historical_archive
2014-05-27,785.28,spdr_api:gld_historical_archive
2014-05-28,785.28,spdr_api:gld_historical_archive
2014-05-29,785.28,spdr_api:gld_historical_archive
2014-05-30,785.28,spdr_api:gld_historical_archive
2014-06-02,785.28,spdr_api:gld_historical_archive
2014-06-03,787.08,spdr_api:gld_historical_archive
2014-06-04,787.08,spdr_api:gld_historical_archive
2014-06-05,787.08,spdr_api:gld_historical_archive
2014-06-06,787.08,spdr_api:gld_historical_archive
2014-06-09,787.08,spdr_api:gld_historical_archive
2014-06-10,787.08,spdr_api:gld_historical_archive
2014-06-11,787.08,spdr_api:gld_historical_archive
2014-06-12,787.08,spdr_api:gld_historical_archive
2014-06-13,787.08,spdr_api:gld_historical_archive
2014-06-16,782.88,spdr_api:gld_historical_archive
2014-06-17,782.62,spdr_api:gld_historical_archive
2014-06-18,782.62,spdr_api:gld_historical_archive
2014-06-19,782.62,spdr_api:gld_historical_archive
2014-06-20,782.62,spdr_api:gld_historical_archive
2014-06-23,785.02,spdr_api:gld_historical_archive
2014-06-24,785.02,spdr_api:gld_historical_archive
2014-06-25,785.02,spdr_api:gld_historical_archive
2014-06-26,785.02,spdr_api:gld_historical_archive
2014-06-27,785.02,spdr_api:gld_historical_archive
2014-06-30,790.7,spdr_api:gld_historical_archive
2014-07-01,796.39,spdr_api:gld_historical_archive
2014-07-02,796.39,spdr_api:gld_historical_archive
2014-07-03,796.39,spdr_api:gld_historical_archive
2014-07-07,798.19,spdr_api:gld_historical_archive
2014-07-08,800.28,spdr_api:gld_historical_archive
2014-07-09,800.28,spdr_api:gld_historical_archive
2014-07-10,800.05,spdr_api:gld_historical_archive
2014-07-11,800.05,spdr_api:gld_historical_archive
2014-07-14,808.73,spdr_api:gld_historical_archive
2014-07-15,808.73,spdr_api:gld_historical_archive
2014-07-16,806.03,spdr_api:gld_historical_archive
2014-07-17,803.34,spdr_api:gld_historical_archive
2014-07-18,805.14,spdr_api:gld_historical_archive
2014-07-21,803.34,spdr_api:gld_historical_archive
2014-07-22,804.84,spdr_api:gld_historical_archive
2014-07-23,805.44,spdr_api:gld_historical_archive
2014-07-24,801.84,spdr_api:gld_historical_archive
2014-07-25,801.84,spdr_api:gld_historical_archive
2014-07-28,801.84,spdr_api:gld_historical_archive
2014-07-29,801.84,spdr_api:gld_historical_archive
2014-07-30,801.84,spdr_api:gld_historical_archive
2014-07-31,801.84,spdr_api:gld_historical_archive
2014-08-01,801.84,spdr_api:gld_historical_archive
2014-08-04,800.05,spdr_api:gld_historical_archive
2014-08-05,800.05,spdr_api:gld_historical_archive
2014-08-06,797.65,spdr_api:gld_historical_archive
2014-08-07,797.65,spdr_api:gld_historical_archive
2014-08-08,795.86,spdr_api:gld_historical_archive
2014-08-11,795.86,spdr_api:gld_historical_archive
2014-08-12,795.86,spdr_api:gld_historical_archive
2014-08-13,795.6,spdr_api:gld_historical_archive
2014-08-14,795.6,spdr_api:gld_historical_archive
2014-08-15,795.6,spdr_api:gld_historical_archive
2014-08-18,797.69,spdr_api:gld_historical_archive
2014-08-19,799.19,spdr_api:gld_historical_archive
2014-08-20,800.08,spdr_api:gld_historical_archive
2014-08-21,800.08,spdr_api:gld_historical_archive
2014-08-22,800.08,spdr_api:gld_historical_archive
2014-08-25,797.09,spdr_api:gld_historical_archive
2014-08-26,795.6,spdr_api:gld_historical_archive
2014-08-27,795.6,spdr_api:gld_historical_archive
2014-08-28,795.6,spdr_api:gld_historical_archive
2014-08-29,795.0,spdr_api:gld_historical_archive
2014-09-02,793.2,spdr_api:gld_historical_archive
2014-09-03,790.51,spdr_api:gld_historical_archive
2014-09-04,785.72,spdr_api:gld_historical_archive
2014-09-05,785.72,spdr_api:gld_historical_archive
2014-09-08,785.72,spdr_api:gld_historical_archive
2014-09-09,785.72,spdr_api:gld_historical_archive
2014-09-10,788.72,spdr_api:gld_historical_archive
2014-09-11,788.4,spdr_api:gld_historical_archive
2014-09-12,788.4,spdr_api:gld_historical_archive
2014-09-15,788.4,spdr_api:gld_historical_archive
2014-09-16,784.22,spdr_api:gld_historical_archive
2014-09-17,784.22,spdr_api:gld_historical_archive
2014-09-18,784.22,spdr_api:gld_historical_archive
2014-09-19,776.44,spdr_api:gld_historical_archive
2014-09-22,774.65,spdr_api:gld_historical_archive
2014-09-23,773.45,spdr_api:gld_historical_archive
2014-09-24,773.45,spdr_api:gld_historical_archive
2014-09-25,773.45,spdr_api:gld_historical_archive
2014-09-26,772.25,spdr_api:gld_historical_archive
2014-09-29,772.25,spdr_api:gld_historical_archive
2014-09-30,769.86,spdr_api:gld_historical_archive
2014-10-01,768.66,spdr_api:gld_historical_archive
2014-10-02,767.47,spdr_api:gld_historical_archive
2014-10-03,767.47,spdr_api:gld_historical_archive
2014-10-06,767.47,spdr_api:gld_historical_archive
2014-10-07,767.47,spdr_api:gld_historical_archive
2014-10-08,762.08,spdr_api:gld_historical_archive
2014-10-09,762.08,spdr_api:gld_historical_archive
2014-10-10,759.44,spdr_api:gld_historical_archive
2014-10-13,761.23,spdr_api:gld_historical_archive
2014-10-14,761.23,spdr_api:gld_historical_archive
2014-10-15,759.14,spdr_api:gld_historical_archive
2014-10-16,760.93,spdr_api:gld_historical_archive
2014-10-17,760.93,spdr_api:gld_historical_archive
2014-10-20,751.96,spdr_api:gld_historical_archive
2014-10-21,751.96,spdr_api:gld_historical_archive
2014-10-22,749.87,spdr_api:gld_historical_archive
2014-10-23,749.87,spdr_api:gld_historical_archive
2014-10-24,745.39,spdr_api:gld_historical_archive
2014-10-27,745.39,spdr_api:gld_historical_archive
2014-10-28,743.59,spdr_api:gld_historical_archive
2014-10-29,742.4,spdr_api:gld_historical_archive
2014-10-30,741.2,spdr_api:gld_historical_archive
2014-10-31,741.2,spdr_api:gld_historical_archive
2014-11-03,741.21,spdr_api:gld_historical_archive
2014-11-04,738.82,spdr_api:gld_historical_archive
2014-11-05,735.82,spdr_api:gld_historical_archive
2014-11-06,732.83,spdr_api:gld_historical_archive
2014-11-07,727.15,spdr_api:gld_historical_archive
2014-11-10,725.36,spdr_api:gld_historical_archive
2014-11-11,724.46,spdr_api:gld_historical_archive
2014-11-12,722.67,spdr_api:gld_historical_archive
2014-11-13,720.62,spdr_api:gld_historical_archive
2014-11-14,720.62,spdr_api:gld_historical_archive
2014-11-17,723.01,spdr_api:gld_historical_archive
2014-11-18,723.01,spdr_api:gld_historical_archive
2014-11-19,720.91,spdr_api:gld_historical_archive
2014-11-20,720.91,spdr_api:gld_historical_archive
2014-11-21,720.91,spdr_api:gld_historical_archive
2014-11-24,720.91,spdr_api:gld_historical_archive
2014-11-25,720.91,spdr_api:gld_historical_archive
2014-11-26,718.82,spdr_api:gld_historical_archive
2014-11-28,717.63,spdr_api:gld_historical_archive
2014-12-01,717.63,spdr_api:gld_historical_archive
2014-12-02,720.02,spdr_api:gld_historical_archive
2014-12-03,720.02,spdr_api:gld_historical_archive
2014-12-04,720.02,spdr_api:gld_historical_archive
2014-12-05,720.91,spdr_api:gld_historical_archive
2014-12-08,719.12,spdr_api:gld_historical_archive
2014-12-09,721.81,spdr_api:gld_historical_archive
2014-12-10,724.8,spdr_api:gld_historical_archive
2014-12-11,725.75,spdr_api:gld_historical_archive
2014-12-12,725.75,spdr_api:gld_historical_archive
2014-12-15,723.36,spdr_api:gld_historical_archive
2014-12-16,721.56,spdr_api:gld_historical_archive
2014-12-17,721.56,spdr_api:gld_historical_archive
2014-12-18,721.56,spdr_api:gld_historical_archive
2014-12-19,724.55,spdr_api:gld_historical_archive
2014-12-22,724.55,spdr_api:gld_historical_archive
2014-12-23,712.9,spdr_api:gld_historical_archive
2014-12-24,712.9,spdr_api:gld_historical_archive
2014-12-26,712.3,spdr_api:gld_historical_archive
2014-12-29,712.3,spdr_api:gld_historical_archive
2014-12-30,710.81,spdr_api:gld_historical_archive
2014-12-31,709.02,spdr_api:gld_historical_archive
2015-01-02,709.02,spdr_api:gld_historical_archive
2015-01-05,710.81,spdr_api:gld_historical_archive
2015-01-06,707.82,spdr_api:gld_historical_archive
2015-01-07,704.83,spdr_api:gld_historical_archive
2015-01-08,704.83,spdr_api:gld_historical_archive
2015-01-09,707.82,spdr_api:gld_historical_archive
2015-01-12,707.82,spdr_api:gld_historical_archive
2015-01-13,707.82,spdr_api:gld_historical_archive
2015-01-14,707.59,spdr_api:gld_historical_archive
2015-01-15,717.15,spdr_api:gld_historical_archive
2015-01-16,730.89,spdr_api:gld_historical_archive
2015-01-20,742.24,spdr_api:gld_historical_archive
2015-01-21,740.45,spdr_api:gld_historical_archive
2015-01-22,740.45,spdr_api:gld_historical_archive
2015-01-23,741.65,spdr_api:gld_historical_archive
2015-01-26,743.44,spdr_api:gld_historical_archive
2015-01-27,752.7,spdr_api:gld_historical_archive
2015-01-28,752.7,spdr_api:gld_historical_archive
2015-01-29,758.37,spdr_api:gld_historical_archive
2015-01-30,758.37,spdr_api:gld_historical_archive
2015-02-02,766.73,spdr_api:gld_historical_archive
2015-02-03,764.94,spdr_api:gld_historical_archive
2015-02-04,767.93,spdr_api:gld_historical_archive
2015-02-05,773.31,spdr_api:gld_historical_archive
2015-02-06,773.31,spdr_api:gld_historical_archive
2015-02-09,773.31,spdr_api:gld_historical_archive
2015-02-10,773.31,spdr_api:gld_historical_archive
2015-02-11,773.31,spdr_api:gld_historical_archive
2015-02-12,771.51,spdr_api:gld_historical_archive
2015-02-13,768.26,spdr_api:gld_historical_archive
2015-02-17,768.26,spdr_api:gld_historical_archive
2015-02-18,767.96,spdr_api:gld_historical_archive
2015-02-19,769.46,spdr_api:gld_historical_archive
2015-02-20,771.25,spdr_api:gld_historical_archive
2015-02-23,771.25,spdr_api:gld_historical_archive
2015-02-24,771.25,spdr_api:gld_historical_archive
2015-02-25,771.25,spdr_api:gld_historical_archive
2015-02-26,771.25,spdr_api:gld_historical_archive
2015-02-27,771.25,spdr_api:gld_historical_archive
2015-03-02,763.49,spdr_api:gld_historical_archive
2015-03-03,760.8,spdr_api:gld_historical_archive
2015-03-04,760.8,spdr_api:gld_historical_archive
2015-03-05,760.8,spdr_api:gld_historical_archive
2015-03-06,756.32,spdr_api:gld_historical_archive
2015-03-09,753.04,spdr_api:gld_historical_archive
2015-03-10,753.04,spdr_api:gld_historical_archive
2015-03-11,753.04,spdr_api:gld_historical_archive
2015-03-12,750.95,spdr_api:gld_historical_archive
2015-03-13,750.67,spdr_api:gld_historical_archive
2015-03-16,750.67,spdr_api:gld_historical_archive
2015-03-17,747.98,spdr_api:gld_historical_archive
2015-03-18,749.77,spdr_api:gld_historical_archive
2015-03-19,749.77,spdr_api:gld_historical_archive
2015-03-20,744.4,spdr_api:gld_historical_archive
2015-03-23,744.4,spdr_api:gld_historical_archive
2015-03-24,744.4,spdr_api:gld_historical_archive
2015-03-25,743.21,spdr_api:gld_historical_archive
2015-03-26,737.24,spdr_api:gld_historical_archive
2015-03-27,737.24,spdr_api:gld_historical_archive
2015-03-30,737.24,spdr_api:gld_historical_archive
2015-03-31,737.24,spdr_api:gld_historical_archive
2015-04-01,737.24,spdr_api:gld_historical_archive
2015-04-02,737.24,spdr_api:gld_historical_archive
2015-04-06,735.45,spdr_api:gld_historical_archive
2015-04-07,733.06,spdr_api:gld_historical_archive
2015-04-08,733.06,spdr_api:gld_historical_archive
2015-04-09,736.04,spdr_api:gld_historical_archive
2015-04-10,734.29,spdr_api:gld_historical_archive
2015-04-13,734.29,spdr_api:gld_historical_archive
2015-04-14,736.08,spdr_api:gld_historical_archive
2015-04-15,736.08,spdr_api:gld_historical_archive
2015-04-16,736.08,spdr_api:gld_historical_archive
2015-04-17,739.06,spdr_api:gld_historical_archive
2015-04-20,739.06,spdr_api:gld_historical_archive
2015-04-21,742.35,spdr_api:gld_historical_archive
2015-04-22,742.35,spdr_api:gld_historical_archive
2015-04-23,742.35,spdr_api:gld_historical_archive
2015-04-24,742.35,spdr_api:gld_historical_archive
2015-04-27,739.06,spdr_api:gld_historical_archive
2015-04-28,739.06,spdr_api:gld_historical_archive
2015-04-29,739.06,spdr_api:gld_historical_archive
2015-04-30,739.36,spdr_api:gld_historical_archive
2015-05-01,741.75,spdr_api:gld_historical_archive
2015-05-04,741.75,spdr_api:gld_historical_archive
2015-05-05,741.75,spdr_api:gld_historical_archive
2015-05-06,741.75,spdr_api:gld_historical_archive
2015-05-07,739.07,spdr_api:gld_historical_archive
2015-05-08,728.32,spdr_api:gld_historical_archive
2015-05-11,728.32,spdr_api:gld_historical_archive
2015-05-12,728.32,spdr_api:gld_historical_archive
2015-05-13,728.32,spdr_api:gld_historical_archive
2015-05-14,723.91,spdr_api:gld_historical_archive
2015-05-15,723.91,spdr_api:gld_historical_archive
2015-05-18,718.24,spdr_api:gld_historical_archive
2015-05-19,718.24,spdr_api:gld_historical_archive
2015-05-20,715.26,spdr_api:gld_historical_archive
2015-05-21,715.26,spdr_api:gld_historical_archive
2015-05-22,715.26,spdr_api:gld_historical_archive
2015-05-26,715.86,spdr_api:gld_historical_archive
2015-05-27,715.86,spdr_api:gld_historical_archive
2015-05-28,715.86,spdr_api:gld_historical_archive
2015-05-29,715.86,spdr_api:gld_historical_archive
2015-06-01,714.07,spdr_api:gld_historical_archive
2015-06-02,709.89,spdr_api:gld_historical_archive
2015-06-03,709.89,spdr_api:gld_historical_archive
2015-06-04,709.89,spdr_api:gld_historical_archive
2015-06-05,708.7,spdr_api:gld_historical_archive
2015-06-08,708.7,spdr_api:gld_historical_archive
2015-06-09,705.72,spdr_api:gld_historical_archive
2015-06-10,704.22,spdr_api:gld_historical_archive
2015-06-11,704.22,spdr_api:gld_historical_archive
2015-06-12,703.98,spdr_api:gld_historical_archive
2015-06-15,701.9,spdr_api:gld_historical_archive
2015-06-16,701.9,spdr_api:gld_historical_archive
2015-06-17,701.9,spdr_api:gld_historical_archive
2015-06-18,701.9,spdr_api:gld_historical_archive
2015-06-19,701.9,spdr_api:gld_historical_archive
2015-06-22,705.48,spdr_api:gld_historical_archive
2015-06-23,705.48,spdr_api:gld_historical_archive
2015-06-24,706.37,spdr_api:gld_historical_archive
2015-06-25,713.23,spdr_api:gld_historical_archive
2015-06-26,711.44,spdr_api:gld_historical_archive
2015-06-29,711.44,spdr_api:gld_historical_archive
2015-06-30,711.44,spdr_api:gld_historical_archive
2015-07-01,711.44,spdr_api:gld_historical_archive
2015-07-02,709.65,spdr_api:gld_historical_archive
2015-07-06,709.65,spdr_api:gld_historical_archive
2015-07-07,709.65,spdr_api:gld_historical_archive
2015-07-08,709.37,spdr_api:gld_historical_archive
2015-07-09,707.58,spdr_api:gld_historical_archive
2015-07-10,707.58,spdr_api:gld_historical_archive
2015-07-13,709.07,spdr_api:gld_historical_archive
2015-07-14,709.07,spdr_api:gld_historical_archive
2015-07-15,709.07,spdr_api:gld_historical_archive
2015-07-16,707.88,spdr_api:gld_historical_archive
2015-07-17,696.25,spdr_api:gld_historical_archive
2015-07-20,694.46,spdr_api:gld_historical_archive
2015-07-21,689.69,spdr_api:gld_historical_archive
2015-07-22,687.31,spdr_api:gld_historical_archive
2015-07-23,684.63,spdr_api:gld_historical_archive
2015-07-24,680.15,spdr_api:gld_historical_archive
2015-07-27,680.15,spdr_api:gld_historical_archive
2015-07-28,680.15,spdr_api:gld_historical_archive
2015-07-29,680.15,spdr_api:gld_historical_archive
2015-07-30,680.15,spdr_api:gld_historical_archive
2015-07-31,672.7,spdr_api:gld_historical_archive
2015-08-03,672.7,spdr_api:gld_historical_archive
2015-08-04,670.62,spdr_api:gld_historical_archive
2015-08-05,667.93,spdr_api:gld_historical_archive
2015-08-06,667.93,spdr_api:gld_historical_archive
2015-08-07,667.69,spdr_api:gld_historical_archive
2015-08-10,667.69,spdr_api:gld_historical_archive
2015-08-11,667.69,spdr_api:gld_historical_archive
2015-08-12,671.87,spdr_api:gld_historical_archive
2015-08-13,671.87,spdr_api:gld_historical_archive
2015-08-14,671.87,spdr_api:gld_historical_archive
2015-08-17,671.87,spdr_api:gld_historical_archive
2015-08-18,671.87,spdr_api:gld_historical_archive
2015-08-19,671.87,spdr_api:gld_historical_archive
2015-08-20,675.44,spdr_api:gld_historical_archive
2015-08-21,677.83,spdr_api:gld_historical_archive
2015-08-24,681.1,spdr_api:gld_historical_archive
2015-08-25,681.1,spdr_api:gld_historical_archive
2015-08-26,681.1,spdr_api:gld_historical_archive
2015-08-27,682.59,spdr_api:gld_historical_archive
2015-08-28,682.59,spdr_api:gld_historical_archive
2015-08-31,682.59,spdr_api:gld_historical_archive
2015-09-01,682.59,spdr_api:gld_historical_archive
2015-09-02,682.59,spdr_api:gld_historical_archive
2015-09-03,682.59,spdr_api:gld_historical_archive
2015-09-04,682.35,spdr_api:gld_historical_archive
2015-09-08,682.35,spdr_api:gld_historical_archive
2015-09-09,678.18,spdr_api:gld_historical_archive
2015-09-10,678.18,spdr_api:gld_historical_archive
2015-09-11,678.18,spdr_api:gld_historical_archive
2015-09-14,678.18,spdr_api:gld_historical_archive
2015-09-15,678.18,spdr_api:gld_historical_archive
2015-09-16,678.18,spdr_api:gld_historical_archive
2015-09-17,678.18,spdr_api:gld_historical_archive
2015-09-18,678.18,spdr_api:gld_historical_archive
2015-09-21,674.61,spdr_api:gld_historical_archive
2015-09-22,675.8,spdr_api:gld_historical_archive
2015-09-23,676.4,spdr_api:gld_historical_archive
2015-09-24,680.27,spdr_api:gld_historical_archive
2015-09-25,684.14,spdr_api:gld_historical_archive
2015-09-28,684.14,spdr_api:gld_historical_archive
2015-09-29,684.14,spdr_api:gld_historical_archive
2015-09-30,687.42,spdr_api:gld_historical_archive
2015-10-01,689.2,spdr_api:gld_historical_archive
2015-10-02,689.2,spdr_api:gld_historical_archive
2015-10-05,688.98,spdr_api:gld_historical_archive
2015-10-06,688.98,spdr_api:gld_historical_archive
2015-10-07,687.2,spdr_api:gld_historical_archive
2015-10-08,687.2,spdr_api:gld_historical_archive
2015-10-09,687.2,spdr_api:gld_historical_archive
2015-10-12,687.2,spdr_api:gld_historical_archive
2015-10-13,687.2,spdr_api:gld_historical_archive
2015-10-14,694.94,spdr_api:gld_historical_archive
2015-10-15,700.0,spdr_api:gld_historical_archive
2015-10-16,693.75,spdr_api:gld_historical_archive
2015-10-19,697.32,spdr_api:gld_historical_archive
2015-10-20,697.32,spdr_api:gld_historical_archive
2015-10-21,697.32,spdr_api:gld_historical_archive
2015-10-22,697.32,spdr_api:gld_historical_archive
2015-10-23,695.54,spdr_api:gld_historical_archive
2015-10-26,695.54,spdr_api:gld_historical_archive
2015-10-27,695.54,spdr_api:gld_historical_archive
2015-10-28,694.34,spdr_api:gld_historical_archive
2015-10-29,694.34,spdr_api:gld_historical_archive
2015-10-30,692.26,spdr_api:gld_historical_archive
2015-11-02,689.28,spdr_api:gld_historical_archive
2015-11-03,686.3,spdr_api:gld_historical_archive
2015-11-04,680.11,spdr_api:gld_historical_archive
2015-11-05,671.77,spdr_api:gld_historical_archive
2015-11-06,669.09,spdr_api:gld_historical_archive
2015-11-09,666.11,spdr_api:gld_historical_archive
2015-11-10,663.43,spdr_api:gld_historical_archive
2015-11-11,663.43,spdr_api:gld_historical_archive
2015-11-12,661.94,spdr_api:gld_historical_archive
2015-11-13,661.94,spdr_api:gld_historical_archive
2015-11-16,661.94,spdr_api:gld_historical_archive
2015-11-17,661.94,spdr_api:gld_historical_archive
2015-11-18,661.94,spdr_api:gld_historical_archive
2015-11-19,661.94,spdr_api:gld_historical_archive
2015-11-20,660.75,spdr_api:gld_historical_archive
2015-11-23,655.69,spdr_api:gld_historical_archive
2015-11-24,655.69,spdr_api:gld_historical_archive
2015-11-25,655.69,spdr_api:gld_historical_archive
2015-11-27,654.8,spdr_api:gld_historical_archive
2015-11-30,654.8,spdr_api:gld_historical_archive
2015-12-01,654.8,spdr_api:gld_historical_archive
2015-12-02,639.02,spdr_api:gld_historical_archive
2015-12-03,638.8,spdr_api:gld_historical_archive
2015-12-04,638.8,spdr_api:gld_historical_archive
2015-12-07,634.63,spdr_api:gld_historical_archive
2015-12-08,634.63,spdr_api:gld_historical_archive
2015-12-09,634.63,spdr_api:gld_historical_archive
2015-12-10,634.63,spdr_api:gld_historical_archive
2015-12-11,634.63,spdr_api:gld_historical_archive
2015-12-14,634.63,spdr_api:gld_historical_archive
2015-12-15,634.63,spdr_api:gld_historical_archive
2015-12-16,634.63,spdr_api:gld_historical_archive
2015-12-17,630.17,spdr_api:gld_historical_archive
2015-12-18,648.91,spdr_api:gld_historical_archive
2015-12-21,645.94,spdr_api:gld_historical_archive
2015-12-22,645.94,spdr_api:gld_historical_archive
2015-12-23,645.94,spdr_api:gld_historical_archive
2015-12-24,644.75,spdr_api:gld_historical_archive
2015-12-28,643.56,spdr_api:gld_historical_archive
2015-12-29,643.56,spdr_api:gld_historical_archive
2015-12-30,643.56,spdr_api:gld_historical_archive
2015-12-31,642.37,spdr_api:gld_historical_archive
2016-01-04,642.37,spdr_api:gld_historical_archive
2016-01-05,642.37,spdr_api:gld_historical_archive
2016-01-06,640.97,spdr_api:gld_historical_archive
2016-01-07,645.13,spdr_api:gld_historical_archive
2016-01-08,649.59,spdr_api:gld_historical_archive
2016-01-11,651.68,spdr_api:gld_historical_archive
2016-01-12,651.68,spdr_api:gld_historical_archive
2016-01-13,654.06,spdr_api:gld_historical_archive
2016-01-14,654.06,spdr_api:gld_historical_archive
2016-01-15,657.92,spdr_api:gld_historical_archive
2016-01-19,657.92,spdr_api:gld_historical_archive
2016-01-20,660.3,spdr_api:gld_historical_archive
2016-01-21,662.09,spdr_api:gld_historical_archive
2016-01-22,664.17,spdr_api:gld_historical_archive
2016-01-25,664.17,spdr_api:gld_historical_archive
2016-01-26,669.23,spdr_api:gld_historical_archive
2016-01-27,669.23,spdr_api:gld_historical_archive
2016-01-28,669.23,spdr_api:gld_historical_archive
2016-01-29,669.23,spdr_api:gld_historical_archive
2016-02-01,681.43,spdr_api:gld_historical_archive
2016-02-02,685.59,spdr_api:gld_historical_archive
2016-02-03,690.05,spdr_api:gld_historical_archive
2016-02-04,693.62,spdr_api:gld_historical_archive
2016-02-05,698.46,spdr_api:gld_historical_archive
2016-02-08,703.52,spdr_api:gld_historical_archive
2016-02-09,702.03,spdr_api:gld_historical_archive
2016-02-10,702.03,spdr_api:gld_historical_archive
2016-02-11,716.01,spdr_api:gld_historical_archive
2016-02-12,710.95,spdr_api:gld_historical_archive
2016-02-16,710.95,spdr_api:gld_historical_archive
2016-02-17,710.95,spdr_api:gld_historical_archive
2016-02-18,713.63,spdr_api:gld_historical_archive
2016-02-19,732.96,spdr_api:gld_historical_archive
2016-02-22,752.29,spdr_api:gld_historical_archive
2016-02-23,752.29,spdr_api:gld_historical_archive
2016-02-24,760.32,spdr_api:gld_historical_archive
2016-02-25,760.32,spdr_api:gld_historical_archive
2016-02-26,762.4,spdr_api:gld_historical_archive
2016-02-29,777.27,spdr_api:gld_historical_archive
2016-03-01,786.2,spdr_api:gld_historical_archive
2016-03-02,788.57,spdr_api:gld_historical_archive
2016-03-03,793.33,spdr_api:gld_historical_archive
2016-03-04,793.12,spdr_api:gld_historical_archive
2016-03-07,793.12,spdr_api:gld_historical_archive
2016-03-08,790.74,spdr_api:gld_historical_archive
2016-03-09,792.82,spdr_api:gld_historical_archive
2016-03-10,798.77,spdr_api:gld_historical_archive
2016-03-11,798.77,spdr_api:gld_historical_archive
2016-03-14,790.14,spdr_api:gld_historical_archive
2016-03-15,792.23,spdr_api:gld_historical_archive
2016-03-16,795.2,spdr_api:gld_historical_archive
2016-03-17,807.09,spdr_api:gld_historical_archive
2016-03-18,818.98,spdr_api:gld_historical_archive
2016-03-21,821.66,spdr_api:gld_historical_archive
2016-03-22,821.66,spdr_api:gld_historical_archive
2016-03-23,821.66,spdr_api:gld_historical_archive
2016-03-24,823.74,spdr_api:gld_historical_archive
2016-03-28,823.74,spdr_api:gld_historical_archive
2016-03-29,820.47,spdr_api:gld_historical_archive
2016-03-30,819.28,spdr_api:gld_historical_archive
2016-03-31,819.28,spdr_api:gld_historical_archive
2016-04-01,818.09,spdr_api:gld_historical_archive
2016-04-04,815.72,spdr_api:gld_historical_archive
2016-04-05,815.43,spdr_api:gld_historical_archive
2016-04-06,819.6,spdr_api:gld_historical_archive
2016-04-07,819.6,spdr_api:gld_historical_archive
2016-04-08,817.81,spdr_api:gld_historical_archive
2016-04-11,817.81,spdr_api:gld_historical_archive
2016-04-12,815.14,spdr_api:gld_historical_archive
2016-04-13,810.08,spdr_api:gld_historical_archive
2016-04-14,806.82,spdr_api:gld_historical_archive
2016-04-15,812.46,spdr_api:gld_historical_archive
2016-04-18,812.46,spdr_api:gld_historical_archive
2016-04-19,805.03,spdr_api:gld_historical_archive
2016-04-20,805.03,spdr_api:gld_historical_archive
2016-04-21,805.03,spdr_api:gld_historical_archive
2016-04-22,805.03,spdr_api:gld_historical_archive
2016-04-25,802.65,spdr_api:gld_historical_archive
2016-04-26,802.65,spdr_api:gld_historical_archive
2016-04-27,802.65,spdr_api:gld_historical_archive
2016-04-28,804.14,spdr_api:gld_historical_archive
2016-04-29,804.14,spdr_api:gld_historical_archive
2016-05-02,824.94,spdr_api:gld_historical_archive
2016-05-03,824.94,spdr_api:gld_historical_archive
2016-05-04,825.54,spdr_api:gld_historical_archive
2016-05-05,829.44,spdr_api:gld_historical_archive
2016-05-06,834.19,spdr_api:gld_historical_archive
2016-05-09,836.87,spdr_api:gld_historical_archive
2016-05-10,839.25,spdr_api:gld_historical_archive
2016-05-11,841.92,spdr_api:gld_historical_archive
2016-05-12,845.19,spdr_api:gld_historical_archive
2016-05-13,851.13,spdr_api:gld_historical_archive
2016-05-16,851.13,spdr_api:gld_historical_archive
2016-05-17,855.89,spdr_api:gld_historical_archive
2016-05-18,855.89,spdr_api:gld_historical_archive
2016-05-19,860.34,spdr_api:gld_historical_archive
2016-05-20,869.26,spdr_api:gld_historical_archive
2016-05-23,872.52,spdr_api:gld_historical_archive
2016-05-24,868.66,spdr_api:gld_historical_archive
2016-05-25,868.66,spdr_api:gld_historical_archive
2016-05-26,868.66,spdr_api:gld_historical_archive
2016-05-27,868.66,spdr_api:gld_historical_archive
2016-05-31,868.66,spdr_api:gld_historical_archive
2016-06-01,870.74,spdr_api:gld_historical_archive
2016-06-02,875.2,spdr_api:gld_historical_archive
2016-06-03,881.44,spdr_api:gld_historical_archive
2016-06-06,881.15,spdr_api:gld_historical_archive
2016-06-07,881.15,spdr_api:gld_historical_archive
2016-06-08,881.15,spdr_api:gld_historical_archive
2016-06-09,887.38,spdr_api:gld_historical_archive
2016-06-10,893.92,spdr_api:gld_historical_archive
2016-06-13,896.29,spdr_api:gld_historical_archive
2016-06-14,898.67,spdr_api:gld_historical_archive
2016-06-15,900.75,spdr_api:gld_historical_archive
2016-06-16,902.53,spdr_api:gld_historical_archive
2016-06-17,907.88,spdr_api:gld_historical_archive
2016-06-20,908.77,spdr_api:gld_historical_archive
2016-06-21,912.33,spdr_api:gld_historical_archive
2016-06-22,915.9,spdr_api:gld_historical_archive
2016-06-23,915.9,spdr_api:gld_historical_archive
2016-06-24,934.31,spdr_api:gld_historical_archive
2016-06-27,947.38,spdr_api:gld_historical_archive
2016-06-28,947.38,spdr_api:gld_historical_archive
2016-06-29,950.05,spdr_api:gld_historical_archive
2016-06-30,950.05,spdr_api:gld_historical_archive
2016-07-01,953.91,spdr_api:gld_historical_archive
2016-07-05,982.72,spdr_api:gld_historical_archive
2016-07-06,982.44,spdr_api:gld_historical_archive
2016-07-07,978.29,spdr_api:gld_historical_archive
2016-07-08,981.26,spdr_api:gld_historical_archive
2016-07-11,981.26,spdr_api:gld_historical_archive
2016-07-12,965.22,spdr_api:gld_historical_archive
2016-07-13,965.22,spdr_api:gld_historical_archive
2016-07-14,962.85,spdr_api:gld_historical_archive
2016-07-15,962.85,spdr_api:gld_historical_archive
2016-07-18,965.22,spdr_api:gld_historical_archive
2016-07-19,965.22,spdr_api:gld_historical_archive
2016-07-20,965.22,spdr_api:gld_historical_archive
2016-07-21,963.14,spdr_api:gld_historical_archive
2016-07-22,963.14,spdr_api:gld_historical_archive
2016-07-25,958.69,spdr_api:gld_historical_archive
2016-07-26,954.23,spdr_api:gld_historical_archive
2016-07-27,954.23,spdr_api:gld_historical_archive
2016-07-28,954.23,spdr_api:gld_historical_archive
2016-07-29,958.09,spdr_api:gld_historical_archive
2016-08-01,964.03,spdr_api:gld_historical_archive
2016-08-02,969.97,spdr_api:gld_historical_archive
2016-08-03,969.65,spdr_api:gld_historical_archive
2016-08-04,973.21,spdr_api:gld_historical_archive
2016-08-05,980.34,spdr_api:gld_historical_archive
2016-08-08,973.81,spdr_api:gld_historical_archive
2016-08-09,972.62,spdr_api:gld_historical_archive
2016-08-10,972.62,spdr_api:gld_historical_archive
2016-08-11,972.32,spdr_api:gld_historical_archive
2016-08-12,960.45,spdr_api:gld_historical_archive
2016-08-15,960.45,spdr_api:gld_historical_archive
2016-08-16,962.23,spdr_api:gld_historical_archive
2016-08-17,957.78,spdr_api:gld_historical_archive
2016-08-18,955.99,spdr_api:gld_historical_archive
2016-08-19,955.99,spdr_api:gld_historical_archive
2016-08-22,958.37,spdr_api:gld_historical_archive
2016-08-23,958.37,spdr_api:gld_historical_archive
2016-08-24,958.37,spdr_api:gld_historical_archive
2016-08-25,956.59,spdr_api:gld_historical_archive
2016-08-26,956.59,spdr_api:gld_historical_archive
2016-08-29,956.59,spdr_api:gld_historical_archive
2016-08-30,955.4,spdr_api:gld_historical_archive
2016-08-31,943.23,spdr_api:gld_historical_archive
2016-09-01,937.89,spdr_api:gld_historical_archive
2016-09-02,937.89,spdr_api:gld_historical_archive
2016-09-06,952.14,spdr_api:gld_historical_archive
2016-09-07,951.81,spdr_api:gld_historical_archive
2016-09-08,950.62,spdr_api:gld_historical_archive
2016-09-09,939.94,spdr_api:gld_historical_archive
2016-09-12,939.94,spdr_api:gld_historical_archive
2016-09-13,935.49,spdr_api:gld_historical_archive
2016-09-14,935.49,spdr_api:gld_historical_archive
2016-09-15,932.22,spdr_api:gld_historical_archive
2016-09-16,942.61,spdr_api:gld_historical_archive
2016-09-19,942.61,spdr_api:gld_historical_archive
2016-09-20,938.75,spdr_api:gld_historical_archive
2016-09-21,944.39,spdr_api:gld_historical_archive
2016-09-22,950.92,spdr_api:gld_historical_archive
2016-09-23,951.22,spdr_api:gld_historical_archive
2016-09-26,951.22,spdr_api:gld_historical_archive
2016-09-27,949.14,spdr_api:gld_historical_archive
2016-09-28,949.14,spdr_api:gld_historical_archive
2016-09-29,949.14,spdr_api:gld_historical_archive
2016-09-30,947.95,spdr_api:gld_historical_archive
2016-10-03,947.95,spdr_api:gld_historical_archive
2016-10-04,947.95,spdr_api:gld_historical_archive
2016-10-05,947.63,spdr_api:gld_historical_archive
2016-10-06,947.63,spdr_api:gld_historical_archive
2016-10-07,958.9,spdr_api:gld_historical_archive
2016-10-10,958.9,spdr_api:gld_historical_archive
2016-10-11,958.9,spdr_api:gld_historical_archive
2016-10-12,958.9,spdr_api:gld_historical_archive
2016-10-13,961.57,spdr_api:gld_historical_archive
2016-10-14,965.43,spdr_api:gld_historical_archive
2016-10-17,967.21,spdr_api:gld_historical_archive
2016-10-18,967.21,spdr_api:gld_historical_archive
2016-10-19,967.21,spdr_api:gld_historical_archive
2016-10-20,970.17,spdr_api:gld_historical_archive
2016-10-21,953.56,spdr_api:gld_historical_archive
2016-10-24,953.56,spdr_api:gld_historical_archive
2016-10-25,956.83,spdr_api:gld_historical_archive
2016-10-26,942.59,spdr_api:gld_historical_archive
2016-10-27,942.59,spdr_api:gld_historical_archive
2016-10-28,942.59,spdr_api:gld_historical_archive
2016-10-31,942.59,spdr_api:gld_historical_archive
2016-11-01,945.26,spdr_api:gld_historical_archive
2016-11-02,945.26,spdr_api:gld_historical_archive
2016-11-03,949.69,spdr_api:gld_historical_archive
2016-11-04,949.69,spdr_api:gld_historical_archive
2016-11-07,949.69,spdr_api:gld_historical_archive
2016-11-08,949.69,spdr_api:gld_historical_archive
2016-11-09,955.03,spdr_api:gld_historical_archive
2016-11-10,941.68,spdr_api:gld_historical_archive
2016-11-11,934.56,spdr_api:gld_historical_archive
2016-11-14,928.93,spdr_api:gld_historical_archive
2016-11-15,927.45,spdr_api:gld_historical_archive
2016-11-16,926.26,spdr_api:gld_historical_archive
2016-11-17,920.63,spdr_api:gld_historical_archive
2016-11-18,915.29,spdr_api:gld_historical_archive
2016-11-21,908.76,spdr_api:gld_historical_archive
2016-11-22,904.91,spdr_api:gld_historical_archive
2016-11-23,891.57,spdr_api:gld_historical_archive
2016-11-25,885.04,spdr_api:gld_historical_archive
2016-11-28,885.04,spdr_api:gld_historical_archive
2016-11-29,885.04,spdr_api:gld_historical_archive
2016-11-30,883.86,spdr_api:gld_historical_archive
2016-12-01,870.22,spdr_api:gld_historical_archive
2016-12-02,870.22,spdr_api:gld_historical_archive
2016-12-05,869.9,spdr_api:gld_historical_archive
2016-12-06,869.9,spdr_api:gld_historical_archive
2016-12-07,863.67,spdr_api:gld_historical_archive
2016-12-08,860.71,spdr_api:gld_historical_archive
2016-12-09,857.45,spdr_api:gld_historical_archive
2016-12-12,856.26,spdr_api:gld_historical_archive
2016-12-13,856.26,spdr_api:gld_historical_archive
2016-12-14,849.44,spdr_api:gld_historical_archive
2016-12-15,842.33,spdr_api:gld_historical_archive
2016-12-16,836.99,spdr_api:gld_historical_archive
2016-12-19,828.1,spdr_api:gld_historical_archive
2016-12-20,828.1,spdr_api:gld_historical_archive
2016-12-21,824.54,spdr_api:gld_historical_archive
2016-12-22,824.54,spdr_api:gld_historical_archive
2016-12-23,824.54,spdr_api:gld_historical_archive
2016-12-27,823.36,spdr_api:gld_historical_archive
2016-12-28,823.36,spdr_api:gld_historical_archive
2016-12-29,823.36,spdr_api:gld_historical_archive
2016-12-30,822.17,spdr_api:gld_historical_archive
2017-01-03,813.87,spdr_api:gld_historical_archive
2017-01-04,813.87,spdr_api:gld_historical_archive
2017-01-05,813.59,spdr_api:gld_historical_archive
2017-01-06,813.59,spdr_api:gld_historical_archive
2017-01-09,805.0,spdr_api:gld_historical_archive
2017-01-10,805.0,spdr_api:gld_historical_archive
2017-01-11,805.0,spdr_api:gld_historical_archive
2017-01-12,805.0,spdr_api:gld_historical_archive
2017-01-13,807.96,spdr_api:gld_historical_archive
2017-01-17,807.96,spdr_api:gld_historical_archive
2017-01-18,807.96,spdr_api:gld_historical_archive
2017-01-19,807.96,spdr_api:gld_historical_archive
2017-01-20,809.15,spdr_api:gld_historical_archive
2017-01-23,807.07,spdr_api:gld_historical_archive
2017-01-24,804.11,spdr_api:gld_historical_archive
2017-01-25,799.07,spdr_api:gld_historical_archive
2017-01-26,799.07,spdr_api:gld_historical_archive
2017-01-27,799.07,spdr_api:gld_historical_archive
2017-01-30,799.07,spdr_api:gld_historical_archive
2017-01-31,799.07,spdr_api:gld_historical_archive
2017-02-01,809.74,spdr_api:gld_historical_archive
2017-02-02,811.22,spdr_api:gld_historical_archive
2017-02-03,814.5,spdr_api:gld_historical_archive
2017-02-06,818.65,spdr_api:gld_historical_archive
2017-02-07,826.95,spdr_api:gld_historical_archive
2017-02-08,832.58,spdr_api:gld_historical_archive
2017-02-09,832.58,spdr_api:gld_historical_archive
2017-02-10,836.72,spdr_api:gld_historical_archive
2017-02-13,840.87,spdr_api:gld_historical_archive
2017-02-14,840.87,spdr_api:gld_historical_archive
2017-02-15,843.54,spdr_api:gld_historical_archive
2017-02-16,843.54,spdr_api:gld_historical_archive
2017-02-17,841.17,spdr_api:gld_historical_archive
2017-02-21,841.17,spdr_api:gld_historical_archive
2017-02-22,841.17,spdr_api:gld_historical_archive
2017-02-23,841.17,spdr_api:gld_historical_archive
2017-02-24,841.17,spdr_api:gld_historical_archive
2017-02-27,841.17,spdr_api:gld_historical_archive
2017-02-28,841.17,spdr_api:gld_historical_archive
2017-03-01,843.54,spdr_api:gld_historical_archive
2017-03-02,845.32,spdr_api:gld_historical_archive
2017-03-03,840.58,spdr_api:gld_historical_archive
2017-03-06,836.77,spdr_api:gld_historical_archive
2017-03-07,836.77,spdr_api:gld_historical_archive
2017-03-08,836.77,spdr_api:gld_historical_archive
2017-03-09,834.1,spdr_api:gld_historical_archive
2017-03-10,825.22,spdr_api:gld_historical_archive
2017-03-13,832.03,spdr_api:gld_historical_archive
2017-03-14,834.99,spdr_api:gld_historical_archive
2017-03-15,839.43,spdr_api:gld_historical_archive
2017-03-16,837.06,spdr_api:gld_historical_archive
2017-03-17,834.1,spdr_api:gld_historical_archive
2017-03-20,830.25,spdr_api:gld_historical_archive
2017-03-21,834.4,spdr_api:gld_historical_archive
2017-03-22,834.4,spdr_api:gld_historical_archive
2017-03-23,834.4,spdr_api:gld_historical_archive
2017-03-24,832.62,spdr_api:gld_historical_archive
2017-03-27,835.28,spdr_api:gld_historical_archive
2017-03-28,833.51,spdr_api:gld_historical_archive
2017-03-29,833.51,spdr_api:gld_historical_archive
2017-03-30,832.32,spdr_api:gld_historical_archive
2017-03-31,832.32,spdr_api:gld_historical_archive
2017-04-03,836.77,spdr_api:gld_historical_archive
2017-04-04,836.77,spdr_api:gld_historical_archive
2017-04-05,836.77,spdr_api:gld_historical_archive
2017-04-06,836.77,spdr_api:gld_historical_archive
2017-04-07,836.49,spdr_api:gld_historical_archive
2017-04-10,838.26,spdr_api:gld_historical_archive
2017-04-11,842.41,spdr_api:gld_historical_archive
2017-04-12,842.41,spdr_api:gld_historical_archive
2017-04-13,848.92,spdr_api:gld_historical_archive
2017-04-17,848.92,spdr_api:gld_historical_archive
2017-04-18,848.92,spdr_api:gld_historical_archive
2017-04-19,860.76,spdr_api:gld_historical_archive
2017-04-20,854.25,spdr_api:gld_historical_archive
2017-04-21,858.69,spdr_api:gld_historical_archive
2017-04-24,860.17,spdr_api:gld_historical_archive
2017-04-25,854.25,spdr_api:gld_historical_archive
2017-04-26,854.25,spdr_api:gld_historical_archive
2017-04-27,853.36,spdr_api:gld_historical_archive
2017-04-28,853.36,spdr_api:gld_historical_archive
2017-05-01,853.36,spdr_api:gld_historical_archive
2017-05-02,853.36,spdr_api:gld_historical_archive
2017-05-03,853.36,spdr_api:gld_historical_archive
2017-05-04,853.08,spdr_api:gld_historical_archive
2017-05-05,853.08,spdr_api:gld_historical_archive
2017-05-08,851.89,spdr_api:gld_historical_archive
2017-05-09,851.89,spdr_api:gld_historical_archive
2017-05-10,851.89,spdr_api:gld_historical_archive
2017-05-11,851.89,spdr_api:gld_historical_archive
2017-05-12,851.89,spdr_api:gld_historical_archive
2017-05-15,851.89,spdr_api:gld_historical_archive
2017-05-16,851.89,spdr_api:gld_historical_archive
2017-05-17,851.89,spdr_api:gld_historical_archive
2017-05-18,850.71,spdr_api:gld_historical_archive
2017-05-19,850.71,spdr_api:gld_historical_archive
2017-05-22,852.48,spdr_api:gld_historical_archive
2017-05-23,847.45,spdr_api:gld_historical_archive
2017-05-24,847.45,spdr_api:gld_historical_archive
2017-05-25,847.45,spdr_api:gld_historical_archive
2017-05-26,847.45,spdr_api:gld_historical_archive
2017-05-30,847.45,spdr_api:gld_historical_archive
2017-05-31,847.45,spdr_api:gld_historical_archive
2017-06-01,847.45,spdr_api:gld_historical_archive
2017-06-02,851.0,spdr_api:gld_historical_archive
2017-06-05,851.0,spdr_api:gld_historical_archive
2017-06-06,855.16,spdr_api:gld_historical_archive
2017-06-07,864.93,spdr_api:gld_historical_archive
2017-06-08,867.0,spdr_api:gld_historical_archive
2017-06-09,867.0,spdr_api:gld_historical_archive
2017-06-12,867.0,spdr_api:gld_historical_archive
2017-06-13,867.0,spdr_api:gld_historical_archive
2017-06-14,854.87,spdr_api:gld_historical_archive
2017-06-15,853.68,spdr_api:gld_historical_archive
2017-06-16,853.68,spdr_api:gld_historical_archive
2017-06-19,853.68,spdr_api:gld_historical_archive
2017-06-20,853.68,spdr_api:gld_historical_archive
2017-06-21,853.98,spdr_api:gld_historical_archive
2017-06-22,853.98,spdr_api:gld_historical_archive
2017-06-23,851.02,spdr_api:gld_historical_archive
2017-06-26,853.68,spdr_api:gld_historical_archive
2017-06-27,853.68,spdr_api:gld_historical_archive
2017-06-28,853.68,spdr_api:gld_historical_archive
2017-06-29,853.68,spdr_api:gld_historical_archive
2017-06-30,852.5,spdr_api:gld_historical_archive
2017-07-03,846.29,spdr_api:gld_historical_archive
2017-07-05,840.67,spdr_api:gld_historical_archive
2017-07-06,840.67,spdr_api:gld_historical_archive
2017-07-07,835.35,spdr_api:gld_historical_archive
2017-07-10,832.39,spdr_api:gld_historical_archive
2017-07-11,832.39,spdr_api:gld_historical_archive
2017-07-12,832.39,spdr_api:gld_historical_archive
2017-07-13,828.84,spdr_api:gld_historical_archive
2017-07-14,828.84,spdr_api:gld_historical_archive
2017-07-17,827.07,spdr_api:gld_historical_archive
2017-07-18,821.45,spdr_api:gld_historical_archive
2017-07-19,816.12,spdr_api:gld_historical_archive
2017-07-20,816.12,spdr_api:gld_historical_archive
2017-07-21,813.76,spdr_api:gld_historical_archive
2017-07-24,809.62,spdr_api:gld_historical_archive
2017-07-25,800.45,spdr_api:gld_historical_archive
2017-07-26,795.42,spdr_api:gld_historical_archive
2017-07-27,791.88,spdr_api:gld_historical_archive
2017-07-28,791.88,spdr_api:gld_historical_archive
2017-07-31,791.88,spdr_api:gld_historical_archive
2017-08-01,791.88,spdr_api:gld_historical_archive
2017-08-02,791.88,spdr_api:gld_historical_archive
2017-08-03,791.88,spdr_api:gld_historical_archive
2017-08-04,787.14,spdr_api:gld_historical_archive
2017-08-07,786.87,spdr_api:gld_historical_archive
2017-08-08,786.87,spdr_api:gld_historical_archive
2017-08-09,786.87,spdr_api:gld_historical_archive
2017-08-10,786.87,spdr_api:gld_historical_archive
2017-08-11,786.87,spdr_api:gld_historical_archive
2017-08-14,791.01,spdr_api:gld_historical_archive
2017-08-15,791.01,spdr_api:gld_historical_archive
2017-08-16,795.44,spdr_api:gld_historical_archive
2017-08-17,795.44,spdr_api:gld_historical_archive
2017-08-18,799.29,spdr_api:gld_historical_archive
2017-08-21,799.29,spdr_api:gld_historical_archive
2017-08-22,799.29,spdr_api:gld_historical_archive
2017-08-23,799.29,spdr_api:gld_historical_archive
2017-08-24,799.29,spdr_api:gld_historical_archive
2017-08-25,805.2,spdr_api:gld_historical_archive
2017-08-28,814.36,spdr_api:gld_historical_archive
2017-08-29,816.43,spdr_api:gld_historical_archive
2017-08-30,816.43,spdr_api:gld_historical_archive
2017-08-31,816.43,spdr_api:gld_historical_archive
2017-09-01,831.21,spdr_api:gld_historical_archive
2017-09-05,840.08,spdr_api:gld_historical_archive
2017-09-06,837.12,spdr_api:gld_historical_archive
2017-09-07,836.87,spdr_api:gld_historical_archive
2017-09-08,834.5,spdr_api:gld_historical_archive
2017-09-11,835.68,spdr_api:gld_historical_archive
2017-09-12,838.64,spdr_api:gld_historical_archive
2017-09-13,838.64,spdr_api:gld_historical_archive
2017-09-14,838.64,spdr_api:gld_historical_archive
2017-09-15,838.64,spdr_api:gld_historical_archive
2017-09-18,843.96,spdr_api:gld_historical_archive
2017-09-19,846.03,spdr_api:gld_historical_archive
2017-09-20,846.03,spdr_api:gld_historical_archive
2017-09-21,852.23,spdr_api:gld_historical_archive
2017-09-22,856.08,spdr_api:gld_historical_archive
2017-09-25,856.08,spdr_api:gld_historical_archive
2017-09-26,862.58,spdr_api:gld_historical_archive
2017-09-27,864.65,spdr_api:gld_historical_archive
2017-09-28,864.65,spdr_api:gld_historical_archive
2017-09-29,864.65,spdr_api:gld_historical_archive
2017-10-02,859.33,spdr_api:gld_historical_archive
2017-10-03,854.3,spdr_api:gld_historical_archive
2017-10-04,854.3,spdr_api:gld_historical_archive
2017-10-05,851.06,spdr_api:gld_historical_archive
2017-10-06,854.02,spdr_api:gld_historical_archive
2017-10-09,858.45,spdr_api:gld_historical_archive
2017-10-10,858.45,spdr_api:gld_historical_archive
2017-10-11,858.45,spdr_api:gld_historical_archive
2017-10-12,858.45,spdr_api:gld_historical_archive
2017-10-13,853.13,spdr_api:gld_historical_archive
2017-10-16,853.13,spdr_api:gld_historical_archive
2017-10-17,853.13,spdr_api:gld_historical_archive
2017-10-18,853.13,spdr_api:gld_historical_archive
2017-10-19,853.13,spdr_api:gld_historical_archive
2017-10-20,853.13,spdr_api:gld_historical_archive
2017-10-23,853.13,spdr_api:gld_historical_archive
2017-10-24,853.13,spdr_api:gld_historical_archive
2017-10-25,853.13,spdr_api:gld_historical_archive
2017-10-26,851.95,spdr_api:gld_historical_archive
2017-10-27,850.77,spdr_api:gld_historical_archive
2017-10-30,850.77,spdr_api:gld_historical_archive
2017-10-31,850.77,spdr_api:gld_historical_archive
2017-11-01,849.59,spdr_api:gld_historical_archive
2017-11-02,846.04,spdr_api:gld_historical_archive
2017-11-03,845.75,spdr_api:gld_historical_archive
2017-11-06,845.45,spdr_api:gld_historical_archive
2017-11-07,844.27,spdr_api:gld_historical_archive
2017-11-08,843.09,spdr_api:gld_historical_archive
2017-11-09,843.09,spdr_api:gld_historical_archive
2017-11-10,843.09,spdr_api:gld_historical_archive
2017-11-13,843.39,spdr_api:gld_historical_archive
2017-11-14,843.39,spdr_api:gld_historical_archive
2017-11-15,843.39,spdr_api:gld_historical_archive
2017-11-16,843.39,spdr_api:gld_historical_archive
2017-11-17,843.39,spdr_api:gld_historical_archive
2017-11-20,843.39,spdr_api:gld_historical_archive
2017-11-21,843.39,spdr_api:gld_historical_archive
2017-11-22,843.39,spdr_api:gld_historical_archive
2017-11-24,843.39,spdr_api:gld_historical_archive
2017-11-27,842.21,spdr_api:gld_historical_archive
2017-11-28,839.55,spdr_api:gld_historical_archive
2017-11-29,839.55,spdr_api:gld_historical_archive
2017-11-30,839.55,spdr_api:gld_historical_archive
2017-12-01,848.11,spdr_api:gld_historical_archive
2017-12-04,846.93,spdr_api:gld_historical_archive
2017-12-05,845.47,spdr_api:gld_historical_archive
2017-12-06,845.47,spdr_api:gld_historical_archive
2017-12-07,842.81,spdr_api:gld_historical_archive
2017-12-08,842.81,spdr_api:gld_historical_archive
2017-12-11,842.81,spdr_api:gld_historical_archive
2017-12-12,842.81,spdr_api:gld_historical_archive
2017-12-13,844.29,spdr_api:gld_historical_archive
2017-12-14,844.29,spdr_api:gld_historical_archive
2017-12-15,837.2,spdr_api:gld_historical_archive
2017-12-18,837.2,spdr_api:gld_historical_archive
2017-12-19,836.02,spdr_api:gld_historical_archive
2017-12-20,836.02,spdr_api:gld_historical_archive
2017-12-21,836.02,spdr_api:gld_historical_archive
2017-12-22,837.5,spdr_api:gld_historical_archive
2017-12-26,837.5,spdr_api:gld_historical_archive
2017-12-27,837.5,spdr_api:gld_historical_archive
2017-12-28,837.5,spdr_api:gld_historical_archive
2017-12-29,837.5,spdr_api:gld_historical_archive
2018-01-02,836.32,spdr_api:gld_historical_archive
2018-01-03,836.32,spdr_api:gld_historical_archive
2018-01-04,836.04,spdr_api:gld_historical_archive
2018-01-05,834.86,spdr_api:gld_historical_archive
2018-01-08,834.86,spdr_api:gld_historical_archive
2018-01-09,831.91,spdr_api:gld_historical_archive
2018-01-10,828.96,spdr_api:gld_historical_archive
2018-01-11,828.96,spdr_api:gld_historical_archive
2018-01-12,828.96,spdr_api:gld_historical_archive
2018-01-16,828.96,spdr_api:gld_historical_archive
2018-01-17,828.96,spdr_api:gld_historical_archive
2018-01-18,840.76,spdr_api:gld_historical_archive
2018-01-19,846.67,spdr_api:gld_historical_archive
2018-01-22,846.67,spdr_api:gld_historical_archive
2018-01-23,849.32,spdr_api:gld_historical_archive
2018-01-24,849.32,spdr_api:gld_historical_archive
2018-01-25,849.32,spdr_api:gld_historical_archive
2018-01-26,848.14,spdr_api:gld_historical_archive
2018-01-29,846.67,spdr_api:gld_historical_archive
2018-01-30,845.48,spdr_api:gld_historical_archive
2018-01-31,841.35,spdr_api:gld_historical_archive
2018-02-01,841.35,spdr_api:gld_historical_archive
2018-02-02,841.35,spdr_api:gld_historical_archive
2018-02-05,841.35,spdr_api:gld_historical_archive
2018-02-06,829.26,spdr_api:gld_historical_archive
2018-02-07,826.9,spdr_api:gld_historical_archive
2018-02-08,826.31,spdr_api:gld_historical_archive
2018-02-09,820.71,spdr_api:gld_historical_archive
2018-02-12,820.71,spdr_api:gld_historical_archive
2018-02-13,823.66,spdr_api:gld_historical_archive
2018-02-14,823.66,spdr_api:gld_historical_archive
2018-02-15,821.3,spdr_api:gld_historical_archive
2018-02-16,824.54,spdr_api:gld_historical_archive
2018-02-20,827.79,spdr_api:gld_historical_archive
2018-02-21,827.79,spdr_api:gld_historical_archive
2018-02-22,827.79,spdr_api:gld_historical_archive
2018-02-23,829.26,spdr_api:gld_historical_archive
2018-02-26,831.03,spdr_api:gld_historical_archive
2018-02-27,831.03,spdr_api:gld_historical_archive
2018-02-28,831.03,spdr_api:gld_historical_archive
2018-03-01,833.98,spdr_api:gld_historical_archive
2018-03-02,833.98,spdr_api:gld_historical_archive
2018-03-05,833.98,spdr_api:gld_historical_archive
2018-03-06,833.98,spdr_api:gld_historical_archive
2018-03-07,833.73,spdr_api:gld_historical_archive
2018-03-08,833.73,spdr_api:gld_historical_archive
2018-03-09,833.73,spdr_api:gld_historical_archive
2018-03-12,833.73,spdr_api:gld_historical_archive
2018-03-13,833.73,spdr_api:gld_historical_archive
2018-03-14,833.73,spdr_api:gld_historical_archive
2018-03-15,838.15,spdr_api:gld_historical_archive
2018-03-16,840.22,spdr_api:gld_historical_archive
2018-03-19,850.84,spdr_api:gld_historical_archive
2018-03-20,850.54,spdr_api:gld_historical_archive
2018-03-21,850.54,spdr_api:gld_historical_archive
2018-03-22,850.54,spdr_api:gld_historical_archive
2018-03-23,850.54,spdr_api:gld_historical_archive
2018-03-26,847.3,spdr_api:gld_historical_archive
2018-03-27,846.12,spdr_api:gld_historical_archive
2018-03-28,846.12,spdr_api:gld_historical_archive
2018-03-29,846.12,spdr_api:gld_historical_archive
2018-04-02,852.31,spdr_api:gld_historical_archive
2018-04-03,852.31,spdr_api:gld_historical_archive
2018-04-04,852.03,spdr_api:gld_historical_archive
2018-04-05,854.09,spdr_api:gld_historical_archive
2018-04-06,859.99,spdr_api:gld_historical_archive
2018-04-09,859.99,spdr_api:gld_historical_archive
2018-04-10,859.99,spdr_api:gld_historical_archive
2018-04-11,859.99,spdr_api:gld_historical_archive
2018-04-12,865.89,spdr_api:gld_historical_archive
2018-04-13,865.89,spdr_api:gld_historical_archive
2018-04-16,865.89,spdr_api:gld_historical_archive
2018-04-17,865.89,spdr_api:gld_historical_archive
2018-04-18,865.89,spdr_api:gld_historical_archive
2018-04-19,865.89,spdr_api:gld_historical_archive
2018-04-20,865.89,spdr_api:gld_historical_archive
2018-04-23,865.89,spdr_api:gld_historical_archive
2018-04-24,871.2,spdr_api:gld_historical_archive
2018-04-25,871.2,spdr_api:gld_historical_archive
2018-04-26,871.2,spdr_api:gld_historical_archive
2018-04-27,871.2,spdr_api:gld_historical_archive
2018-04-30,871.2,spdr_api:gld_historical_archive
2018-05-01,866.77,spdr_api:gld_historical_archive
2018-05-02,866.77,spdr_api:gld_historical_archive
2018-05-03,865.59,spdr_api:gld_historical_archive
2018-05-04,864.13,spdr_api:gld_historical_archive
2018-05-07,864.13,spdr_api:gld_historical_archive
2018-05-08,864.13,spdr_api:gld_historical_archive
2018-05-09,862.95,spdr_api:gld_historical_archive
2018-05-10,862.95,spdr_api:gld_historical_archive
2018-05-11,857.64,spdr_api:gld_historical_archive
2018-05-14,856.17,spdr_api:gld_historical_archive
2018-05-15,856.17,spdr_api:gld_historical_archive
2018-05-16,856.17,spdr_api:gld_historical_archive
2018-05-17,856.17,spdr_api:gld_historical_archive
2018-05-18,855.28,spdr_api:gld_historical_archive
2018-05-21,852.04,spdr_api:gld_historical_archive
2018-05-22,852.04,spdr_api:gld_historical_archive
2018-05-23,852.04,spdr_api:gld_historical_archive
2018-05-24,852.04,spdr_api:gld_historical_archive
2018-05-25,848.5,spdr_api:gld_historical_archive
2018-05-29,851.45,spdr_api:gld_historical_archive
2018-05-30,851.45,spdr_api:gld_historical_archive
2018-05-31,847.03,spdr_api:gld_historical_archive
2018-06-01,836.42,spdr_api:gld_historical_archive
2018-06-04,836.42,spdr_api:gld_historical_archive
2018-06-05,836.13,spdr_api:gld_historical_archive
2018-06-06,832.59,spdr_api:gld_historical_archive
2018-06-07,832.59,spdr_api:gld_historical_archive
2018-06-08,828.76,spdr_api:gld_historical_archive
2018-06-11,828.76,spdr_api:gld_historical_archive
2018-06-12,828.76,spdr_api:gld_historical_archive
2018-06-13,828.76,spdr_api:gld_historical_archive
2018-06-14,828.76,spdr_api:gld_historical_archive
2018-06-15,828.76,spdr_api:gld_historical_archive
2018-06-18,828.76,spdr_api:gld_historical_archive
2018-06-19,828.76,spdr_api:gld_historical_archive
2018-06-20,828.76,spdr_api:gld_historical_archive
2018-06-21,824.63,spdr_api:gld_historical_archive
2018-06-22,824.63,spdr_api:gld_historical_archive
2018-06-25,820.21,spdr_api:gld_historical_archive
2018-06-26,824.63,spdr_api:gld_historical_archive
2018-06-27,821.69,spdr_api:gld_historical_archive
2018-06-28,820.51,spdr_api:gld_historical_archive
2018-06-29,819.04,spdr_api:gld_historical_archive
2018-07-02,809.31,spdr_api:gld_historical_archive
2018-07-03,803.42,spdr_api:gld_historical_archive
2018-07-05,803.42,spdr_api:gld_historical_archive
2018-07-06,802.24,spdr_api:gld_historical_archive
2018-07-09,800.77,spdr_api:gld_historical_archive
2018-07-10,799.02,spdr_api:gld_historical_archive
2018-07-11,799.02,spdr_api:gld_historical_archive
2018-07-12,795.19,spdr_api:gld_historical_archive
2018-07-13,795.19,spdr_api:gld_historical_archive
2018-07-16,794.01,spdr_api:gld_historical_archive
2018-07-17,794.01,spdr_api:gld_historical_archive
2018-07-18,794.01,spdr_api:gld_historical_archive
2018-07-19,798.13,spdr_api:gld_historical_archive
2018-07-20,798.13,spdr_api:gld_historical_archive
2018-07-23,802.55,spdr_api:gld_historical_archive
2018-07-24,802.55,spdr_api:gld_historical_archive
2018-07-25,800.2,spdr_api:gld_historical_archive
2018-07-26,800.2,spdr_api:gld_historical_archive
2018-07-27,800.2,spdr_api:gld_historical_archive
2018-07-30,800.2,spdr_api:gld_historical_archive
2018-07-31,800.2,spdr_api:gld_historical_archive
2018-08-01,796.96,spdr_api:gld_historical_archive
2018-08-02,796.96,spdr_api:gld_historical_archive
2018-08-03,794.89,spdr_api:gld_historical_archive
2018-08-06,788.71,spdr_api:gld_historical_archive
2018-08-07,787.53,spdr_api:gld_historical_archive
2018-08-08,786.08,spdr_api:gld_historical_archive
2018-08-09,786.08,spdr_api:gld_historical_archive
2018-08-10,786.08,spdr_api:gld_historical_archive
2018-08-13,784.6,spdr_api:gld_historical_archive
2018-08-14,776.65,spdr_api:gld_historical_archive
2018-08-15,774.59,spdr_api:gld_historical_archive
2018-08-16,773.41,spdr_api:gld_historical_archive
2018-08-17,772.24,spdr_api:gld_historical_archive
2018-08-20,772.24,spdr_api:gld_historical_archive
2018-08-21,768.7,spdr_api:gld_historical_archive
2018-08-22,768.7,spdr_api:gld_historical_archive
2018-08-23,767.23,spdr_api:gld_historical_archive
2018-08-24,764.58,spdr_api:gld_historical_archive
2018-08-27,764.58,spdr_api:gld_historical_archive
2018-08-28,759.87,spdr_api:gld_historical_archive
2018-08-29,759.87,spdr_api:gld_historical_archive
2018-08-30,757.81,spdr_api:gld_historical_archive
2018-08-31,755.16,spdr_api:gld_historical_archive
2018-09-04,746.91,spdr_api:gld_historical_archive
2018-09-05,746.91,spdr_api:gld_historical_archive
2018-09-06,746.91,spdr_api:gld_historical_archive
2018-09-07,745.44,spdr_api:gld_historical_archive
2018-09-10,745.44,spdr_api:gld_historical_archive
2018-09-11,745.18,spdr_api:gld_historical_archive
2018-09-12,745.18,spdr_api:gld_historical_archive
2018-09-13,742.53,spdr_api:gld_historical_archive
2018-09-14,742.53,spdr_api:gld_historical_archive
2018-09-17,742.53,spdr_api:gld_historical_archive
2018-09-18,742.23,spdr_api:gld_historical_archive
2018-09-19,742.23,spdr_api:gld_historical_archive
2018-09-20,742.23,spdr_api:gld_historical_archive
2018-09-21,742.23,spdr_api:gld_historical_archive
2018-09-24,742.23,spdr_api:gld_historical_archive
2018-09-25,742.23,spdr_api:gld_historical_archive
2018-09-26,742.23,spdr_api:gld_historical_archive
2018-09-27,742.23,spdr_api:gld_historical_archive
2018-09-28,742.23,spdr_api:gld_historical_archive
2018-10-01,740.17,spdr_api:gld_historical_archive
2018-10-02,737.82,spdr_api:gld_historical_archive
2018-10-03,731.64,spdr_api:gld_historical_archive
2018-10-04,731.64,spdr_api:gld_historical_archive
2018-10-05,730.17,spdr_api:gld_historical_archive
2018-10-08,730.17,spdr_api:gld_historical_archive
2018-10-09,730.17,spdr_api:gld_historical_archive
2018-10-10,738.99,spdr_api:gld_historical_archive
2018-10-11,738.99,spdr_api:gld_historical_archive
2018-10-12,744.64,spdr_api:gld_historical_archive
2018-10-15,748.76,spdr_api:gld_historical_archive
2018-10-16,748.76,spdr_api:gld_historical_archive
2018-10-17,748.76,spdr_api:gld_historical_archive
2018-10-18,748.76,spdr_api:gld_historical_archive
2018-10-19,745.82,spdr_api:gld_historical_archive
2018-10-22,747.88,spdr_api:gld_historical_archive
2018-10-23,747.88,spdr_api:gld_historical_archive
2018-10-24,749.64,spdr_api:gld_historical_archive
2018-10-25,749.64,spdr_api:gld_historical_archive
2018-10-26,749.64,spdr_api:gld_historical_archive
2018-10-29,754.94,spdr_api:gld_historical_archive
2018-10-30,754.94,spdr_api:gld_historical_archive
2018-10-31,754.06,spdr_api:gld_historical_archive
2018-11-01,760.82,spdr_api:gld_historical_archive
2018-11-02,759.06,spdr_api:gld_historical_archive
2018-11-05,757.29,spdr_api:gld_historical_archive
2018-11-06,756.7,spdr_api:gld_historical_archive
2018-11-07,755.23,spdr_api:gld_historical_archive
2018-11-08,755.23,spdr_api:gld_historical_archive
2018-11-09,755.23,spdr_api:gld_historical_archive
2018-11-12,762.0,spdr_api:gld_historical_archive
2018-11-13,761.15,spdr_api:gld_historical_archive
2018-11-14,761.15,spdr_api:gld_historical_archive
2018-11-15,761.15,spdr_api:gld_historical_archive
2018-11-16,759.68,spdr_api:gld_historical_archive
2018-11-19,760.86,spdr_api:gld_historical_archive
2018-11-20,760.86,spdr_api:gld_historical_archive
2018-11-21,762.92,spdr_api:gld_historical_archive
2018-11-23,762.92,spdr_api:gld_historical_archive
2018-11-26,761.74,spdr_api:gld_historical_archive
2018-11-27,761.74,spdr_api:gld_historical_archive
2018-11-28,761.74,spdr_api:gld_historical_archive
2018-11-29,761.74,spdr_api:gld_historical_archive
2018-11-30,761.74,spdr_api:gld_historical_archive
2018-12-03,758.21,spdr_api:gld_historical_archive
2018-12-04,758.21,spdr_api:gld_historical_archive
2018-12-06,758.21,spdr_api:gld_historical_archive
2018-12-07,759.73,spdr_api:gld_historical_archive
2018-12-10,760.32,spdr_api:gld_historical_archive
2018-12-11,763.56,spdr_api:gld_historical_archive
2018-12-12,763.56,spdr_api:gld_historical_archive
2018-12-13,763.56,spdr_api:gld_historical_archive
2018-12-14,763.56,spdr_api:gld_historical_archive
2018-12-17,763.56,spdr_api:gld_historical_archive
2018-12-18,771.79,spdr_api:gld_historical_archive
2018-12-19,771.79,spdr_api:gld_historical_archive
2018-12-20,769.14,spdr_api:gld_historical_archive
2018-12-21,772.67,spdr_api:gld_historical_archive
2018-12-24,774.14,spdr_api:gld_historical_archive
2018-12-26,790.02,spdr_api:gld_historical_archive
2018-12-27,787.67,spdr_api:gld_historical_archive
2018-12-28,787.67,spdr_api:gld_historical_archive
2018-12-31,787.67,spdr_api:gld_historical_archive
2019-01-02,795.31,spdr_api:gld_historical_archive
2019-01-03,795.31,spdr_api:gld_historical_archive
2019-01-04,798.25,spdr_api:gld_historical_archive
2019-01-07,796.78,spdr_api:gld_historical_archive
2019-01-08,796.53,spdr_api:gld_historical_archive
2019-01-09,799.18,spdr_api:gld_historical_archive
2019-01-10,797.71,spdr_api:gld_historical_archive
2019-01-11,797.71,spdr_api:gld_historical_archive
2019-01-14,797.71,spdr_api:gld_historical_archive
2019-01-15,797.71,spdr_api:gld_historical_archive
2019-01-16,797.71,spdr_api:gld_historical_archive
2019-01-17,797.71,spdr_api:gld_historical_archive
2019-01-18,809.76,spdr_api:gld_historical_archive
2019-01-22,809.76,spdr_api:gld_historical_archive
2019-01-23,809.76,spdr_api:gld_historical_archive
2019-01-24,809.76,spdr_api:gld_historical_archive
2019-01-25,809.76,spdr_api:gld_historical_archive
2019-01-28,815.64,spdr_api:gld_historical_archive
2019-01-29,823.87,spdr_api:gld_historical_archive
2019-01-30,823.87,spdr_api:gld_historical_archive
2019-01-31,823.87,spdr_api:gld_historical_archive
2019-02-01,817.4,spdr_api:gld_historical_archive
2019-02-04,813.29,spdr_api:gld_historical_archive
2019-02-05,811.82,spdr_api:gld_historical_archive
2019-02-06,809.76,spdr_api:gld_historical_archive
2019-02-07,803.29,spdr_api:gld_historical_archive
2019-02-08,802.12,spdr_api:gld_historical_archive
2019-02-11,802.12,spdr_api:gld_historical_archive
2019-02-12,798.89,spdr_api:gld_historical_archive
2019-02-13,796.85,spdr_api:gld_historical_archive
2019-02-14,796.85,spdr_api:gld_historical_archive
2019-02-15,793.03,spdr_api:gld_historical_archive
2019-02-19,792.45,spdr_api:gld_historical_archive
2019-02-20,794.5,spdr_api:gld_historical_archive
2019-02-21,789.51,spdr_api:gld_historical_archive
2019-02-22,789.51,spdr_api:gld_historical_archive
2019-02-25,788.33,spdr_api:gld_historical_archive
2019-02-26,788.33,spdr_api:gld_historical_archive
2019-02-27,788.33,spdr_api:gld_historical_archive
2019-02-28,784.22,spdr_api:gld_historical_archive
2019-03-01,772.46,spdr_api:gld_historical_archive
2019-03-04,766.59,spdr_api:gld_historical_archive
2019-03-05,766.59,spdr_api:gld_historical_archive
2019-03-06,766.59,spdr_api:gld_historical_archive
2019-03-07,766.59,spdr_api:gld_historical_archive
2019-03-08,766.59,spdr_api:gld_historical_archive
2019-03-11,769.53,spdr_api:gld_historical_archive
2019-03-12,772.46,spdr_api:gld_historical_archive
2019-03-13,772.46,spdr_api:gld_historical_archive
2019-03-14,772.46,spdr_api:gld_historical_archive
2019-03-15,771.04,spdr_api:gld_historical_archive
2019-03-18,779.27,spdr_api:gld_historical_archive
2019-03-19,778.09,spdr_api:gld_historical_archive
2019-03-20,778.09,spdr_api:gld_historical_archive
2019-03-21,778.09,spdr_api:gld_historical_archive
2019-03-22,781.03,spdr_api:gld_historical_archive
2019-03-25,781.03,spdr_api:gld_historical_archive
2019-03-26,784.26,spdr_api:gld_historical_archive
2019-03-27,784.26,spdr_api:gld_historical_archive
2019-03-28,784.26,spdr_api:gld_historical_archive
2019-03-29,784.26,spdr_api:gld_historical_archive
2019-04-01,772.8,spdr_api:gld_historical_archive
2019-04-02,768.1,spdr_api:gld_historical_archive
2019-04-03,764.29,spdr_api:gld_historical_archive
2019-04-04,762.55,spdr_api:gld_historical_archive
2019-04-05,761.67,spdr_api:gld_historical_archive
2019-04-08,760.49,spdr_api:gld_historical_archive
2019-04-09,757.85,spdr_api:gld_historical_archive
2019-04-10,757.85,spdr_api:gld_historical_archive
2019-04-11,757.85,spdr_api:gld_historical_archive
2019-04-12,757.85,spdr_api:gld_historical_archive
2019-04-15,754.03,spdr_api:gld_historical_archive
2019-04-16,752.27,spdr_api:gld_historical_archive
2019-04-17,752.86,spdr_api:gld_historical_archive
2019-04-18,751.68,spdr_api:gld_historical_archive
2019-04-22,751.68,spdr_api:gld_historical_archive
2019-04-23,749.63,spdr_api:gld_historical_archive
2019-04-24,747.87,spdr_api:gld_historical_archive
2019-04-25,747.87,spdr_api:gld_historical_archive
2019-04-26,746.69,spdr_api:gld_historical_archive
2019-04-29,746.69,spdr_api:gld_historical_archive
2019-04-30,746.69,spdr_api:gld_historical_archive
2019-05-01,746.69,spdr_api:gld_historical_archive
2019-05-02,745.52,spdr_api:gld_historical_archive
2019-05-03,740.82,spdr_api:gld_historical_archive
2019-05-06,739.64,spdr_api:gld_historical_archive
2019-05-07,739.94,spdr_api:gld_historical_archive
2019-05-08,739.94,spdr_api:gld_historical_archive
2019-05-09,739.94,spdr_api:gld_historical_archive
2019-05-10,733.23,spdr_api:gld_historical_archive
2019-05-13,736.46,spdr_api:gld_historical_archive
2019-05-14,736.46,spdr_api:gld_historical_archive
2019-05-15,733.23,spdr_api:gld_historical_archive
2019-05-16,733.23,spdr_api:gld_historical_archive
2019-05-17,736.17,spdr_api:gld_historical_archive
2019-05-20,736.17,spdr_api:gld_historical_archive
2019-05-21,739.69,spdr_api:gld_historical_archive
2019-05-22,738.81,spdr_api:gld_historical_archive
2019-05-23,738.81,spdr_api:gld_historical_archive
2019-05-24,738.81,spdr_api:gld_historical_archive
2019-05-28,737.34,spdr_api:gld_historical_archive
2019-05-29,740.86,spdr_api:gld_historical_archive
2019-05-30,740.86,spdr_api:gld_historical_archive
2019-05-31,743.21,spdr_api:gld_historical_archive
2019-06-03,759.65,spdr_api:gld_historical_archive
2019-06-04,759.65,spdr_api:gld_historical_archive
2019-06-05,757.59,spdr_api:gld_historical_archive
2019-06-06,757.59,spdr_api:gld_historical_archive
2019-06-07,756.42,spdr_api:gld_historical_archive
2019-06-10,756.42,spdr_api:gld_historical_archive
2019-06-11,756.18,spdr_api:gld_historical_archive
2019-06-12,759.7,spdr_api:gld_historical_archive
2019-06-13,759.7,spdr_api:gld_historical_archive
2019-06-14,764.1,spdr_api:gld_historical_archive
2019-06-17,764.1,spdr_api:gld_historical_archive
2019-06-18,764.1,spdr_api:gld_historical_archive
2019-06-19,764.1,spdr_api:gld_historical_archive
2019-06-20,764.1,spdr_api:gld_historical_archive
2019-06-21,799.03,spdr_api:gld_historical_archive
2019-06-24,801.96,spdr_api:gld_historical_archive
2019-06-25,799.61,spdr_api:gld_historical_archive
2019-06-26,797.85,spdr_api:gld_historical_archive
2019-06-27,795.8,spdr_api:gld_historical_archive
2019-06-28,794.04,spdr_api:gld_historical_archive
2019-07-01,800.2,spdr_api:gld_historical_archive
2019-07-02,798.44,spdr_api:gld_historical_archive
2019-07-03,798.44,spdr_api:gld_historical_archive
2019-07-05,796.97,spdr_api:gld_historical_archive
2019-07-08,795.8,spdr_api:gld_historical_archive
2019-07-09,794.08,spdr_api:gld_historical_archive
2019-07-10,800.54,spdr_api:gld_historical_archive
2019-07-11,800.54,spdr_api:gld_historical_archive
2019-07-12,800.54,spdr_api:gld_historical_archive
2019-07-15,800.54,spdr_api:gld_historical_archive
2019-07-16,799.37,spdr_api:gld_historical_archive
2019-07-17,803.18,spdr_api:gld_historical_archive
2019-07-18,814.62,spdr_api:gld_historical_archive
2019-07-19,820.49,spdr_api:gld_historical_archive
2019-07-22,825.18,spdr_api:gld_historical_archive
2019-07-23,823.13,spdr_api:gld_historical_archive
2019-07-24,822.25,spdr_api:gld_historical_archive
2019-07-25,819.32,spdr_api:gld_historical_archive
2019-07-26,818.14,spdr_api:gld_historical_archive
2019-07-29,824.89,spdr_api:gld_historical_archive
2019-07-30,824.89,spdr_api:gld_historical_archive
2019-07-31,823.42,spdr_api:gld_historical_archive
2019-08-01,827.82,spdr_api:gld_historical_archive
2019-08-02,830.76,spdr_api:gld_historical_archive
2019-08-05,835.16,spdr_api:gld_historical_archive
2019-08-06,836.92,spdr_api:gld_historical_archive
2019-08-07,845.42,spdr_api:gld_historical_archive
2019-08-08,839.85,spdr_api:gld_historical_archive
2019-08-09,839.85,spdr_api:gld_historical_archive
2019-08-12,847.77,spdr_api:gld_historical_archive
2019-08-13,836.66,spdr_api:gld_historical_archive
2019-08-14,844.29,spdr_api:gld_historical_archive
2019-08-15,844.29,spdr_api:gld_historical_archive
2019-08-16,843.41,spdr_api:gld_historical_archive
2019-08-19,843.41,spdr_api:gld_historical_archive
2019-08-20,845.17,spdr_api:gld_historical_archive
2019-08-21,851.91,spdr_api:gld_historical_archive
2019-08-22,854.84,spdr_api:gld_historical_archive
2019-08-23,859.83,spdr_api:gld_historical_archive
2019-08-26,859.83,spdr_api:gld_historical_archive
2019-08-27,873.32,spdr_api:gld_historical_archive
2019-08-28,882.41,spdr_api:gld_historical_archive
2019-08-29,880.36,spdr_api:gld_historical_archive
2019-08-30,878.31,spdr_api:gld_historical_archive
2019-09-03,890.04,spdr_api:gld_historical_archive
2019-09-04,895.9,spdr_api:gld_historical_archive
2019-09-05,889.75,spdr_api:gld_historical_archive
2019-09-06,889.75,spdr_api:gld_historical_archive
2019-09-09,882.42,spdr_api:gld_historical_archive
2019-09-10,882.42,spdr_api:gld_historical_archive
2019-09-11,882.42,spdr_api:gld_historical_archive
2019-09-12,880.37,spdr_api:gld_historical_archive
2019-09-13,874.51,spdr_api:gld_historical_archive
2019-09-16,874.51,spdr_api:gld_historical_archive
2019-09-17,880.37,spdr_api:gld_historical_archive
2019-09-18,883.6,spdr_api:gld_historical_archive
2019-09-19,883.6,spdr_api:gld_historical_archive
2019-09-20,894.15,spdr_api:gld_historical_archive
2019-09-23,908.52,spdr_api:gld_historical_archive
2019-09-24,908.52,spdr_api:gld_historical_archive
2019-09-25,924.94,spdr_api:gld_historical_archive
2019-09-26,924.94,spdr_api:gld_historical_archive
2019-09-27,922.88,spdr_api:gld_historical_archive
2019-09-30,920.83,spdr_api:gld_historical_archive
2019-10-01,920.83,spdr_api:gld_historical_archive
2019-10-02,923.76,spdr_api:gld_historical_archive
2019-10-03,923.76,spdr_api:gld_historical_archive
2019-10-04,923.76,spdr_api:gld_historical_archive
2019-10-07,923.76,spdr_api:gld_historical_archive
2019-10-08,923.76,spdr_api:gld_historical_archive
2019-10-09,923.76,spdr_api:gld_historical_archive
2019-10-10,921.71,spdr_api:gld_historical_archive
2019-10-11,921.71,spdr_api:gld_historical_archive
2019-10-14,921.71,spdr_api:gld_historical_archive
2019-10-15,919.66,spdr_api:gld_historical_archive
2019-10-16,918.19,spdr_api:gld_historical_archive
2019-10-17,918.19,spdr_api:gld_historical_archive
2019-10-18,924.64,spdr_api:gld_historical_archive
2019-10-21,924.64,spdr_api:gld_historical_archive
2019-10-22,919.66,spdr_api:gld_historical_archive
2019-10-23,918.48,spdr_api:gld_historical_archive
2019-10-24,918.48,spdr_api:gld_historical_archive
2019-10-25,918.48,spdr_api:gld_historical_archive
2019-10-28,918.48,spdr_api:gld_historical_archive
2019-10-29,917.31,spdr_api:gld_historical_archive
2019-10-30,915.55,spdr_api:gld_historical_archive
2019-10-31,915.55,spdr_api:gld_historical_archive
2019-11-01,914.67,spdr_api:gld_historical_archive
2019-11-04,914.67,spdr_api:gld_historical_archive
2019-11-05,915.85,spdr_api:gld_historical_archive
2019-11-06,915.85,spdr_api:gld_historical_archive
2019-11-07,914.38,spdr_api:gld_historical_archive
2019-11-08,901.19,spdr_api:gld_historical_archive
2019-11-11,901.19,spdr_api:gld_historical_archive
2019-11-12,897.09,spdr_api:gld_historical_archive
2019-11-13,896.77,spdr_api:gld_historical_archive
2019-11-14,896.77,spdr_api:gld_historical_archive
2019-11-15,896.77,spdr_api:gld_historical_archive
2019-11-18,891.79,spdr_api:gld_historical_archive
2019-11-19,891.79,spdr_api:gld_historical_archive
2019-11-20,891.79,spdr_api:gld_historical_archive
2019-11-21,891.79,spdr_api:gld_historical_archive
2019-11-22,891.79,spdr_api:gld_historical_archive
2019-11-25,896.48,spdr_api:gld_historical_archive
2019-11-26,896.48,spdr_api:gld_historical_archive
2019-11-27,896.48,spdr_api:gld_historical_archive
2019-11-29,895.6,spdr_api:gld_historical_archive
2019-12-02,889.16,spdr_api:gld_historical_archive
2019-12-03,889.16,spdr_api:gld_historical_archive
2019-12-04,888.57,spdr_api:gld_historical_archive
2019-12-05,888.57,spdr_api:gld_historical_archive
2019-12-06,886.23,spdr_api:gld_historical_archive
2019-12-09,886.23,spdr_api:gld_historical_archive
2019-12-10,885.93,spdr_api:gld_historical_archive
2019-12-11,886.22,spdr_api:gld_historical_archive
2019-12-12,886.22,spdr_api:gld_historical_archive
2019-12-13,886.22,spdr_api:gld_historical_archive
2019-12-16,886.22,spdr_api:gld_historical_archive
2019-12-17,880.66,spdr_api:gld_historical_archive
2019-12-18,883.29,spdr_api:gld_historical_archive
2019-12-19,883.29,spdr_api:gld_historical_archive
2019-12-20,885.93,spdr_api:gld_historical_archive
2019-12-23,885.93,spdr_api:gld_historical_archive
2019-12-24,888.86,spdr_api:gld_historical_archive
2019-12-26,892.37,spdr_api:gld_historical_archive
2019-12-27,893.25,spdr_api:gld_historical_archive
2019-12-30,893.25,spdr_api:gld_historical_archive
2019-12-31,893.25,spdr_api:gld_historical_archive
2020-01-02,895.3,spdr_api:gld_historical_archive
2020-01-03,895.3,spdr_api:gld_historical_archive
2020-01-06,896.18,spdr_api:gld_historical_archive
2020-01-07,896.18,spdr_api:gld_historical_archive
2020-01-08,886.81,spdr_api:gld_historical_archive
2020-01-09,882.12,spdr_api:gld_historical_archive
2020-01-10,874.52,spdr_api:gld_historical_archive
2020-01-13,874.52,spdr_api:gld_historical_archive
2020-01-14,874.52,spdr_api:gld_historical_archive
2020-01-15,878.32,spdr_api:gld_historical_archive
2020-01-16,879.49,spdr_api:gld_historical_archive
2020-01-17,898.82,spdr_api:gld_historical_archive
2020-01-21,898.82,spdr_api:gld_historical_archive
2020-01-22,898.82,spdr_api:gld_historical_archive
2020-01-23,900.58,spdr_api:gld_historical_archive
2020-01-24,900.58,spdr_api:gld_historical_archive
2020-01-27,899.41,spdr_api:gld_historical_archive
2020-01-28,899.41,spdr_api:gld_historical_archive
2020-01-29,903.5,spdr_api:gld_historical_archive
2020-01-30,903.5,spdr_api:gld_historical_archive
2020-01-31,903.21,spdr_api:gld_historical_archive
2020-02-03,912.58,spdr_api:gld_historical_archive
2020-02-04,912.58,spdr_api:gld_historical_archive
2020-02-05,914.91,spdr_api:gld_historical_archive
2020-02-06,914.91,spdr_api:gld_historical_archive
2020-02-07,916.08,spdr_api:gld_historical_archive
2020-02-10,916.08,spdr_api:gld_historical_archive
2020-02-11,922.23,spdr_api:gld_historical_archive
2020-02-12,922.23,spdr_api:gld_historical_archive
2020-02-13,922.23,spdr_api:gld_historical_archive
2020-02-14,923.99,spdr_api:gld_historical_archive
2020-02-18,929.84,spdr_api:gld_historical_archive
2020-02-19,931.6,spdr_api:gld_historical_archive
2020-02-20,933.94,spdr_api:gld_historical_archive
2020-02-21,933.94,spdr_api:gld_historical_archive
2020-02-24,933.94,spdr_api:gld_historical_archive
2020-02-25,940.09,spdr_api:gld_historical_archive
2020-02-26,935.69,spdr_api:gld_historical_archive
2020-02-27,934.23,spdr_api:gld_historical_archive
2020-02-28,934.23,spdr_api:gld_historical_archive
2020-03-02,931.01,spdr_api:gld_historical_archive
2020-03-03,934.52,spdr_api:gld_historical_archive
2020-03-04,934.52,spdr_api:gld_historical_archive
2020-03-05,947.4,spdr_api:gld_historical_archive
2020-03-06,955.6,spdr_api:gld_historical_archive
2020-03-09,963.79,spdr_api:gld_historical_archive
2020-03-10,962.03,spdr_api:gld_historical_archive
2020-03-11,953.26,spdr_api:gld_historical_archive
2020-03-12,944.18,spdr_api:gld_historical_archive
2020-03-13,931.59,spdr_api:gld_historical_archive
2020-03-16,929.84,spdr_api:gld_historical_archive
2020-03-17,929.84,spdr_api:gld_historical_archive
2020-03-18,923.69,spdr_api:gld_historical_archive
2020-03-19,922.23,spdr_api:gld_historical_archive
2020-03-20,908.18,spdr_api:gld_historical_archive
2020-03-23,923.99,spdr_api:gld_historical_archive
2020-03-24,935.98,spdr_api:gld_historical_archive
2020-03-25,949.15,spdr_api:gld_historical_archive
2020-03-26,953.54,spdr_api:gld_historical_archive
2020-03-27,964.66,spdr_api:gld_historical_archive
2020-03-30,964.36,spdr_api:gld_historical_archive
2020-03-31,967.0,spdr_api:gld_historical_archive
2020-04-01,968.75,spdr_api:gld_historical_archive
2020-04-02,971.97,spdr_api:gld_historical_archive
2020-04-03,978.99,spdr_api:gld_historical_archive
2020-04-06,984.26,spdr_api:gld_historical_archive
2020-04-07,985.71,spdr_api:gld_historical_archive
2020-04-08,988.63,spdr_api:gld_historical_archive
2020-04-09,994.19,spdr_api:gld_historical_archive
2020-04-13,1009.7,spdr_api:gld_historical_archive
2020-04-14,1017.59,spdr_api:gld_historical_archive
2020-04-15,1021.69,spdr_api:gld_historical_archive
2020-04-16,1021.69,spdr_api:gld_historical_archive
2020-04-17,1021.69,spdr_api:gld_historical_archive
2020-04-20,1029.59,spdr_api:gld_historical_archive
2020-04-21,1033.39,spdr_api:gld_historical_archive
2020-04-22,1042.46,spdr_api:gld_historical_archive
2020-04-23,1042.46,spdr_api:gld_historical_archive
2020-04-24,1048.31,spdr_api:gld_historical_archive
2020-04-27,1048.31,spdr_api:gld_historical_archive
2020-04-28,1056.5,spdr_api:gld_historical_archive
2020-04-29,1056.5,spdr_api:gld_historical_archive
2020-04-30,1056.5,spdr_api:gld_historical_archive
2020-05-01,1067.9,spdr_api:gld_historical_archive
2020-05-04,1071.71,spdr_api:gld_historical_archive
2020-05-05,1076.39,spdr_api:gld_historical_archive
2020-05-06,1075.8,spdr_api:gld_historical_archive
2020-05-07,1081.65,spdr_api:gld_historical_archive
2020-05-08,1081.65,spdr_api:gld_historical_archive
2020-05-11,1081.07,spdr_api:gld_historical_archive
2020-05-12,1083.66,spdr_api:gld_historical_archive
2020-05-13,1092.14,spdr_api:gld_historical_archive
2020-05-14,1104.72,spdr_api:gld_historical_archive
2020-05-15,1113.78,spdr_api:gld_historical_archive
2020-05-18,1113.78,spdr_api:gld_historical_archive
2020-05-19,1113.78,spdr_api:gld_historical_archive
2020-05-20,1112.32,spdr_api:gld_historical_archive
2020-05-21,1112.32,spdr_api:gld_historical_archive
2020-05-22,1116.71,spdr_api:gld_historical_archive
2020-05-26,1116.71,spdr_api:gld_historical_archive
2020-05-27,1119.05,spdr_api:gld_historical_archive
2020-05-28,1119.63,spdr_api:gld_historical_archive
2020-05-29,1123.14,spdr_api:gld_historical_archive
2020-06-01,1128.4,spdr_api:gld_historical_archive
2020-06-02,1129.28,spdr_api:gld_historical_archive
2020-06-03,1133.37,spdr_api:gld_historical_archive
2020-06-04,1132.2,spdr_api:gld_historical_archive
2020-06-05,1128.11,spdr_api:gld_historical_archive
2020-06-08,1125.48,spdr_api:gld_historical_archive
2020-06-09,1124.6,spdr_api:gld_historical_archive
2020-06-10,1129.49,spdr_api:gld_historical_archive
2020-06-11,1135.05,spdr_api:gld_historical_archive
2020-06-12,1136.22,spdr_api:gld_historical_archive
2020-06-15,1136.22,spdr_api:gld_historical_archive
2020-06-16,1136.22,spdr_api:gld_historical_archive
2020-06-17,1136.22,spdr_api:gld_historical_archive
2020-06-18,1136.22,spdr_api:gld_historical_archive
2020-06-19,1159.31,spdr_api:gld_historical_archive
2020-06-22,1166.04,spdr_api:gld_historical_archive
2020-06-23,1169.25,spdr_api:gld_historical_archive
2020-06-24,1176.85,spdr_api:gld_historical_archive
2020-06-25,1175.39,spdr_api:gld_historical_archive
2020-06-26,1178.9,spdr_api:gld_historical_archive
2020-06-29,1178.9,spdr_api:gld_historical_archive
2020-06-30,1178.9,spdr_api:gld_historical_archive
2020-07-01,1182.11,spdr_api:gld_historical_archive
2020-07-02,1191.47,spdr_api:gld_historical_archive
2020-07-06,1191.47,spdr_api:gld_historical_archive
2020-07-07,1199.36,spdr_api:gld_historical_archive
2020-07-08,1202.57,spdr_api:gld_historical_archive
2020-07-09,1200.82,spdr_api:gld_historical_archive
2020-07-10,1200.46,spdr_api:gld_historical_archive
2020-07-13,1203.97,spdr_api:gld_historical_archive
2020-07-14,1206.89,spdr_api:gld_historical_archive
2020-07-15,1206.89,spdr_api:gld_historical_archive
2020-07-16,1206.89,spdr_api:gld_historical_archive
2020-07-17,1206.89,spdr_api:gld_historical_archive
2020-07-20,1211.86,spdr_api:gld_historical_archive
2020-07-21,1219.75,spdr_api:gld_historical_archive
2020-07-22,1225.01,spdr_api:gld_historical_archive
2020-07-23,1227.05,spdr_api:gld_historical_archive
2020-07-24,1228.81,spdr_api:gld_historical_archive
2020-07-27,1234.65,spdr_api:gld_historical_archive
2020-07-28,1243.12,spdr_api:gld_historical_archive
2020-07-29,1241.95,spdr_api:gld_historical_archive
2020-07-30,1241.95,spdr_api:gld_historical_archive
2020-07-31,1241.95,spdr_api:gld_historical_archive
2020-08-03,1248.38,spdr_api:gld_historical_archive
2020-08-04,1257.73,spdr_api:gld_historical_archive
2020-08-05,1267.96,spdr_api:gld_historical_archive
2020-08-06,1267.96,spdr_api:gld_historical_archive
2020-08-07,1262.12,spdr_api:gld_historical_archive
2020-08-10,1262.12,spdr_api:gld_historical_archive
2020-08-11,1257.93,spdr_api:gld_historical_archive
2020-08-12,1250.63,spdr_api:gld_historical_archive
2020-08-13,1252.09,spdr_api:gld_historical_archive
2020-08-14,1248.29,spdr_api:gld_historical_archive
2020-08-17,1252.38,spdr_api:gld_historical_archive
2020-08-18,1252.38,spdr_api:gld_historical_archive
2020-08-19,1252.38,spdr_api:gld_historical_archive
2020-08-20,1252.38,spdr_api:gld_historical_archive
2020-08-21,1252.38,spdr_api:gld_historical_archive
2020-08-24,1252.38,spdr_api:gld_historical_archive
2020-08-25,1248.87,spdr_api:gld_historical_archive
2020-08-26,1252.09,spdr_api:gld_historical_archive
2020-08-27,1251.5,spdr_api:gld_historical_archive
2020-08-28,1251.5,spdr_api:gld_historical_archive
2020-08-31,1251.5,spdr_api:gld_historical_archive
2020-09-01,1250.63,spdr_api:gld_historical_archive
2020-09-02,1250.04,spdr_api:gld_historical_archive
2020-09-03,1250.04,spdr_api:gld_historical_archive
2020-09-04,1250.04,spdr_api:gld_historical_archive
2020-09-08,1250.04,spdr_api:gld_historical_archive
2020-09-09,1252.96,spdr_api:gld_historical_archive
2020-09-10,1252.96,spdr_api:gld_historical_archive
2020-09-11,1248.0,spdr_api:gld_historical_archive
2020-09-14,1248.0,spdr_api:gld_historical_archive
2020-09-15,1247.57,spdr_api:gld_historical_archive
2020-09-16,1247.57,spdr_api:gld_historical_archive
2020-09-17,1246.98,spdr_api:gld_historical_archive
2020-09-18,1259.83,spdr_api:gld_historical_archive
2020-09-21,1278.82,spdr_api:gld_historical_archive
2020-09-22,1278.23,spdr_api:gld_historical_archive
2020-09-23,1267.14,spdr_api:gld_historical_archive
2020-09-24,1267.14,spdr_api:gld_historical_archive
2020-09-25,1266.84,spdr_api:gld_historical_archive
2020-09-28,1268.89,spdr_api:gld_historical_archive
2020-09-29,1268.89,spdr_api:gld_historical_archive
2020-09-30,1268.89,spdr_api:gld_historical_archive
2020-10-01,1276.19,spdr_api:gld_historical_archive
2020-10-02,1275.6,spdr_api:gld_historical_archive
2020-10-05,1275.6,spdr_api:gld_historical_archive
2020-10-06,1271.52,spdr_api:gld_historical_archive
2020-10-07,1271.52,spdr_api:gld_historical_archive
2020-10-08,1271.52,spdr_api:gld_historical_archive
2020-10-09,1271.52,spdr_api:gld_historical_archive
2020-10-12,1277.65,spdr_api:gld_historical_archive
2020-10-13,1277.65,spdr_api:gld_historical_archive
2020-10-14,1277.94,spdr_api:gld_historical_archive
2020-10-15,1276.06,spdr_api:gld_historical_archive
2020-10-16,1272.56,spdr_api:gld_historical_archive
2020-10-19,1272.85,spdr_api:gld_historical_archive
2020-10-20,1269.93,spdr_api:gld_historical_archive
2020-10-21,1269.35,spdr_api:gld_historical_archive
2020-10-22,1265.55,spdr_api:gld_historical_archive
2020-10-23,1263.8,spdr_api:gld_historical_archive
2020-10-26,1263.8,spdr_api:gld_historical_archive
2020-10-27,1266.72,spdr_api:gld_historical_archive
2020-10-28,1258.25,spdr_api:gld_historical_archive
2020-10-29,1258.25,spdr_api:gld_historical_archive
2020-10-30,1257.67,spdr_api:gld_historical_archive
2020-11-02,1255.92,spdr_api:gld_historical_archive
2020-11-03,1255.92,spdr_api:gld_historical_archive
2020-11-04,1252.42,spdr_api:gld_historical_archive
2020-11-05,1252.42,spdr_api:gld_historical_archive
2020-11-06,1260.3,spdr_api:gld_historical_archive
2020-11-09,1249.79,spdr_api:gld_historical_archive
2020-11-10,1249.79,spdr_api:gld_historical_archive
2020-11-11,1240.74,spdr_api:gld_historical_archive
2020-11-12,1239.57,spdr_api:gld_historical_archive
2020-11-13,1234.32,spdr_api:gld_historical_archive
2020-11-16,1231.4,spdr_api:gld_historical_archive
2020-11-17,1226.3,spdr_api:gld_historical_archive
2020-11-18,1219.0,spdr_api:gld_historical_archive
2020-11-19,1217.25,spdr_api:gld_historical_archive
2020-11-20,1220.17,spdr_api:gld_historical_archive
2020-11-23,1213.16,spdr_api:gld_historical_archive
2020-11-24,1199.74,spdr_api:gld_historical_archive
2020-11-25,1194.78,spdr_api:gld_historical_archive
2020-11-27,1194.78,spdr_api:gld_historical_archive
2020-11-30,1194.78,spdr_api:gld_historical_archive
2020-12-01,1191.28,spdr_api:gld_historical_archive
2020-12-02,1191.28,spdr_api:gld_historical_archive
2020-12-03,1189.82,spdr_api:gld_historical_archive
2020-12-04,1182.7,spdr_api:gld_historical_archive
2020-12-07,1179.78,spdr_api:gld_historical_archive
2020-12-08,1179.78,spdr_api:gld_historical_archive
2020-12-09,1179.78,spdr_api:gld_historical_archive
2020-12-10,1179.78,spdr_api:gld_historical_archive
2020-12-11,1175.99,spdr_api:gld_historical_archive
2020-12-14,1171.32,spdr_api:gld_historical_archive
2020-12-15,1170.15,spdr_api:gld_historical_archive
2020-12-16,1170.15,spdr_api:gld_historical_archive
2020-12-17,1167.82,spdr_api:gld_historical_archive
2020-12-18,1167.82,spdr_api:gld_historical_archive
2020-12-21,1169.86,spdr_api:gld_historical_archive
2020-12-22,1167.53,spdr_api:gld_historical_archive
2020-12-23,1167.53,spdr_api:gld_historical_archive
2020-12-24,1167.53,spdr_api:gld_historical_archive
2020-12-28,1169.86,spdr_api:gld_historical_archive
2020-12-29,1169.86,spdr_api:gld_historical_archive
2020-12-30,1169.86,spdr_api:gld_historical_archive
2020-12-31,1170.74,spdr_api:gld_historical_archive
2021-01-04,1187.95,spdr_api:gld_historical_archive
2021-01-05,1186.78,spdr_api:gld_historical_archive
2021-01-06,1186.78,spdr_api:gld_historical_archive
2021-01-07,1182.11,spdr_api:gld_historical_archive
2021-01-08,1182.11,spdr_api:gld_historical_archive
2021-01-11,1181.71,spdr_api:gld_historical_archive
2021-01-12,1181.71,spdr_api:gld_historical_archive
2021-01-13,1171.21,spdr_api:gld_historical_archive
2021-01-14,1161.0,spdr_api:gld_historical_archive
2021-01-15,1177.63,spdr_api:gld_historical_archive
2021-01-19,1174.13,spdr_api:gld_historical_archive
2021-01-20,1174.13,spdr_api:gld_historical_archive
2021-01-21,1174.13,spdr_api:gld_historical_archive
2021-01-22,1173.25,spdr_api:gld_historical_archive
2021-01-25,1173.25,spdr_api:gld_historical_archive
2021-01-26,1172.38,spdr_api:gld_historical_archive
2021-01-27,1169.17,spdr_api:gld_historical_archive
2021-01-28,1164.79,spdr_api:gld_historical_archive
2021-01-29,1160.13,spdr_api:gld_historical_archive
2021-02-01,1157.5,spdr_api:gld_historical_archive
2021-02-02,1157.5,spdr_api:gld_historical_archive
2021-02-03,1157.5,spdr_api:gld_historical_archive
2021-02-04,1159.84,spdr_api:gld_historical_archive
2021-02-05,1156.51,spdr_api:gld_historical_archive
2021-02-08,1152.43,spdr_api:gld_historical_archive
2021-02-09,1148.34,spdr_api:gld_historical_archive
2021-02-10,1146.59,spdr_api:gld_historical_archive
2021-02-11,1142.22,spdr_api:gld_historical_archive
2021-02-12,1142.22,spdr_api:gld_historical_archive
2021-02-16,1136.68,spdr_api:gld_historical_archive
2021-02-17,1132.89,spdr_api:gld_historical_archive
2021-02-18,1132.89,spdr_api:gld_historical_archive
2021-02-19,1127.64,spdr_api:gld_historical_archive
2021-02-22,1115.4,spdr_api:gld_historical_archive
2021-02-23,1110.44,spdr_api:gld_historical_archive
2021-02-24,1106.36,spdr_api:gld_historical_archive
2021-02-25,1100.24,spdr_api:gld_historical_archive
2021-02-26,1093.53,spdr_api:gld_historical_archive
2021-03-01,1084.5,spdr_api:gld_historical_archive
2021-03-02,1087.12,spdr_api:gld_historical_archive
2021-03-03,1082.38,spdr_api:gld_historical_archive
2021-03-04,1078.3,spdr_api:gld_historical_archive
2021-03-05,1069.26,spdr_api:gld_historical_archive
2021-03-08,1063.43,spdr_api:gld_historical_archive
2021-03-09,1061.98,spdr_api:gld_historical_archive
2021-03-10,1060.23,spdr_api:gld_historical_archive
2021-03-11,1055.27,spdr_api:gld_historical_archive
2021-03-12,1052.07,spdr_api:gld_historical_archive
2021-03-15,1050.32,spdr_api:gld_historical_archive
2021-03-16,1050.32,spdr_api:gld_historical_archive
2021-03-17,1048.28,spdr_api:gld_historical_archive
2021-03-18,1048.28,spdr_api:gld_historical_archive
2021-03-19,1051.78,spdr_api:gld_historical_archive
2021-03-22,1051.78,spdr_api:gld_historical_archive
2021-03-23,1045.36,spdr_api:gld_historical_archive
2021-03-24,1043.03,spdr_api:gld_historical_archive
2021-03-25,1043.03,spdr_api:gld_historical_archive
2021-03-26,1036.62,spdr_api:gld_historical_archive
2021-03-29,1037.5,spdr_api:gld_historical_archive
2021-03-30,1037.5,spdr_api:gld_historical_archive
2021-03-31,1037.5,spdr_api:gld_historical_archive
2021-04-01,1032.83,spdr_api:gld_historical_archive
2021-04-05,1032.83,spdr_api:gld_historical_archive
2021-04-06,1029.04,spdr_api:gld_historical_archive
2021-04-07,1028.69,spdr_api:gld_historical_archive
2021-04-08,1026.07,spdr_api:gld_historical_archive
2021-04-09,1026.07,spdr_api:gld_historical_archive
2021-04-12,1026.07,spdr_api:gld_historical_archive
2021-04-13,1026.07,spdr_api:gld_historical_archive
2021-04-14,1022.86,spdr_api:gld_historical_archive
2021-04-15,1022.86,spdr_api:gld_historical_archive
2021-04-16,1019.66,spdr_api:gld_historical_archive
2021-04-19,1021.7,spdr_api:gld_historical_archive
2021-04-20,1021.7,spdr_api:gld_historical_archive
2021-04-21,1021.7,spdr_api:gld_historical_archive
2021-04-22,1021.7,spdr_api:gld_historical_archive
2021-04-23,1021.7,spdr_api:gld_historical_archive
2021-04-26,1021.7,spdr_api:gld_historical_archive
2021-04-27,1021.7,spdr_api:gld_historical_archive
2021-04-28,1021.7,spdr_api:gld_historical_archive
2021-04-29,1017.04,spdr_api:gld_historical_archive
2021-04-30,1017.04,spdr_api:gld_historical_archive
2021-05-03,1018.2,spdr_api:gld_historical_archive
2021-05-04,1018.2,spdr_api:gld_historical_archive
2021-05-05,1019.33,spdr_api:gld_historical_archive
2021-05-06,1019.33,spdr_api:gld_historical_archive
2021-05-07,1025.15,spdr_api:gld_historical_archive
2021-05-10,1025.15,spdr_api:gld_historical_archive
2021-05-11,1025.15,spdr_api:gld_historical_archive
2021-05-12,1025.15,spdr_api:gld_historical_archive
2021-05-13,1024.28,spdr_api:gld_historical_archive
2021-05-14,1028.36,spdr_api:gld_historical_archive
2021-05-17,1035.93,spdr_api:gld_historical_archive
2021-05-18,1035.93,spdr_api:gld_historical_archive
2021-05-19,1031.27,spdr_api:gld_historical_archive
2021-05-20,1037.09,spdr_api:gld_historical_archive
2021-05-21,1042.92,spdr_api:gld_historical_archive
2021-05-24,1046.12,spdr_api:gld_historical_archive
2021-05-25,1046.12,spdr_api:gld_historical_archive
2021-05-26,1044.08,spdr_api:gld_historical_archive
2021-05-27,1044.08,spdr_api:gld_historical_archive
2021-05-28,1043.21,spdr_api:gld_historical_archive
2021-06-01,1045.83,spdr_api:gld_historical_archive
2021-06-02,1041.75,spdr_api:gld_historical_archive
2021-06-03,1041.75,spdr_api:gld_historical_archive
2021-06-04,1043.16,spdr_api:gld_historical_archive
2021-06-07,1037.33,spdr_api:gld_historical_archive
2021-06-08,1037.33,spdr_api:gld_historical_archive
2021-06-09,1043.16,spdr_api:gld_historical_archive
2021-06-10,1044.61,spdr_api:gld_historical_archive
2021-06-11,1044.61,spdr_api:gld_historical_archive
2021-06-14,1044.61,spdr_api:gld_historical_archive
2021-06-15,1044.61,spdr_api:gld_historical_archive
2021-06-16,1045.78,spdr_api:gld_historical_archive
2021-06-17,1041.99,spdr_api:gld_historical_archive
2021-06-18,1053.06,spdr_api:gld_historical_archive
2021-06-21,1049.56,spdr_api:gld_historical_archive
2021-06-22,1049.56,spdr_api:gld_historical_archive
2021-06-23,1046.65,spdr_api:gld_historical_archive
2021-06-24,1042.87,spdr_api:gld_historical_archive
2021-06-25,1042.87,spdr_api:gld_historical_archive
2021-06-28,1045.78,spdr_api:gld_historical_archive
2021-06-29,1045.78,spdr_api:gld_historical_archive
2021-06-30,1045.78,spdr_api:gld_historical_archive
2021-07-01,1043.16,spdr_api:gld_historical_archive
2021-07-02,1042.58,spdr_api:gld_historical_archive
2021-07-06,1042.23,spdr_api:gld_historical_archive
2021-07-07,1040.48,spdr_api:gld_historical_archive
2021-07-08,1040.19,spdr_api:gld_historical_archive
2021-07-09,1040.19,spdr_api:gld_historical_archive
2021-07-12,1037.28,spdr_api:gld_historical_archive
2021-07-13,1037.28,spdr_api:gld_historical_archive
2021-07-14,1034.37,spdr_api:gld_historical_archive
2021-07-15,1034.37,spdr_api:gld_historical_archive
2021-07-16,1028.55,spdr_api:gld_historical_archive
2021-07-19,1028.55,spdr_api:gld_historical_archive
2021-07-20,1028.55,spdr_api:gld_historical_archive
2021-07-21,1028.55,spdr_api:gld_historical_archive
2021-07-22,1027.38,spdr_api:gld_historical_archive
2021-07-23,1027.38,spdr_api:gld_historical_archive
2021-07-26,1025.64,spdr_api:gld_historical_archive
2021-07-27,1025.64,spdr_api:gld_historical_archive
2021-07-28,1025.64,spdr_api:gld_historical_archive
2021-07-29,1031.46,spdr_api:gld_historical_archive
2021-07-30,1031.46,spdr_api:gld_historical_archive
2021-08-02,1029.71,spdr_api:gld_historical_archive
2021-08-03,1027.97,spdr_api:gld_historical_archive
2021-08-04,1027.97,spdr_api:gld_historical_archive
2021-08-05,1027.61,spdr_api:gld_historical_archive
2021-08-06,1025.28,spdr_api:gld_historical_archive
2021-08-09,1023.54,spdr_api:gld_historical_archive
2021-08-10,1023.54,spdr_api:gld_historical_archive
2021-08-11,1023.54,spdr_api:gld_historical_archive
2021-08-12,1023.54,spdr_api:gld_historical_archive
2021-08-13,1021.79,spdr_api:gld_historical_archive
2021-08-16,1020.63,spdr_api:gld_historical_archive
2021-08-17,1017.14,spdr_api:gld_historical_archive
2021-08-18,1015.1,spdr_api:gld_historical_archive
2021-08-19,1015.1,spdr_api:gld_historical_archive
2021-08-20,1011.61,spdr_api:gld_historical_archive
2021-08-23,1006.66,spdr_api:gld_historical_archive
2021-08-24,1004.63,spdr_api:gld_historical_archive
2021-08-25,1001.72,spdr_api:gld_historical_archive
2021-08-26,1001.72,spdr_api:gld_historical_archive
2021-08-27,1001.72,spdr_api:gld_historical_archive
2021-08-30,1001.72,spdr_api:gld_historical_archive
2021-08-31,1000.26,spdr_api:gld_historical_archive
2021-09-01,1000.26,spdr_api:gld_historical_archive
2021-09-02,998.52,spdr_api:gld_historical_archive
2021-09-03,998.52,spdr_api:gld_historical_archive
2021-09-07,998.52,spdr_api:gld_historical_archive
2021-09-08,998.52,spdr_api:gld_historical_archive
2021-09-09,998.17,spdr_api:gld_historical_archive
2021-09-10,998.17,spdr_api:gld_historical_archive
2021-09-13,1000.21,spdr_api:gld_historical_archive
2021-09-14,1000.21,spdr_api:gld_historical_archive
2021-09-15,998.46,spdr_api:gld_historical_archive
2021-09-16,999.92,spdr_api:gld_historical_archive
2021-09-17,1001.66,spdr_api:gld_historical_archive
2021-09-20,1001.66,spdr_api:gld_historical_archive
2021-09-21,1000.79,spdr_api:gld_historical_archive
2021-09-22,1000.79,spdr_api:gld_historical_archive
2021-09-23,992.65,spdr_api:gld_historical_archive
2021-09-24,993.52,spdr_api:gld_historical_archive
2021-09-27,990.32,spdr_api:gld_historical_archive
2021-09-28,990.03,spdr_api:gld_historical_archive
2021-09-29,990.03,spdr_api:gld_historical_archive
2021-09-30,990.03,spdr_api:gld_historical_archive
2021-10-01,986.54,spdr_api:gld_historical_archive
2021-10-04,986.54,spdr_api:gld_historical_archive
2021-10-05,986.54,spdr_api:gld_historical_archive
2021-10-06,986.54,spdr_api:gld_historical_archive
2021-10-07,986.54,spdr_api:gld_historical_archive
2021-10-08,985.05,spdr_api:gld_historical_archive
2021-10-11,985.05,spdr_api:gld_historical_archive
2021-10-12,985.05,spdr_api:gld_historical_archive
2021-10-13,982.72,spdr_api:gld_historical_archive
2021-10-14,982.72,spdr_api:gld_historical_archive
2021-10-15,980.1,spdr_api:gld_historical_archive
2021-10-18,980.1,spdr_api:gld_historical_archive
2021-10-19,980.1,spdr_api:gld_historical_archive
2021-10-20,980.1,spdr_api:gld_historical_archive
2021-10-21,978.07,spdr_api:gld_historical_archive
2021-10-22,978.07,spdr_api:gld_historical_archive
2021-10-25,978.07,spdr_api:gld_historical_archive
2021-10-26,979.81,spdr_api:gld_historical_archive
2021-10-27,983.01,spdr_api:gld_historical_archive
2021-10-28,982.14,spdr_api:gld_historical_archive
2021-10-29,982.14,spdr_api:gld_historical_archive
2021-11-01,979.52,spdr_api:gld_historical_archive
2021-11-02,979.52,spdr_api:gld_historical_archive
2021-11-03,978.07,spdr_api:gld_historical_archive
2021-11-04,975.41,spdr_api:gld_historical_archive
2021-11-05,975.41,spdr_api:gld_historical_archive
2021-11-08,975.41,spdr_api:gld_historical_archive
2021-11-09,975.41,spdr_api:gld_historical_archive
2021-11-10,975.41,spdr_api:gld_historical_archive
2021-11-11,975.99,spdr_api:gld_historical_archive
2021-11-12,975.99,spdr_api:gld_historical_archive
2021-11-15,975.99,spdr_api:gld_historical_archive
2021-11-16,975.99,spdr_api:gld_historical_archive
2021-11-17,976.87,spdr_api:gld_historical_archive
2021-11-18,976.87,spdr_api:gld_historical_archive
2021-11-19,985.0,spdr_api:gld_historical_archive
2021-11-22,990.53,spdr_api:gld_historical_archive
2021-11-23,991.11,spdr_api:gld_historical_archive
2021-11-24,991.11,spdr_api:gld_historical_archive
2021-11-26,992.85,spdr_api:gld_historical_archive
2021-11-29,992.85,spdr_api:gld_historical_archive
2021-11-30,992.85,spdr_api:gld_historical_archive
2021-12-01,990.82,spdr_api:gld_historical_archive
2021-12-02,986.17,spdr_api:gld_historical_archive
2021-12-03,984.38,spdr_api:gld_historical_archive
2021-12-06,982.64,spdr_api:gld_historical_archive
2021-12-07,982.64,spdr_api:gld_historical_archive
2021-12-08,982.64,spdr_api:gld_historical_archive
2021-12-09,982.64,spdr_api:gld_historical_archive
2021-12-10,982.64,spdr_api:gld_historical_archive
2021-12-13,982.64,spdr_api:gld_historical_archive
2021-12-14,980.6,spdr_api:gld_historical_archive
2021-12-15,977.7,spdr_api:gld_historical_archive
2021-12-16,977.7,spdr_api:gld_historical_archive
2021-12-17,978.57,spdr_api:gld_historical_archive
2021-12-20,978.57,spdr_api:gld_historical_archive
2021-12-21,978.57,spdr_api:gld_historical_archive
2021-12-22,973.63,spdr_api:gld_historical_archive
2021-12-23,973.63,spdr_api:gld_historical_archive
2021-12-27,973.63,spdr_api:gld_historical_archive
2021-12-28,975.66,spdr_api:gld_historical_archive
2021-12-29,975.66,spdr_api:gld_historical_archive
2021-12-30,975.66,spdr_api:gld_historical_archive
2021-12-31,975.66,spdr_api:gld_historical_archive
2022-01-03,975.66,spdr_api:gld_historical_archive
2022-01-04,980.31,spdr_api:gld_historical_archive
2022-01-05,979.99,spdr_api:gld_historical_archive
2022-01-06,978.82,spdr_api:gld_historical_archive
2022-01-07,977.08,spdr_api:gld_historical_archive
2022-01-10,977.08,spdr_api:gld_historical_archive
2022-01-11,976.21,spdr_api:gld_historical_archive
2022-01-12,976.21,spdr_api:gld_historical_archive
2022-01-13,976.21,spdr_api:gld_historical_archive
2022-01-14,976.21,spdr_api:gld_historical_archive
2022-01-18,976.21,spdr_api:gld_historical_archive
2022-01-19,981.44,spdr_api:gld_historical_archive
2022-01-20,980.86,spdr_api:gld_historical_archive
2022-01-21,1008.45,spdr_api:gld_historical_archive
2022-01-24,1008.45,spdr_api:gld_historical_archive
2022-01-25,1013.1,spdr_api:gld_historical_archive
2022-01-26,1014.26,spdr_api:gld_historical_archive
2022-01-27,1014.26,spdr_api:gld_historical_archive
2022-01-28,1014.26,spdr_api:gld_historical_archive
2022-01-31,1017.75,spdr_api:gld_historical_archive
2022-02-01,1018.04,spdr_api:gld_historical_archive
2022-02-02,1016.59,spdr_api:gld_historical_archive
2022-02-03,1014.84,spdr_api:gld_historical_archive
2022-02-04,1011.6,spdr_api:gld_historical_archive
2022-02-07,1011.6,spdr_api:gld_historical_archive
2022-02-08,1015.96,spdr_api:gld_historical_archive
2022-02-09,1015.96,spdr_api:gld_historical_archive
2022-02-10,1015.96,spdr_api:gld_historical_archive
2022-02-11,1019.44,spdr_api:gld_historical_archive
2022-02-14,1019.44,spdr_api:gld_historical_archive
2022-02-15,1019.44,spdr_api:gld_historical_archive
2022-02-16,1019.44,spdr_api:gld_historical_archive
2022-02-17,1019.44,spdr_api:gld_historical_archive
2022-02-18,1024.09,spdr_api:gld_historical_archive
2022-02-22,1024.09,spdr_api:gld_historical_archive
2022-02-23,1029.31,spdr_api:gld_historical_archive
2022-02-24,1029.31,spdr_api:gld_historical_archive
2022-02-25,1026.99,spdr_api:gld_historical_archive
2022-02-28,1029.02,spdr_api:gld_historical_archive
2022-03-01,1042.38,spdr_api:gld_historical_archive
2022-03-02,1050.22,spdr_api:gld_historical_archive
2022-03-03,1050.22,spdr_api:gld_historical_archive
2022-03-04,1054.28,spdr_api:gld_historical_archive
2022-03-07,1062.7,spdr_api:gld_historical_archive
2022-03-08,1067.34,spdr_api:gld_historical_archive
2022-03-09,1063.28,spdr_api:gld_historical_archive
2022-03-10,1061.53,spdr_api:gld_historical_archive
2022-03-11,1064.15,spdr_api:gld_historical_archive
2022-03-14,1064.15,spdr_api:gld_historical_archive
2022-03-15,1061.83,spdr_api:gld_historical_archive
2022-03-16,1070.53,spdr_api:gld_historical_archive
2022-03-17,1073.44,spdr_api:gld_historical_archive
2022-03-18,1082.44,spdr_api:gld_historical_archive
2022-03-21,1083.6,spdr_api:gld_historical_archive
2022-03-22,1083.6,spdr_api:gld_historical_archive
2022-03-23,1087.66,spdr_api:gld_historical_archive
2022-03-24,1087.66,spdr_api:gld_historical_archive
2022-03-25,1093.18,spdr_api:gld_historical_archive
2022-03-28,1093.18,spdr_api:gld_historical_archive
2022-03-29,1091.44,spdr_api:gld_historical_archive
2022-03-30,1091.44,spdr_api:gld_historical_archive
2022-03-31,1091.44,spdr_api:gld_historical_archive
2022-04-01,1091.73,spdr_api:gld_historical_archive
2022-04-04,1089.98,spdr_api:gld_historical_archive
2022-04-05,1087.3,spdr_api:gld_historical_archive
2022-04-06,1087.3,spdr_api:gld_historical_archive
2022-04-07,1088.75,spdr_api:gld_historical_archive
2022-04-08,1090.49,spdr_api:gld_historical_archive
2022-04-11,1090.49,spdr_api:gld_historical_archive
2022-04-12,1093.1,spdr_api:gld_historical_archive
2022-04-13,1104.42,spdr_api:gld_historical_archive
2022-04-14,1099.49,spdr_api:gld_historical_archive
2022-04-18,1100.36,spdr_api:gld_historical_archive
2022-04-19,1106.74,spdr_api:gld_historical_archive
2022-04-20,1106.74,spdr_api:gld_historical_archive
2022-04-21,1104.13,spdr_api:gld_historical_archive
2022-04-22,1104.13,spdr_api:gld_historical_archive
2022-04-25,1101.23,spdr_api:gld_historical_archive
2022-04-26,1099.49,spdr_api:gld_historical_archive
2022-04-27,1095.71,spdr_api:gld_historical_archive
2022-04-28,1095.71,spdr_api:gld_historical_archive
2022-04-29,1094.55,spdr_api:gld_historical_archive
2022-05-02,1092.23,spdr_api:gld_historical_archive
2022-05-03,1089.04,spdr_api:gld_historical_archive
2022-05-04,1089.04,spdr_api:gld_historical_archive
2022-05-05,1084.98,spdr_api:gld_historical_archive
2022-05-06,1082.0,spdr_api:gld_historical_archive
2022-05-09,1075.9,spdr_api:gld_historical_archive
2022-05-10,1068.65,spdr_api:gld_historical_archive
2022-05-11,1066.62,spdr_api:gld_historical_archive
2022-05-12,1060.82,spdr_api:gld_historical_archive
2022-05-13,1055.89,spdr_api:gld_historical_archive
2022-05-16,1053.28,spdr_api:gld_historical_archive
2022-05-17,1049.21,spdr_api:gld_historical_archive
2022-05-18,1049.21,spdr_api:gld_historical_archive
2022-05-19,1056.18,spdr_api:gld_historical_archive
2022-05-20,1063.43,spdr_api:gld_historical_archive
2022-05-23,1068.07,spdr_api:gld_historical_archive
2022-05-24,1068.07,spdr_api:gld_historical_archive
2022-05-25,1069.81,spdr_api:gld_historical_archive
2022-05-26,1069.81,spdr_api:gld_historical_archive
2022-05-27,1069.81,spdr_api:gld_historical_archive
2022-05-31,1068.36,spdr_api:gld_historical_archive
2022-06-01,1067.2,spdr_api:gld_historical_archive
2022-06-02,1066.04,spdr_api:gld_historical_archive
2022-06-03,1066.04,spdr_api:gld_historical_archive
2022-06-06,1063.06,spdr_api:gld_historical_archive
2022-06-07,1063.06,spdr_api:gld_historical_archive
2022-06-08,1065.39,spdr_api:gld_historical_archive
2022-06-09,1065.39,spdr_api:gld_historical_archive
2022-06-10,1068.87,spdr_api:gld_historical_archive
2022-06-13,1068.87,spdr_api:gld_historical_archive
2022-06-14,1063.94,spdr_api:gld_historical_archive
2022-06-15,1063.94,spdr_api:gld_historical_archive
2022-06-16,1063.94,spdr_api:gld_historical_archive
2022-06-17,1075.54,spdr_api:gld_historical_archive
2022-06-21,1073.8,spdr_api:gld_historical_archive
2022-06-22,1071.77,spdr_api:gld_historical_archive
2022-06-23,1063.07,spdr_api:gld_historical_archive
2022-06-24,1061.04,spdr_api:gld_historical_archive
2022-06-27,1056.4,spdr_api:gld_historical_archive
2022-06-28,1054.37,spdr_api:gld_historical_archive
2022-06-29,1052.63,spdr_api:gld_historical_archive
2022-06-30,1050.31,spdr_api:gld_historical_archive
2022-07-01,1041.9,spdr_api:gld_historical_archive
2022-07-05,1032.04,spdr_api:gld_historical_archive
2022-07-06,1024.43,spdr_api:gld_historical_archive
2022-07-07,1024.43,spdr_api:gld_historical_archive
2022-07-08,1023.27,spdr_api:gld_historical_archive
2022-07-11,1023.27,spdr_api:gld_historical_archive
2022-07-12,1021.53,spdr_api:gld_historical_archive
2022-07-13,1019.79,spdr_api:gld_historical_archive
2022-07-14,1016.89,spdr_api:gld_historical_archive
2022-07-15,1014.28,spdr_api:gld_historical_archive
2022-07-18,1009.06,spdr_api:gld_historical_archive
2022-07-19,1009.06,spdr_api:gld_historical_archive
2022-07-20,1005.87,spdr_api:gld_historical_archive
2022-07-21,1005.87,spdr_api:gld_historical_archive
2022-07-22,1005.87,spdr_api:gld_historical_archive
2022-07-25,1005.29,spdr_api:gld_historical_archive
2022-07-26,1005.29,spdr_api:gld_historical_archive
2022-07-27,1005.29,spdr_api:gld_historical_archive
2022-07-28,1005.29,spdr_api:gld_historical_archive
2022-07-29,1005.87,spdr_api:gld_historical_archive
2022-08-01,1005.87,spdr_api:gld_historical_archive
2022-08-02,1002.97,spdr_api:gld_historical_archive
2022-08-03,1000.65,spdr_api:gld_historical_archive
2022-08-04,1000.32,spdr_api:gld_historical_archive
2022-08-05,999.16,spdr_api:gld_historical_archive
2022-08-08,999.16,spdr_api:gld_historical_archive
2022-08-09,999.16,spdr_api:gld_historical_archive
2022-08-10,997.42,spdr_api:gld_historical_archive
2022-08-11,997.42,spdr_api:gld_historical_archive
2022-08-12,995.97,spdr_api:gld_historical_archive
2022-08-15,993.94,spdr_api:gld_historical_archive
2022-08-16,992.2,spdr_api:gld_historical_archive
2022-08-17,989.01,spdr_api:gld_historical_archive
2022-08-18,985.83,spdr_api:gld_historical_archive
2022-08-19,989.01,spdr_api:gld_historical_archive
2022-08-22,987.56,spdr_api:gld_historical_archive
2022-08-23,984.38,spdr_api:gld_historical_archive
2022-08-24,984.38,spdr_api:gld_historical_archive
2022-08-25,984.38,spdr_api:gld_historical_archive
2022-08-26,982.64,spdr_api:gld_historical_archive
2022-08-29,980.61,spdr_api:gld_historical_archive
2022-08-30,976.26,spdr_api:gld_historical_archive
2022-08-31,973.37,spdr_api:gld_historical_archive
2022-09-01,973.08,spdr_api:gld_historical_archive
2022-09-02,973.08,spdr_api:gld_historical_archive
2022-09-06,971.05,spdr_api:gld_historical_archive
2022-09-07,971.05,spdr_api:gld_historical_archive
2022-09-08,968.15,spdr_api:gld_historical_archive
2022-09-09,966.64,spdr_api:gld_historical_archive
2022-09-12,964.91,spdr_api:gld_historical_archive
2022-09-13,962.88,spdr_api:gld_historical_archive
2022-09-14,960.56,spdr_api:gld_historical_archive
2022-09-15,962.01,spdr_api:gld_historical_archive
2022-09-16,960.85,spdr_api:gld_historical_archive
2022-09-19,957.95,spdr_api:gld_historical_archive
2022-09-20,953.32,spdr_api:gld_historical_archive
2022-09-21,952.16,spdr_api:gld_historical_archive
2022-09-22,950.13,spdr_api:gld_historical_archive
2022-09-23,947.23,spdr_api:gld_historical_archive
2022-09-26,943.47,spdr_api:gld_historical_archive
2022-09-27,940.86,spdr_api:gld_historical_archive
2022-09-28,943.18,spdr_api:gld_historical_archive
2022-09-29,941.15,spdr_api:gld_historical_archive
2022-09-30,939.7,spdr_api:gld_historical_archive
2022-10-03,942.89,spdr_api:gld_historical_archive
2022-10-04,944.63,spdr_api:gld_historical_archive
2022-10-05,946.34,spdr_api:gld_historical_archive
2022-10-06,946.34,spdr_api:gld_historical_archive
2022-10-07,944.31,spdr_api:gld_historical_archive
2022-10-10,944.31,spdr_api:gld_historical_archive
2022-10-11,944.31,spdr_api:gld_historical_archive
2022-10-12,945.47,spdr_api:gld_historical_archive
2022-10-13,944.31,spdr_api:gld_historical_archive
2022-10-14,941.13,spdr_api:gld_historical_archive
2022-10-17,939.1,spdr_api:gld_historical_archive
2022-10-18,938.81,spdr_api:gld_historical_archive
2022-10-19,932.73,spdr_api:gld_historical_archive
2022-10-20,930.99,spdr_api:gld_historical_archive
2022-10-21,928.1,spdr_api:gld_historical_archive
2022-10-24,928.39,spdr_api:gld_historical_archive
2022-10-25,928.39,spdr_api:gld_historical_archive
2022-10-26,928.39,spdr_api:gld_historical_archive
2022-10-27,925.2,spdr_api:gld_historical_archive
2022-10-28,922.59,spdr_api:gld_historical_archive
2022-10-31,920.57,spdr_api:gld_historical_archive
2022-11-01,919.12,spdr_api:gld_historical_archive
2022-11-02,915.07,spdr_api:gld_historical_archive
2022-11-03,911.59,spdr_api:gld_historical_archive
2022-11-04,906.96,spdr_api:gld_historical_archive
2022-11-07,905.48,spdr_api:gld_historical_archive
2022-11-08,908.38,spdr_api:gld_historical_archive
2022-11-09,908.38,spdr_api:gld_historical_archive
2022-11-10,911.57,spdr_api:gld_historical_archive
2022-11-11,910.12,spdr_api:gld_historical_archive
2022-11-14,910.41,spdr_api:gld_historical_archive
2022-11-15,904.62,spdr_api:gld_historical_archive
2022-11-16,906.35,spdr_api:gld_historical_archive
2022-11-17,906.35,spdr_api:gld_historical_archive
2022-11-18,904.62,spdr_api:gld_historical_archive
2022-11-21,906.06,spdr_api:gld_historical_archive
2022-11-22,906.93,spdr_api:gld_historical_archive
2022-11-23,906.93,spdr_api:gld_historical_archive
2022-11-25,908.96,spdr_api:gld_historical_archive
2022-11-28,908.09,spdr_api:gld_historical_archive
2022-11-29,908.09,spdr_api:gld_historical_archive
2022-11-30,908.09,spdr_api:gld_historical_archive
2022-12-01,906.64,spdr_api:gld_historical_archive
2022-12-02,905.49,spdr_api:gld_historical_archive
2022-12-05,903.46,spdr_api:gld_historical_archive
2022-12-06,906.06,spdr_api:gld_historical_archive
2022-12-07,908.09,spdr_api:gld_historical_archive
2022-12-08,908.09,spdr_api:gld_historical_archive
2022-12-09,910.4,spdr_api:gld_historical_archive
2022-12-12,910.4,spdr_api:gld_historical_archive
2022-12-13,912.72,spdr_api:gld_historical_archive
2022-12-14,911.56,spdr_api:gld_historical_archive
2022-12-15,913.88,spdr_api:gld_historical_archive
2022-12-16,910.4,spdr_api:gld_historical_archive
2022-12-19,912.14,spdr_api:gld_historical_archive
2022-12-20,913.88,spdr_api:gld_historical_archive
2022-12-21,913.88,spdr_api:gld_historical_archive
2022-12-22,913.88,spdr_api:gld_historical_archive
2022-12-23,913.01,spdr_api:gld_historical_archive
2022-12-27,918.51,spdr_api:gld_historical_archive
2022-12-28,918.51,spdr_api:gld_historical_archive
2022-12-29,918.51,spdr_api:gld_historical_archive
2022-12-30,917.64,spdr_api:gld_historical_archive
2023-01-03,917.64,spdr_api:gld_historical_archive
2023-01-04,916.77,spdr_api:gld_historical_archive
2023-01-05,916.77,spdr_api:gld_historical_archive
2023-01-06,915.33,spdr_api:gld_historical_archive
2023-01-09,915.33,spdr_api:gld_historical_archive
2023-01-10,914.17,spdr_api:gld_historical_archive
2023-01-11,912.43,spdr_api:gld_historical_archive
2023-01-12,912.14,spdr_api:gld_historical_archive
2023-01-13,912.14,spdr_api:gld_historical_archive
2023-01-17,909.24,spdr_api:gld_historical_archive
2023-01-18,910.98,spdr_api:gld_historical_archive
2023-01-19,912.43,spdr_api:gld_historical_archive
2023-01-20,917.05,spdr_api:gld_historical_archive
2023-01-23,917.05,spdr_api:gld_historical_archive
2023-01-24,917.34,spdr_api:gld_historical_archive
2023-01-25,919.37,spdr_api:gld_historical_archive
2023-01-26,919.37,spdr_api:gld_historical_archive
2023-01-27,918.5,spdr_api:gld_historical_archive
2023-01-30,917.05,spdr_api:gld_historical_archive
2023-01-31,917.05,spdr_api:gld_historical_archive
2023-02-01,918.5,spdr_api:gld_historical_archive
2023-02-02,920.24,spdr_api:gld_historical_archive
2023-02-03,920.24,spdr_api:gld_historical_archive
2023-02-06,917.92,spdr_api:gld_historical_archive
2023-02-07,920.82,spdr_api:gld_historical_archive
2023-02-08,921.1,spdr_api:gld_historical_archive
2023-02-09,920.79,spdr_api:gld_historical_archive
2023-02-10,920.79,spdr_api:gld_historical_archive
2023-02-13,920.79,spdr_api:gld_historical_archive
2023-02-14,920.79,spdr_api:gld_historical_archive
2023-02-15,921.08,spdr_api:gld_historical_archive
2023-02-16,921.08,spdr_api:gld_historical_archive
2023-02-17,919.92,spdr_api:gld_historical_archive
2023-02-21,919.92,spdr_api:gld_historical_archive
2023-02-22,919.06,spdr_api:gld_historical_archive
2023-02-23,917.32,spdr_api:gld_historical_archive
2023-02-24,917.32,spdr_api:gld_historical_archive
2023-02-27,917.61,spdr_api:gld_historical_archive
2023-02-28,915.3,spdr_api:gld_historical_archive
2023-03-01,912.69,spdr_api:gld_historical_archive
2023-03-02,912.69,spdr_api:gld_historical_archive
2023-03-03,912.12,spdr_api:gld_historical_archive
2023-03-06,912.12,spdr_api:gld_historical_archive
2023-03-07,906.62,spdr_api:gld_historical_archive
2023-03-08,906.62,spdr_api:gld_historical_archive
2023-03-09,903.15,spdr_api:gld_historical_archive
2023-03-10,901.42,spdr_api:gld_historical_archive
2023-03-13,913.27,spdr_api:gld_historical_archive
2023-03-14,913.27,spdr_api:gld_historical_archive
2023-03-15,914.72,spdr_api:gld_historical_archive
2023-03-16,914.72,spdr_api:gld_historical_archive
2023-03-17,921.08,spdr_api:gld_historical_archive
2023-03-20,924.55,spdr_api:gld_historical_archive
2023-03-21,923.11,spdr_api:gld_historical_archive
2023-03-22,923.11,spdr_api:gld_historical_archive
2023-03-23,925.42,spdr_api:gld_historical_archive
2023-03-24,923.97,spdr_api:gld_historical_archive
2023-03-27,923.97,spdr_api:gld_historical_archive
2023-03-28,927.73,spdr_api:gld_historical_archive
2023-03-29,929.47,spdr_api:gld_historical_archive
2023-03-30,929.47,spdr_api:gld_historical_archive
2023-03-31,928.02,spdr_api:gld_historical_archive
2023-04-03,930.04,spdr_api:gld_historical_archive
2023-04-04,930.04,spdr_api:gld_historical_archive
2023-04-05,930.91,spdr_api:gld_historical_archive
2023-04-06,930.91,spdr_api:gld_historical_archive
2023-04-10,933.22,spdr_api:gld_historical_archive
2023-04-11,932.93,spdr_api:gld_historical_archive
2023-04-12,934.08,spdr_api:gld_historical_archive
2023-04-13,930.61,spdr_api:gld_historical_archive
2023-04-14,927.72,spdr_api:gld_historical_archive
2023-04-17,925.7,spdr_api:gld_historical_archive
2023-04-18,924.25,spdr_api:gld_historical_archive
2023-04-19,926.57,spdr_api:gld_historical_archive
2023-04-20,926.57,spdr_api:gld_historical_archive
2023-04-21,923.68,spdr_api:gld_historical_archive
2023-04-24,927.43,spdr_api:gld_historical_archive
2023-04-25,930.04,spdr_api:gld_historical_archive
2023-04-26,930.04,spdr_api:gld_historical_archive
2023-04-27,926.28,spdr_api:gld_historical_archive
2023-04-28,926.28,spdr_api:gld_historical_archive
2023-05-01,924.83,spdr_api:gld_historical_archive
2023-05-02,928.3,spdr_api:gld_historical_archive
2023-05-03,928.3,spdr_api:gld_historical_archive
2023-05-04,930.03,spdr_api:gld_historical_archive
2023-05-05,931.77,spdr_api:gld_historical_archive
2023-05-08,937.55,spdr_api:gld_historical_archive
2023-05-09,934.95,spdr_api:gld_historical_archive
2023-05-10,938.99,spdr_api:gld_historical_archive
2023-05-11,937.84,spdr_api:gld_historical_archive
2023-05-12,937.54,spdr_api:gld_historical_archive
2023-05-15,934.07,spdr_api:gld_historical_archive
2023-05-16,934.94,spdr_api:gld_historical_archive
2023-05-17,936.96,spdr_api:gld_historical_archive
2023-05-18,936.96,spdr_api:gld_historical_archive
2023-05-19,942.74,spdr_api:gld_historical_archive
2023-05-22,943.89,spdr_api:gld_historical_archive
2023-05-23,941.29,spdr_api:gld_historical_archive
2023-05-24,941.29,spdr_api:gld_historical_archive
2023-05-25,941.29,spdr_api:gld_historical_archive
2023-05-26,941.29,spdr_api:gld_historical_archive
2023-05-30,939.56,spdr_api:gld_historical_archive
2023-05-31,939.56,spdr_api:gld_historical_archive
2023-06-01,938.11,spdr_api:gld_historical_archive
2023-06-02,938.11,spdr_api:gld_historical_archive
2023-06-05,939.56,spdr_api:gld_historical_archive
2023-06-06,938.11,spdr_api:gld_historical_archive
2023-06-07,934.65,spdr_api:gld_historical_archive
2023-06-08,934.65,spdr_api:gld_historical_archive
2023-06-09,931.76,spdr_api:gld_historical_archive
2023-06-12,931.43,spdr_api:gld_historical_archive
2023-06-13,931.43,spdr_api:gld_historical_archive
2023-06-14,929.7,spdr_api:gld_historical_archive
2023-06-15,929.7,spdr_api:gld_historical_archive
2023-06-16,934.03,spdr_api:gld_historical_archive
2023-06-20,934.03,spdr_api:gld_historical_archive
2023-06-21,932.3,spdr_api:gld_historical_archive
2023-06-22,929.7,spdr_api:gld_historical_archive
2023-06-23,927.1,spdr_api:gld_historical_archive
2023-06-26,925.66,spdr_api:gld_historical_archive
2023-06-27,925.66,spdr_api:gld_historical_archive
2023-06-28,926.81,spdr_api:gld_historical_archive
2023-06-29,924.5,spdr_api:gld_historical_archive
2023-06-30,921.9,spdr_api:gld_historical_archive
2023-07-03,921.9,spdr_api:gld_historical_archive
2023-07-05,917.86,spdr_api:gld_historical_archive
2023-07-06,917.86,spdr_api:gld_historical_archive
2023-07-07,915.26,spdr_api:gld_historical_archive
2023-07-10,915.26,spdr_api:gld_historical_archive
2023-07-11,914.95,spdr_api:gld_historical_archive
2023-07-12,914.66,spdr_api:gld_historical_archive
2023-07-13,914.66,spdr_api:gld_historical_archive
2023-07-14,914.66,spdr_api:gld_historical_archive
2023-07-17,912.93,spdr_api:gld_historical_archive
2023-07-18,912.07,spdr_api:gld_historical_archive
2023-07-19,913.8,spdr_api:gld_historical_archive
2023-07-20,913.8,spdr_api:gld_historical_archive
2023-07-21,919.0,spdr_api:gld_historical_archive
2023-07-24,919.0,spdr_api:gld_historical_archive
2023-07-25,919.0,spdr_api:gld_historical_archive
2023-07-26,917.26,spdr_api:gld_historical_archive
2023-07-27,915.82,spdr_api:gld_historical_archive
2023-07-28,912.93,spdr_api:gld_historical_archive
2023-07-31,912.93,spdr_api:gld_historical_archive
2023-08-01,909.18,spdr_api:gld_historical_archive
2023-08-02,909.18,spdr_api:gld_historical_archive
2023-08-03,906.0,spdr_api:gld_historical_archive
2023-08-04,906.0,spdr_api:gld_historical_archive
2023-08-07,903.69,spdr_api:gld_historical_archive
2023-08-08,903.69,spdr_api:gld_historical_archive
2023-08-09,903.38,spdr_api:gld_historical_archive
2023-08-10,903.38,spdr_api:gld_historical_archive
2023-08-11,899.63,spdr_api:gld_historical_archive
2023-08-14,895.87,spdr_api:gld_historical_archive
2023-08-15,894.43,spdr_api:gld_historical_archive
2023-08-16,894.43,spdr_api:gld_historical_archive
2023-08-17,887.5,spdr_api:gld_historical_archive
2023-08-18,890.1,spdr_api:gld_historical_archive
2023-08-21,889.23,spdr_api:gld_historical_archive
2023-08-22,884.9,spdr_api:gld_historical_archive
2023-08-23,884.9,spdr_api:gld_historical_archive
2023-08-24,884.04,spdr_api:gld_historical_archive
2023-08-25,884.04,spdr_api:gld_historical_archive
2023-08-28,886.64,spdr_api:gld_historical_archive
2023-08-29,889.23,spdr_api:gld_historical_archive
2023-08-30,890.1,spdr_api:gld_historical_archive
2023-08-31,890.1,spdr_api:gld_historical_archive
2023-09-01,890.97,spdr_api:gld_historical_archive
2023-09-05,889.81,spdr_api:gld_historical_archive
2023-09-06,886.64,spdr_api:gld_historical_archive
2023-09-07,886.64,spdr_api:gld_historical_archive
2023-09-08,886.64,spdr_api:gld_historical_archive
2023-09-11,884.89,spdr_api:gld_historical_archive
2023-09-12,884.89,spdr_api:gld_historical_archive
2023-09-13,882.0,spdr_api:gld_historical_archive
2023-09-14,879.7,spdr_api:gld_historical_archive
2023-09-15,880.27,spdr_api:gld_historical_archive
2023-09-18,880.27,spdr_api:gld_historical_archive
2023-09-19,878.83,spdr_api:gld_historical_archive
2023-09-20,878.25,spdr_api:gld_historical_archive
2023-09-21,878.83,spdr_api:gld_historical_archive
2023-09-22,877.39,spdr_api:gld_historical_archive
2023-09-25,876.52,spdr_api:gld_historical_archive
2023-09-26,872.77,spdr_api:gld_historical_archive
2023-09-27,873.64,spdr_api:gld_historical_archive
2023-09-28,873.64,spdr_api:gld_historical_archive
2023-09-29,873.64,spdr_api:gld_historical_archive
2023-10-02,875.08,spdr_api:gld_historical_archive
2023-10-03,873.35,spdr_api:gld_historical_archive
2023-10-04,869.31,spdr_api:gld_historical_archive
2023-10-05,867.58,spdr_api:gld_historical_archive
2023-10-06,865.85,spdr_api:gld_historical_archive
2023-10-09,861.81,spdr_api:gld_historical_archive
2023-10-10,861.51,spdr_api:gld_historical_archive
2023-10-11,862.37,spdr_api:gld_historical_archive
2023-10-12,862.37,spdr_api:gld_historical_archive
2023-10-13,862.37,spdr_api:gld_historical_archive
2023-10-16,855.45,spdr_api:gld_historical_archive
2023-10-17,853.43,spdr_api:gld_historical_archive
2023-10-18,848.24,spdr_api:gld_historical_archive
2023-10-19,848.24,spdr_api:gld_historical_archive
2023-10-20,863.24,spdr_api:gld_historical_archive
2023-10-23,860.07,spdr_api:gld_historical_archive
2023-10-24,860.07,spdr_api:gld_historical_archive
2023-10-25,861.8,spdr_api:gld_historical_archive
2023-10-26,861.8,spdr_api:gld_historical_archive
2023-10-27,861.8,spdr_api:gld_historical_archive
2023-10-30,859.49,spdr_api:gld_historical_archive
2023-10-31,859.49,spdr_api:gld_historical_archive
2023-11-01,861.51,spdr_api:gld_historical_archive
2023-11-02,861.51,spdr_api:gld_historical_archive
2023-11-03,863.24,spdr_api:gld_historical_archive
2023-11-06,867.57,spdr_api:gld_historical_archive
2023-11-07,867.28,spdr_api:gld_historical_archive
2023-11-08,867.28,spdr_api:gld_historical_archive
2023-11-09,867.28,spdr_api:gld_historical_archive
2023-11-10,868.14,spdr_api:gld_historical_archive
2023-11-13,870.45,spdr_api:gld_historical_archive
2023-11-14,870.45,spdr_api:gld_historical_archive
2023-11-15,870.45,spdr_api:gld_historical_archive
2023-11-16,870.45,spdr_api:gld_historical_archive
2023-11-17,883.43,spdr_api:gld_historical_archive
2023-11-20,883.43,spdr_api:gld_historical_archive
2023-11-21,883.43,spdr_api:gld_historical_archive
2023-11-22,882.28,spdr_api:gld_historical_archive
2023-11-24,882.28,spdr_api:gld_historical_archive
2023-11-27,882.28,spdr_api:gld_historical_archive
2023-11-28,880.55,spdr_api:gld_historical_archive
2023-11-29,878.53,spdr_api:gld_historical_archive
2023-11-30,876.51,spdr_api:gld_historical_archive
2023-12-01,878.82,spdr_api:gld_historical_archive
2023-12-04,881.12,spdr_api:gld_historical_archive
2023-12-05,880.83,spdr_api:gld_historical_archive
2023-12-06,880.83,spdr_api:gld_historical_archive
2023-12-07,880.55,spdr_api:gld_historical_archive
2023-12-08,880.55,spdr_api:gld_historical_archive
2023-12-11,878.54,spdr_api:gld_historical_archive
2023-12-12,875.65,spdr_api:gld_historical_archive
2023-12-13,877.96,spdr_api:gld_historical_archive
2023-12-14,877.67,spdr_api:gld_historical_archive
2023-12-15,879.69,spdr_api:gld_historical_archive
2023-12-18,879.69,spdr_api:gld_historical_archive
2023-12-19,877.67,spdr_api:gld_historical_archive
2023-12-20,878.25,spdr_api:gld_historical_archive
2023-12-21,878.25,spdr_api:gld_historical_archive
2023-12-22,878.25,spdr_api:gld_historical_archive
2023-12-26,878.25,spdr_api:gld_historical_archive
2023-12-27,881.71,spdr_api:gld_historical_archive
2023-12-28,880.55,spdr_api:gld_historical_archive
2023-12-29,879.11,spdr_api:gld_historical_archive
2024-01-02,878.54,spdr_api:gld_historical_archive
2024-01-03,874.21,spdr_api:gld_historical_archive
2024-01-04,874.21,spdr_api:gld_historical_archive
2024-01-05,869.6,spdr_api:gld_historical_archive
2024-01-08,869.6,spdr_api:gld_historical_archive
2024-01-09,869.6,spdr_api:gld_historical_archive
2024-01-10,864.99,spdr_api:gld_historical_archive
2024-01-11,863.84,spdr_api:gld_historical_archive
2024-01-12,863.84,spdr_api:gld_historical_archive
2024-01-16,864.4,spdr_api:gld_historical_archive
2024-01-17,862.1,spdr_api:gld_historical_archive
2024-01-18,862.1,spdr_api:gld_historical_archive
2024-01-19,860.95,spdr_api:gld_historical_archive
2024-01-22,858.93,spdr_api:gld_historical_archive
2024-01-23,858.93,spdr_api:gld_historical_archive
2024-01-24,858.93,spdr_api:gld_historical_archive
2024-01-25,858.93,spdr_api:gld_historical_archive
2024-01-26,856.05,spdr_api:gld_historical_archive
2024-01-29,854.89,spdr_api:gld_historical_archive
2024-01-30,852.88,spdr_api:gld_historical_archive
2024-01-31,851.15,spdr_api:gld_historical_archive
2024-02-01,851.72,spdr_api:gld_historical_archive
2024-02-02,851.72,spdr_api:gld_historical_archive
2024-02-05,851.72,spdr_api:gld_historical_archive
2024-02-06,847.69,spdr_api:gld_historical_archive
2024-02-07,842.22,spdr_api:gld_historical_archive
2024-02-08,843.66,spdr_api:gld_historical_archive
2024-02-09,841.92,spdr_api:gld_historical_archive
2024-02-12,841.92,spdr_api:gld_historical_archive
2024-02-13,840.48,spdr_api:gld_historical_archive
2024-02-14,839.04,spdr_api:gld_historical_archive
2024-02-15,837.31,spdr_api:gld_historical_archive
2024-02-16,837.89,spdr_api:gld_historical_archive
2024-02-20,836.16,spdr_api:gld_historical_archive
2024-02-21,829.82,spdr_api:gld_historical_archive
2024-02-22,827.81,spdr_api:gld_historical_archive
2024-02-23,827.81,spdr_api:gld_historical_archive
2024-02-26,827.81,spdr_api:gld_historical_archive
2024-02-27,826.94,spdr_api:gld_historical_archive
2024-02-28,825.5,spdr_api:gld_historical_archive
2024-02-29,822.91,spdr_api:gld_historical_archive
2024-03-01,823.77,spdr_api:gld_historical_archive
2024-03-04,821.47,spdr_api:gld_historical_archive
2024-03-05,821.47,spdr_api:gld_historical_archive
2024-03-06,817.44,spdr_api:gld_historical_archive
2024-03-07,816.57,spdr_api:gld_historical_archive
2024-03-08,815.13,spdr_api:gld_historical_archive
2024-03-11,815.13,spdr_api:gld_historical_archive
2024-03-12,815.13,spdr_api:gld_historical_archive
2024-03-13,816.86,spdr_api:gld_historical_archive
2024-03-14,816.86,spdr_api:gld_historical_archive
2024-03-15,831.84,spdr_api:gld_historical_archive
2024-03-18,833.32,spdr_api:gld_historical_archive
2024-03-19,837.35,spdr_api:gld_historical_archive
2024-03-20,838.5,spdr_api:gld_historical_archive
2024-03-21,838.5,spdr_api:gld_historical_archive
2024-03-22,835.33,spdr_api:gld_historical_archive
2024-03-25,835.33,spdr_api:gld_historical_archive
2024-03-26,830.15,spdr_api:gld_historical_archive
2024-03-27,830.15,spdr_api:gld_historical_archive
2024-03-28,830.15,spdr_api:gld_historical_archive
2024-04-01,826.98,spdr_api:gld_historical_archive
2024-04-02,829.0,spdr_api:gld_historical_archive
2024-04-03,830.72,spdr_api:gld_historical_archive
2024-04-04,832.45,spdr_api:gld_historical_archive
2024-04-05,826.41,spdr_api:gld_historical_archive
2024-04-08,827.85,spdr_api:gld_historical_archive
2024-04-09,828.71,spdr_api:gld_historical_archive
2024-04-10,828.45,spdr_api:gld_historical_archive
2024-04-11,830.75,spdr_api:gld_historical_archive
2024-04-12,826.72,spdr_api:gld_historical_archive
2024-04-15,828.45,spdr_api:gld_historical_archive
2024-04-16,830.18,spdr_api:gld_historical_archive
2024-04-17,827.59,spdr_api:gld_historical_archive
2024-04-18,827.59,spdr_api:gld_historical_archive
2024-04-19,831.9,spdr_api:gld_historical_archive
2024-04-22,831.9,spdr_api:gld_historical_archive
2024-04-23,833.63,spdr_api:gld_historical_archive
2024-04-24,833.63,spdr_api:gld_historical_archive
2024-04-25,834.78,spdr_api:gld_historical_archive
2024-04-26,832.19,spdr_api:gld_historical_archive
2024-04-29,832.19,spdr_api:gld_historical_archive
2024-04-30,832.19,spdr_api:gld_historical_archive
2024-05-01,831.04,spdr_api:gld_historical_archive
2024-05-02,829.6,spdr_api:gld_historical_archive
2024-05-03,830.47,spdr_api:gld_historical_archive
2024-05-06,832.19,spdr_api:gld_historical_archive
2024-05-07,830.47,spdr_api:gld_historical_archive
2024-05-08,830.47,spdr_api:gld_historical_archive
2024-05-09,830.47,spdr_api:gld_historical_archive
2024-05-10,831.92,spdr_api:gld_historical_archive
2024-05-13,831.92,spdr_api:gld_historical_archive
2024-05-14,831.92,spdr_api:gld_historical_archive
2024-05-15,833.36,spdr_api:gld_historical_archive
2024-05-16,833.36,spdr_api:gld_historical_archive
2024-05-17,838.54,spdr_api:gld_historical_archive
2024-05-20,838.54,spdr_api:gld_historical_archive
2024-05-21,838.54,spdr_api:gld_historical_archive
2024-05-22,838.54,spdr_api:gld_historical_archive
2024-05-23,833.36,spdr_api:gld_historical_archive
2024-05-24,832.21,spdr_api:gld_historical_archive
2024-05-28,832.21,spdr_api:gld_historical_archive
2024-05-29,832.21,spdr_api:gld_historical_archive
2024-05-30,832.21,spdr_api:gld_historical_archive
2024-05-31,832.21,spdr_api:gld_historical_archive
2024-06-03,832.21,spdr_api:gld_historical_archive
2024-06-04,832.21,spdr_api:gld_historical_archive
2024-06-05,833.65,spdr_api:gld_historical_archive
2024-06-06,837.1,spdr_api:gld_historical_archive
2024-06-07,835.67,spdr_api:gld_historical_archive
2024-06-10,835.67,spdr_api:gld_historical_archive
2024-06-11,830.77,spdr_api:gld_historical_archive
2024-06-12,830.77,spdr_api:gld_historical_archive
2024-06-13,829.34,spdr_api:gld_historical_archive
2024-06-14,825.31,spdr_api:gld_historical_archive
2024-06-17,825.31,spdr_api:gld_historical_archive
2024-06-18,825.31,spdr_api:gld_historical_archive
2024-06-20,833.65,spdr_api:gld_historical_archive
2024-06-21,831.93,spdr_api:gld_historical_archive
2024-06-24,829.05,spdr_api:gld_historical_archive
2024-06-25,829.05,spdr_api:gld_historical_archive
2024-06-26,829.05,spdr_api:gld_historical_archive
2024-06-27,829.05,spdr_api:gld_historical_archive
2024-06-28,829.05,spdr_api:gld_historical_archive
2024-07-01,827.61,spdr_api:gld_historical_archive
2024-07-02,833.37,spdr_api:gld_historical_archive
2024-07-03,834.8,spdr_api:gld_historical_archive
2024-07-05,834.8,spdr_api:gld_historical_archive
2024-07-08,834.8,spdr_api:gld_historical_archive
2024-07-09,833.37,spdr_api:gld_historical_archive
2024-07-10,833.37,spdr_api:gld_historical_archive
2024-07-11,835.09,spdr_api:gld_historical_archive
2024-07-12,835.09,spdr_api:gld_historical_archive
2024-07-15,836.53,spdr_api:gld_historical_archive
2024-07-16,842.02,spdr_api:gld_historical_archive
2024-07-17,842.02,spdr_api:gld_historical_archive
2024-07-18,840.01,spdr_api:gld_historical_archive
2024-07-19,840.01,spdr_api:gld_historical_archive
2024-07-22,840.01,spdr_api:gld_historical_archive
2024-07-23,841.74,spdr_api:gld_historical_archive
2024-07-24,841.74,spdr_api:gld_historical_archive
2024-07-25,845.19,spdr_api:gld_historical_archive
2024-07-26,843.17,spdr_api:gld_historical_archive
2024-07-29,843.17,spdr_api:gld_historical_archive
2024-07-30,843.17,spdr_api:gld_historical_archive
2024-07-31,846.05,spdr_api:gld_historical_archive
2024-08-01,845.47,spdr_api:gld_historical_archive
2024-08-02,845.47,spdr_api:gld_historical_archive
2024-08-05,844.9,spdr_api:gld_historical_archive
2024-08-06,848.06,spdr_api:gld_historical_archive
2024-08-07,844.04,spdr_api:gld_historical_archive
2024-08-08,846.91,spdr_api:gld_historical_archive
2024-08-09,846.91,spdr_api:gld_historical_archive
2024-08-12,849.79,spdr_api:gld_historical_archive
2024-08-13,845.76,spdr_api:gld_historical_archive
2024-08-14,845.76,spdr_api:gld_historical_archive
2024-08-15,847.78,spdr_api:gld_historical_archive
2024-08-16,854.97,spdr_api:gld_historical_archive
2024-08-19,859.0,spdr_api:gld_historical_archive
2024-08-20,857.27,spdr_api:gld_historical_archive
2024-08-21,856.7,spdr_api:gld_historical_archive
2024-08-22,857.85,spdr_api:gld_historical_archive
2024-08-23,856.12,spdr_api:gld_historical_archive
2024-08-26,856.12,spdr_api:gld_historical_archive
2024-08-27,856.12,spdr_api:gld_historical_archive
2024-08-28,856.12,spdr_api:gld_historical_archive
2024-08-29,857.27,spdr_api:gld_historical_archive
2024-08-30,862.74,spdr_api:gld_historical_archive
2024-09-03,862.74,spdr_api:gld_historical_archive
2024-09-04,862.74,spdr_api:gld_historical_archive
2024-09-05,862.74,spdr_api:gld_historical_archive
2024-09-06,862.74,spdr_api:gld_historical_archive
2024-09-09,862.74,spdr_api:gld_historical_archive
2024-09-10,864.46,spdr_api:gld_historical_archive
2024-09-11,866.18,spdr_api:gld_historical_archive
2024-09-12,870.78,spdr_api:gld_historical_archive
2024-09-13,870.51,spdr_api:gld_historical_archive
2024-09-16,872.23,spdr_api:gld_historical_archive
2024-09-17,872.23,spdr_api:gld_historical_archive
2024-09-18,872.23,spdr_api:gld_historical_archive
2024-09-19,873.96,spdr_api:gld_historical_archive
2024-09-20,875.39,spdr_api:gld_historical_archive
2024-09-23,875.39,spdr_api:gld_historical_archive
2024-09-24,877.12,spdr_api:gld_historical_archive
2024-09-25,877.12,spdr_api:gld_historical_archive
2024-09-26,877.12,spdr_api:gld_historical_archive
2024-09-27,871.94,spdr_api:gld_historical_archive
2024-09-30,871.94,spdr_api:gld_historical_archive
2024-10-01,874.82,spdr_api:gld_historical_archive
2024-10-02,874.82,spdr_api:gld_historical_archive
2024-10-03,877.4,spdr_api:gld_historical_archive
2024-10-04,876.26,spdr_api:gld_historical_archive
2024-10-07,876.26,spdr_api:gld_historical_archive
2024-10-08,876.26,spdr_api:gld_historical_archive
2024-10-09,876.26,spdr_api:gld_historical_archive
2024-10-10,876.26,spdr_api:gld_historical_archive
2024-10-11,877.98,spdr_api:gld_historical_archive
2024-10-14,880.57,spdr_api:gld_historical_archive
2024-10-15,884.59,spdr_api:gld_historical_archive
2024-10-16,884.59,spdr_api:gld_historical_archive
2024-10-17,884.59,spdr_api:gld_historical_archive
2024-10-18,888.63,spdr_api:gld_historical_archive
2024-10-21,891.79,spdr_api:gld_historical_archive
2024-10-22,895.24,spdr_api:gld_historical_archive
2024-10-23,893.8,spdr_api:gld_historical_archive
2024-10-24,893.8,spdr_api:gld_historical_archive
2024-10-25,889.78,spdr_api:gld_historical_archive
2024-10-28,891.5,spdr_api:gld_historical_archive
2024-10-29,889.78,spdr_api:gld_historical_archive
2024-10-30,892.65,spdr_api:gld_historical_archive
2024-10-31,891.79,spdr_api:gld_historical_archive
2024-11-01,888.63,spdr_api:gld_historical_archive
2024-11-04,888.63,spdr_api:gld_historical_archive
2024-11-05,886.91,spdr_api:gld_historical_archive
2024-11-06,883.46,spdr_api:gld_historical_archive
2024-11-07,880.58,spdr_api:gld_historical_archive
2024-11-08,876.85,spdr_api:gld_historical_archive
2024-11-11,871.97,spdr_api:gld_historical_archive
2024-11-12,870.53,spdr_api:gld_historical_archive
2024-11-13,868.52,spdr_api:gld_historical_archive
2024-11-14,867.37,spdr_api:gld_historical_archive
2024-11-15,869.93,spdr_api:gld_historical_archive
2024-11-18,871.65,spdr_api:gld_historical_archive
2024-11-19,872.23,spdr_api:gld_historical_archive
2024-11-20,875.39,spdr_api:gld_historical_archive
2024-11-21,877.97,spdr_api:gld_historical_archive
2024-11-22,877.97,spdr_api:gld_historical_archive
2024-11-25,879.41,spdr_api:gld_historical_archive
2024-11-26,879.41,spdr_api:gld_historical_archive
2024-11-27,878.55,spdr_api:gld_historical_archive
2024-11-29,878.55,spdr_api:gld_historical_archive
2024-12-02,875.96,spdr_api:gld_historical_archive
2024-12-03,873.66,spdr_api:gld_historical_archive
2024-12-04,873.66,spdr_api:gld_historical_archive
2024-12-05,871.94,spdr_api:gld_historical_archive
2024-12-06,871.94,spdr_api:gld_historical_archive
2024-12-09,870.79,spdr_api:gld_historical_archive
2024-12-10,870.79,spdr_api:gld_historical_archive
2024-12-11,873.38,spdr_api:gld_historical_archive
2024-12-12,868.5,spdr_api:gld_historical_archive
2024-12-13,863.9,spdr_api:gld_historical_archive
2024-12-16,864.19,spdr_api:gld_historical_archive
2024-12-17,864.19,spdr_api:gld_historical_archive
2024-12-18,863.9,spdr_api:gld_historical_archive
2024-12-19,860.74,spdr_api:gld_historical_archive
2024-12-20,877.4,spdr_api:gld_historical_archive
2024-12-23,873.95,spdr_api:gld_historical_archive
2024-12-24,873.95,spdr_api:gld_historical_archive
2024-12-26,872.8,spdr_api:gld_historical_archive
2024-12-27,872.52,spdr_api:gld_historical_archive
2024-12-30,872.52,spdr_api:gld_historical_archive
2024-12-31,872.52,spdr_api:gld_historical_archive
2025-01-02,872.52,spdr_api:gld_historical_archive
2025-01-03,871.08,spdr_api:gld_historical_archive
2025-01-06,871.08,spdr_api:gld_historical_archive
2025-01-07,871.08,spdr_api:gld_historical_archive
2025-01-08,871.08,spdr_api:gld_historical_archive
2025-01-10,876.82,spdr_api:gld_historical_archive
2025-01-13,874.52,spdr_api:gld_historical_archive
2025-01-14,872.52,spdr_api:gld_historical_archive
2025-01-15,872.52,spdr_api:gld_historical_archive
2025-01-16,868.78,spdr_api:gld_historical_archive
2025-01-17,879.12,spdr_api:gld_historical_archive
2025-01-21,871.66,spdr_api:gld_historical_archive
2025-01-22,869.36,spdr_api:gld_historical_archive
2025-01-23,864.19,spdr_api:gld_historical_archive
2025-01-24,860.17,spdr_api:gld_historical_archive
2025-01-27,857.02,spdr_api:gld_historical_archive
2025-01-28,861.04,spdr_api:gld_historical_archive
2025-01-29,865.34,spdr_api:gld_historical_archive
2025-01-30,864.19,spdr_api:gld_historical_archive
2025-01-31,864.77,spdr_api:gld_historical_archive
2025-02-03,865.63,spdr_api:gld_historical_archive
2025-02-04,863.05,spdr_api:gld_historical_archive
2025-02-05,864.19,spdr_api:gld_historical_archive
2025-02-06,864.19,spdr_api:gld_historical_archive
2025-02-07,868.5,spdr_api:gld_historical_archive
2025-02-10,871.08,spdr_api:gld_historical_archive
2025-02-11,871.94,spdr_api:gld_historical_archive
2025-02-12,866.5,spdr_api:gld_historical_archive
2025-02-13,864.2,spdr_api:gld_historical_archive
2025-02-14,863.06,spdr_api:gld_historical_archive
2025-02-18,869.94,spdr_api:gld_historical_archive
2025-02-19,877.98,spdr_api:gld_historical_archive
2025-02-20,883.72,spdr_api:gld_historical_archive
2025-02-21,904.38,spdr_api:gld_historical_archive
2025-02-24,907.53,spdr_api:gld_historical_archive
2025-02-25,907.82,spdr_api:gld_historical_archive
2025-02-26,906.96,spdr_api:gld_historical_archive
2025-02-27,906.1,spdr_api:gld_historical_archive
2025-02-28,904.38,spdr_api:gld_historical_archive
2025-03-03,900.93,spdr_api:gld_historical_archive
2025-03-04,901.8,spdr_api:gld_historical_archive
2025-03-05,900.36,spdr_api:gld_historical_archive
2025-03-06,898.64,spdr_api:gld_historical_archive
2025-03-07,894.34,spdr_api:gld_historical_archive
2025-03-10,891.75,spdr_api:gld_historical_archive
2025-03-11,895.2,spdr_api:gld_historical_archive
2025-03-12,898.64,spdr_api:gld_historical_archive
2025-03-13,905.81,spdr_api:gld_historical_archive
2025-03-14,906.41,spdr_api:gld_historical_archive
2025-03-17,907.27,spdr_api:gld_historical_archive
2025-03-18,907.27,spdr_api:gld_historical_archive
2025-03-19,909.28,spdr_api:gld_historical_archive
2025-03-20,910.43,spdr_api:gld_historical_archive
2025-03-21,930.51,spdr_api:gld_historical_archive
2025-03-24,929.07,spdr_api:gld_historical_archive
2025-03-25,929.36,spdr_api:gld_historical_archive
2025-03-26,929.36,spdr_api:gld_historical_archive
2025-03-27,929.65,spdr_api:gld_historical_archive
2025-03-28,931.94,spdr_api:gld_historical_archive
2025-03-31,933.38,spdr_api:gld_historical_archive
2025-04-01,931.37,spdr_api:gld_historical_archive
2025-04-02,931.94,spdr_api:gld_historical_archive
2025-04-03,936.24,spdr_api:gld_historical_archive
2025-04-04,932.8,spdr_api:gld_historical_archive
2025-04-07,926.78,spdr_api:gld_historical_archive
2025-04-08,925.92,spdr_api:gld_historical_archive
2025-04-09,937.09,spdr_api:gld_historical_archive
2025-04-10,949.71,spdr_api:gld_historical_archive
2025-04-11,953.15,spdr_api:gld_historical_archive
2025-04-14,953.15,spdr_api:gld_historical_archive
2025-04-15,953.15,spdr_api:gld_historical_archive
2025-04-16,957.17,spdr_api:gld_historical_archive
2025-04-17,952.29,spdr_api:gld_historical_archive
2025-04-21,959.17,spdr_api:gld_historical_archive
2025-04-22,947.7,spdr_api:gld_historical_archive
2025-04-23,949.14,spdr_api:gld_historical_archive
2025-04-24,948.56,spdr_api:gld_historical_archive
2025-04-25,946.27,spdr_api:gld_historical_archive
2025-04-28,946.27,spdr_api:gld_historical_archive
2025-04-29,947.13,spdr_api:gld_historical_archive
2025-04-30,944.26,spdr_api:gld_historical_archive
2025-05-01,945.41,spdr_api:gld_historical_archive
2025-05-02,944.26,spdr_api:gld_historical_archive
2025-05-05,939.39,spdr_api:gld_historical_archive
2025-05-06,937.95,spdr_api:gld_historical_archive
2025-05-07,937.67,spdr_api:gld_historical_archive
2025-05-08,939.67,spdr_api:gld_historical_archive
2025-05-09,937.94,spdr_api:gld_historical_archive
2025-05-12,939.09,spdr_api:gld_historical_archive
2025-05-13,936.51,spdr_api:gld_historical_archive
2025-05-14,931.92,spdr_api:gld_historical_archive
2025-05-15,927.62,spdr_api:gld_historical_archive
2025-05-16,918.73,spdr_api:gld_historical_archive
2025-05-19,921.03,spdr_api:gld_historical_archive
2025-05-20,921.6,spdr_api:gld_historical_archive
2025-05-21,919.88,spdr_api:gld_historical_archive
2025-05-22,923.89,spdr_api:gld_historical_archive
2025-05-23,922.46,spdr_api:gld_historical_archive
2025-05-27,922.46,spdr_api:gld_historical_archive
2025-05-28,925.61,spdr_api:gld_historical_archive
2025-05-29,930.2,spdr_api:gld_historical_archive
2025-05-30,930.2,spdr_api:gld_historical_archive
2025-06-02,933.07,spdr_api:gld_historical_archive
2025-06-03,935.64,spdr_api:gld_historical_archive
2025-06-04,935.64,spdr_api:gld_historical_archive
2025-06-05,935.64,spdr_api:gld_historical_archive
2025-06-06,934.21,spdr_api:gld_historical_archive
2025-06-09,936.22,spdr_api:gld_historical_archive
2025-06-10,935.91,spdr_api:gld_historical_archive
2025-06-11,934.19,spdr_api:gld_historical_archive
2025-06-12,937.91,spdr_api:gld_historical_archive
2025-06-13,940.49,spdr_api:gld_historical_archive
2025-06-16,941.93,spdr_api:gld_historical_archive
2025-06-17,945.94,spdr_api:gld_historical_archive
2025-06-18,947.37,spdr_api:gld_historical_archive
2025-06-20,950.24,spdr_api:gld_historical_archive
2025-06-23,957.4,spdr_api:gld_historical_archive
2025-06-24,955.68,spdr_api:gld_historical_archive
2025-06-25,953.39,spdr_api:gld_historical_archive
2025-06-26,953.39,spdr_api:gld_historical_archive
2025-06-27,954.82,spdr_api:gld_historical_archive
2025-06-30,952.53,spdr_api:gld_historical_archive
2025-07-01,948.23,spdr_api:gld_historical_archive
2025-07-02,947.66,spdr_api:gld_historical_archive
2025-07-03,947.66,spdr_api:gld_historical_archive
2025-07-07,947.66,spdr_api:gld_historical_archive
2025-07-08,946.51,spdr_api:gld_historical_archive
2025-07-09,947.37,spdr_api:gld_historical_archive
2025-07-10,948.8,spdr_api:gld_historical_archive
2025-07-11,947.64,spdr_api:gld_historical_archive
2025-07-14,947.64,spdr_api:gld_historical_archive
2025-07-15,947.64,spdr_api:gld_historical_archive
2025-07-16,950.79,spdr_api:gld_historical_archive
2025-07-17,948.5,spdr_api:gld_historical_archive
2025-07-18,943.62,spdr_api:gld_historical_archive
2025-07-21,947.06,spdr_api:gld_historical_archive
2025-07-22,954.8,spdr_api:gld_historical_archive
2025-07-23,954.8,spdr_api:gld_historical_archive
2025-07-24,957.09,spdr_api:gld_historical_archive
2025-07-25,957.09,spdr_api:gld_historical_archive
2025-07-28,956.23,spdr_api:gld_historical_archive
2025-07-29,956.23,spdr_api:gld_historical_archive
2025-07-30,955.37,spdr_api:gld_historical_archive
2025-07-31,954.51,spdr_api:gld_historical_archive
2025-08-01,953.08,spdr_api:gld_historical_archive
2025-08-04,954.8,spdr_api:gld_historical_archive
2025-08-05,955.94,spdr_api:gld_historical_archive
2025-08-06,952.79,spdr_api:gld_historical_archive
2025-08-07,959.09,spdr_api:gld_historical_archive
2025-08-08,959.64,spdr_api:gld_historical_archive
2025-08-11,964.22,spdr_api:gld_historical_archive
2025-08-12,964.22,spdr_api:gld_historical_archive
2025-08-13,964.22,spdr_api:gld_historical_archive
2025-08-14,961.35,spdr_api:gld_historical_archive
2025-08-15,965.36,spdr_api:gld_historical_archive
2025-08-18,965.36,spdr_api:gld_historical_archive
2025-08-19,962.21,spdr_api:gld_historical_archive
2025-08-20,958.2,spdr_api:gld_historical_archive
2025-08-21,956.77,spdr_api:gld_historical_archive
2025-08-22,956.77,spdr_api:gld_historical_archive
2025-08-25,958.49,spdr_api:gld_historical_archive
2025-08-26,959.92,spdr_api:gld_historical_archive
2025-08-27,962.5,spdr_api:gld_historical_archive
2025-08-28,967.94,spdr_api:gld_historical_archive
2025-08-29,977.68,spdr_api:gld_historical_archive
2025-09-02,990.56,spdr_api:gld_historical_archive
2025-09-03,984.26,spdr_api:gld_historical_archive
2025-09-04,981.97,spdr_api:gld_historical_archive
2025-09-05,981.97,spdr_api:gld_historical_archive
2025-09-08,979.68,spdr_api:gld_historical_archive
2025-09-09,979.68,spdr_api:gld_historical_archive
2025-09-10,979.95,spdr_api:gld_historical_archive
2025-09-11,977.95,spdr_api:gld_historical_archive
2025-09-12,974.8,spdr_api:gld_historical_archive
2025-09-15,976.8,spdr_api:gld_historical_archive
2025-09-16,979.95,spdr_api:gld_historical_archive
2025-09-17,975.66,spdr_api:gld_historical_archive
2025-09-18,975.66,spdr_api:gld_historical_archive
2025-09-19,994.56,spdr_api:gld_historical_archive
2025-09-22,1000.57,spdr_api:gld_historical_archive
2025-09-23,1000.57,spdr_api:gld_historical_archive
2025-09-24,996.85,spdr_api:gld_historical_archive
2025-09-25,996.85,spdr_api:gld_historical_archive
2025-09-26,1005.72,spdr_api:gld_historical_archive
2025-09-29,1011.73,spdr_api:gld_historical_archive
2025-09-30,1012.88,spdr_api:gld_historical_archive
2025-10-01,1018.89,spdr_api:gld_historical_archive
2025-10-02,1015.74,spdr_api:gld_historical_archive
2025-10-03,1014.88,spdr_api:gld_historical_archive
2025-10-06,1013.16,spdr_api:gld_historical_archive
2025-10-07,1013.15,spdr_api:gld_historical_archive
2025-10-08,1014.58,spdr_api:gld_historical_archive
2025-10-09,1013.44,spdr_api:gld_historical_archive
2025-10-10,1017.16,spdr_api:gld_historical_archive
2025-10-13,1018.88,spdr_api:gld_historical_archive
2025-10-14,1021.45,spdr_api:gld_historical_archive
2025-10-15,1022.6,spdr_api:gld_historical_archive
2025-10-16,1034.62,spdr_api:gld_historical_archive
2025-10-17,1047.21,spdr_api:gld_historical_archive
2025-10-20,1058.66,spdr_api:gld_historical_archive
2025-10-21,1058.66,spdr_api:gld_historical_archive
2025-10-22,1052.37,spdr_api:gld_historical_archive
2025-10-23,1052.37,spdr_api:gld_historical_archive
2025-10-24,1046.93,spdr_api:gld_historical_archive
2025-10-27,1038.92,spdr_api:gld_historical_archive
2025-10-28,1038.92,spdr_api:gld_historical_archive
2025-10-29,1036.05,spdr_api:gld_historical_archive
2025-10-30,1040.35,spdr_api:gld_historical_archive
2025-10-31,1039.2,spdr_api:gld_historical_archive
2025-11-03,1041.78,spdr_api:gld_historical_archive
2025-11-04,1038.63,spdr_api:gld_historical_archive
2025-11-05,1038.63,spdr_api:gld_historical_archive
2025-11-06,1040.35,spdr_api:gld_historical_archive
2025-11-07,1042.06,spdr_api:gld_historical_archive
2025-11-10,1042.06,spdr_api:gld_historical_archive
2025-11-11,1046.36,spdr_api:gld_historical_archive
2025-11-12,1046.64,spdr_api:gld_historical_archive
2025-11-13,1048.93,spdr_api:gld_historical_archive
2025-11-14,1044.0,spdr_api:gld_historical_archive
2025-11-17,1041.43,spdr_api:gld_historical_archive
2025-11-18,1041.43,spdr_api:gld_historical_archive
2025-11-19,1043.72,spdr_api:gld_historical_archive
2025-11-20,1039.43,spdr_api:gld_historical_archive
2025-11-21,1040.57,spdr_api:gld_historical_archive
2025-11-24,1040.86,spdr_api:gld_historical_archive
2025-11-25,1040.86,spdr_api:gld_historical_archive
2025-11-26,1045.43,spdr_api:gld_historical_archive
2025-11-28,1045.43,spdr_api:gld_historical_archive
2025-12-01,1050.01,spdr_api:gld_historical_archive
2025-12-02,1048.3,spdr_api:gld_historical_archive
2025-12-03,1046.58,spdr_api:gld_historical_archive
2025-12-04,1050.58,spdr_api:gld_historical_archive
2025-12-05,1050.25,spdr_api:gld_historical_archive
2025-12-08,1049.11,spdr_api:gld_historical_archive
2025-12-09,1047.97,spdr_api:gld_historical_archive
2025-12-10,1046.82,spdr_api:gld_historical_archive
2025-12-11,1050.83,spdr_api:gld_historical_archive
2025-12-12,1053.11,spdr_api:gld_historical_archive
2025-12-15,1051.68,spdr_api:gld_historical_archive
2025-12-16,1051.68,spdr_api:gld_historical_archive
2025-12-17,1052.54,spdr_api:gld_historical_archive
2025-12-18,1052.54,spdr_api:gld_historical_archive
2025-12-19,1052.54,spdr_api:gld_historical_archive
2025-12-22,1064.56,spdr_api:gld_historical_archive
2025-12-23,1064.56,spdr_api:gld_historical_archive
2025-12-24,1068.27,spdr_api:gld_historical_archive
2025-12-26,1071.13,spdr_api:gld_historical_archive
2025-12-29,1071.99,spdr_api:gld_historical_archive
2025-12-30,1071.99,spdr_api:gld_historical_archive
2025-12-31,1070.56,spdr_api:gld_historical_archive
2026-01-02,1065.13,spdr_api:gld_historical_archive
2026-01-05,1065.13,spdr_api:gld_historical_archive
2026-01-06,1067.13,spdr_api:gld_historical_archive
2026-01-07,1067.13,spdr_api:gld_historical_archive
2026-01-08,1067.13,spdr_api:gld_historical_archive
2026-01-09,1064.56,spdr_api:gld_historical_archive
2026-01-12,1070.8,spdr_api:gld_historical_archive
2026-01-13,1074.23,spdr_api:gld_historical_archive
2026-01-14,1074.23,spdr_api:gld_historical_archive
2026-01-15,1074.8,spdr_api:gld_historical_archive
2026-01-16,1085.67,spdr_api:gld_historical_archive
2026-01-20,1081.66,spdr_api:gld_historical_archive
2026-01-21,1077.66,spdr_api:gld_historical_archive
2026-01-22,1079.66,spdr_api:gld_historical_archive
2026-01-23,1086.53,spdr_api:gld_historical_archive
2026-01-26,1086.53,spdr_api:gld_historical_archive
2026-01-27,1087.38,spdr_api:gld_historical_archive
2026-01-28,1089.96,spdr_api:gld_historical_archive
2026-01-29,1086.53,spdr_api:gld_historical_archive
2026-01-30,1087.1,spdr_api:gld_historical_archive
2026-02-02,1087.1,spdr_api:gld_historical_archive
2026-02-03,1083.38,spdr_api:gld_historical_archive
2026-02-04,1081.95,spdr_api:gld_historical_archive
2026-02-05,1077.95,spdr_api:gld_historical_archive
2026-02-06,1076.23,spdr_api:gld_historical_archive
2026-02-09,1079.66,spdr_api:gld_historical_archive
2026-02-10,1079.32,spdr_api:gld_historical_archive
2026-02-11,1081.32,spdr_api:gld_historical_archive
2026-02-12,1076.18,spdr_api:gld_historical_archive
2026-02-13,1077.03,spdr_api:gld_historical_archive
2026-02-17,1075.61,spdr_api:gld_historical_archive
2026-02-18,1075.61,spdr_api:gld_historical_archive
2026-02-19,1078.75,spdr_api:gld_historical_archive
2026-02-20,1078.75,spdr_api:gld_historical_archive
2026-02-23,1086.47,spdr_api:gld_historical_archive
2026-02-24,1094.19,spdr_api:gld_historical_archive
2026-02-25,1097.62,spdr_api:gld_historical_archive
2026-02-26,1097.9,spdr_api:gld_historical_archive
2026-02-27,1101.33,spdr_api:gld_historical_archive
2026-03-02,1101.33,spdr_api:gld_historical_archive
2026-03-03,1099.04,spdr_api:gld_historical_archive
2026-03-04,1081.04,spdr_api:gld_historical_archive
2026-03-05,1075.89,spdr_api:gld_historical_archive
2026-03-06,1073.32,spdr_api:gld_historical_archive
2026-03-09,1070.71,spdr_api:gld_historical_archive
2026-03-10,1073.57,spdr_api:gld_historical_archive
2026-03-11,1077.28,spdr_api:gld_historical_archive
2026-03-12,1075.85,spdr_api:gld_historical_archive
2026-03-13,1071.56,spdr_api:gld_historical_archive
2026-03-16,1070.71,spdr_api:gld_historical_archive
2026-03-17,1069.56,spdr_api:gld_historical_archive
2026-03-18,1066.99,spdr_api:gld_historical_archive
2026-03-19,1062.13,spdr_api:gld_historical_archive
2026-03-20,1056.99,spdr_api:gld_historical_archive
2026-03-23,1052.7,spdr_api:gld_historical_archive
2026-03-24,1052.99,spdr_api:gld_historical_archive
2026-03-25,1052.42,spdr_api:gld_historical_archive
2026-03-26,1052.7,spdr_api:gld_historical_archive
2026-03-27,1049.56,spdr_api:gld_historical_archive
2026-03-30,1046.13,spdr_api:gld_historical_archive
2026-03-31,1047.28,spdr_api:gld_historical_archive
2026-04-01,1050.99,spdr_api:gld_historical_archive
2026-04-02,1050.99,spdr_api:gld_historical_archive
2026-04-06,1054.42,spdr_api:gld_historical_archive
2026-04-07,1054.42,spdr_api:gld_historical_archive
2026-04-08,1052.99,spdr_api:gld_historical_archive
2026-04-09,1052.42,spdr_api:gld_historical_archive
2026-04-10,1052.42,spdr_api:gld_historical_archive
2026-04-13,1047.19,spdr_api:gld_historical_archive
2026-04-14,1049.48,spdr_api:gld_historical_archive
2026-04-15,1051.76,spdr_api:gld_historical_archive
2026-04-16,1052.91,spdr_api:gld_historical_archive
2026-04-17,1060.62,spdr_api:gld_historical_archive
2026-04-20,1059.76,spdr_api:gld_historical_archive
2026-04-21,1055.48,spdr_api:gld_historical_archive
2026-04-22,1050.91,spdr_api:gld_historical_archive
2026-04-23,1049.19,spdr_api:gld_historical_archive
2026-04-24,1046.62,spdr_api:gld_historical_archive
2026-04-27,1044.34,spdr_api:gld_historical_archive
2026-04-28,1040.91,spdr_api:gld_historical_archive
2026-04-29,1039.2,spdr_api:gld_historical_archive
2026-04-30,1035.77,spdr_api:gld_historical_archive
2026-05-01,1035.77,spdr_api:gld_historical_archive
2026-05-04,1035.77,spdr_api:gld_historical_archive
2026-05-05,1034.05,spdr_api:gld_historical_archive
2026-05-06,1033.2,spdr_api:gld_historical_archive
2026-05-07,1033.48,spdr_api:gld_historical_archive
2026-05-08,1034.0,spdr_api:gld_historical_archive
2026-05-11,1036.28,spdr_api:gld_historical_archive
2026-05-12,1038.28,spdr_api:gld_historical_archive
2026-05-13,1039.99,spdr_api:gld_historical_archive
2026-05-14,1039.99,spdr_api:gld_historical_archive
2026-05-15,1037.42,spdr_api:gld_historical_archive
2026-05-18,1038.85,spdr_api:gld_historical_archive
2026-05-19,1036.85,spdr_api:gld_historical_archive
2026-05-20,1036.85,spdr_api:gld_historical_archive
2026-05-21,1037.71,spdr_api:gld_historical_archive
2026-05-22,1034.85,spdr_api:gld_historical_archive
2026-05-26,1034.85,spdr_api:gld_historical_archive
2026-05-27,1034.85,spdr_api:gld_historical_archive
2026-05-28,1032.57,spdr_api:gld_historical_archive
2026-05-29,1029.14,spdr_api:gld_historical_archive
2026-06-01,1028.86,spdr_api:gld_historical_archive
2026-06-02,1028.0,spdr_api:gld_historical_archive
2026-06-03,1026.86,spdr_api:gld_historical_archive
2026-06-04,1025.14,spdr_api:gld_historical_archive
2026-06-05,1019.92,spdr_api:gld_historical_archive
2026-06-08,1019.92,spdr_api:gld_historical_archive
2026-06-09,1016.49,spdr_api:gld_historical_archive
2026-06-10,1013.64,spdr_api:gld_historical_archive
2026-06-11,1013.64,spdr_api:gld_historical_archive
2026-06-12,1013.64,spdr_api:gld_historical_archive
2026-06-15,1012.21,spdr_api:gld_historical_archive
2026-06-16,1012.21,spdr_api:gld_historical_archive
2026-06-17,1013.07,spdr_api:gld_historical_archive
2026-06-18,1020.49,spdr_api:gld_historical_archive
