date,value,source
2004-11-18,5992000.0,spdr_api:gld_historical_archive
2004-11-19,11655000.0,spdr_api:gld_historical_archive
2004-11-22,11976800.0,spdr_api:gld_historical_archive
2004-11-23,3139000.0,spdr_api:gld_historical_archive
2004-11-24,6052700.0,spdr_api:gld_historical_archive
2004-11-26,3058200.0,spdr_api:gld_historical_archive
2004-11-29,3758800.0,spdr_api:gld_historical_archive
2004-11-30,3859100.0,spdr_api:gld_historical_archive
2004-12-01,3857500.0,spdr_api:gld_historical_archive
2004-12-02,6457800.0,spdr_api:gld_historical_archive
2004-12-03,4192300.0,spdr_api:gld_historical_archive
2004-12-06,3102400.0,spdr_api:gld_historical_archive
2004-12-07,3797300.0,spdr_api:gld_historical_archive
2004-12-08,6113700.0,spdr_api:gld_historical_archive
2004-12-09,3553400.0,spdr_api:gld_historical_archive
2004-12-10,2464200.0,spdr_api:gld_historical_archive
2004-12-13,1445100.0,spdr_api:gld_historical_archive
2004-12-14,2240600.0,spdr_api:gld_historical_archive
2004-12-15,2641400.0,spdr_api:gld_historical_archive
2004-12-16,3269800.0,spdr_api:gld_historical_archive
2004-12-17,1889300.0,spdr_api:gld_historical_archive
2004-12-20,1942100.0,spdr_api:gld_historical_archive
2004-12-21,1373400.0,spdr_api:gld_historical_archive
2004-12-22,2705700.0,spdr_api:gld_historical_archive
2004-12-23,639800.0,spdr_api:gld_historical_archive
2004-12-27,2637900.0,spdr_api:gld_historical_archive
2004-12-28,773200.0,spdr_api:gld_historical_archive
2004-12-29,5632200.0,spdr_api:gld_historical_archive
2004-12-30,1289600.0,spdr_api:gld_historical_archive
2004-12-31,531600.0,spdr_api:gld_historical_archive
2005-01-03,4750400.0,spdr_api:gld_historical_archive
2005-01-04,3456800.0,spdr_api:gld_historical_archive
2005-01-05,2033600.0,spdr_api:gld_historical_archive
2005-01-06,2556400.0,spdr_api:gld_historical_archive
2005-01-07,4491300.0,spdr_api:gld_historical_archive
2005-01-10,1025800.0,spdr_api:gld_historical_archive
2005-01-11,1507100.0,spdr_api:gld_historical_archive
2005-01-12,1729900.0,spdr_api:gld_historical_archive
2005-01-13,718300.0,spdr_api:gld_historical_archive
2005-01-14,1262300.0,spdr_api:gld_historical_archive
2005-01-18,666800.0,spdr_api:gld_historical_archive
2005-01-19,1578900.0,spdr_api:gld_historical_archive
2005-01-20,1276200.0,spdr_api:gld_historical_archive
2005-01-21,889200.0,spdr_api:gld_historical_archive
2005-01-24,2294900.0,spdr_api:gld_historical_archive
2005-01-25,1332500.0,spdr_api:gld_historical_archive
2005-01-26,541800.0,spdr_api:gld_historical_archive
2005-01-27,571200.0,spdr_api:gld_historical_archive
2005-01-28,1149100.0,spdr_api:gld_historical_archive
2005-01-31,1688700.0,spdr_api:gld_historical_archive
2005-02-01,1088900.0,spdr_api:gld_historical_archive
2005-02-02,956500.0,spdr_api:gld_historical_archive
2005-02-03,2446400.0,spdr_api:gld_historical_archive
2005-02-04,1817600.0,spdr_api:gld_historical_archive
2005-02-07,1754000.0,spdr_api:gld_historical_archive
2005-02-08,1296800.0,spdr_api:gld_historical_archive
2005-02-09,3477900.0,spdr_api:gld_historical_archive
2005-02-10,7773800.0,spdr_api:gld_historical_archive
2005-02-11,1896500.0,spdr_api:gld_historical_archive
2005-02-14,2351800.0,spdr_api:gld_historical_archive
2005-02-15,1559900.0,spdr_api:gld_historical_archive
2005-02-16,1820300.0,spdr_api:gld_historical_archive
2005-02-17,1820300.0,spdr_api:gld_historical_archive
2005-02-18,863200.0,spdr_api:gld_historical_archive
2005-02-22,3314100.0,spdr_api:gld_historical_archive
2005-02-23,1534900.0,spdr_api:gld_historical_archive
2005-02-24,1219300.0,spdr_api:gld_historical_archive
2005-02-25,1100100.0,spdr_api:gld_historical_archive
2005-02-28,755300.0,spdr_api:gld_historical_archive
2005-03-01,3245500.0,spdr_api:gld_historical_archive
2005-03-02,1188000.0,spdr_api:gld_historical_archive
2005-03-03,1914600.0,spdr_api:gld_historical_archive
2005-03-04,865000.0,spdr_api:gld_historical_archive
2005-03-07,1290100.0,spdr_api:gld_historical_archive
2005-03-08,2674900.0,spdr_api:gld_historical_archive
2005-03-09,3024800.0,spdr_api:gld_historical_archive
2005-03-10,2064500.0,spdr_api:gld_historical_archive
2005-03-11,2659300.0,spdr_api:gld_historical_archive
2005-03-14,866600.0,spdr_api:gld_historical_archive
2005-03-15,1254900.0,spdr_api:gld_historical_archive
2005-03-16,2223300.0,spdr_api:gld_historical_archive
2005-03-17,1525200.0,spdr_api:gld_historical_archive
2005-03-18,1205500.0,spdr_api:gld_historical_archive
2005-03-21,3814400.0,spdr_api:gld_historical_archive
2005-03-22,2609300.0,spdr_api:gld_historical_archive
2005-03-23,2618600.0,spdr_api:gld_historical_archive
2005-03-24,1466300.0,spdr_api:gld_historical_archive
2005-03-28,2609300.0,spdr_api:gld_historical_archive
2005-03-29,581100.0,spdr_api:gld_historical_archive
2005-03-30,1197800.0,spdr_api:gld_historical_archive
2005-03-31,1324300.0,spdr_api:gld_historical_archive
2005-04-01,1363200.0,spdr_api:gld_historical_archive
2005-04-04,1893100.0,spdr_api:gld_historical_archive
2005-04-05,888000.0,spdr_api:gld_historical_archive
2005-04-06,186900.0,spdr_api:gld_historical_archive
2005-04-07,2852700.0,spdr_api:gld_historical_archive
2005-04-08,1002100.0,spdr_api:gld_historical_archive
2005-04-11,514100.0,spdr_api:gld_historical_archive
2005-04-12,2098700.0,spdr_api:gld_historical_archive
2005-04-13,384000.0,spdr_api:gld_historical_archive
2005-04-14,3679800.0,spdr_api:gld_historical_archive
2005-04-15,1810900.0,spdr_api:gld_historical_archive
2005-04-18,909800.0,spdr_api:gld_historical_archive
2005-04-19,1645400.0,spdr_api:gld_historical_archive
2005-04-20,1248100.0,spdr_api:gld_historical_archive
2005-04-21,1550600.0,spdr_api:gld_historical_archive
2005-04-22,1149000.0,spdr_api:gld_historical_archive
2005-04-25,905300.0,spdr_api:gld_historical_archive
2005-04-26,1531400.0,spdr_api:gld_historical_archive
2005-04-27,2762400.0,spdr_api:gld_historical_archive
2005-04-28,2260300.0,spdr_api:gld_historical_archive
2005-04-29,2260300.0,spdr_api:gld_historical_archive
2005-05-02,1706700.0,spdr_api:gld_historical_archive
2005-05-03,1268700.0,spdr_api:gld_historical_archive
2005-05-04,607600.0,spdr_api:gld_historical_archive
2005-05-05,319300.0,spdr_api:gld_historical_archive
2005-05-06,3722700.0,spdr_api:gld_historical_archive
2005-05-09,600000.0,spdr_api:gld_historical_archive
2005-05-10,461000.0,spdr_api:gld_historical_archive
2005-05-11,764200.0,spdr_api:gld_historical_archive
2005-05-12,1878700.0,spdr_api:gld_historical_archive
2005-05-13,802600.0,spdr_api:gld_historical_archive
2005-05-16,874500.0,spdr_api:gld_historical_archive
2005-05-17,880800.0,spdr_api:gld_historical_archive
2005-05-18,2207100.0,spdr_api:gld_historical_archive
2005-05-19,610200.0,spdr_api:gld_historical_archive
2005-05-20,932800.0,spdr_api:gld_historical_archive
2005-05-23,5001300.0,spdr_api:gld_historical_archive
2005-05-24,1683100.0,spdr_api:gld_historical_archive
2005-05-25,1535100.0,spdr_api:gld_historical_archive
2005-05-26,341500.0,spdr_api:gld_historical_archive
2005-05-27,2453200.0,spdr_api:gld_historical_archive
2005-05-31,3198900.0,spdr_api:gld_historical_archive
2005-06-01,1787900.0,spdr_api:gld_historical_archive
2005-06-02,5752600.0,spdr_api:gld_historical_archive
2005-06-03,3350700.0,spdr_api:gld_historical_archive
2005-06-06,2470800.0,spdr_api:gld_historical_archive
2005-06-07,611000.0,spdr_api:gld_historical_archive
2005-06-08,690900.0,spdr_api:gld_historical_archive
2005-06-09,692400.0,spdr_api:gld_historical_archive
2005-06-10,1678000.0,spdr_api:gld_historical_archive
2005-06-13,2331600.0,spdr_api:gld_historical_archive
2005-06-14,825300.0,spdr_api:gld_historical_archive
2005-06-15,2311400.0,spdr_api:gld_historical_archive
2005-06-16,1804700.0,spdr_api:gld_historical_archive
2005-06-17,1816500.0,spdr_api:gld_historical_archive
2005-06-20,1433700.0,spdr_api:gld_historical_archive
2005-06-21,672600.0,spdr_api:gld_historical_archive
2005-06-22,1258500.0,spdr_api:gld_historical_archive
2005-06-23,1565600.0,spdr_api:gld_historical_archive
2005-06-24,473200.0,spdr_api:gld_historical_archive
2005-06-27,1061500.0,spdr_api:gld_historical_archive
2005-06-28,1289600.0,spdr_api:gld_historical_archive
2005-06-29,1199800.0,spdr_api:gld_historical_archive
2005-06-30,987500.0,spdr_api:gld_historical_archive
2005-07-01,1755100.0,spdr_api:gld_historical_archive
2005-07-05,2582300.0,spdr_api:gld_historical_archive
2005-07-06,1254600.0,spdr_api:gld_historical_archive
2005-07-07,4345200.0,spdr_api:gld_historical_archive
2005-07-08,824200.0,spdr_api:gld_historical_archive
2005-07-11,824200.0,spdr_api:gld_historical_archive
2005-07-12,1274100.0,spdr_api:gld_historical_archive
2005-07-13,980300.0,spdr_api:gld_historical_archive
2005-07-14,980300.0,spdr_api:gld_historical_archive
2005-07-15,1103900.0,spdr_api:gld_historical_archive
2005-07-18,956400.0,spdr_api:gld_historical_archive
2005-07-19,1124800.0,spdr_api:gld_historical_archive
2005-07-20,2266600.0,spdr_api:gld_historical_archive
2005-07-21,1777300.0,spdr_api:gld_historical_archive
2005-07-22,626000.0,spdr_api:gld_historical_archive
2005-07-25,2120100.0,spdr_api:gld_historical_archive
2005-07-26,636900.0,spdr_api:gld_historical_archive
2005-07-27,1527800.0,spdr_api:gld_historical_archive
2005-07-28,3659700.0,spdr_api:gld_historical_archive
2005-07-29,1184300.0,spdr_api:gld_historical_archive
2005-08-01,1493900.0,spdr_api:gld_historical_archive
2005-08-02,699600.0,spdr_api:gld_historical_archive
2005-08-03,1545900.0,spdr_api:gld_historical_archive
2005-08-04,867600.0,spdr_api:gld_historical_archive
2005-08-05,1100600.0,spdr_api:gld_historical_archive
2005-08-08,1108500.0,spdr_api:gld_historical_archive
2005-08-09,1305800.0,spdr_api:gld_historical_archive
2005-08-10,695500.0,spdr_api:gld_historical_archive
2005-08-11,2186100.0,spdr_api:gld_historical_archive
2005-08-12,2428500.0,spdr_api:gld_historical_archive
2005-08-15,1524500.0,spdr_api:gld_historical_archive
2005-08-16,1726800.0,spdr_api:gld_historical_archive
2005-08-17,1989100.0,spdr_api:gld_historical_archive
2005-08-18,1092900.0,spdr_api:gld_historical_archive
2005-08-19,811800.0,spdr_api:gld_historical_archive
2005-08-22,876600.0,spdr_api:gld_historical_archive
2005-08-23,607700.0,spdr_api:gld_historical_archive
2005-08-24,893900.0,spdr_api:gld_historical_archive
2005-08-25,1650600.0,spdr_api:gld_historical_archive
2005-08-26,1301700.0,spdr_api:gld_historical_archive
2005-08-29,1301700.0,spdr_api:gld_historical_archive
2005-08-30,2199400.0,spdr_api:gld_historical_archive
2005-08-31,2416400.0,spdr_api:gld_historical_archive
2005-09-01,2502800.0,spdr_api:gld_historical_archive
2005-09-02,1414900.0,spdr_api:gld_historical_archive
2005-09-06,1414900.0,spdr_api:gld_historical_archive
2005-09-07,1300700.0,spdr_api:gld_historical_archive
2005-09-08,1061100.0,spdr_api:gld_historical_archive
2005-09-09,1393600.0,spdr_api:gld_historical_archive
2005-09-12,752500.0,spdr_api:gld_historical_archive
2005-09-13,951700.0,spdr_api:gld_historical_archive
2005-09-14,1714800.0,spdr_api:gld_historical_archive
2005-09-15,2150000.0,spdr_api:gld_historical_archive
2005-09-16,2150000.0,spdr_api:gld_historical_archive
2005-09-19,5983800.0,spdr_api:gld_historical_archive
2005-09-20,1848500.0,spdr_api:gld_historical_archive
2005-09-21,3681800.0,spdr_api:gld_historical_archive
2005-09-22,2347300.0,spdr_api:gld_historical_archive
2005-09-23,2348800.0,spdr_api:gld_historical_archive
2005-09-26,1360200.0,spdr_api:gld_historical_archive
2005-09-27,2341000.0,spdr_api:gld_historical_archive
2005-09-28,3448000.0,spdr_api:gld_historical_archive
2005-09-29,2947100.0,spdr_api:gld_historical_archive
2005-09-30,1168500.0,spdr_api:gld_historical_archive
2005-10-03,2194900.0,spdr_api:gld_historical_archive
2005-10-04,1764500.0,spdr_api:gld_historical_archive
2005-10-05,1687500.0,spdr_api:gld_historical_archive
2005-10-06,2003000.0,spdr_api:gld_historical_archive
2005-10-07,1820500.0,spdr_api:gld_historical_archive
2005-10-10,1284300.0,spdr_api:gld_historical_archive
2005-10-11,2826900.0,spdr_api:gld_historical_archive
2005-10-12,3930000.0,spdr_api:gld_historical_archive
2005-10-13,2631900.0,spdr_api:gld_historical_archive
2005-10-14,2438700.0,spdr_api:gld_historical_archive
2005-10-17,1784300.0,spdr_api:gld_historical_archive
2005-10-18,1095900.0,spdr_api:gld_historical_archive
2005-10-19,2947900.0,spdr_api:gld_historical_archive
2005-10-20,1671600.0,spdr_api:gld_historical_archive
2005-10-21,1671600.0,spdr_api:gld_historical_archive
2005-10-24,2051300.0,spdr_api:gld_historical_archive
2005-10-25,3290500.0,spdr_api:gld_historical_archive
2005-10-26,2248400.0,spdr_api:gld_historical_archive
2005-10-27,2248400.0,spdr_api:gld_historical_archive
2005-10-28,1431400.0,spdr_api:gld_historical_archive
2005-10-31,2326100.0,spdr_api:gld_historical_archive
2005-11-01,3452900.0,spdr_api:gld_historical_archive
2005-11-02,960300.0,spdr_api:gld_historical_archive
2005-11-03,1694800.0,spdr_api:gld_historical_archive
2005-11-04,1809200.0,spdr_api:gld_historical_archive
2005-11-07,816600.0,spdr_api:gld_historical_archive
2005-11-08,583600.0,spdr_api:gld_historical_archive
2005-11-09,1363200.0,spdr_api:gld_historical_archive
2005-11-10,809800.0,spdr_api:gld_historical_archive
2005-11-11,1467300.0,spdr_api:gld_historical_archive
2005-11-14,705000.0,spdr_api:gld_historical_archive
2005-11-15,1325400.0,spdr_api:gld_historical_archive
2005-11-16,2352500.0,spdr_api:gld_historical_archive
2005-11-17,3965300.0,spdr_api:gld_historical_archive
2005-11-18,1453800.0,spdr_api:gld_historical_archive
2005-11-21,2378800.0,spdr_api:gld_historical_archive
2005-11-22,2799500.0,spdr_api:gld_historical_archive
2005-11-23,1723700.0,spdr_api:gld_historical_archive
2005-11-25,775000.0,spdr_api:gld_historical_archive
2005-11-28,2168700.0,spdr_api:gld_historical_archive
2005-11-29,2279600.0,spdr_api:gld_historical_archive
2005-11-30,1833300.0,spdr_api:gld_historical_archive
2005-12-01,2556900.0,spdr_api:gld_historical_archive
2005-12-02,1644700.0,spdr_api:gld_historical_archive
2005-12-05,1807100.0,spdr_api:gld_historical_archive
2005-12-06,2493500.0,spdr_api:gld_historical_archive
2005-12-07,2279800.0,spdr_api:gld_historical_archive
2005-12-08,3046000.0,spdr_api:gld_historical_archive
2005-12-09,3553400.0,spdr_api:gld_historical_archive
2005-12-12,7498300.0,spdr_api:gld_historical_archive
2005-12-13,6161400.0,spdr_api:gld_historical_archive
2005-12-14,6982200.0,spdr_api:gld_historical_archive
2005-12-15,4644000.0,spdr_api:gld_historical_archive
2005-12-16,2688000.0,spdr_api:gld_historical_archive
2005-12-19,1985300.0,spdr_api:gld_historical_archive
2005-12-20,4317900.0,spdr_api:gld_historical_archive
2005-12-21,3950800.0,spdr_api:gld_historical_archive
2005-12-22,2965300.0,spdr_api:gld_historical_archive
2005-12-23,2877600.0,spdr_api:gld_historical_archive
2005-12-27,4400800.0,spdr_api:gld_historical_archive
2005-12-28,4685700.0,spdr_api:gld_historical_archive
2005-12-29,3275200.0,spdr_api:gld_historical_archive
2005-12-30,2635900.0,spdr_api:gld_historical_archive
2006-01-03,4605300.0,spdr_api:gld_historical_archive
2006-01-04,5284800.0,spdr_api:gld_historical_archive
2006-01-05,7661600.0,spdr_api:gld_historical_archive
2006-01-06,4629800.0,spdr_api:gld_historical_archive
2006-01-09,5393700.0,spdr_api:gld_historical_archive
2006-01-10,5100300.0,spdr_api:gld_historical_archive
2006-01-11,4209500.0,spdr_api:gld_historical_archive
2006-01-12,3601400.0,spdr_api:gld_historical_archive
2006-01-13,4339800.0,spdr_api:gld_historical_archive
2006-01-17,5127700.0,spdr_api:gld_historical_archive
2006-01-18,4544700.0,spdr_api:gld_historical_archive
2006-01-19,5290700.0,spdr_api:gld_historical_archive
2006-01-20,7270400.0,spdr_api:gld_historical_archive
2006-01-23,4969400.0,spdr_api:gld_historical_archive
2006-01-24,3419100.0,spdr_api:gld_historical_archive
2006-01-25,9979600.0,spdr_api:gld_historical_archive
2006-01-26,4287900.0,spdr_api:gld_historical_archive
2006-01-27,4285300.0,spdr_api:gld_historical_archive
2006-01-30,3966600.0,spdr_api:gld_historical_archive
2006-01-31,5009900.0,spdr_api:gld_historical_archive
2006-02-01,4700800.0,spdr_api:gld_historical_archive
2006-02-02,5113000.0,spdr_api:gld_historical_archive
2006-02-03,5051600.0,spdr_api:gld_historical_archive
2006-02-06,5051600.0,spdr_api:gld_historical_archive
2006-02-07,10187600.0,spdr_api:gld_historical_archive
2006-02-08,5375900.0,spdr_api:gld_historical_archive
2006-02-09,5297200.0,spdr_api:gld_historical_archive
2006-02-10,4324800.0,spdr_api:gld_historical_archive
2006-02-13,5122200.0,spdr_api:gld_historical_archive
2006-02-14,3606600.0,spdr_api:gld_historical_archive
2006-02-15,4813900.0,spdr_api:gld_historical_archive
2006-02-16,5588700.0,spdr_api:gld_historical_archive
2006-02-17,3927200.0,spdr_api:gld_historical_archive
2006-02-21,3343500.0,spdr_api:gld_historical_archive
2006-02-22,3835700.0,spdr_api:gld_historical_archive
2006-02-23,2418500.0,spdr_api:gld_historical_archive
2006-02-24,4905900.0,spdr_api:gld_historical_archive
2006-02-27,2271500.0,spdr_api:gld_historical_archive
2006-02-28,3425800.0,spdr_api:gld_historical_archive
2006-03-01,4266300.0,spdr_api:gld_historical_archive
2006-03-02,3842000.0,spdr_api:gld_historical_archive
2006-03-03,3100200.0,spdr_api:gld_historical_archive
2006-03-06,5427100.0,spdr_api:gld_historical_archive
2006-03-07,4385000.0,spdr_api:gld_historical_archive
2006-03-08,6703400.0,spdr_api:gld_historical_archive
2006-03-09,3798400.0,spdr_api:gld_historical_archive
2006-03-10,6487300.0,spdr_api:gld_historical_archive
2006-03-13,2301300.0,spdr_api:gld_historical_archive
2006-03-14,2662500.0,spdr_api:gld_historical_archive
2006-03-15,2662500.0,spdr_api:gld_historical_archive
2006-03-16,3342200.0,spdr_api:gld_historical_archive
2006-03-17,3342200.0,spdr_api:gld_historical_archive
2006-03-20,1853500.0,spdr_api:gld_historical_archive
2006-03-21,4518700.0,spdr_api:gld_historical_archive
2006-03-22,1077300.0,spdr_api:gld_historical_archive
2006-03-23,4000800.0,spdr_api:gld_historical_archive
2006-03-24,3774900.0,spdr_api:gld_historical_archive
2006-03-27,3774900.0,spdr_api:gld_historical_archive
2006-03-28,4081900.0,spdr_api:gld_historical_archive
2006-03-29,3413800.0,spdr_api:gld_historical_archive
2006-03-30,5536000.0,spdr_api:gld_historical_archive
2006-03-31,5873500.0,spdr_api:gld_historical_archive
2006-04-03,4850300.0,spdr_api:gld_historical_archive
2006-04-04,5094400.0,spdr_api:gld_historical_archive
2006-04-05,5094400.0,spdr_api:gld_historical_archive
2006-04-06,5642400.0,spdr_api:gld_historical_archive
2006-04-07,3426300.0,spdr_api:gld_historical_archive
2006-04-10,3680500.0,spdr_api:gld_historical_archive
2006-04-11,5011300.0,spdr_api:gld_historical_archive
2006-04-12,3706400.0,spdr_api:gld_historical_archive
2006-04-13,2812400.0,spdr_api:gld_historical_archive
2006-04-17,6054600.0,spdr_api:gld_historical_archive
2006-04-18,5078700.0,spdr_api:gld_historical_archive
2006-04-19,11280600.0,spdr_api:gld_historical_archive
2006-04-20,12971900.0,spdr_api:gld_historical_archive
2006-04-21,7526700.0,spdr_api:gld_historical_archive
2006-04-24,7353900.0,spdr_api:gld_historical_archive
2006-04-25,5593600.0,spdr_api:gld_historical_archive
2006-04-26,5783600.0,spdr_api:gld_historical_archive
2006-04-27,6421100.0,spdr_api:gld_historical_archive
2006-04-28,8374000.0,spdr_api:gld_historical_archive
2006-05-01,7543500.0,spdr_api:gld_historical_archive
2006-05-02,6191500.0,spdr_api:gld_historical_archive
2006-05-03,11547600.0,spdr_api:gld_historical_archive
2006-05-04,14120500.0,spdr_api:gld_historical_archive
2006-05-05,9269200.0,spdr_api:gld_historical_archive
2006-05-08,6519900.0,spdr_api:gld_historical_archive
2006-05-09,11522300.0,spdr_api:gld_historical_archive
2006-05-10,10292900.0,spdr_api:gld_historical_archive
2006-05-11,10292900.0,spdr_api:gld_historical_archive
2006-05-12,20607900.0,spdr_api:gld_historical_archive
2006-05-15,18356700.0,spdr_api:gld_historical_archive
2006-05-16,12221400.0,spdr_api:gld_historical_archive
2006-05-17,16006300.0,spdr_api:gld_historical_archive
2006-05-18,12715300.0,spdr_api:gld_historical_archive
2006-05-19,12715300.0,spdr_api:gld_historical_archive
2006-05-22,11874700.0,spdr_api:gld_historical_archive
2006-05-23,9909100.0,spdr_api:gld_historical_archive
2006-05-24,1105990.0,spdr_api:gld_historical_archive
2006-05-25,6504200.0,spdr_api:gld_historical_archive
2006-05-26,5264800.0,spdr_api:gld_historical_archive
2006-05-30,8222400.0,spdr_api:gld_historical_archive
2006-05-31,8222400.0,spdr_api:gld_historical_archive
2006-06-01,11749800.0,spdr_api:gld_historical_archive
2006-06-02,6656900.0,spdr_api:gld_historical_archive
2006-06-05,6008900.0,spdr_api:gld_historical_archive
2006-06-06,7174800.0,spdr_api:gld_historical_archive
2006-06-07,10171000.0,spdr_api:gld_historical_archive
2006-06-08,14216500.0,spdr_api:gld_historical_archive
2006-06-09,7414000.0,spdr_api:gld_historical_archive
2006-06-12,4113300.0,spdr_api:gld_historical_archive
2006-06-13,26170400.0,spdr_api:gld_historical_archive
2006-06-14,12641600.0,spdr_api:gld_historical_archive
2006-06-15,11899300.0,spdr_api:gld_historical_archive
2006-06-16,7306400.0,spdr_api:gld_historical_archive
2006-06-19,5734700.0,spdr_api:gld_historical_archive
2006-06-20,5734700.0,spdr_api:gld_historical_archive
2006-06-21,8567400.0,spdr_api:gld_historical_archive
2006-06-22,5374700.0,spdr_api:gld_historical_archive
2006-06-23,5502100.0,spdr_api:gld_historical_archive
2006-06-26,3407300.0,spdr_api:gld_historical_archive
2006-06-27,6514100.0,spdr_api:gld_historical_archive
2006-06-28,2898400.0,spdr_api:gld_historical_archive
2006-06-29,2898400.0,spdr_api:gld_historical_archive
2006-06-30,7765700.0,spdr_api:gld_historical_archive
2006-07-03,7765700.0,spdr_api:gld_historical_archive
2006-07-05,8178300.0,spdr_api:gld_historical_archive
2006-07-06,5680400.0,spdr_api:gld_historical_archive
2006-07-07,5327500.0,spdr_api:gld_historical_archive
2006-07-10,3509100.0,spdr_api:gld_historical_archive
2006-07-11,5382900.0,spdr_api:gld_historical_archive
2006-07-12,9438400.0,spdr_api:gld_historical_archive
2006-07-13,9438400.0,spdr_api:gld_historical_archive
2006-07-14,9730600.0,spdr_api:gld_historical_archive
2006-07-17,9904900.0,spdr_api:gld_historical_archive
2006-07-18,7633700.0,spdr_api:gld_historical_archive
2006-07-19,7633700.0,spdr_api:gld_historical_archive
2006-07-20,6400400.0,spdr_api:gld_historical_archive
2006-07-21,6400400.0,spdr_api:gld_historical_archive
2006-07-24,727850.0,spdr_api:gld_historical_archive
2006-07-25,727850.0,spdr_api:gld_historical_archive
2006-07-26,473640.0,spdr_api:gld_historical_archive
2006-07-27,4690400.0,spdr_api:gld_historical_archive
2006-07-28,4690400.0,spdr_api:gld_historical_archive
2006-07-31,3418900.0,spdr_api:gld_historical_archive
2006-08-01,3418900.0,spdr_api:gld_historical_archive
2006-08-02,4669300.0,spdr_api:gld_historical_archive
2006-08-03,3839300.0,spdr_api:gld_historical_archive
2006-08-04,4809300.0,spdr_api:gld_historical_archive
2006-08-07,4809300.0,spdr_api:gld_historical_archive
2006-08-08,5561600.0,spdr_api:gld_historical_archive
2006-08-09,5561600.0,spdr_api:gld_historical_archive
2006-08-10,5561600.0,spdr_api:gld_historical_archive
2006-08-11,5561600.0,spdr_api:gld_historical_archive
2006-08-14,5561600.0,spdr_api:gld_historical_archive
2006-08-15,3525900.0,spdr_api:gld_historical_archive
2006-08-16,3331400.0,spdr_api:gld_historical_archive
2006-08-17,4214100.0,spdr_api:gld_historical_archive
2006-08-18,6415100.0,spdr_api:gld_historical_archive
2006-08-21,3590300.0,spdr_api:gld_historical_archive
2006-08-22,4064900.0,spdr_api:gld_historical_archive
2006-08-23,3571600.0,spdr_api:gld_historical_archive
2006-08-24,2192300.0,spdr_api:gld_historical_archive
2006-08-25,2192300.0,spdr_api:gld_historical_archive
2006-08-28,3584100.0,spdr_api:gld_historical_archive
2006-08-29,3609300.0,spdr_api:gld_historical_archive
2006-08-30,2900600.0,spdr_api:gld_historical_archive
2006-08-31,4839100.0,spdr_api:gld_historical_archive
2006-09-01,3210200.0,spdr_api:gld_historical_archive
2006-09-05,4219400.0,spdr_api:gld_historical_archive
2006-09-06,3210400.0,spdr_api:gld_historical_archive
2006-09-07,5401600.0,spdr_api:gld_historical_archive
2006-09-08,3692800.0,spdr_api:gld_historical_archive
2006-09-11,10580000.0,spdr_api:gld_historical_archive
2006-09-12,5824600.0,spdr_api:gld_historical_archive
2006-09-13,3537900.0,spdr_api:gld_historical_archive
2006-09-14,7626700.0,spdr_api:gld_historical_archive
2006-09-15,6440600.0,spdr_api:gld_historical_archive
2006-09-18,4437800.0,spdr_api:gld_historical_archive
2006-09-19,5285600.0,spdr_api:gld_historical_archive
2006-09-20,5380800.0,spdr_api:gld_historical_archive
2006-09-21,5380800.0,spdr_api:gld_historical_archive
2006-09-22,3319400.0,spdr_api:gld_historical_archive
2006-09-25,3792300.0,spdr_api:gld_historical_archive
2006-09-26,2763400.0,spdr_api:gld_historical_archive
2006-09-27,2763400.0,spdr_api:gld_historical_archive
2006-09-28,3929300.0,spdr_api:gld_historical_archive
2006-09-29,3200900.0,spdr_api:gld_historical_archive
2006-10-02,2018800.0,spdr_api:gld_historical_archive
2006-10-03,5220400.0,spdr_api:gld_historical_archive
2006-10-04,8149100.0,spdr_api:gld_historical_archive
2006-10-05,8149100.0,spdr_api:gld_historical_archive
2006-10-06,4281000.0,spdr_api:gld_historical_archive
2006-10-09,2688300.0,spdr_api:gld_historical_archive
2006-10-10,3422000.0,spdr_api:gld_historical_archive
2006-10-11,2937500.0,spdr_api:gld_historical_archive
2006-10-12,2777000.0,spdr_api:gld_historical_archive
2006-10-13,3078300.0,spdr_api:gld_historical_archive
2006-10-16,1985800.0,spdr_api:gld_historical_archive
2006-10-17,2656900.0,spdr_api:gld_historical_archive
2006-10-18,3677400.0,spdr_api:gld_historical_archive
2006-10-19,2951900.0,spdr_api:gld_historical_archive
2006-10-20,2951900.0,spdr_api:gld_historical_archive
2006-10-23,3520300.0,spdr_api:gld_historical_archive
2006-10-24,3558200.0,spdr_api:gld_historical_archive
2006-10-25,4380600.0,spdr_api:gld_historical_archive
2006-10-26,5241100.0,spdr_api:gld_historical_archive
2006-10-27,3076600.0,spdr_api:gld_historical_archive
2006-10-30,4675200.0,spdr_api:gld_historical_archive
2006-10-31,4537200.0,spdr_api:gld_historical_archive
2006-11-01,8454900.0,spdr_api:gld_historical_archive
2006-11-02,6678000.0,spdr_api:gld_historical_archive
2006-11-03,7358300.0,spdr_api:gld_historical_archive
2006-11-06,3678000.0,spdr_api:gld_historical_archive
2006-11-07,5327800.0,spdr_api:gld_historical_archive
2006-11-08,5319200.0,spdr_api:gld_historical_archive
2006-11-09,6633500.0,spdr_api:gld_historical_archive
2006-11-10,4436800.0,spdr_api:gld_historical_archive
2006-11-13,4436800.0,spdr_api:gld_historical_archive
2006-11-14,5680700.0,spdr_api:gld_historical_archive
2006-11-15,3760200.0,spdr_api:gld_historical_archive
2006-11-16,4344100.0,spdr_api:gld_historical_archive
2006-11-17,3390600.0,spdr_api:gld_historical_archive
2006-11-20,2947200.0,spdr_api:gld_historical_archive
2006-11-21,2925100.0,spdr_api:gld_historical_archive
2006-11-22,2925100.0,spdr_api:gld_historical_archive
2006-11-24,6885100.0,spdr_api:gld_historical_archive
2006-11-27,5248500.0,spdr_api:gld_historical_archive
2006-11-28,5248500.0,spdr_api:gld_historical_archive
2006-11-29,4005900.0,spdr_api:gld_historical_archive
2006-11-30,6367800.0,spdr_api:gld_historical_archive
2006-12-01,6362300.0,spdr_api:gld_historical_archive
2006-12-04,3465200.0,spdr_api:gld_historical_archive
2006-12-05,5251300.0,spdr_api:gld_historical_archive
2006-12-06,6383600.0,spdr_api:gld_historical_archive
2006-12-07,5378400.0,spdr_api:gld_historical_archive
2006-12-08,6076200.0,spdr_api:gld_historical_archive
2006-12-11,3163800.0,spdr_api:gld_historical_archive
2006-12-12,3016400.0,spdr_api:gld_historical_archive
2006-12-13,3594900.0,spdr_api:gld_historical_archive
2006-12-14,2227300.0,spdr_api:gld_historical_archive
2006-12-15,7426700.0,spdr_api:gld_historical_archive
2006-12-18,3871600.0,spdr_api:gld_historical_archive
2006-12-19,3871600.0,spdr_api:gld_historical_archive
2006-12-20,2979200.0,spdr_api:gld_historical_archive
2006-12-21,2483300.0,spdr_api:gld_historical_archive
2006-12-22,1364900.0,spdr_api:gld_historical_archive
2006-12-26,1975200.0,spdr_api:gld_historical_archive
2006-12-27,2938300.0,spdr_api:gld_historical_archive
2006-12-28,2538800.0,spdr_api:gld_historical_archive
2006-12-29,2538800.0,spdr_api:gld_historical_archive
2007-01-03,8061900.0,spdr_api:gld_historical_archive
2007-01-04,4858600.0,spdr_api:gld_historical_archive
2007-01-05,12499100.0,spdr_api:gld_historical_archive
2007-01-08,3478000.0,spdr_api:gld_historical_archive
2007-01-09,4168400.0,spdr_api:gld_historical_archive
2007-01-10,3765900.0,spdr_api:gld_historical_archive
2007-01-11,4639800.0,spdr_api:gld_historical_archive
2007-01-12,5839700.0,spdr_api:gld_historical_archive
2007-01-16,3201000.0,spdr_api:gld_historical_archive
2007-01-17,4515900.0,spdr_api:gld_historical_archive
2007-01-18,4458100.0,spdr_api:gld_historical_archive
2007-01-19,4458100.0,spdr_api:gld_historical_archive
2007-01-22,3940800.0,spdr_api:gld_historical_archive
2007-01-23,6306700.0,spdr_api:gld_historical_archive
2007-01-24,5241200.0,spdr_api:gld_historical_archive
2007-01-25,5984600.0,spdr_api:gld_historical_archive
2007-01-26,3492600.0,spdr_api:gld_historical_archive
2007-01-29,3492600.0,spdr_api:gld_historical_archive
2007-01-30,3093900.0,spdr_api:gld_historical_archive
2007-01-31,3093900.0,spdr_api:gld_historical_archive
2007-02-01,6283300.0,spdr_api:gld_historical_archive
2007-02-02,9078500.0,spdr_api:gld_historical_archive
2007-02-05,2552800.0,spdr_api:gld_historical_archive
2007-02-06,2928600.0,spdr_api:gld_historical_archive
2007-02-07,3074900.0,spdr_api:gld_historical_archive
2007-02-08,4729100.0,spdr_api:gld_historical_archive
2007-02-09,6813800.0,spdr_api:gld_historical_archive
2007-02-12,6813800.0,spdr_api:gld_historical_archive
2007-02-13,4142505.0,spdr_api:gld_historical_archive
2007-02-14,4172333.0,spdr_api:gld_historical_archive
2007-02-15,7670600.0,spdr_api:gld_historical_archive
2007-02-16,3200100.0,spdr_api:gld_historical_archive
2007-02-20,3200100.0,spdr_api:gld_historical_archive
2007-02-21,11074400.0,spdr_api:gld_historical_archive
2007-02-22,6561700.0,spdr_api:gld_historical_archive
2007-02-23,8124100.0,spdr_api:gld_historical_archive
2007-02-26,5253800.0,spdr_api:gld_historical_archive
2007-02-27,14903400.0,spdr_api:gld_historical_archive
2007-02-28,8917100.0,spdr_api:gld_historical_archive
2007-03-01,7078723.0,spdr_api:gld_historical_archive
2007-03-02,13717500.0,spdr_api:gld_historical_archive
2007-03-05,9828175.0,spdr_api:gld_historical_archive
2007-03-06,6991400.0,spdr_api:gld_historical_archive
2007-03-07,6131300.0,spdr_api:gld_historical_archive
2007-03-08,4284200.0,spdr_api:gld_historical_archive
2007-03-09,9022800.0,spdr_api:gld_historical_archive
2007-03-12,4551300.0,spdr_api:gld_historical_archive
2007-03-13,4330600.0,spdr_api:gld_historical_archive
2007-03-14,7408700.0,spdr_api:gld_historical_archive
2007-03-15,7000200.0,spdr_api:gld_historical_archive
2007-03-16,5040100.0,spdr_api:gld_historical_archive
2007-03-19,2989300.0,spdr_api:gld_historical_archive
2007-03-20,4314600.0,spdr_api:gld_historical_archive
2007-03-21,5025400.0,spdr_api:gld_historical_archive
2007-03-22,4719700.0,spdr_api:gld_historical_archive
2007-03-23,5591800.0,spdr_api:gld_historical_archive
2007-03-26,3907400.0,spdr_api:gld_historical_archive
2007-03-27,3222400.0,spdr_api:gld_historical_archive
2007-03-28,6310000.0,spdr_api:gld_historical_archive
2007-03-29,5386400.0,spdr_api:gld_historical_archive
2007-03-30,4289600.0,spdr_api:gld_historical_archive
2007-04-02,5375500.0,spdr_api:gld_historical_archive
2007-04-03,4136100.0,spdr_api:gld_historical_archive
2007-04-04,7122600.0,spdr_api:gld_historical_archive
2007-04-05,3592000.0,spdr_api:gld_historical_archive
2007-04-09,3296400.0,spdr_api:gld_historical_archive
2007-04-10,2736700.0,spdr_api:gld_historical_archive
2007-04-11,4355700.0,spdr_api:gld_historical_archive
2007-04-12,6021700.0,spdr_api:gld_historical_archive
2007-04-13,5060100.0,spdr_api:gld_historical_archive
2007-04-16,7911500.0,spdr_api:gld_historical_archive
2007-04-17,4154700.0,spdr_api:gld_historical_archive
2007-04-18,4902700.0,spdr_api:gld_historical_archive
2007-04-19,5342000.0,spdr_api:gld_historical_archive
2007-04-20,3432200.0,spdr_api:gld_historical_archive
2007-04-23,2487500.0,spdr_api:gld_historical_archive
2007-04-24,5072400.0,spdr_api:gld_historical_archive
2007-04-25,2613000.0,spdr_api:gld_historical_archive
2007-04-26,4647400.0,spdr_api:gld_historical_archive
2007-04-27,5231100.0,spdr_api:gld_historical_archive
2007-04-30,2605000.0,spdr_api:gld_historical_archive
2007-05-01,3940900.0,spdr_api:gld_historical_archive
2007-05-02,4498900.0,spdr_api:gld_historical_archive
2007-05-03,4498900.0,spdr_api:gld_historical_archive
2007-05-04,3312600.0,spdr_api:gld_historical_archive
2007-05-07,1992100.0,spdr_api:gld_historical_archive
2007-05-08,2475300.0,spdr_api:gld_historical_archive
2007-05-09,4646300.0,spdr_api:gld_historical_archive
2007-05-10,5534900.0,spdr_api:gld_historical_archive
2007-05-11,2937300.0,spdr_api:gld_historical_archive
2007-05-14,5534900.0,spdr_api:gld_historical_archive
2007-05-15,2566300.0,spdr_api:gld_historical_archive
2007-05-16,7266400.0,spdr_api:gld_historical_archive
2007-05-17,8706900.0,spdr_api:gld_historical_archive
2007-05-18,3154000.0,spdr_api:gld_historical_archive
2007-05-21,10953600.0,spdr_api:gld_historical_archive
2007-05-22,5886000.0,spdr_api:gld_historical_archive
2007-05-23,5886000.0,spdr_api:gld_historical_archive
2007-05-24,6222600.0,spdr_api:gld_historical_archive
2007-05-25,4201600.0,spdr_api:gld_historical_archive
2007-05-29,3343100.0,spdr_api:gld_historical_archive
2007-05-30,2740200.0,spdr_api:gld_historical_archive
2007-05-31,7530700.0,spdr_api:gld_historical_archive
2007-06-01,5634500.0,spdr_api:gld_historical_archive
2007-06-04,2626300.0,spdr_api:gld_historical_archive
2007-06-05,3728100.0,spdr_api:gld_historical_archive
2007-06-06,3592400.0,spdr_api:gld_historical_archive
2007-06-07,6394200.0,spdr_api:gld_historical_archive
2007-06-08,7313100.0,spdr_api:gld_historical_archive
2007-06-11,4603500.0,spdr_api:gld_historical_archive
2007-06-12,4072900.0,spdr_api:gld_historical_archive
2007-06-13,2800600.0,spdr_api:gld_historical_archive
2007-06-14,2165100.0,spdr_api:gld_historical_archive
2007-06-15,3031500.0,spdr_api:gld_historical_archive
2007-06-18,1785000.0,spdr_api:gld_historical_archive
2007-06-19,1785000.0,spdr_api:gld_historical_archive
2007-06-20,2584200.0,spdr_api:gld_historical_archive
2007-06-21,2708800.0,spdr_api:gld_historical_archive
2007-06-22,1889800.0,spdr_api:gld_historical_archive
2007-06-25,3423100.0,spdr_api:gld_historical_archive
2007-06-26,8273400.0,spdr_api:gld_historical_archive
2007-06-27,4682700.0,spdr_api:gld_historical_archive
2007-06-28,4231400.0,spdr_api:gld_historical_archive
2007-06-29,2756400.0,spdr_api:gld_historical_archive
2007-07-02,2756400.0,spdr_api:gld_historical_archive
2007-07-03,2702300.0,spdr_api:gld_historical_archive
2007-07-05,4324000.0,spdr_api:gld_historical_archive
2007-07-06,4324000.0,spdr_api:gld_historical_archive
2007-07-09,8077400.0,spdr_api:gld_historical_archive
2007-07-10,4015800.0,spdr_api:gld_historical_archive
2007-07-11,3646000.0,spdr_api:gld_historical_archive
2007-07-12,5870500.0,spdr_api:gld_historical_archive
2007-07-13,3815400.0,spdr_api:gld_historical_archive
2007-07-16,4579600.0,spdr_api:gld_historical_archive
2007-07-17,1876500.0,spdr_api:gld_historical_archive
2007-07-18,8538200.0,spdr_api:gld_historical_archive
2007-07-19,4607500.0,spdr_api:gld_historical_archive
2007-07-20,5406600.0,spdr_api:gld_historical_archive
2007-07-23,3892000.0,spdr_api:gld_historical_archive
2007-07-24,3762100.0,spdr_api:gld_historical_archive
2007-07-25,3762100.0,spdr_api:gld_historical_archive
2007-07-26,10700700.0,spdr_api:gld_historical_archive
2007-07-27,5341800.0,spdr_api:gld_historical_archive
2007-07-30,3045800.0,spdr_api:gld_historical_archive
2007-07-31,4006500.0,spdr_api:gld_historical_archive
2007-08-01,6362800.0,spdr_api:gld_historical_archive
2007-08-02,5318300.0,spdr_api:gld_historical_archive
2007-08-03,10729700.0,spdr_api:gld_historical_archive
2007-08-06,2972000.0,spdr_api:gld_historical_archive
2007-08-07,4146900.0,spdr_api:gld_historical_archive
2007-08-08,4252100.0,spdr_api:gld_historical_archive
2007-08-09,9402100.0,spdr_api:gld_historical_archive
2007-08-10,8822200.0,spdr_api:gld_historical_archive
2007-08-13,3639900.0,spdr_api:gld_historical_archive
2007-08-14,4746100.0,spdr_api:gld_historical_archive
2007-08-15,5584200.0,spdr_api:gld_historical_archive
2007-08-16,18338200.0,spdr_api:gld_historical_archive
2007-08-17,6369100.0,spdr_api:gld_historical_archive
2007-08-20,4409700.0,spdr_api:gld_historical_archive
2007-08-21,4478300.0,spdr_api:gld_historical_archive
2007-08-22,4227400.0,spdr_api:gld_historical_archive
2007-08-23,3026600.0,spdr_api:gld_historical_archive
2007-08-24,3646800.0,spdr_api:gld_historical_archive
2007-08-27,1863700.0,spdr_api:gld_historical_archive
2007-08-28,3472000.0,spdr_api:gld_historical_archive
2007-08-29,4468700.0,spdr_api:gld_historical_archive
2007-08-30,3027700.0,spdr_api:gld_historical_archive
2007-08-31,4082100.0,spdr_api:gld_historical_archive
2007-09-04,6581800.0,spdr_api:gld_historical_archive
2007-09-05,6267400.0,spdr_api:gld_historical_archive
2007-09-06,15867300.0,spdr_api:gld_historical_archive
2007-09-07,14353900.0,spdr_api:gld_historical_archive
2007-09-10,7595700.0,spdr_api:gld_historical_archive
2007-09-11,11171500.0,spdr_api:gld_historical_archive
2007-09-12,11171500.0,spdr_api:gld_historical_archive
2007-09-13,4589200.0,spdr_api:gld_historical_archive
2007-09-14,7731300.0,spdr_api:gld_historical_archive
2007-09-17,7438200.0,spdr_api:gld_historical_archive
2007-09-18,14224000.0,spdr_api:gld_historical_archive
2007-09-19,10433600.0,spdr_api:gld_historical_archive
2007-09-20,11929400.0,spdr_api:gld_historical_archive
2007-09-21,9935700.0,spdr_api:gld_historical_archive
2007-09-24,6475000.0,spdr_api:gld_historical_archive
2007-09-25,5482400.0,spdr_api:gld_historical_archive
2007-09-26,9416200.0,spdr_api:gld_historical_archive
2007-09-27,5726800.0,spdr_api:gld_historical_archive
2007-09-28,8821200.0,spdr_api:gld_historical_archive
2007-10-01,4817600.0,spdr_api:gld_historical_archive
2007-10-02,10711400.0,spdr_api:gld_historical_archive
2007-10-03,8182500.0,spdr_api:gld_historical_archive
2007-10-04,9173500.0,spdr_api:gld_historical_archive
2007-10-05,10595800.0,spdr_api:gld_historical_archive
2007-10-08,3447300.0,spdr_api:gld_historical_archive
2007-10-09,7415500.0,spdr_api:gld_historical_archive
2007-10-10,4596400.0,spdr_api:gld_historical_archive
2007-10-11,10290200.0,spdr_api:gld_historical_archive
2007-10-12,3598200.0,spdr_api:gld_historical_archive
2007-10-15,6702000.0,spdr_api:gld_historical_archive
2007-10-16,6702000.0,spdr_api:gld_historical_archive
2007-10-17,8929300.0,spdr_api:gld_historical_archive
2007-10-18,5638500.0,spdr_api:gld_historical_archive
2007-10-19,9502600.0,spdr_api:gld_historical_archive
2007-10-22,8627100.0,spdr_api:gld_historical_archive
2007-10-23,3064700.0,spdr_api:gld_historical_archive
2007-10-24,5657700.0,spdr_api:gld_historical_archive
2007-10-25,5930100.0,spdr_api:gld_historical_archive
2007-10-26,8542500.0,spdr_api:gld_historical_archive
2007-10-29,6879900.0,spdr_api:gld_historical_archive
2007-10-30,6879900.0,spdr_api:gld_historical_archive
2007-10-31,8813700.0,spdr_api:gld_historical_archive
2007-11-01,7544100.0,spdr_api:gld_historical_archive
2007-11-02,9903600.0,spdr_api:gld_historical_archive
2007-11-05,5024300.0,spdr_api:gld_historical_archive
2007-11-06,7677325.0,spdr_api:gld_historical_archive
2007-11-07,16463500.0,spdr_api:gld_historical_archive
2007-11-08,17344800.0,spdr_api:gld_historical_archive
2007-11-09,6938700.0,spdr_api:gld_historical_archive
2007-11-13,11436900.0,spdr_api:gld_historical_archive
2007-11-14,5698200.0,spdr_api:gld_historical_archive
2007-11-15,10895300.0,spdr_api:gld_historical_archive
2007-11-16,8064300.0,spdr_api:gld_historical_archive
2007-11-19,6064300.0,spdr_api:gld_historical_archive
2007-11-20,12053000.0,spdr_api:gld_historical_archive
2007-11-21,7261000.0,spdr_api:gld_historical_archive
2007-11-23,5199100.0,spdr_api:gld_historical_archive
2007-11-26,7432800.0,spdr_api:gld_historical_archive
2007-11-27,7228300.0,spdr_api:gld_historical_archive
2007-11-28,9703000.0,spdr_api:gld_historical_archive
2007-11-29,9292100.0,spdr_api:gld_historical_archive
2007-11-30,9446800.0,spdr_api:gld_historical_archive
2007-12-03,6225900.0,spdr_api:gld_historical_archive
2007-12-04,7704900.0,spdr_api:gld_historical_archive
2007-12-05,7684600.0,spdr_api:gld_historical_archive
2007-12-06,6811400.0,spdr_api:gld_historical_archive
2007-12-07,8328400.0,spdr_api:gld_historical_archive
2007-12-10,4846700.0,spdr_api:gld_historical_archive
2007-12-11,9563400.0,spdr_api:gld_historical_archive
2007-12-12,9697000.0,spdr_api:gld_historical_archive
2007-12-13,9552000.0,spdr_api:gld_historical_archive
2007-12-14,6809700.0,spdr_api:gld_historical_archive
2007-12-17,6493430.0,spdr_api:gld_historical_archive
2007-12-18,6755705.0,spdr_api:gld_historical_archive
2007-12-19,5638300.0,spdr_api:gld_historical_archive
2007-12-20,6327730.0,spdr_api:gld_historical_archive
2007-12-21,4582100.0,spdr_api:gld_historical_archive
2007-12-24,2863500.0,spdr_api:gld_historical_archive
2007-12-26,5849100.0,spdr_api:gld_historical_archive
2007-12-27,5043196.0,spdr_api:gld_historical_archive
2007-12-28,5141898.0,spdr_api:gld_historical_archive
2007-12-31,3815254.0,spdr_api:gld_historical_archive
2008-01-02,12287722.0,spdr_api:gld_historical_archive
2008-01-03,9537009.0,spdr_api:gld_historical_archive
2008-01-04,8372915.0,spdr_api:gld_historical_archive
2008-01-07,6943505.0,spdr_api:gld_historical_archive
2008-01-08,9560800.0,spdr_api:gld_historical_archive
2008-01-09,10077400.0,spdr_api:gld_historical_archive
2008-01-10,12891755.0,spdr_api:gld_historical_archive
2008-01-11,6975348.0,spdr_api:gld_historical_archive
2008-01-14,10067336.0,spdr_api:gld_historical_archive
2008-01-15,23833800.0,spdr_api:gld_historical_archive
2008-01-16,26915009.0,spdr_api:gld_historical_archive
2008-01-17,13569100.0,spdr_api:gld_historical_archive
2008-01-18,9092084.0,spdr_api:gld_historical_archive
2008-01-22,20676782.0,spdr_api:gld_historical_archive
2008-01-23,20676782.0,spdr_api:gld_historical_archive
2008-01-24,14277753.0,spdr_api:gld_historical_archive
2008-01-25,9699221.0,spdr_api:gld_historical_archive
2008-01-28,8530248.0,spdr_api:gld_historical_archive
2008-01-29,9088590.0,spdr_api:gld_historical_archive
2008-01-30,14331405.0,spdr_api:gld_historical_archive
2008-01-31,7756069.0,spdr_api:gld_historical_archive
2008-02-01,19631186.0,spdr_api:gld_historical_archive
2008-02-04,10279374.0,spdr_api:gld_historical_archive
2008-02-05,11167683.0,spdr_api:gld_historical_archive
2008-02-06,8781561.0,spdr_api:gld_historical_archive
2008-02-07,8781561.0,spdr_api:gld_historical_archive
2008-02-08,9110642.0,spdr_api:gld_historical_archive
2008-02-11,6831824.0,spdr_api:gld_historical_archive
2008-02-12,10224787.0,spdr_api:gld_historical_archive
2008-02-13,10086399.0,spdr_api:gld_historical_archive
2008-02-14,6880469.0,spdr_api:gld_historical_archive
2008-02-15,5584453.0,spdr_api:gld_historical_archive
2008-02-19,8333611.0,spdr_api:gld_historical_archive
2008-02-20,10628381.0,spdr_api:gld_historical_archive
2008-02-21,12949710.0,spdr_api:gld_historical_archive
2008-02-22,7562715.0,spdr_api:gld_historical_archive
2008-02-25,11950923.0,spdr_api:gld_historical_archive
2008-02-26,8472752.0,spdr_api:gld_historical_archive
2008-02-27,9907356.0,spdr_api:gld_historical_archive
2008-02-28,11154896.0,spdr_api:gld_historical_archive
2008-02-29,9345704.0,spdr_api:gld_historical_archive
2008-03-03,11467095.0,spdr_api:gld_historical_archive
2008-03-04,21338114.0,spdr_api:gld_historical_archive
2008-03-05,15337709.0,spdr_api:gld_historical_archive
2008-03-06,18540759.0,spdr_api:gld_historical_archive
2008-03-07,10066495.0,spdr_api:gld_historical_archive
2008-03-10,10851906.0,spdr_api:gld_historical_archive
2008-03-11,14335106.0,spdr_api:gld_historical_archive
2008-03-12,8162995.0,spdr_api:gld_historical_archive
2008-03-13,14668257.0,spdr_api:gld_historical_archive
2008-03-14,17524411.0,spdr_api:gld_historical_archive
2008-03-17,26498872.0,spdr_api:gld_historical_archive
2008-03-18,20916744.0,spdr_api:gld_historical_archive
2008-03-19,37274017.0,spdr_api:gld_historical_archive
2008-03-20,28805658.0,spdr_api:gld_historical_archive
2008-03-24,14316957.0,spdr_api:gld_historical_archive
2008-03-25,15833177.0,spdr_api:gld_historical_archive
2008-03-26,12326954.0,spdr_api:gld_historical_archive
2008-03-27,7553537.0,spdr_api:gld_historical_archive
2008-03-28,8784234.0,spdr_api:gld_historical_archive
2008-03-31,11152944.0,spdr_api:gld_historical_archive
2008-04-01,23658452.0,spdr_api:gld_historical_archive
2008-04-02,13526377.0,spdr_api:gld_historical_archive
2008-04-03,9319513.0,spdr_api:gld_historical_archive
2008-04-04,7225527.0,spdr_api:gld_historical_archive
2008-04-07,8184582.0,spdr_api:gld_historical_archive
2008-04-08,8184582.0,spdr_api:gld_historical_archive
2008-04-09,10563995.0,spdr_api:gld_historical_archive
2008-04-10,7755368.0,spdr_api:gld_historical_archive
2008-04-11,6544612.0,spdr_api:gld_historical_archive
2008-04-14,4674990.0,spdr_api:gld_historical_archive
2008-04-15,6630252.0,spdr_api:gld_historical_archive
2008-04-16,8465634.0,spdr_api:gld_historical_archive
2008-04-17,6869559.0,spdr_api:gld_historical_archive
2008-04-18,11366844.0,spdr_api:gld_historical_archive
2008-04-21,11900374.0,spdr_api:gld_historical_archive
2008-04-22,14043018.0,spdr_api:gld_historical_archive
2008-04-23,18133799.0,spdr_api:gld_historical_archive
2008-04-24,22797715.0,spdr_api:gld_historical_archive
2008-04-25,11178208.0,spdr_api:gld_historical_archive
2008-04-28,8007796.0,spdr_api:gld_historical_archive
2008-04-29,14669630.0,spdr_api:gld_historical_archive
2008-04-30,17662043.0,spdr_api:gld_historical_archive
2008-05-01,17661682.0,spdr_api:gld_historical_archive
2008-05-02,8741890.0,spdr_api:gld_historical_archive
2008-05-05,7379471.0,spdr_api:gld_historical_archive
2008-05-06,10755616.0,spdr_api:gld_historical_archive
2008-05-07,7212602.0,spdr_api:gld_historical_archive
2008-05-08,8607367.0,spdr_api:gld_historical_archive
2008-05-09,9923915.0,spdr_api:gld_historical_archive
2008-05-12,5009801.0,spdr_api:gld_historical_archive
2008-05-13,7355168.0,spdr_api:gld_historical_archive
2008-05-14,8645497.0,spdr_api:gld_historical_archive
2008-05-15,9433431.0,spdr_api:gld_historical_archive
2008-05-16,12067594.0,spdr_api:gld_historical_archive
2008-05-19,5930941.0,spdr_api:gld_historical_archive
2008-05-20,10674613.0,spdr_api:gld_historical_archive
2008-05-21,11333299.0,spdr_api:gld_historical_archive
2008-05-22,8863292.0,spdr_api:gld_historical_archive
2008-05-23,6062290.0,spdr_api:gld_historical_archive
2008-05-27,7599457.0,spdr_api:gld_historical_archive
2008-05-28,8103715.0,spdr_api:gld_historical_archive
2008-05-29,12692798.0,spdr_api:gld_historical_archive
2008-05-30,4943254.0,spdr_api:gld_historical_archive
2008-06-02,5276290.0,spdr_api:gld_historical_archive
2008-06-03,8394689.0,spdr_api:gld_historical_archive
2008-06-04,7154943.0,spdr_api:gld_historical_archive
2008-06-05,14121415.0,spdr_api:gld_historical_archive
2008-06-06,17422366.0,spdr_api:gld_historical_archive
2008-06-09,9171428.0,spdr_api:gld_historical_archive
2008-06-10,13902950.0,spdr_api:gld_historical_archive
2008-06-11,10150255.0,spdr_api:gld_historical_archive
2008-06-12,9820658.0,spdr_api:gld_historical_archive
2008-06-13,8420641.0,spdr_api:gld_historical_archive
2008-06-16,6990402.0,spdr_api:gld_historical_archive
2008-06-17,5280832.0,spdr_api:gld_historical_archive
2008-06-18,7787373.0,spdr_api:gld_historical_archive
2008-06-19,10519586.0,spdr_api:gld_historical_archive
2008-06-20,10053595.0,spdr_api:gld_historical_archive
2008-06-23,12771195.0,spdr_api:gld_historical_archive
2008-06-24,7394058.0,spdr_api:gld_historical_archive
2008-06-25,10833908.0,spdr_api:gld_historical_archive
2008-06-26,18393322.0,spdr_api:gld_historical_archive
2008-06-27,14481600.0,spdr_api:gld_historical_archive
2008-06-30,7256012.0,spdr_api:gld_historical_archive
2008-07-01,15453792.0,spdr_api:gld_historical_archive
2008-07-02,11454515.0,spdr_api:gld_historical_archive
2008-07-03,9603917.0,spdr_api:gld_historical_archive
2008-07-07,12297989.0,spdr_api:gld_historical_archive
2008-07-08,11212363.0,spdr_api:gld_historical_archive
2008-07-09,11356937.0,spdr_api:gld_historical_archive
2008-07-10,16798989.0,spdr_api:gld_historical_archive
2008-07-11,25868281.0,spdr_api:gld_historical_archive
2008-07-14,21228829.0,spdr_api:gld_historical_archive
2008-07-15,30310688.0,spdr_api:gld_historical_archive
2008-07-16,19879022.0,spdr_api:gld_historical_archive
2008-07-17,25111203.0,spdr_api:gld_historical_archive
2008-07-18,8582021.0,spdr_api:gld_historical_archive
2008-07-21,7266333.0,spdr_api:gld_historical_archive
2008-07-22,17538823.0,spdr_api:gld_historical_archive
2008-07-23,25788410.0,spdr_api:gld_historical_archive
2008-07-24,13064797.0,spdr_api:gld_historical_archive
2008-07-25,7595913.0,spdr_api:gld_historical_archive
2008-07-28,8585471.0,spdr_api:gld_historical_archive
2008-07-29,12984758.0,spdr_api:gld_historical_archive
2008-07-30,17346834.0,spdr_api:gld_historical_archive
2008-07-31,10946180.0,spdr_api:gld_historical_archive
2008-08-01,10892597.0,spdr_api:gld_historical_archive
2008-08-04,14767839.0,spdr_api:gld_historical_archive
2008-08-05,20183037.0,spdr_api:gld_historical_archive
2008-08-06,20183037.0,spdr_api:gld_historical_archive
2008-08-07,9946027.0,spdr_api:gld_historical_archive
2008-08-08,13352431.0,spdr_api:gld_historical_archive
2008-08-11,23494759.0,spdr_api:gld_historical_archive
2008-08-12,20076232.0,spdr_api:gld_historical_archive
2008-08-13,20076232.0,spdr_api:gld_historical_archive
2008-08-14,15274896.0,spdr_api:gld_historical_archive
2008-08-15,29734037.0,spdr_api:gld_historical_archive
2008-08-18,14046472.0,spdr_api:gld_historical_archive
2008-08-19,16751400.0,spdr_api:gld_historical_archive
2008-08-20,14702444.0,spdr_api:gld_historical_archive
2008-08-21,16991565.0,spdr_api:gld_historical_archive
2008-08-22,7853434.0,spdr_api:gld_historical_archive
2008-08-25,6510071.0,spdr_api:gld_historical_archive
2008-08-26,8575303.0,spdr_api:gld_historical_archive
2008-08-27,7080887.0,spdr_api:gld_historical_archive
2008-08-28,9338740.0,spdr_api:gld_historical_archive
2008-08-29,5110391.0,spdr_api:gld_historical_archive
2008-09-02,12583139.0,spdr_api:gld_historical_archive
2008-09-03,10702547.0,spdr_api:gld_historical_archive
2008-09-04,10866555.0,spdr_api:gld_historical_archive
2008-09-05,10721886.0,spdr_api:gld_historical_archive
2008-09-08,10009974.0,spdr_api:gld_historical_archive
2008-09-09,20180940.0,spdr_api:gld_historical_archive
2008-09-10,29326809.0,spdr_api:gld_historical_archive
2008-09-11,23667947.0,spdr_api:gld_historical_archive
2008-09-12,17584894.0,spdr_api:gld_historical_archive
2008-09-15,16957330.0,spdr_api:gld_historical_archive
2008-09-16,17050993.0,spdr_api:gld_historical_archive
2008-09-17,63993132.0,spdr_api:gld_historical_archive
2008-09-18,59686787.0,spdr_api:gld_historical_archive
2008-09-19,25444953.0,spdr_api:gld_historical_archive
2008-09-22,35167342.0,spdr_api:gld_historical_archive
2008-09-23,22180041.0,spdr_api:gld_historical_archive
2008-09-24,17234705.0,spdr_api:gld_historical_archive
2008-09-25,20654399.0,spdr_api:gld_historical_archive
2008-09-26,21940579.0,spdr_api:gld_historical_archive
2008-09-29,40076486.0,spdr_api:gld_historical_archive
2008-09-30,20422605.0,spdr_api:gld_historical_archive
2008-10-01,16756333.0,spdr_api:gld_historical_archive
2008-10-02,22635427.0,spdr_api:gld_historical_archive
2008-10-03,24018664.0,spdr_api:gld_historical_archive
2008-10-06,21659132.0,spdr_api:gld_historical_archive
2008-10-07,20182595.0,spdr_api:gld_historical_archive
2008-10-08,31191147.0,spdr_api:gld_historical_archive
2008-10-09,19925067.0,spdr_api:gld_historical_archive
2008-10-10,44700398.0,spdr_api:gld_historical_archive
2008-10-13,16993160.0,spdr_api:gld_historical_archive
2008-10-14,12361731.0,spdr_api:gld_historical_archive
2008-10-15,16853259.0,spdr_api:gld_historical_archive
2008-10-16,30612790.0,spdr_api:gld_historical_archive
2008-10-17,15267076.0,spdr_api:gld_historical_archive
2008-10-20,9297545.0,spdr_api:gld_historical_archive
2008-10-21,10846414.0,spdr_api:gld_historical_archive
2008-10-22,23270326.0,spdr_api:gld_historical_archive
2008-10-23,16643525.0,spdr_api:gld_historical_archive
2008-10-24,22465431.0,spdr_api:gld_historical_archive
2008-10-27,12120676.0,spdr_api:gld_historical_archive
2008-10-28,8457205.0,spdr_api:gld_historical_archive
2008-10-29,16113857.0,spdr_api:gld_historical_archive
2008-10-30,10880541.0,spdr_api:gld_historical_archive
2008-10-31,9510402.0,spdr_api:gld_historical_archive
2008-11-03,6792400.0,spdr_api:gld_historical_archive
2008-11-04,11409111.0,spdr_api:gld_historical_archive
2008-11-05,10312445.0,spdr_api:gld_historical_archive
2008-11-06,10683466.0,spdr_api:gld_historical_archive
2008-11-07,6050955.0,spdr_api:gld_historical_archive
2008-11-10,6084449.0,spdr_api:gld_historical_archive
2008-11-11,8353961.0,spdr_api:gld_historical_archive
2008-11-12,10024473.0,spdr_api:gld_historical_archive
2008-11-13,16792716.0,spdr_api:gld_historical_archive
2008-11-14,12800488.0,spdr_api:gld_historical_archive
2008-11-17,7699388.0,spdr_api:gld_historical_archive
2008-11-18,8134771.0,spdr_api:gld_historical_archive
2008-11-19,13944519.0,spdr_api:gld_historical_archive
2008-11-20,13199675.0,spdr_api:gld_historical_archive
2008-11-21,30153952.0,spdr_api:gld_historical_archive
2008-11-24,19808377.0,spdr_api:gld_historical_archive
2008-11-25,17519288.0,spdr_api:gld_historical_archive
2008-11-26,9134617.0,spdr_api:gld_historical_archive
2008-11-28,3655557.0,spdr_api:gld_historical_archive
2008-12-01,13106356.0,spdr_api:gld_historical_archive
2008-12-02,6935498.0,spdr_api:gld_historical_archive
2008-12-03,10681957.0,spdr_api:gld_historical_archive
2008-12-04,11823697.0,spdr_api:gld_historical_archive
2008-12-05,13388709.0,spdr_api:gld_historical_archive
2008-12-08,7235341.0,spdr_api:gld_historical_archive
2008-12-09,7235341.0,spdr_api:gld_historical_archive
2008-12-10,7235341.0,spdr_api:gld_historical_archive
2008-12-11,13966689.0,spdr_api:gld_historical_archive
2008-12-12,12533687.0,spdr_api:gld_historical_archive
2008-12-15,14988571.0,spdr_api:gld_historical_archive
2008-12-16,18628928.0,spdr_api:gld_historical_archive
2008-12-17,21915042.0,spdr_api:gld_historical_archive
2008-12-18,17153667.0,spdr_api:gld_historical_archive
2008-12-19,9121136.0,spdr_api:gld_historical_archive
2008-12-22,6688923.0,spdr_api:gld_historical_archive
2008-12-23,6322080.0,spdr_api:gld_historical_archive
2008-12-24,2065648.0,spdr_api:gld_historical_archive
2008-12-26,5071111.0,spdr_api:gld_historical_archive
2008-12-29,9059941.0,spdr_api:gld_historical_archive
2008-12-30,7122360.0,spdr_api:gld_historical_archive
2008-12-31,7814384.0,spdr_api:gld_historical_archive
2009-01-02,6407918.0,spdr_api:gld_historical_archive
2009-01-05,9517006.0,spdr_api:gld_historical_archive
2009-01-06,12862225.0,spdr_api:gld_historical_archive
2009-01-07,13364106.0,spdr_api:gld_historical_archive
2009-01-08,10673297.0,spdr_api:gld_historical_archive
2009-01-09,8858409.0,spdr_api:gld_historical_archive
2009-01-12,14743619.0,spdr_api:gld_historical_archive
2009-01-13,10014777.0,spdr_api:gld_historical_archive
2009-01-14,15595449.0,spdr_api:gld_historical_archive
2009-01-15,16713582.0,spdr_api:gld_historical_archive
2009-01-16,16454745.0,spdr_api:gld_historical_archive
2009-01-20,16706195.0,spdr_api:gld_historical_archive
2009-01-21,12260015.0,spdr_api:gld_historical_archive
2009-01-22,18541838.0,spdr_api:gld_historical_archive
2009-01-23,33989287.0,spdr_api:gld_historical_archive
2009-01-26,19078236.0,spdr_api:gld_historical_archive
2009-01-27,11689437.0,spdr_api:gld_historical_archive
2009-01-28,18378683.0,spdr_api:gld_historical_archive
2009-01-29,21097727.0,spdr_api:gld_historical_archive
2009-01-30,21222353.0,spdr_api:gld_historical_archive
2009-02-02,16972384.0,spdr_api:gld_historical_archive
2009-02-03,17510579.0,spdr_api:gld_historical_archive
2009-02-04,14250582.0,spdr_api:gld_historical_archive
2009-02-05,17038598.0,spdr_api:gld_historical_archive
2009-02-06,12330190.0,spdr_api:gld_historical_archive
2009-02-09,21207803.0,spdr_api:gld_historical_archive
2009-02-10,21207803.0,spdr_api:gld_historical_archive
2009-02-11,55337818.0,spdr_api:gld_historical_archive
2009-02-12,38701518.0,spdr_api:gld_historical_archive
2009-02-13,14650168.0,spdr_api:gld_historical_archive
2009-02-17,26915394.0,spdr_api:gld_historical_archive
2009-02-18,29209395.0,spdr_api:gld_historical_archive
2009-02-19,21152593.0,spdr_api:gld_historical_archive
2009-02-20,43793054.0,spdr_api:gld_historical_archive
2009-02-23,24256458.0,spdr_api:gld_historical_archive
2009-02-24,37433948.0,spdr_api:gld_historical_archive
2009-02-25,26093686.0,spdr_api:gld_historical_archive
2009-02-26,28727365.0,spdr_api:gld_historical_archive
2009-02-27,30548766.0,spdr_api:gld_historical_archive
2009-03-02,24156441.0,spdr_api:gld_historical_archive
2009-03-03,27971113.0,spdr_api:gld_historical_archive
2009-03-04,19203529.0,spdr_api:gld_historical_archive
2009-03-05,19203529.0,spdr_api:gld_historical_archive
2009-03-06,22389744.0,spdr_api:gld_historical_archive
2009-03-09,18277619.0,spdr_api:gld_historical_archive
2009-03-10,25633059.0,spdr_api:gld_historical_archive
2009-03-11,16657389.0,spdr_api:gld_historical_archive
2009-03-12,20042936.0,spdr_api:gld_historical_archive
2009-03-13,11637244.0,spdr_api:gld_historical_archive
2009-03-16,11773565.0,spdr_api:gld_historical_archive
2009-03-17,10047100.0,spdr_api:gld_historical_archive
2009-03-18,59094452.0,spdr_api:gld_historical_archive
2009-03-19,34985877.0,spdr_api:gld_historical_archive
2009-03-20,18060342.0,spdr_api:gld_historical_archive
2009-03-23,17632898.0,spdr_api:gld_historical_archive
2009-03-24,16969879.0,spdr_api:gld_historical_archive
2009-03-25,24776702.0,spdr_api:gld_historical_archive
2009-03-26,12362184.0,spdr_api:gld_historical_archive
2009-03-27,11592315.0,spdr_api:gld_historical_archive
2009-03-30,16417742.0,spdr_api:gld_historical_archive
2009-03-31,14386586.0,spdr_api:gld_historical_archive
2009-04-01,12033440.0,spdr_api:gld_historical_archive
2009-04-02,24776270.0,spdr_api:gld_historical_archive
2009-04-03,16336518.0,spdr_api:gld_historical_archive
2009-04-06,22847208.0,spdr_api:gld_historical_archive
2009-04-07,10993207.0,spdr_api:gld_historical_archive
2009-04-08,12210871.0,spdr_api:gld_historical_archive
2009-04-09,9591897.0,spdr_api:gld_historical_archive
2009-04-13,7208637.0,spdr_api:gld_historical_archive
2009-04-14,7111933.0,spdr_api:gld_historical_archive
2009-04-15,6802489.0,spdr_api:gld_historical_archive
2009-04-16,20997219.0,spdr_api:gld_historical_archive
2009-04-17,22303113.0,spdr_api:gld_historical_archive
2009-04-20,12518946.0,spdr_api:gld_historical_archive
2009-04-21,10609803.0,spdr_api:gld_historical_archive
2009-04-22,10035428.0,spdr_api:gld_historical_archive
2009-04-23,15938518.0,spdr_api:gld_historical_archive
2009-04-24,11420872.0,spdr_api:gld_historical_archive
2009-04-27,7145784.0,spdr_api:gld_historical_archive
2009-04-28,8550135.0,spdr_api:gld_historical_archive
2009-04-29,8066580.0,spdr_api:gld_historical_archive
2009-04-30,9695880.0,spdr_api:gld_historical_archive
2009-05-01,6116339.0,spdr_api:gld_historical_archive
2009-05-04,10802148.0,spdr_api:gld_historical_archive
2009-05-05,9943047.0,spdr_api:gld_historical_archive
2009-05-06,11316045.0,spdr_api:gld_historical_archive
2009-05-07,14792582.0,spdr_api:gld_historical_archive
2009-05-08,10886265.0,spdr_api:gld_historical_archive
2009-05-11,12115519.0,spdr_api:gld_historical_archive
2009-05-12,15705000.0,spdr_api:gld_historical_archive
2009-05-13,17161412.0,spdr_api:gld_historical_archive
2009-05-14,8012973.0,spdr_api:gld_historical_archive
2009-05-15,11640366.0,spdr_api:gld_historical_archive
2009-05-18,17331687.0,spdr_api:gld_historical_archive
2009-05-19,9635527.0,spdr_api:gld_historical_archive
2009-05-20,18034146.0,spdr_api:gld_historical_archive
2009-05-21,21792014.0,spdr_api:gld_historical_archive
2009-05-22,15384864.0,spdr_api:gld_historical_archive
2009-05-26,12347920.0,spdr_api:gld_historical_archive
2009-05-27,13682474.0,spdr_api:gld_historical_archive
2009-05-28,14950527.0,spdr_api:gld_historical_archive
2009-05-29,18116993.0,spdr_api:gld_historical_archive
2009-06-01,17688896.0,spdr_api:gld_historical_archive
2009-06-02,14471904.0,spdr_api:gld_historical_archive
2009-06-03,18197441.0,spdr_api:gld_historical_archive
2009-06-04,13580234.0,spdr_api:gld_historical_archive
2009-06-05,18524199.0,spdr_api:gld_historical_archive
2009-06-08,11541848.0,spdr_api:gld_historical_archive
2009-06-09,9475674.0,spdr_api:gld_historical_archive
2009-06-10,14436889.0,spdr_api:gld_historical_archive
2009-06-11,14661215.0,spdr_api:gld_historical_archive
2009-06-12,13805387.0,spdr_api:gld_historical_archive
2009-06-15,13017574.0,spdr_api:gld_historical_archive
2009-06-16,9829075.0,spdr_api:gld_historical_archive
2009-06-17,11961229.0,spdr_api:gld_historical_archive
2009-06-18,16225843.0,spdr_api:gld_historical_archive
2009-06-19,11755032.0,spdr_api:gld_historical_archive
2009-06-22,12942690.0,spdr_api:gld_historical_archive
2009-06-23,12056234.0,spdr_api:gld_historical_archive
2009-06-24,12104914.0,spdr_api:gld_historical_archive
2009-06-25,11443701.0,spdr_api:gld_historical_archive
2009-06-26,10411344.0,spdr_api:gld_historical_archive
2009-06-29,6517975.0,spdr_api:gld_historical_archive
2009-06-30,23617132.0,spdr_api:gld_historical_archive
2009-07-01,10740916.0,spdr_api:gld_historical_archive
2009-07-02,7351452.0,spdr_api:gld_historical_archive
2009-07-06,6280190.0,spdr_api:gld_historical_archive
2009-07-07,7630664.0,spdr_api:gld_historical_archive
2009-07-08,12937383.0,spdr_api:gld_historical_archive
2009-07-09,13677051.0,spdr_api:gld_historical_archive
2009-07-10,5038182.0,spdr_api:gld_historical_archive
2009-07-13,8807459.0,spdr_api:gld_historical_archive
2009-07-14,5716862.0,spdr_api:gld_historical_archive
2009-07-15,9787892.0,spdr_api:gld_historical_archive
2009-07-16,4601537.0,spdr_api:gld_historical_archive
2009-07-17,8590184.0,spdr_api:gld_historical_archive
2009-07-20,13093983.0,spdr_api:gld_historical_archive
2009-07-21,9357291.0,spdr_api:gld_historical_archive
2009-07-22,10234879.0,spdr_api:gld_historical_archive
2009-07-23,10145312.0,spdr_api:gld_historical_archive
2009-07-24,4730681.0,spdr_api:gld_historical_archive
2009-07-27,5119126.0,spdr_api:gld_historical_archive
2009-07-28,10805928.0,spdr_api:gld_historical_archive
2009-07-29,9664563.0,spdr_api:gld_historical_archive
2009-07-30,6243646.0,spdr_api:gld_historical_archive
2009-07-31,14379784.0,spdr_api:gld_historical_archive
2009-08-03,9961002.0,spdr_api:gld_historical_archive
2009-08-04,11483947.0,spdr_api:gld_historical_archive
2009-08-05,8975108.0,spdr_api:gld_historical_archive
2009-08-06,13582433.0,spdr_api:gld_historical_archive
2009-08-07,8036048.0,spdr_api:gld_historical_archive
2009-08-10,6418735.0,spdr_api:gld_historical_archive
2009-08-11,5017201.0,spdr_api:gld_historical_archive
2009-08-12,7897810.0,spdr_api:gld_historical_archive
2009-08-13,6754218.0,spdr_api:gld_historical_archive
2009-08-14,6188355.0,spdr_api:gld_historical_archive
2009-08-17,6832000.0,spdr_api:gld_historical_archive
2009-08-18,4347336.0,spdr_api:gld_historical_archive
2009-08-19,7091681.0,spdr_api:gld_historical_archive
2009-08-20,3971281.0,spdr_api:gld_historical_archive
2009-08-21,7279755.0,spdr_api:gld_historical_archive
2009-08-24,8515968.0,spdr_api:gld_historical_archive
2009-08-25,8214863.0,spdr_api:gld_historical_archive
2009-08-26,5223088.0,spdr_api:gld_historical_archive
2009-08-27,6776647.0,spdr_api:gld_historical_archive
2009-08-28,6752728.0,spdr_api:gld_historical_archive
2009-08-31,4949860.0,spdr_api:gld_historical_archive
2009-09-01,7929752.0,spdr_api:gld_historical_archive
2009-09-02,27520538.0,spdr_api:gld_historical_archive
2009-09-03,26004593.0,spdr_api:gld_historical_archive
2009-09-04,14906975.0,spdr_api:gld_historical_archive
2009-09-08,22798147.0,spdr_api:gld_historical_archive
2009-09-09,20358892.0,spdr_api:gld_historical_archive
2009-09-10,11718052.0,spdr_api:gld_historical_archive
2009-09-11,19459582.0,spdr_api:gld_historical_archive
2009-09-14,977979.0,spdr_api:gld_historical_archive
2009-09-15,16236205.0,spdr_api:gld_historical_archive
2009-09-16,16392701.0,spdr_api:gld_historical_archive
2009-09-17,12341853.0,spdr_api:gld_historical_archive
2009-09-18,13844644.0,spdr_api:gld_historical_archive
2009-09-21,11106935.0,spdr_api:gld_historical_archive
2009-09-22,10828391.0,spdr_api:gld_historical_archive
2009-09-23,14677563.0,spdr_api:gld_historical_archive
2009-09-24,23223894.0,spdr_api:gld_historical_archive
2009-09-25,10707516.0,spdr_api:gld_historical_archive
2009-09-28,7786420.0,spdr_api:gld_historical_archive
2009-09-29,9135101.0,spdr_api:gld_historical_archive
2009-09-30,18657577.0,spdr_api:gld_historical_archive
2009-10-01,10991888.0,spdr_api:gld_historical_archive
2009-10-02,10412891.0,spdr_api:gld_historical_archive
2009-10-05,11652677.0,spdr_api:gld_historical_archive
2009-10-06,33414877.0,spdr_api:gld_historical_archive
2009-10-07,16149070.0,spdr_api:gld_historical_archive
2009-10-08,24062613.0,spdr_api:gld_historical_archive
2009-10-09,15162169.0,spdr_api:gld_historical_archive
2009-10-12,9041610.0,spdr_api:gld_historical_archive
2009-10-13,17294837.0,spdr_api:gld_historical_archive
2009-10-14,17789473.0,spdr_api:gld_historical_archive
2009-10-15,15755140.0,spdr_api:gld_historical_archive
2009-10-16,14087417.0,spdr_api:gld_historical_archive
2009-10-19,13813535.0,spdr_api:gld_historical_archive
2009-10-20,18244540.0,spdr_api:gld_historical_archive
2009-10-21,15864920.0,spdr_api:gld_historical_archive
2009-10-22,11567807.0,spdr_api:gld_historical_archive
2009-10-23,11409161.0,spdr_api:gld_historical_archive
2009-10-26,21468238.0,spdr_api:gld_historical_archive
2009-10-27,18390103.0,spdr_api:gld_historical_archive
2009-10-28,19341982.0,spdr_api:gld_historical_archive
2009-10-29,15257081.0,spdr_api:gld_historical_archive
2009-10-30,15217373.0,spdr_api:gld_historical_archive
2009-11-02,15288320.0,spdr_api:gld_historical_archive
2009-11-03,33444756.0,spdr_api:gld_historical_archive
2009-11-04,26942720.0,spdr_api:gld_historical_archive
2009-11-05,10131972.0,spdr_api:gld_historical_archive
2009-11-06,14748701.0,spdr_api:gld_historical_archive
2009-11-09,18435459.0,spdr_api:gld_historical_archive
2009-11-10,15962478.0,spdr_api:gld_historical_archive
2009-11-11,17646493.0,spdr_api:gld_historical_archive
2009-11-12,17792869.0,spdr_api:gld_historical_archive
2009-11-13,17236710.0,spdr_api:gld_historical_archive
2009-11-16,24797733.0,spdr_api:gld_historical_archive
2009-11-17,19483945.0,spdr_api:gld_historical_archive
2009-11-18,21954562.0,spdr_api:gld_historical_archive
2009-11-19,21179505.0,spdr_api:gld_historical_archive
2009-11-20,17276569.0,spdr_api:gld_historical_archive
2009-11-23,24407016.0,spdr_api:gld_historical_archive
2009-11-24,22569535.0,spdr_api:gld_historical_archive
2009-11-25,24436293.0,spdr_api:gld_historical_archive
2009-11-27,21134503.0,spdr_api:gld_historical_archive
2009-11-30,16330347.0,spdr_api:gld_historical_archive
2009-12-01,27585932.0,spdr_api:gld_historical_archive
2009-12-02,30943973.0,spdr_api:gld_historical_archive
2009-12-03,28700381.0,spdr_api:gld_historical_archive
2009-12-04,79062794.0,spdr_api:gld_historical_archive
2009-12-07,42379060.0,spdr_api:gld_historical_archive
2009-12-08,37530793.0,spdr_api:gld_historical_archive
2009-12-09,37042474.0,spdr_api:gld_historical_archive
2009-12-10,20471984.0,spdr_api:gld_historical_archive
2009-12-11,28918563.0,spdr_api:gld_historical_archive
2009-12-14,16178801.0,spdr_api:gld_historical_archive
2009-12-15,19981128.0,spdr_api:gld_historical_archive
2009-12-16,22784177.0,spdr_api:gld_historical_archive
2009-12-17,34851983.0,spdr_api:gld_historical_archive
2009-12-18,25321616.0,spdr_api:gld_historical_archive
2009-12-21,23292689.0,spdr_api:gld_historical_archive
2009-12-22,28628220.0,spdr_api:gld_historical_archive
2009-12-23,16220846.0,spdr_api:gld_historical_archive
2009-12-24,7989663.0,spdr_api:gld_historical_archive
2009-12-28,9603376.0,spdr_api:gld_historical_archive
2009-12-29,11007662.0,spdr_api:gld_historical_archive
2009-12-30,9367472.0,spdr_api:gld_historical_archive
2009-12-31,9112910.0,spdr_api:gld_historical_archive
2010-01-04,16157888.0,spdr_api:gld_historical_archive
2010-01-05,14188994.0,spdr_api:gld_historical_archive
2010-01-06,24954868.0,spdr_api:gld_historical_archive
2010-01-07,13529207.0,spdr_api:gld_historical_archive
2010-01-08,15776236.0,spdr_api:gld_historical_archive
2010-01-11,17148789.0,spdr_api:gld_historical_archive
2010-01-12,29148424.0,spdr_api:gld_historical_archive
2010-01-13,19803132.0,spdr_api:gld_historical_archive
2010-01-14,18304829.0,spdr_api:gld_historical_archive
2010-01-15,17992871.0,spdr_api:gld_historical_archive
2010-01-19,10465251.0,spdr_api:gld_historical_archive
2010-01-20,17325897.0,spdr_api:gld_historical_archive
2010-01-21,25731168.0,spdr_api:gld_historical_archive
2010-01-22,24063128.0,spdr_api:gld_historical_archive
2010-01-25,21898632.0,spdr_api:gld_historical_archive
2010-01-26,12165974.0,spdr_api:gld_historical_archive
2010-01-27,18722769.0,spdr_api:gld_historical_archive
2010-01-28,16559709.0,spdr_api:gld_historical_archive
2010-01-29,20269934.0,spdr_api:gld_historical_archive
2010-02-01,14609484.0,spdr_api:gld_historical_archive
2010-02-02,13992438.0,spdr_api:gld_historical_archive
2010-02-03,13373375.0,spdr_api:gld_historical_archive
2010-02-04,39580763.0,spdr_api:gld_historical_archive
2010-02-05,32633727.0,spdr_api:gld_historical_archive
2010-02-08,17081809.0,spdr_api:gld_historical_archive
2010-02-09,25799073.0,spdr_api:gld_historical_archive
2010-02-10,15431197.0,spdr_api:gld_historical_archive
2010-02-11,19225638.0,spdr_api:gld_historical_archive
2010-02-12,13944261.0,spdr_api:gld_historical_archive
2010-02-16,20891001.0,spdr_api:gld_historical_archive
2010-02-17,18268546.0,spdr_api:gld_historical_archive
2010-02-18,18266479.0,spdr_api:gld_historical_archive
2010-02-19,21858644.0,spdr_api:gld_historical_archive
2010-02-22,10725639.0,spdr_api:gld_historical_archive
2010-02-23,13531379.0,spdr_api:gld_historical_archive
2010-02-24,17164539.0,spdr_api:gld_historical_archive
2010-02-25,23245713.0,spdr_api:gld_historical_archive
2010-02-26,13123981.0,spdr_api:gld_historical_archive
2010-03-01,12781126.0,spdr_api:gld_historical_archive
2010-03-02,20096542.0,spdr_api:gld_historical_archive
2010-03-03,16193023.0,spdr_api:gld_historical_archive
2010-03-04,12794646.0,spdr_api:gld_historical_archive
2010-03-05,11070365.0,spdr_api:gld_historical_archive
2010-03-08,11940600.0,spdr_api:gld_historical_archive
2010-03-09,12550857.0,spdr_api:gld_historical_archive
2010-03-10,21660027.0,spdr_api:gld_historical_archive
2010-03-11,9397339.0,spdr_api:gld_historical_archive
2010-03-12,117217898.0,spdr_api:gld_historical_archive
2010-03-15,7466730.0,spdr_api:gld_historical_archive
2010-03-16,17553101.0,spdr_api:gld_historical_archive
2010-03-17,13654638.0,spdr_api:gld_historical_archive
2010-03-18,13840271.0,spdr_api:gld_historical_archive
2010-03-19,24306105.0,spdr_api:gld_historical_archive
2010-03-22,11560756.0,spdr_api:gld_historical_archive
2010-03-23,11263675.0,spdr_api:gld_historical_archive
2010-03-24,14131676.0,spdr_api:gld_historical_archive
2010-03-25,16465603.0,spdr_api:gld_historical_archive
2010-03-26,17398169.0,spdr_api:gld_historical_archive
2010-03-29,11365568.0,spdr_api:gld_historical_archive
2010-03-30,9804774.0,spdr_api:gld_historical_archive
2010-03-31,13983345.0,spdr_api:gld_historical_archive
2010-04-01,11361629.0,spdr_api:gld_historical_archive
2010-04-05,8249708.0,spdr_api:gld_historical_archive
2010-04-06,10315328.0,spdr_api:gld_historical_archive
2010-04-07,18979532.0,spdr_api:gld_historical_archive
2010-04-08,12432514.0,spdr_api:gld_historical_archive
2010-04-09,16393495.0,spdr_api:gld_historical_archive
2010-04-12,10892206.0,spdr_api:gld_historical_archive
2010-04-13,10952645.0,spdr_api:gld_historical_archive
2010-04-14,10535955.0,spdr_api:gld_historical_archive
2010-04-15,10959270.0,spdr_api:gld_historical_archive
2010-04-16,24081719.0,spdr_api:gld_historical_archive
2010-04-19,7754724.0,spdr_api:gld_historical_archive
2010-04-20,6960513.0,spdr_api:gld_historical_archive
2010-04-21,6852085.0,spdr_api:gld_historical_archive
2010-04-22,9503998.0,spdr_api:gld_historical_archive
2010-04-23,12226860.0,spdr_api:gld_historical_archive
2010-04-26,8268377.0,spdr_api:gld_historical_archive
2010-04-27,24955103.0,spdr_api:gld_historical_archive
2010-04-28,26033823.0,spdr_api:gld_historical_archive
2010-04-29,10306914.0,spdr_api:gld_historical_archive
2010-04-30,13467475.0,spdr_api:gld_historical_archive
2010-05-03,13223806.0,spdr_api:gld_historical_archive
2010-05-04,21168648.0,spdr_api:gld_historical_archive
2010-05-05,21582883.0,spdr_api:gld_historical_archive
2010-05-06,50290590.0,spdr_api:gld_historical_archive
2010-05-07,34266066.0,spdr_api:gld_historical_archive
2010-05-10,28265815.0,spdr_api:gld_historical_archive
2010-05-11,36555120.0,spdr_api:gld_historical_archive
2010-05-12,32544853.0,spdr_api:gld_historical_archive
2010-05-13,22158209.0,spdr_api:gld_historical_archive
2010-05-14,34615690.0,spdr_api:gld_historical_archive
2010-05-17,27719822.0,spdr_api:gld_historical_archive
2010-05-18,26334549.0,spdr_api:gld_historical_archive
2010-05-19,34231101.0,spdr_api:gld_historical_archive
2010-05-20,34231101.0,spdr_api:gld_historical_archive
2010-05-21,19962755.0,spdr_api:gld_historical_archive
2010-05-24,14213899.0,spdr_api:gld_historical_archive
2010-05-25,21170717.0,spdr_api:gld_historical_archive
2010-05-26,13096895.0,spdr_api:gld_historical_archive
2010-05-27,10444330.0,spdr_api:gld_historical_archive
2010-05-28,11514739.0,spdr_api:gld_historical_archive
2010-06-01,12145987.0,spdr_api:gld_historical_archive
2010-06-02,10335069.0,spdr_api:gld_historical_archive
2010-06-03,13831251.0,spdr_api:gld_historical_archive
2010-06-04,16507599.0,spdr_api:gld_historical_archive
2010-06-07,19488145.0,spdr_api:gld_historical_archive
2010-06-08,23375420.0,spdr_api:gld_historical_archive
2010-06-09,12740673.0,spdr_api:gld_historical_archive
2010-06-10,13648018.0,spdr_api:gld_historical_archive
2010-06-11,7717246.0,spdr_api:gld_historical_archive
2010-06-14,11006324.0,spdr_api:gld_historical_archive
2010-06-15,14264569.0,spdr_api:gld_historical_archive
2010-06-16,10308000.0,spdr_api:gld_historical_archive
2010-06-17,19628304.0,spdr_api:gld_historical_archive
2010-06-18,19249330.0,spdr_api:gld_historical_archive
2010-06-21,20045231.0,spdr_api:gld_historical_archive
2010-06-22,12896992.0,spdr_api:gld_historical_archive
2010-06-23,14129896.0,spdr_api:gld_historical_archive
2010-06-24,13115967.0,spdr_api:gld_historical_archive
2010-06-25,9910847.0,spdr_api:gld_historical_archive
2010-06-28,19342797.0,spdr_api:gld_historical_archive
2010-06-29,17277767.0,spdr_api:gld_historical_archive
2010-06-30,11964519.0,spdr_api:gld_historical_archive
2010-07-01,33198811.0,spdr_api:gld_historical_archive
2010-07-02,14698801.0,spdr_api:gld_historical_archive
2010-07-06,16802854.0,spdr_api:gld_historical_archive
2010-07-07,10859669.0,spdr_api:gld_historical_archive
2010-07-08,11299133.0,spdr_api:gld_historical_archive
2010-07-09,9585367.0,spdr_api:gld_historical_archive
2010-07-12,7455425.0,spdr_api:gld_historical_archive
2010-07-13,8150946.0,spdr_api:gld_historical_archive
2010-07-14,9351497.0,spdr_api:gld_historical_archive
2010-07-15,8564698.0,spdr_api:gld_historical_archive
2010-07-16,16975270.0,spdr_api:gld_historical_archive
2010-07-19,15689062.0,spdr_api:gld_historical_archive
2010-07-20,9232968.0,spdr_api:gld_historical_archive
2010-07-21,9105216.0,spdr_api:gld_historical_archive
2010-07-22,8130168.0,spdr_api:gld_historical_archive
2010-07-23,8217577.0,spdr_api:gld_historical_archive
2010-07-26,11180347.0,spdr_api:gld_historical_archive
2010-07-27,29342248.0,spdr_api:gld_historical_archive
2010-07-28,16009570.0,spdr_api:gld_historical_archive
2010-07-29,17775000.0,spdr_api:gld_historical_archive
2010-07-30,17502900.0,spdr_api:gld_historical_archive
2010-08-02,17498500.0,spdr_api:gld_historical_archive
2010-08-03,5503297.0,spdr_api:gld_historical_archive
2010-08-04,10314975.0,spdr_api:gld_historical_archive
2010-08-05,6998805.0,spdr_api:gld_historical_archive
2010-08-06,9795536.0,spdr_api:gld_historical_archive
2010-08-09,6737735.0,spdr_api:gld_historical_archive
2010-08-10,10385334.0,spdr_api:gld_historical_archive
2010-08-11,12372395.0,spdr_api:gld_historical_archive
2010-08-12,12267640.0,spdr_api:gld_historical_archive
2010-08-13,10130373.0,spdr_api:gld_historical_archive
2010-08-16,10130373.0,spdr_api:gld_historical_archive
2010-08-17,9105628.0,spdr_api:gld_historical_archive
2010-08-18,12088143.0,spdr_api:gld_historical_archive
2010-08-19,10005312.0,spdr_api:gld_historical_archive
2010-08-20,10540574.0,spdr_api:gld_historical_archive
2010-08-23,4889828.0,spdr_api:gld_historical_archive
2010-08-24,14503239.0,spdr_api:gld_historical_archive
2010-08-25,14001223.0,spdr_api:gld_historical_archive
2010-08-26,8615470.0,spdr_api:gld_historical_archive
2010-08-27,11147373.0,spdr_api:gld_historical_archive
2010-08-30,4359668.0,spdr_api:gld_historical_archive
2010-08-31,12243340.0,spdr_api:gld_historical_archive
2010-09-01,11868731.0,spdr_api:gld_historical_archive
2010-09-02,6991668.0,spdr_api:gld_historical_archive
2010-09-03,9070955.0,spdr_api:gld_historical_archive
2010-09-07,8842305.0,spdr_api:gld_historical_archive
2010-09-08,9772041.0,spdr_api:gld_historical_archive
2010-09-09,13741571.0,spdr_api:gld_historical_archive
2010-09-10,12254.0,spdr_api:gld_historical_archive
2010-09-13,9674082.0,spdr_api:gld_historical_archive
2010-09-14,24503851.0,spdr_api:gld_historical_archive
2010-09-15,11427133.0,spdr_api:gld_historical_archive
2010-09-16,12146558.0,spdr_api:gld_historical_archive
2010-09-17,11790880.0,spdr_api:gld_historical_archive
2010-09-20,8474370.0,spdr_api:gld_historical_archive
2010-09-21,20247672.0,spdr_api:gld_historical_archive
2010-09-22,11113773.0,spdr_api:gld_historical_archive
2010-09-23,9400737.0,spdr_api:gld_historical_archive
2010-09-24,14874033.0,spdr_api:gld_historical_archive
2010-09-27,11906000.0,spdr_api:gld_historical_archive
2010-09-28,11835100.0,spdr_api:gld_historical_archive
2010-09-29,11958400.0,spdr_api:gld_historical_archive
2010-09-30,19193126.0,spdr_api:gld_historical_archive
2010-10-01,17118340.0,spdr_api:gld_historical_archive
2010-10-04,8345772.0,spdr_api:gld_historical_archive
2010-10-05,17430808.0,spdr_api:gld_historical_archive
2010-10-06,16096060.0,spdr_api:gld_historical_archive
2010-10-07,11682700.0,spdr_api:gld_historical_archive
2010-10-08,12013400.0,spdr_api:gld_historical_archive
2010-10-11,12131300.0,spdr_api:gld_historical_archive
2010-10-12,12159600.0,spdr_api:gld_historical_archive
2010-10-13,12176800.0,spdr_api:gld_historical_archive
2010-10-14,19856324.0,spdr_api:gld_historical_archive
2010-10-15,26162220.0,spdr_api:gld_historical_archive
2010-10-18,12233143.0,spdr_api:gld_historical_archive
2010-10-19,25275358.0,spdr_api:gld_historical_archive
2010-10-20,12527706.0,spdr_api:gld_historical_archive
2010-10-21,21787683.0,spdr_api:gld_historical_archive
2010-10-22,11887889.0,spdr_api:gld_historical_archive
2010-10-25,12138530.0,spdr_api:gld_historical_archive
2010-10-26,10585538.0,spdr_api:gld_historical_archive
2010-10-27,16102924.0,spdr_api:gld_historical_archive
2010-10-28,15888172.0,spdr_api:gld_historical_archive
2010-10-29,13950443.0,spdr_api:gld_historical_archive
2010-11-01,12422362.0,spdr_api:gld_historical_archive
2010-11-02,9375524.0,spdr_api:gld_historical_archive
2010-11-03,31568243.0,spdr_api:gld_historical_archive
2010-11-04,23290560.0,spdr_api:gld_historical_archive
2010-11-05,20296967.0,spdr_api:gld_historical_archive
2010-11-08,17276993.0,spdr_api:gld_historical_archive
2010-11-09,39249351.0,spdr_api:gld_historical_archive
2010-11-10,28435148.0,spdr_api:gld_historical_archive
2010-11-11,15342730.0,spdr_api:gld_historical_archive
2010-11-12,35862740.0,spdr_api:gld_historical_archive
2010-11-15,15006817.0,spdr_api:gld_historical_archive
2010-11-16,31507037.0,spdr_api:gld_historical_archive
2010-11-17,15777205.0,spdr_api:gld_historical_archive
2010-11-18,15955725.0,spdr_api:gld_historical_archive
2010-11-19,14141683.0,spdr_api:gld_historical_archive
2010-11-22,12984578.0,spdr_api:gld_historical_archive
2010-11-23,18190368.0,spdr_api:gld_historical_archive
2010-11-24,8840651.0,spdr_api:gld_historical_archive
2010-11-26,7814623.0,spdr_api:gld_historical_archive
2010-11-29,13959145.0,spdr_api:gld_historical_archive
2010-11-30,16617096.0,spdr_api:gld_historical_archive
2010-12-01,16838449.0,spdr_api:gld_historical_archive
2010-12-02,17561923.0,spdr_api:gld_historical_archive
2010-12-03,16513076.0,spdr_api:gld_historical_archive
2010-12-06,15586039.0,spdr_api:gld_historical_archive
2010-12-07,26480371.0,spdr_api:gld_historical_archive
2010-12-08,23429479.0,spdr_api:gld_historical_archive
2010-12-09,14096448.0,spdr_api:gld_historical_archive
2010-12-10,11888655.0,spdr_api:gld_historical_archive
2010-12-13,11888655.0,spdr_api:gld_historical_archive
2010-12-14,17352520.0,spdr_api:gld_historical_archive
2010-12-15,14905469.0,spdr_api:gld_historical_archive
2010-12-16,23636542.0,spdr_api:gld_historical_archive
2010-12-17,17140460.0,spdr_api:gld_historical_archive
2010-12-20,14097150.0,spdr_api:gld_historical_archive
2010-12-21,10284476.0,spdr_api:gld_historical_archive
2010-12-22,7296520.0,spdr_api:gld_historical_archive
2010-12-23,8689859.0,spdr_api:gld_historical_archive
2010-12-27,17284700.0,spdr_api:gld_historical_archive
2010-12-28,10109510.0,spdr_api:gld_historical_archive
2010-12-29,8050998.0,spdr_api:gld_historical_archive
2010-12-30,5731700.0,spdr_api:gld_historical_archive
2010-12-31,9283370.0,spdr_api:gld_historical_archive
2011-01-03,11436834.0,spdr_api:gld_historical_archive
2011-01-04,26122789.0,spdr_api:gld_historical_archive
2011-01-05,16669236.0,spdr_api:gld_historical_archive
2011-01-06,15946488.0,spdr_api:gld_historical_archive
2011-01-07,16749073.0,spdr_api:gld_historical_archive
2011-01-10,7939554.0,spdr_api:gld_historical_archive
2011-01-11,10263589.0,spdr_api:gld_historical_archive
2011-01-12,11005306.0,spdr_api:gld_historical_archive
2011-01-13,14282495.0,spdr_api:gld_historical_archive
2011-01-14,21219514.0,spdr_api:gld_historical_archive
2011-01-18,11581903.0,spdr_api:gld_historical_archive
2011-01-19,11779047.0,spdr_api:gld_historical_archive
2011-01-20,24330612.0,spdr_api:gld_historical_archive
2011-01-21,19430367.0,spdr_api:gld_historical_archive
2011-01-24,14899809.0,spdr_api:gld_historical_archive
2011-01-25,22217215.0,spdr_api:gld_historical_archive
2011-01-26,20530040.0,spdr_api:gld_historical_archive
2011-01-27,32978421.0,spdr_api:gld_historical_archive
2011-01-28,28046459.0,spdr_api:gld_historical_archive
2011-01-31,28046459.0,spdr_api:gld_historical_archive
2011-02-01,15362650.0,spdr_api:gld_historical_archive
2011-02-02,10139969.0,spdr_api:gld_historical_archive
2011-02-03,17358166.0,spdr_api:gld_historical_archive
2011-02-04,15195840.0,spdr_api:gld_historical_archive
2011-02-07,16729200.0,spdr_api:gld_historical_archive
2011-02-08,16190543.0,spdr_api:gld_historical_archive
2011-02-09,10129979.0,spdr_api:gld_historical_archive
2011-02-10,7983338.0,spdr_api:gld_historical_archive
2011-02-11,9889567.0,spdr_api:gld_historical_archive
2011-02-14,10422456.0,spdr_api:gld_historical_archive
2011-02-15,10171403.0,spdr_api:gld_historical_archive
2011-02-16,12816813.0,spdr_api:gld_historical_archive
2011-02-17,11308700.0,spdr_api:gld_historical_archive
2011-02-18,15854569.0,spdr_api:gld_historical_archive
2011-02-22,16666064.0,spdr_api:gld_historical_archive
2011-02-23,15679901.0,spdr_api:gld_historical_archive
2011-02-24,18758496.0,spdr_api:gld_historical_archive
2011-02-25,10342687.0,spdr_api:gld_historical_archive
2011-02-28,8843932.0,spdr_api:gld_historical_archive
2011-03-01,17376749.0,spdr_api:gld_historical_archive
2011-03-02,15537933.0,spdr_api:gld_historical_archive
2011-03-03,16481006.0,spdr_api:gld_historical_archive
2011-03-04,14457422.0,spdr_api:gld_historical_archive
2011-03-07,14060953.0,spdr_api:gld_historical_archive
2011-03-08,10575968.0,spdr_api:gld_historical_archive
2011-03-09,8578954.0,spdr_api:gld_historical_archive
2011-03-10,15512577.0,spdr_api:gld_historical_archive
2011-03-11,10406739.0,spdr_api:gld_historical_archive
2011-03-14,10230897.0,spdr_api:gld_historical_archive
2011-03-15,23449865.0,spdr_api:gld_historical_archive
2011-03-16,13208797.0,spdr_api:gld_historical_archive
2011-03-17,9109354.0,spdr_api:gld_historical_archive
2011-03-18,18586263.0,spdr_api:gld_historical_archive
2011-03-21,13731587.0,spdr_api:gld_historical_archive
2011-03-22,9539589.0,spdr_api:gld_historical_archive
2011-03-23,11555075.0,spdr_api:gld_historical_archive
2011-03-24,16973433.0,spdr_api:gld_historical_archive
2011-03-25,12477728.0,spdr_api:gld_historical_archive
2011-03-28,7653356.0,spdr_api:gld_historical_archive
2011-03-29,6047865.0,spdr_api:gld_historical_archive
2011-03-30,10597856.0,spdr_api:gld_historical_archive
2011-03-31,15223048.0,spdr_api:gld_historical_archive
2011-04-01,15734173.0,spdr_api:gld_historical_archive
2011-04-04,6218433.0,spdr_api:gld_historical_archive
2011-04-05,18281680.0,spdr_api:gld_historical_archive
2011-04-06,10605701.0,spdr_api:gld_historical_archive
2011-04-07,9485109.0,spdr_api:gld_historical_archive
2011-04-08,13090729.0,spdr_api:gld_historical_archive
2011-04-11,9469482.0,spdr_api:gld_historical_archive
2011-04-12,14943535.0,spdr_api:gld_historical_archive
2011-04-13,13882760.0,spdr_api:gld_historical_archive
2011-04-14,13073866.0,spdr_api:gld_historical_archive
2011-04-15,19059471.0,spdr_api:gld_historical_archive
2011-04-18,17367788.0,spdr_api:gld_historical_archive
2011-04-19,10943588.0,spdr_api:gld_historical_archive
2011-04-20,13375300.0,spdr_api:gld_historical_archive
2011-04-21,10104123.0,spdr_api:gld_historical_archive
2011-04-25,15573421.0,spdr_api:gld_historical_archive
2011-04-26,15953404.0,spdr_api:gld_historical_archive
2011-04-27,20871365.0,spdr_api:gld_historical_archive
2011-04-28,20490561.0,spdr_api:gld_historical_archive
2011-04-29,26140384.0,spdr_api:gld_historical_archive
2011-05-02,20549676.0,spdr_api:gld_historical_archive
2011-05-03,24194421.0,spdr_api:gld_historical_archive
2011-05-04,35095110.0,spdr_api:gld_historical_archive
2011-05-05,51224942.0,spdr_api:gld_historical_archive
2011-05-06,24178431.0,spdr_api:gld_historical_archive
2011-05-09,13836818.0,spdr_api:gld_historical_archive
2011-05-10,11278435.0,spdr_api:gld_historical_archive
2011-05-11,21358793.0,spdr_api:gld_historical_archive
2011-05-12,18700122.0,spdr_api:gld_historical_archive
2011-05-13,16905450.0,spdr_api:gld_historical_archive
2011-05-16,10060996.0,spdr_api:gld_historical_archive
2011-05-17,16436657.0,spdr_api:gld_historical_archive
2011-05-18,10490482.0,spdr_api:gld_historical_archive
2011-05-19,8082103.0,spdr_api:gld_historical_archive
2011-05-20,19525615.0,spdr_api:gld_historical_archive
2011-05-23,15929805.0,spdr_api:gld_historical_archive
2011-05-24,14934026.0,spdr_api:gld_historical_archive
2011-05-25,11018248.0,spdr_api:gld_historical_archive
2011-05-26,9453365.0,spdr_api:gld_historical_archive
2011-05-27,10168211.0,spdr_api:gld_historical_archive
2011-05-31,10168211.0,spdr_api:gld_historical_archive
2011-06-01,18343436.0,spdr_api:gld_historical_archive
2011-06-02,13241754.0,spdr_api:gld_historical_archive
2011-06-03,12504205.0,spdr_api:gld_historical_archive
2011-06-06,10508899.0,spdr_api:gld_historical_archive
2011-06-07,9386172.0,spdr_api:gld_historical_archive
2011-06-08,9559431.0,spdr_api:gld_historical_archive
2011-06-09,7712865.0,spdr_api:gld_historical_archive
2011-06-10,12342781.0,spdr_api:gld_historical_archive
2011-06-13,12987670.0,spdr_api:gld_historical_archive
2011-06-14,10903132.0,spdr_api:gld_historical_archive
2011-06-15,14468350.0,spdr_api:gld_historical_archive
2011-06-16,10922535.0,spdr_api:gld_historical_archive
2011-06-17,16153030.0,spdr_api:gld_historical_archive
2011-06-20,10128301.0,spdr_api:gld_historical_archive
2011-06-21,11600244.0,spdr_api:gld_historical_archive
2011-06-22,14099171.0,spdr_api:gld_historical_archive
2011-06-23,23307299.0,spdr_api:gld_historical_archive
2011-06-24,18521650.0,spdr_api:gld_historical_archive
2011-06-27,10554186.0,spdr_api:gld_historical_archive
2011-06-28,8625404.0,spdr_api:gld_historical_archive
2011-06-29,12586644.0,spdr_api:gld_historical_archive
2011-06-30,13119523.0,spdr_api:gld_historical_archive
2011-07-01,16359714.0,spdr_api:gld_historical_archive
2011-07-05,15531600.0,spdr_api:gld_historical_archive
2011-07-06,13986627.0,spdr_api:gld_historical_archive
2011-07-07,15492800.0,spdr_api:gld_historical_archive
2011-07-08,13649966.0,spdr_api:gld_historical_archive
2011-07-11,20114989.0,spdr_api:gld_historical_archive
2011-07-12,24010398.0,spdr_api:gld_historical_archive
2011-07-13,25179512.0,spdr_api:gld_historical_archive
2011-07-14,17647437.0,spdr_api:gld_historical_archive
2011-07-15,18444458.0,spdr_api:gld_historical_archive
2011-07-18,17108952.0,spdr_api:gld_historical_archive
2011-07-19,22848906.0,spdr_api:gld_historical_archive
2011-07-20,13553562.0,spdr_api:gld_historical_archive
2011-07-21,18391644.0,spdr_api:gld_historical_archive
2011-07-22,11294091.0,spdr_api:gld_historical_archive
2011-07-25,12374020.0,spdr_api:gld_historical_archive
2011-07-26,11791315.0,spdr_api:gld_historical_archive
2011-07-27,18262308.0,spdr_api:gld_historical_archive
2011-07-28,11297791.0,spdr_api:gld_historical_archive
2011-07-29,17088944.0,spdr_api:gld_historical_archive
2011-08-01,14331453.0,spdr_api:gld_historical_archive
2011-08-02,24173679.0,spdr_api:gld_historical_archive
2011-08-03,27609604.0,spdr_api:gld_historical_archive
2011-08-04,39945373.0,spdr_api:gld_historical_archive
2011-08-05,24508172.0,spdr_api:gld_historical_archive
2011-08-08,42819412.0,spdr_api:gld_historical_archive
2011-08-09,55548342.0,spdr_api:gld_historical_archive
2011-08-10,44200687.0,spdr_api:gld_historical_archive
2011-08-11,49776896.0,spdr_api:gld_historical_archive
2011-08-12,29179405.0,spdr_api:gld_historical_archive
2011-08-15,17667803.0,spdr_api:gld_historical_archive
2011-08-16,19553245.0,spdr_api:gld_historical_archive
2011-08-17,16455764.0,spdr_api:gld_historical_archive
2011-08-18,25384165.0,spdr_api:gld_historical_archive
2011-08-19,34396109.0,spdr_api:gld_historical_archive
2011-08-22,27301329.0,spdr_api:gld_historical_archive
2011-08-23,55185787.0,spdr_api:gld_historical_archive
2011-08-24,70387086.0,spdr_api:gld_historical_archive
2011-08-25,43009713.0,spdr_api:gld_historical_archive
2011-08-26,38595320.0,spdr_api:gld_historical_archive
2011-08-29,24295671.0,spdr_api:gld_historical_archive
2011-08-30,23364682.0,spdr_api:gld_historical_archive
2011-08-31,14940527.0,spdr_api:gld_historical_archive
2011-09-01,13865792.0,spdr_api:gld_historical_archive
2011-09-02,19040135.0,spdr_api:gld_historical_archive
2011-09-06,21265000.0,spdr_api:gld_historical_archive
2011-09-07,21654300.0,spdr_api:gld_historical_archive
2011-09-08,20680903.0,spdr_api:gld_historical_archive
2011-09-09,22114300.0,spdr_api:gld_historical_archive
2011-09-12,22358300.0,spdr_api:gld_historical_archive
2011-09-13,22736000.0,spdr_api:gld_historical_archive
2011-09-14,22651400.0,spdr_api:gld_historical_archive
2011-09-15,20997782.0,spdr_api:gld_historical_archive
2011-09-16,22883600.0,spdr_api:gld_historical_archive
2011-09-19,22978400.0,spdr_api:gld_historical_archive
2011-09-20,23150000.0,spdr_api:gld_historical_archive
2011-09-21,23185300.0,spdr_api:gld_historical_archive
2011-09-22,31307137.0,spdr_api:gld_historical_archive
2011-09-23,23534400.0,spdr_api:gld_historical_archive
2011-09-26,23987700.0,spdr_api:gld_historical_archive
2011-09-27,24334000.0,spdr_api:gld_historical_archive
2011-09-28,24545400.0,spdr_api:gld_historical_archive
2011-09-29,24505700.0,spdr_api:gld_historical_archive
2011-09-30,24632800.0,spdr_api:gld_historical_archive
2011-10-03,24698100.0,spdr_api:gld_historical_archive
2011-10-04,24851300.0,spdr_api:gld_historical_archive
2011-10-05,24839600.0,spdr_api:gld_historical_archive
2011-10-06,24692000.0,spdr_api:gld_historical_archive
2011-10-07,24708800.0,spdr_api:gld_historical_archive
2011-10-10,24685700.0,spdr_api:gld_historical_archive
2011-10-11,24846500.0,spdr_api:gld_historical_archive
2011-10-12,24595700.0,spdr_api:gld_historical_archive
2011-10-13,24450600.0,spdr_api:gld_historical_archive
2011-10-14,24212600.0,spdr_api:gld_historical_archive
2011-10-17,23960900.0,spdr_api:gld_historical_archive
2011-10-18,23909400.0,spdr_api:gld_historical_archive
2011-10-19,8555510.0,spdr_api:gld_historical_archive
2011-10-20,16637306.0,spdr_api:gld_historical_archive
2011-10-21,13301254.0,spdr_api:gld_historical_archive
2011-10-24,10167570.0,spdr_api:gld_historical_archive
2011-10-25,22073009.0,spdr_api:gld_historical_archive
2011-10-26,16953736.0,spdr_api:gld_historical_archive
2011-10-27,15816945.0,spdr_api:gld_historical_archive
2011-10-28,9255213.0,spdr_api:gld_historical_archive
2011-10-31,8324450.0,spdr_api:gld_historical_archive
2011-11-01,15017255.0,spdr_api:gld_historical_archive
2011-11-02,14325284.0,spdr_api:gld_historical_archive
2011-11-03,16795747.0,spdr_api:gld_historical_archive
2011-11-04,11057995.0,spdr_api:gld_historical_archive
2011-11-07,19813647.0,spdr_api:gld_historical_archive
2011-11-08,16045309.0,spdr_api:gld_historical_archive
2011-11-09,12267644.0,spdr_api:gld_historical_archive
2011-11-10,11826121.0,spdr_api:gld_historical_archive
2011-11-11,8766434.0,spdr_api:gld_historical_archive
2011-11-14,5880161.0,spdr_api:gld_historical_archive
2011-11-15,9246958.0,spdr_api:gld_historical_archive
2011-11-16,14963087.0,spdr_api:gld_historical_archive
2011-11-17,20217482.0,spdr_api:gld_historical_archive
2011-11-18,14005219.0,spdr_api:gld_historical_archive
2011-11-21,21990042.0,spdr_api:gld_historical_archive
2011-11-22,12089495.0,spdr_api:gld_historical_archive
2011-11-23,11236520.0,spdr_api:gld_historical_archive
2011-11-25,6074189.0,spdr_api:gld_historical_archive
2011-11-28,11686441.0,spdr_api:gld_historical_archive
2011-11-29,9174227.0,spdr_api:gld_historical_archive
2011-11-30,11560482.0,spdr_api:gld_historical_archive
2011-12-01,11605997.0,spdr_api:gld_historical_archive
2011-12-02,8479970.0,spdr_api:gld_historical_archive
2011-12-05,10187890.0,spdr_api:gld_historical_archive
2011-12-06,10432215.0,spdr_api:gld_historical_archive
2011-12-07,10319350.0,spdr_api:gld_historical_archive
2011-12-08,11363191.0,spdr_api:gld_historical_archive
2011-12-09,8333112.0,spdr_api:gld_historical_archive
2011-12-12,15293789.0,spdr_api:gld_historical_archive
2011-12-13,24633894.0,spdr_api:gld_historical_archive
2011-12-14,42209190.0,spdr_api:gld_historical_archive
2011-12-15,21499597.0,spdr_api:gld_historical_archive
2011-12-16,17965507.0,spdr_api:gld_historical_archive
2011-12-19,15722800.0,spdr_api:gld_historical_archive
2011-12-20,9183890.0,spdr_api:gld_historical_archive
2011-12-21,11949108.0,spdr_api:gld_historical_archive
2011-12-22,9884963.0,spdr_api:gld_historical_archive
2011-12-23,3589039.0,spdr_api:gld_historical_archive
2011-12-27,5025635.0,spdr_api:gld_historical_archive
2011-12-28,16386700.0,spdr_api:gld_historical_archive
2011-12-29,19779924.0,spdr_api:gld_historical_archive
2011-12-30,10765412.0,spdr_api:gld_historical_archive
2012-01-03,13526766.0,spdr_api:gld_historical_archive
2012-01-04,11514693.0,spdr_api:gld_historical_archive
2012-01-05,11196624.0,spdr_api:gld_historical_archive
2012-01-06,9525020.0,spdr_api:gld_historical_archive
2012-01-09,8576350.0,spdr_api:gld_historical_archive
2012-01-10,8326133.0,spdr_api:gld_historical_archive
2012-01-11,7866018.0,spdr_api:gld_historical_archive
2012-01-12,7866018.0,spdr_api:gld_historical_archive
2012-01-13,8467313.0,spdr_api:gld_historical_archive
2012-01-17,8261953.0,spdr_api:gld_historical_archive
2012-01-18,9250196.0,spdr_api:gld_historical_archive
2012-01-19,7524536.0,spdr_api:gld_historical_archive
2012-01-20,11632285.0,spdr_api:gld_historical_archive
2012-01-23,12912900.0,spdr_api:gld_historical_archive
2012-01-24,7104748.0,spdr_api:gld_historical_archive
2012-01-25,28860990.0,spdr_api:gld_historical_archive
2012-01-26,18082231.0,spdr_api:gld_historical_archive
2012-01-27,11947888.0,spdr_api:gld_historical_archive
2012-01-30,8152273.0,spdr_api:gld_historical_archive
2012-01-31,10127082.0,spdr_api:gld_historical_archive
2012-02-01,7792040.0,spdr_api:gld_historical_archive
2012-02-02,11093033.0,spdr_api:gld_historical_archive
2012-02-03,23280165.0,spdr_api:gld_historical_archive
2012-02-06,8431652.0,spdr_api:gld_historical_archive
2012-02-07,11054126.0,spdr_api:gld_historical_archive
2012-02-08,10213942.0,spdr_api:gld_historical_archive
2012-02-09,15069487.0,spdr_api:gld_historical_archive
2012-02-10,9946343.0,spdr_api:gld_historical_archive
2012-02-13,6677098.0,spdr_api:gld_historical_archive
2012-02-14,7538557.0,spdr_api:gld_historical_archive
2012-02-15,11136164.0,spdr_api:gld_historical_archive
2012-02-16,9741112.0,spdr_api:gld_historical_archive
2012-02-17,6734107.0,spdr_api:gld_historical_archive
2012-02-21,13569778.0,spdr_api:gld_historical_archive
2012-02-22,15151834.0,spdr_api:gld_historical_archive
2012-02-23,11742195.0,spdr_api:gld_historical_archive
2012-02-24,9273343.0,spdr_api:gld_historical_archive
2012-02-27,6776635.0,spdr_api:gld_historical_archive
2012-02-28,11910860.0,spdr_api:gld_historical_archive
2012-02-29,43946474.0,spdr_api:gld_historical_archive
2012-03-01,18057550.0,spdr_api:gld_historical_archive
2012-03-02,9295326.0,spdr_api:gld_historical_archive
2012-03-05,11497798.0,spdr_api:gld_historical_archive
2012-03-06,14968792.0,spdr_api:gld_historical_archive
2012-03-07,9178821.0,spdr_api:gld_historical_archive
2012-03-08,8448277.0,spdr_api:gld_historical_archive
2012-03-09,12769560.0,spdr_api:gld_historical_archive
2012-03-12,6512827.0,spdr_api:gld_historical_archive
2012-03-13,17724882.0,spdr_api:gld_historical_archive
2012-03-14,27883703.0,spdr_api:gld_historical_archive
2012-03-15,12019168.0,spdr_api:gld_historical_archive
2012-03-16,11722056.0,spdr_api:gld_historical_archive
2012-03-19,9468177.0,spdr_api:gld_historical_archive
2012-03-20,11307302.0,spdr_api:gld_historical_archive
2012-03-21,6135791.0,spdr_api:gld_historical_archive
2012-03-22,11087572.0,spdr_api:gld_historical_archive
2012-03-23,10686271.0,spdr_api:gld_historical_archive
2012-03-26,13357458.0,spdr_api:gld_historical_archive
2012-03-27,9659178.0,spdr_api:gld_historical_archive
2012-03-28,10168317.0,spdr_api:gld_historical_archive
2012-03-29,10708979.0,spdr_api:gld_historical_archive
2012-03-30,7651758.0,spdr_api:gld_historical_archive
2012-04-02,7104847.0,spdr_api:gld_historical_archive
2012-04-03,16054305.0,spdr_api:gld_historical_archive
2012-04-04,15212471.0,spdr_api:gld_historical_archive
2012-04-05,8092669.0,spdr_api:gld_historical_archive
2012-04-09,7750915.0,spdr_api:gld_historical_archive
2012-04-10,14598025.0,spdr_api:gld_historical_archive
2012-04-11,9701007.0,spdr_api:gld_historical_archive
2012-04-12,8784408.0,spdr_api:gld_historical_archive
2012-04-13,8786885.0,spdr_api:gld_historical_archive
2012-04-16,6435124.0,spdr_api:gld_historical_archive
2012-04-17,7415923.0,spdr_api:gld_historical_archive
2012-04-18,7068883.0,spdr_api:gld_historical_archive
2012-04-19,9912331.0,spdr_api:gld_historical_archive
2012-04-20,8800518.0,spdr_api:gld_historical_archive
2012-04-23,8597961.0,spdr_api:gld_historical_archive
2012-04-24,4604243.0,spdr_api:gld_historical_archive
2012-04-25,8597961.0,spdr_api:gld_historical_archive
2012-04-26,10226947.0,spdr_api:gld_historical_archive
2012-04-27,8351263.0,spdr_api:gld_historical_archive
2012-04-30,7349170.0,spdr_api:gld_historical_archive
2012-05-01,6995920.0,spdr_api:gld_historical_archive
2012-05-02,5626297.0,spdr_api:gld_historical_archive
2012-05-03,12756541.0,spdr_api:gld_historical_archive
2012-05-04,11368261.0,spdr_api:gld_historical_archive
2012-05-07,4749769.0,spdr_api:gld_historical_archive
2012-05-08,16908525.0,spdr_api:gld_historical_archive
2012-05-09,13234196.0,spdr_api:gld_historical_archive
2012-05-10,7456410.0,spdr_api:gld_historical_archive
2012-05-11,7595346.0,spdr_api:gld_historical_archive
2012-05-14,12571777.0,spdr_api:gld_historical_archive
2012-05-15,13411815.0,spdr_api:gld_historical_archive
2012-05-16,16229084.0,spdr_api:gld_historical_archive
2012-05-17,16892643.0,spdr_api:gld_historical_archive
2012-05-18,12245540.0,spdr_api:gld_historical_archive
2012-05-21,11923700.0,spdr_api:gld_historical_archive
2012-05-22,11827200.0,spdr_api:gld_historical_archive
2012-05-23,18841828.0,spdr_api:gld_historical_archive
2012-05-24,9308240.0,spdr_api:gld_historical_archive
2012-05-25,6067043.0,spdr_api:gld_historical_archive
2012-05-29,10663141.0,spdr_api:gld_historical_archive
2012-05-30,16395208.0,spdr_api:gld_historical_archive
2012-05-31,9775992.0,spdr_api:gld_historical_archive
2012-06-01,26505298.0,spdr_api:gld_historical_archive
2012-06-04,11077028.0,spdr_api:gld_historical_archive
2012-06-05,11533600.0,spdr_api:gld_historical_archive
2012-06-06,15183791.0,spdr_api:gld_historical_archive
2012-06-07,18387469.0,spdr_api:gld_historical_archive
2012-06-08,11031940.0,spdr_api:gld_historical_archive
2012-06-11,8524568.0,spdr_api:gld_historical_archive
2012-06-12,13276854.0,spdr_api:gld_historical_archive
2012-06-13,10236612.0,spdr_api:gld_historical_archive
2012-06-14,10821692.0,spdr_api:gld_historical_archive
2012-06-15,10771563.0,spdr_api:gld_historical_archive
2012-06-18,5824810.0,spdr_api:gld_historical_archive
2012-06-19,6651315.0,spdr_api:gld_historical_archive
2012-06-20,16251077.0,spdr_api:gld_historical_archive
2012-06-21,14526046.0,spdr_api:gld_historical_archive
2012-06-22,6199591.0,spdr_api:gld_historical_archive
2012-06-25,5898980.0,spdr_api:gld_historical_archive
2012-06-26,5921427.0,spdr_api:gld_historical_archive
2012-06-27,4602944.0,spdr_api:gld_historical_archive
2012-06-28,8737591.0,spdr_api:gld_historical_archive
2012-06-29,9497950.0,spdr_api:gld_historical_archive
2012-07-02,10948700.0,spdr_api:gld_historical_archive
2012-07-03,5095651.0,spdr_api:gld_historical_archive
2012-07-05,4951695.0,spdr_api:gld_historical_archive
2012-07-06,7043942.0,spdr_api:gld_historical_archive
2012-07-09,4455252.0,spdr_api:gld_historical_archive
2012-07-10,9007818.0,spdr_api:gld_historical_archive
2012-07-11,6466906.0,spdr_api:gld_historical_archive
2012-07-12,11067150.0,spdr_api:gld_historical_archive
2012-07-13,4626058.0,spdr_api:gld_historical_archive
2012-07-16,5545580.0,spdr_api:gld_historical_archive
2012-07-17,12043750.0,spdr_api:gld_historical_archive
2012-07-18,6538508.0,spdr_api:gld_historical_archive
2012-07-19,5867652.0,spdr_api:gld_historical_archive
2012-07-20,8541105.0,spdr_api:gld_historical_archive
2012-07-23,4938017.0,spdr_api:gld_historical_archive
2012-07-24,5314247.0,spdr_api:gld_historical_archive
2012-07-25,8786755.0,spdr_api:gld_historical_archive
2012-07-26,7022586.0,spdr_api:gld_historical_archive
2012-07-27,9768470.0,spdr_api:gld_historical_archive
2012-07-30,6953399.0,spdr_api:gld_historical_archive
2012-07-31,10278720.0,spdr_api:gld_historical_archive
2012-08-01,12625460.0,spdr_api:gld_historical_archive
2012-08-02,11094903.0,spdr_api:gld_historical_archive
2012-08-03,10360755.0,spdr_api:gld_historical_archive
2012-08-06,4141034.0,spdr_api:gld_historical_archive
2012-08-07,5720607.0,spdr_api:gld_historical_archive
2012-08-08,3383020.0,spdr_api:gld_historical_archive
2012-08-09,2959310.0,spdr_api:gld_historical_archive
2012-08-10,4305525.0,spdr_api:gld_historical_archive
2012-08-13,4500177.0,spdr_api:gld_historical_archive
2012-08-14,4532531.0,spdr_api:gld_historical_archive
2012-08-15,4837898.0,spdr_api:gld_historical_archive
2012-08-16,8552571.0,spdr_api:gld_historical_archive
2012-08-17,7233431.0,spdr_api:gld_historical_archive
2012-08-20,7661805.0,spdr_api:gld_historical_archive
2012-08-21,11828342.0,spdr_api:gld_historical_archive
2012-08-22,12667313.0,spdr_api:gld_historical_archive
2012-08-23,17204279.0,spdr_api:gld_historical_archive
2012-08-24,7875631.0,spdr_api:gld_historical_archive
2012-08-27,5051508.0,spdr_api:gld_historical_archive
2012-08-28,4871700.0,spdr_api:gld_historical_archive
2012-08-29,9055049.0,spdr_api:gld_historical_archive
2012-08-30,5547949.0,spdr_api:gld_historical_archive
2012-08-31,17955019.0,spdr_api:gld_historical_archive
2012-09-04,11415449.0,spdr_api:gld_historical_archive
2012-09-05,7576731.0,spdr_api:gld_historical_archive
2012-09-06,12611703.0,spdr_api:gld_historical_archive
2012-09-07,18233185.0,spdr_api:gld_historical_archive
2012-09-10,7276052.0,spdr_api:gld_historical_archive
2012-09-11,7230469.0,spdr_api:gld_historical_archive
2012-09-12,9915959.0,spdr_api:gld_historical_archive
2012-09-13,28457096.0,spdr_api:gld_historical_archive
2012-09-14,16830825.0,spdr_api:gld_historical_archive
2012-09-17,10738109.0,spdr_api:gld_historical_archive
2012-09-18,12545334.0,spdr_api:gld_historical_archive
2012-09-19,9114009.0,spdr_api:gld_historical_archive
2012-09-20,8378369.0,spdr_api:gld_historical_archive
2012-09-21,13225308.0,spdr_api:gld_historical_archive
2012-09-24,9004034.0,spdr_api:gld_historical_archive
2012-09-25,9581830.0,spdr_api:gld_historical_archive
2012-09-26,11645991.0,spdr_api:gld_historical_archive
2012-09-27,10006804.0,spdr_api:gld_historical_archive
2012-09-28,9362088.0,spdr_api:gld_historical_archive
2012-10-01,10672735.0,spdr_api:gld_historical_archive
2012-10-02,6697624.0,spdr_api:gld_historical_archive
2012-10-03,5634243.0,spdr_api:gld_historical_archive
2012-10-04,10370548.0,spdr_api:gld_historical_archive
2012-10-05,8870943.0,spdr_api:gld_historical_archive
2012-10-08,3546869.0,spdr_api:gld_historical_archive
2012-10-09,7378558.0,spdr_api:gld_historical_archive
2012-10-10,7131946.0,spdr_api:gld_historical_archive
2012-10-11,7131946.0,spdr_api:gld_historical_archive
2012-10-12,7883889.0,spdr_api:gld_historical_archive
2012-10-15,10698747.0,spdr_api:gld_historical_archive
2012-10-16,5702318.0,spdr_api:gld_historical_archive
2012-10-17,4936961.0,spdr_api:gld_historical_archive
2012-10-18,6109962.0,spdr_api:gld_historical_archive
2012-10-19,13829972.0,spdr_api:gld_historical_archive
2012-10-22,6361278.0,spdr_api:gld_historical_archive
2012-10-23,11380537.0,spdr_api:gld_historical_archive
2012-10-24,10390589.0,spdr_api:gld_historical_archive
2012-10-25,6716646.0,spdr_api:gld_historical_archive
2012-10-26,6436751.0,spdr_api:gld_historical_archive
2012-10-31,4679717.0,spdr_api:gld_historical_archive
2012-11-01,6096285.0,spdr_api:gld_historical_archive
2012-11-02,14862167.0,spdr_api:gld_historical_archive
2012-11-05,5567820.0,spdr_api:gld_historical_archive
2012-11-06,16019782.0,spdr_api:gld_historical_archive
2012-11-07,13212066.0,spdr_api:gld_historical_archive
2012-11-08,8747400.0,spdr_api:gld_historical_archive
2012-11-09,6986685.0,spdr_api:gld_historical_archive
2012-11-12,5644994.0,spdr_api:gld_historical_archive
2012-11-13,6237148.0,spdr_api:gld_historical_archive
2012-11-14,8160795.0,spdr_api:gld_historical_archive
2012-11-15,9523780.0,spdr_api:gld_historical_archive
2012-11-16,6703460.0,spdr_api:gld_historical_archive
2012-11-19,6816696.0,spdr_api:gld_historical_archive
2012-11-20,5535870.0,spdr_api:gld_historical_archive
2012-11-21,3651760.0,spdr_api:gld_historical_archive
2012-11-23,6109829.0,spdr_api:gld_historical_archive
2012-11-26,4971777.0,spdr_api:gld_historical_archive
2012-11-27,6378561.0,spdr_api:gld_historical_archive
2012-11-28,12245879.0,spdr_api:gld_historical_archive
2012-11-29,7443424.0,spdr_api:gld_historical_archive
2012-11-30,7604795.0,spdr_api:gld_historical_archive
2012-12-03,4818976.0,spdr_api:gld_historical_archive
2012-12-04,10032560.0,spdr_api:gld_historical_archive
2012-12-05,10800412.0,spdr_api:gld_historical_archive
2012-12-06,6940073.0,spdr_api:gld_historical_archive
2012-12-07,7286701.0,spdr_api:gld_historical_archive
2012-12-10,4265054.0,spdr_api:gld_historical_archive
2012-12-11,4517775.0,spdr_api:gld_historical_archive
2012-12-12,13672778.0,spdr_api:gld_historical_archive
2012-12-13,9364644.0,spdr_api:gld_historical_archive
2012-12-14,5328092.0,spdr_api:gld_historical_archive
2012-12-17,8198869.0,spdr_api:gld_historical_archive
2012-12-18,23974067.0,spdr_api:gld_historical_archive
2012-12-19,12214663.0,spdr_api:gld_historical_archive
2012-12-20,24545562.0,spdr_api:gld_historical_archive
2012-12-21,12019701.0,spdr_api:gld_historical_archive
2012-12-24,3699191.0,spdr_api:gld_historical_archive
2012-12-26,4711239.0,spdr_api:gld_historical_archive
2012-12-27,8494132.0,spdr_api:gld_historical_archive
2012-12-28,6878109.0,spdr_api:gld_historical_archive
2012-12-31,11928933.0,spdr_api:gld_historical_archive
2013-01-02,10372818.0,spdr_api:gld_historical_archive
2013-01-03,16026642.0,spdr_api:gld_historical_archive
2013-01-04,19247822.0,spdr_api:gld_historical_archive
2013-01-07,8101802.0,spdr_api:gld_historical_archive
2013-01-08,7207626.0,spdr_api:gld_historical_archive
2013-01-09,8001913.0,spdr_api:gld_historical_archive
2013-01-10,10333030.0,spdr_api:gld_historical_archive
2013-01-11,13115131.0,spdr_api:gld_historical_archive
2013-01-14,7018520.0,spdr_api:gld_historical_archive
2013-01-15,10042948.0,spdr_api:gld_historical_archive
2013-01-16,8670800.0,spdr_api:gld_historical_archive
2013-01-17,14581775.0,spdr_api:gld_historical_archive
2013-01-18,9997045.0,spdr_api:gld_historical_archive
2013-01-22,8580149.0,spdr_api:gld_historical_archive
2013-01-23,6685284.0,spdr_api:gld_historical_archive
2013-01-24,12735011.0,spdr_api:gld_historical_archive
2013-01-25,8978516.0,spdr_api:gld_historical_archive
2013-01-28,7773260.0,spdr_api:gld_historical_archive
2013-01-29,7202813.0,spdr_api:gld_historical_archive
2013-01-30,11850010.0,spdr_api:gld_historical_archive
2013-01-31,8943168.0,spdr_api:gld_historical_archive
2013-02-01,12729370.0,spdr_api:gld_historical_archive
2013-02-04,7254491.0,spdr_api:gld_historical_archive
2013-02-05,8322651.0,spdr_api:gld_historical_archive
2013-02-06,6128024.0,spdr_api:gld_historical_archive
2013-02-07,12826160.0,spdr_api:gld_historical_archive
2013-02-08,6085836.0,spdr_api:gld_historical_archive
2013-02-11,11894018.0,spdr_api:gld_historical_archive
2013-02-12,7455630.0,spdr_api:gld_historical_archive
2013-02-13,8972878.0,spdr_api:gld_historical_archive
2013-02-14,12404519.0,spdr_api:gld_historical_archive
2013-02-15,23167362.0,spdr_api:gld_historical_archive
2013-02-19,11802450.0,spdr_api:gld_historical_archive
2013-02-20,30818633.0,spdr_api:gld_historical_archive
2013-02-21,17257058.0,spdr_api:gld_historical_archive
2013-02-22,10079050.0,spdr_api:gld_historical_archive
2013-02-25,9392455.0,spdr_api:gld_historical_archive
2013-02-26,18102159.0,spdr_api:gld_historical_archive
2013-02-27,9553818.0,spdr_api:gld_historical_archive
2013-02-28,14832484.0,spdr_api:gld_historical_archive
2013-03-01,11119428.0,spdr_api:gld_historical_archive
2013-03-04,6625645.0,spdr_api:gld_historical_archive
2013-03-05,10797687.0,spdr_api:gld_historical_archive
2013-03-06,10824305.0,spdr_api:gld_historical_archive
2013-03-07,6506352.0,spdr_api:gld_historical_archive
2013-03-08,11859095.0,spdr_api:gld_historical_archive
2013-03-11,4808532.0,spdr_api:gld_historical_archive
2013-03-12,7264351.0,spdr_api:gld_historical_archive
2013-03-13,7370978.0,spdr_api:gld_historical_archive
2013-03-14,11337738.0,spdr_api:gld_historical_archive
2013-03-15,5668973.0,spdr_api:gld_historical_archive
2013-03-18,9301423.0,spdr_api:gld_historical_archive
2013-03-19,11015743.0,spdr_api:gld_historical_archive
2013-03-20,8220958.0,spdr_api:gld_historical_archive
2013-03-21,5701573.0,spdr_api:gld_historical_archive
2013-03-22,4728296.0,spdr_api:gld_historical_archive
2013-03-25,6789587.0,spdr_api:gld_historical_archive
2013-03-26,7383067.0,spdr_api:gld_historical_archive
2013-03-27,6678556.0,spdr_api:gld_historical_archive
2013-03-28,6651072.0,spdr_api:gld_historical_archive
2013-04-01,4288086.0,spdr_api:gld_historical_archive
2013-04-02,9392599.0,spdr_api:gld_historical_archive
2013-04-03,15663867.0,spdr_api:gld_historical_archive
2013-04-04,12411745.0,spdr_api:gld_historical_archive
2013-04-05,14417856.0,spdr_api:gld_historical_archive
2013-04-08,5697249.0,spdr_api:gld_historical_archive
2013-04-09,7039971.0,spdr_api:gld_historical_archive
2013-04-10,18499313.0,spdr_api:gld_historical_archive
2013-04-11,8039962.0,spdr_api:gld_historical_archive
2013-04-12,54735613.0,spdr_api:gld_historical_archive
2013-04-15,93241654.0,spdr_api:gld_historical_archive
2013-04-16,45431355.0,spdr_api:gld_historical_archive
2013-04-17,25320161.0,spdr_api:gld_historical_archive
2013-04-18,19991956.0,spdr_api:gld_historical_archive
2013-04-19,15640781.0,spdr_api:gld_historical_archive
2013-04-22,16565174.0,spdr_api:gld_historical_archive
2013-04-23,14644282.0,spdr_api:gld_historical_archive
2013-04-24,10326266.0,spdr_api:gld_historical_archive
2013-04-25,18879402.0,spdr_api:gld_historical_archive
2013-04-26,19250419.0,spdr_api:gld_historical_archive
2013-04-29,10789041.0,spdr_api:gld_historical_archive
2013-04-30,11260882.0,spdr_api:gld_historical_archive
2013-05-01,13886932.0,spdr_api:gld_historical_archive
2013-05-02,11490845.0,spdr_api:gld_historical_archive
2013-05-03,11627176.0,spdr_api:gld_historical_archive
2013-05-06,7725857.0,spdr_api:gld_historical_archive
2013-05-07,13608617.0,spdr_api:gld_historical_archive
2013-05-08,11153883.0,spdr_api:gld_historical_archive
2013-05-09,8204740.0,spdr_api:gld_historical_archive
2013-05-10,14642697.0,spdr_api:gld_historical_archive
2013-05-13,6671490.0,spdr_api:gld_historical_archive
2013-05-14,9870549.0,spdr_api:gld_historical_archive
2013-05-15,18966485.0,spdr_api:gld_historical_archive
2013-05-16,12739437.0,spdr_api:gld_historical_archive
2013-05-17,20224683.0,spdr_api:gld_historical_archive
2013-05-20,21530043.0,spdr_api:gld_historical_archive
2013-05-21,13982844.0,spdr_api:gld_historical_archive
2013-05-22,25789039.0,spdr_api:gld_historical_archive
2013-05-23,9716189.0,spdr_api:gld_historical_archive
2013-05-24,5501534.0,spdr_api:gld_historical_archive
2013-05-28,12464978.0,spdr_api:gld_historical_archive
2013-05-29,8718997.0,spdr_api:gld_historical_archive
2013-05-30,8043205.0,spdr_api:gld_historical_archive
2013-05-31,9549456.0,spdr_api:gld_historical_archive
2013-06-03,9131627.0,spdr_api:gld_historical_archive
2013-06-04,5494459.0,spdr_api:gld_historical_archive
2013-06-05,7431600.0,spdr_api:gld_historical_archive
2013-06-06,9842982.0,spdr_api:gld_historical_archive
2013-06-07,11037362.0,spdr_api:gld_historical_archive
2013-06-10,6137850.0,spdr_api:gld_historical_archive
2013-06-11,6831178.0,spdr_api:gld_historical_archive
2013-06-12,6527076.0,spdr_api:gld_historical_archive
2013-06-13,7096420.0,spdr_api:gld_historical_archive
2013-06-14,4242645.0,spdr_api:gld_historical_archive
2013-06-17,4049705.0,spdr_api:gld_historical_archive
2013-06-18,7364382.0,spdr_api:gld_historical_archive
2013-06-19,12956455.0,spdr_api:gld_historical_archive
2013-06-20,28771137.0,spdr_api:gld_historical_archive
2013-06-21,16583945.0,spdr_api:gld_historical_archive
2013-06-24,12734458.0,spdr_api:gld_historical_archive
2013-06-25,9355853.0,spdr_api:gld_historical_archive
2013-06-26,24008047.0,spdr_api:gld_historical_archive
2013-06-27,29636817.0,spdr_api:gld_historical_archive
2013-06-28,32916582.0,spdr_api:gld_historical_archive
2013-07-01,15925526.0,spdr_api:gld_historical_archive
2013-07-02,10547598.0,spdr_api:gld_historical_archive
2013-07-03,6736185.0,spdr_api:gld_historical_archive
2013-07-05,11538361.0,spdr_api:gld_historical_archive
2013-07-08,8650146.0,spdr_api:gld_historical_archive
2013-07-09,8196158.0,spdr_api:gld_historical_archive
2013-07-10,14613949.0,spdr_api:gld_historical_archive
2013-07-11,11252499.0,spdr_api:gld_historical_archive
2013-07-12,6426106.0,spdr_api:gld_historical_archive
2013-07-15,4124415.0,spdr_api:gld_historical_archive
2013-07-16,5502543.0,spdr_api:gld_historical_archive
2013-07-17,10756153.0,spdr_api:gld_historical_archive
2013-07-18,6137923.0,spdr_api:gld_historical_archive
2013-07-19,5696168.0,spdr_api:gld_historical_archive
2013-07-22,10779324.0,spdr_api:gld_historical_archive
2013-07-23,8809128.0,spdr_api:gld_historical_archive
2013-07-24,9652585.0,spdr_api:gld_historical_archive
2013-07-25,4678795.0,spdr_api:gld_historical_archive
2013-07-26,6138445.0,spdr_api:gld_historical_archive
2013-07-29,3440816.0,spdr_api:gld_historical_archive
2013-07-30,4313801.0,spdr_api:gld_historical_archive
2013-07-31,13956670.0,spdr_api:gld_historical_archive
2013-08-01,9961326.0,spdr_api:gld_historical_archive
2013-08-02,6423842.0,spdr_api:gld_historical_archive
2013-08-05,4000914.0,spdr_api:gld_historical_archive
2013-08-06,6011242.0,spdr_api:gld_historical_archive
2013-08-07,5183689.0,spdr_api:gld_historical_archive
2013-08-08,8636916.0,spdr_api:gld_historical_archive
2013-08-09,6177236.0,spdr_api:gld_historical_archive
2013-08-12,7260337.0,spdr_api:gld_historical_archive
2013-08-13,6652479.0,spdr_api:gld_historical_archive
2013-08-14,8644082.0,spdr_api:gld_historical_archive
2013-08-15,17199163.0,spdr_api:gld_historical_archive
2013-08-16,14412522.0,spdr_api:gld_historical_archive
2013-08-19,8118408.0,spdr_api:gld_historical_archive
2013-08-20,7803605.0,spdr_api:gld_historical_archive
2013-08-21,10704709.0,spdr_api:gld_historical_archive
2013-08-22,5570182.0,spdr_api:gld_historical_archive
2013-08-23,11596915.0,spdr_api:gld_historical_archive
2013-08-26,7277545.0,spdr_api:gld_historical_archive
2013-08-27,11245625.0,spdr_api:gld_historical_archive
2013-08-28,12741428.0,spdr_api:gld_historical_archive
2013-08-29,7578862.0,spdr_api:gld_historical_archive
2013-08-30,7140038.0,spdr_api:gld_historical_archive
2013-09-03,8096363.0,spdr_api:gld_historical_archive
2013-09-04,7841147.0,spdr_api:gld_historical_archive
2013-09-05,10505828.0,spdr_api:gld_historical_archive
2013-09-06,8055489.0,spdr_api:gld_historical_archive
2013-09-09,5013993.0,spdr_api:gld_historical_archive
2013-09-10,7807887.0,spdr_api:gld_historical_archive
2013-09-11,4744170.0,spdr_api:gld_historical_archive
2013-09-12,13015886.0,spdr_api:gld_historical_archive
2013-09-13,11905974.0,spdr_api:gld_historical_archive
2013-09-16,9922262.0,spdr_api:gld_historical_archive
2013-09-17,8112462.0,spdr_api:gld_historical_archive
2013-09-18,24911414.0,spdr_api:gld_historical_archive
2013-09-19,14250764.0,spdr_api:gld_historical_archive
2013-09-20,19157190.0,spdr_api:gld_historical_archive
2013-09-23,7356838.0,spdr_api:gld_historical_archive
2013-09-24,7315185.0,spdr_api:gld_historical_archive
2013-09-25,7478200.0,spdr_api:gld_historical_archive
2013-09-26,9469645.0,spdr_api:gld_historical_archive
2013-09-27,7373556.0,spdr_api:gld_historical_archive
2013-09-30,9242843.0,spdr_api:gld_historical_archive
2013-10-01,16641793.0,spdr_api:gld_historical_archive
2013-10-02,12007523.0,spdr_api:gld_historical_archive
2013-10-03,10705933.0,spdr_api:gld_historical_archive
2013-10-04,6842849.0,spdr_api:gld_historical_archive
2013-10-07,6726301.0,spdr_api:gld_historical_archive
2013-10-08,6987911.0,spdr_api:gld_historical_archive
2013-10-09,10679724.0,spdr_api:gld_historical_archive
2013-10-10,10468534.0,spdr_api:gld_historical_archive
2013-10-11,15955976.0,spdr_api:gld_historical_archive
2013-10-14,6112415.0,spdr_api:gld_historical_archive
2013-10-15,8376346.0,spdr_api:gld_historical_archive
2013-10-16,8520279.0,spdr_api:gld_historical_archive
2013-10-17,11751453.0,spdr_api:gld_historical_archive
2013-10-18,5338800.0,spdr_api:gld_historical_archive
2013-10-21,3350973.0,spdr_api:gld_historical_archive
2013-10-22,8809145.0,spdr_api:gld_historical_archive
2013-10-23,5078960.0,spdr_api:gld_historical_archive
2013-10-24,10204651.0,spdr_api:gld_historical_archive
2013-10-25,8762531.0,spdr_api:gld_historical_archive
2013-10-28,6805997.0,spdr_api:gld_historical_archive
2013-10-29,5294316.0,spdr_api:gld_historical_archive
2013-10-30,8963669.0,spdr_api:gld_historical_archive
2013-10-31,7611436.0,spdr_api:gld_historical_archive
2013-11-01,9506788.0,spdr_api:gld_historical_archive
2013-11-04,3889542.0,spdr_api:gld_historical_archive
2013-11-05,4933448.0,spdr_api:gld_historical_archive
2013-11-06,3604233.0,spdr_api:gld_historical_archive
2013-11-07,7697168.0,spdr_api:gld_historical_archive
2013-11-08,8380942.0,spdr_api:gld_historical_archive
2013-11-11,3283832.0,spdr_api:gld_historical_archive
2013-11-12,7690647.0,spdr_api:gld_historical_archive
2013-11-13,5799362.0,spdr_api:gld_historical_archive
2013-11-14,7638154.0,spdr_api:gld_historical_archive
2013-11-15,4499958.0,spdr_api:gld_historical_archive
2013-11-18,5785769.0,spdr_api:gld_historical_archive
2013-11-19,3659851.0,spdr_api:gld_historical_archive
2013-11-20,14252946.0,spdr_api:gld_historical_archive
2013-11-21,7557493.0,spdr_api:gld_historical_archive
2013-11-22,6729208.0,spdr_api:gld_historical_archive
2013-11-25,7239986.0,spdr_api:gld_historical_archive
2013-11-26,9083058.0,spdr_api:gld_historical_archive
2013-11-27,5958288.0,spdr_api:gld_historical_archive
2013-11-29,2362171.0,spdr_api:gld_historical_archive
2013-12-02,8913533.0,spdr_api:gld_historical_archive
2013-12-03,6978647.0,spdr_api:gld_historical_archive
2013-12-04,9078292.0,spdr_api:gld_historical_archive
2013-12-05,10386914.0,spdr_api:gld_historical_archive
2013-12-06,7909514.0,spdr_api:gld_historical_archive
2013-12-09,5485125.0,spdr_api:gld_historical_archive
2013-12-10,9228230.0,spdr_api:gld_historical_archive
2013-12-11,9641578.0,spdr_api:gld_historical_archive
2013-12-12,8717728.0,spdr_api:gld_historical_archive
2013-12-13,6578436.0,spdr_api:gld_historical_archive
2013-12-16,8189352.0,spdr_api:gld_historical_archive
2013-12-17,8574629.0,spdr_api:gld_historical_archive
2013-12-18,16229544.0,spdr_api:gld_historical_archive
2013-12-19,15949204.0,spdr_api:gld_historical_archive
2013-12-20,11995433.0,spdr_api:gld_historical_archive
2013-12-23,6237166.0,spdr_api:gld_historical_archive
2013-12-24,3351555.0,spdr_api:gld_historical_archive
2013-12-26,3868208.0,spdr_api:gld_historical_archive
2013-12-27,4191110.0,spdr_api:gld_historical_archive
2013-12-30,6693450.0,spdr_api:gld_historical_archive
2013-12-31,8056480.0,spdr_api:gld_historical_archive
2014-01-02,7549626.0,spdr_api:gld_historical_archive
2014-01-03,5940519.0,spdr_api:gld_historical_archive
2014-01-06,10103742.0,spdr_api:gld_historical_archive
2014-01-07,6469872.0,spdr_api:gld_historical_archive
2014-01-08,7427185.0,spdr_api:gld_historical_archive
2014-01-09,3998394.0,spdr_api:gld_historical_archive
2014-01-10,7778755.0,spdr_api:gld_historical_archive
2014-01-13,5856072.0,spdr_api:gld_historical_archive
2014-01-14,7494834.0,spdr_api:gld_historical_archive
2014-01-15,5535514.0,spdr_api:gld_historical_archive
2014-01-16,3683443.0,spdr_api:gld_historical_archive
2014-01-17,7895919.0,spdr_api:gld_historical_archive
2014-01-21,6669208.0,spdr_api:gld_historical_archive
2014-01-22,4853641.0,spdr_api:gld_historical_archive
2014-01-23,11023717.0,spdr_api:gld_historical_archive
2014-01-24,7708228.0,spdr_api:gld_historical_archive
2014-01-27,6311291.0,spdr_api:gld_historical_archive
2014-01-28,4555068.0,spdr_api:gld_historical_archive
2014-01-29,10362869.0,spdr_api:gld_historical_archive
2014-01-30,8745588.0,spdr_api:gld_historical_archive
2014-01-31,6771583.0,spdr_api:gld_historical_archive
2014-02-03,9550269.0,spdr_api:gld_historical_archive
2014-02-04,5926672.0,spdr_api:gld_historical_archive
2014-02-05,6421222.0,spdr_api:gld_historical_archive
2014-02-06,4476039.0,spdr_api:gld_historical_archive
2014-02-07,6822802.0,spdr_api:gld_historical_archive
2014-02-10,6672767.0,spdr_api:gld_historical_archive
2014-02-11,11543743.0,spdr_api:gld_historical_archive
2014-02-12,6698691.0,spdr_api:gld_historical_archive
2014-02-13,9357353.0,spdr_api:gld_historical_archive
2014-02-14,11174793.0,spdr_api:gld_historical_archive
2014-02-18,7440738.0,spdr_api:gld_historical_archive
2014-02-19,9384098.0,spdr_api:gld_historical_archive
2014-02-20,8541983.0,spdr_api:gld_historical_archive
2014-02-21,7284542.0,spdr_api:gld_historical_archive
2014-02-24,7284542.0,spdr_api:gld_historical_archive
2014-02-25,5358894.0,spdr_api:gld_historical_archive
2014-02-26,6592431.0,spdr_api:gld_historical_archive
2014-02-27,4988338.0,spdr_api:gld_historical_archive
2014-02-28,8323166.0,spdr_api:gld_historical_archive
2014-03-03,10939606.0,spdr_api:gld_historical_archive
2014-03-04,5884493.0,spdr_api:gld_historical_archive
2014-03-05,4465433.0,spdr_api:gld_historical_archive
2014-03-06,4939065.0,spdr_api:gld_historical_archive
2014-03-07,7630289.0,spdr_api:gld_historical_archive
2014-03-10,4214560.0,spdr_api:gld_historical_archive
2014-03-11,6983581.0,spdr_api:gld_historical_archive
2014-03-12,10291933.0,spdr_api:gld_historical_archive
2014-03-13,7483662.0,spdr_api:gld_historical_archive
2014-03-14,11043421.0,spdr_api:gld_historical_archive
2014-03-17,12439652.0,spdr_api:gld_historical_archive
2014-03-18,5977026.0,spdr_api:gld_historical_archive
2014-03-19,11798758.0,spdr_api:gld_historical_archive
2014-03-20,6975505.0,spdr_api:gld_historical_archive
2014-03-21,6071295.0,spdr_api:gld_historical_archive
2014-03-24,11059848.0,spdr_api:gld_historical_archive
2014-03-25,5107934.0,spdr_api:gld_historical_archive
2014-03-26,7681683.0,spdr_api:gld_historical_archive
2014-03-27,6620784.0,spdr_api:gld_historical_archive
2014-03-28,6811420.0,spdr_api:gld_historical_archive
2014-03-31,12363786.0,spdr_api:gld_historical_archive
2014-04-01,5423525.0,spdr_api:gld_historical_archive
2014-04-02,4375154.0,spdr_api:gld_historical_archive
2014-04-03,3298489.0,spdr_api:gld_historical_archive
2014-04-04,6544864.0,spdr_api:gld_historical_archive
2014-04-07,3611340.0,spdr_api:gld_historical_archive
2014-04-08,6938407.0,spdr_api:gld_historical_archive
2014-04-09,4661293.0,spdr_api:gld_historical_archive
2014-04-10,4608696.0,spdr_api:gld_historical_archive
2014-04-11,3783741.0,spdr_api:gld_historical_archive
2014-04-14,6679670.0,spdr_api:gld_historical_archive
2014-04-15,8824010.0,spdr_api:gld_historical_archive
2014-04-16,3741974.0,spdr_api:gld_historical_archive
2014-04-17,4888255.0,spdr_api:gld_historical_archive
2014-04-21,6200182.0,spdr_api:gld_historical_archive
2014-04-22,6314525.0,spdr_api:gld_historical_archive
2014-04-23,3394327.0,spdr_api:gld_historical_archive
2014-04-24,8249089.0,spdr_api:gld_historical_archive
2014-04-25,7212372.0,spdr_api:gld_historical_archive
2014-04-28,4387208.0,spdr_api:gld_historical_archive
2014-04-29,4933425.0,spdr_api:gld_historical_archive
2014-04-30,7254105.0,spdr_api:gld_historical_archive
2014-05-01,6672066.0,spdr_api:gld_historical_archive
2014-05-02,9907065.0,spdr_api:gld_historical_archive
2014-05-05,4527231.0,spdr_api:gld_historical_archive
2014-05-06,3284539.0,spdr_api:gld_historical_archive
2014-05-07,7541093.0,spdr_api:gld_historical_archive
2014-05-08,3500977.0,spdr_api:gld_historical_archive
2014-05-09,2823068.0,spdr_api:gld_historical_archive
2014-05-12,3475975.0,spdr_api:gld_historical_archive
2014-05-13,2184067.0,spdr_api:gld_historical_archive
2014-05-14,3300005.0,spdr_api:gld_historical_archive
2014-05-15,5858698.0,spdr_api:gld_historical_archive
2014-05-16,3475010.0,spdr_api:gld_historical_archive
2014-05-19,3628005.0,spdr_api:gld_historical_archive
2014-05-20,3581711.0,spdr_api:gld_historical_archive
2014-05-21,6824830.0,spdr_api:gld_historical_archive
2014-05-22,3221150.0,spdr_api:gld_historical_archive
2014-05-23,1919996.0,spdr_api:gld_historical_archive
2014-05-27,10889671.0,spdr_api:gld_historical_archive
2014-05-28,6293600.0,spdr_api:gld_historical_archive
2014-05-29,5223417.0,spdr_api:gld_historical_archive
2014-05-30,7566168.0,spdr_api:gld_historical_archive
2014-06-02,5140005.0,spdr_api:gld_historical_archive
2014-06-03,4615505.0,spdr_api:gld_historical_archive
2014-06-04,3597844.0,spdr_api:gld_historical_archive
2014-06-05,3841343.0,spdr_api:gld_historical_archive
2014-06-06,4476796.0,spdr_api:gld_historical_archive
2014-06-09,2146048.0,spdr_api:gld_historical_archive
2014-06-10,3084299.0,spdr_api:gld_historical_archive
2014-06-11,3272082.0,spdr_api:gld_historical_archive
2014-06-12,6598654.0,spdr_api:gld_historical_archive
2014-06-13,3498176.0,spdr_api:gld_historical_archive
2014-06-16,5333144.0,spdr_api:gld_historical_archive
2014-06-17,3765664.0,spdr_api:gld_historical_archive
2014-06-18,4190810.0,spdr_api:gld_historical_archive
2014-06-19,21744427.0,spdr_api:gld_historical_archive
2014-06-20,8652177.0,spdr_api:gld_historical_archive
2014-06-23,4650816.0,spdr_api:gld_historical_archive
2014-06-24,5850674.0,spdr_api:gld_historical_archive
2014-06-25,6502612.0,spdr_api:gld_historical_archive
2014-06-26,5245104.0,spdr_api:gld_historical_archive
2014-06-27,4069330.0,spdr_api:gld_historical_archive
2014-06-30,18081846.0,spdr_api:gld_historical_archive
2014-07-01,7936219.0,spdr_api:gld_historical_archive
2014-07-02,5495297.0,spdr_api:gld_historical_archive
2014-07-03,5048162.0,spdr_api:gld_historical_archive
2014-07-07,4068239.0,spdr_api:gld_historical_archive
2014-07-08,6210906.0,spdr_api:gld_historical_archive
2014-07-09,8051630.0,spdr_api:gld_historical_archive
2014-07-10,6080968.0,spdr_api:gld_historical_archive
2014-07-11,4117806.0,spdr_api:gld_historical_archive
2014-07-14,10601188.0,spdr_api:gld_historical_archive
2014-07-15,9842091.0,spdr_api:gld_historical_archive
2014-07-16,3822996.0,spdr_api:gld_historical_archive
2014-07-17,10868957.0,spdr_api:gld_historical_archive
2014-07-18,5642841.0,spdr_api:gld_historical_archive
2014-07-21,3182179.0,spdr_api:gld_historical_archive
2014-07-22,3695260.0,spdr_api:gld_historical_archive
2014-07-23,3075787.0,spdr_api:gld_historical_archive
2014-07-24,7642514.0,spdr_api:gld_historical_archive
2014-07-25,5289495.0,spdr_api:gld_historical_archive
2014-07-28,3058265.0,spdr_api:gld_historical_archive
2014-07-29,5106623.0,spdr_api:gld_historical_archive
2014-07-30,5178893.0,spdr_api:gld_historical_archive
2014-07-31,8632094.0,spdr_api:gld_historical_archive
2014-08-01,6854486.0,spdr_api:gld_historical_archive
2014-08-04,6496247.0,spdr_api:gld_historical_archive
2014-08-05,7305535.0,spdr_api:gld_historical_archive
2014-08-06,8752486.0,spdr_api:gld_historical_archive
2014-08-07,6999493.0,spdr_api:gld_historical_archive
2014-08-08,5735520.0,spdr_api:gld_historical_archive
2014-08-11,3070873.0,spdr_api:gld_historical_archive
2014-08-12,4386517.0,spdr_api:gld_historical_archive
2014-08-13,3678567.0,spdr_api:gld_historical_archive
2014-08-14,3186311.0,spdr_api:gld_historical_archive
2014-08-15,12576726.0,spdr_api:gld_historical_archive
2014-08-18,4809236.0,spdr_api:gld_historical_archive
2014-08-19,5023156.0,spdr_api:gld_historical_archive
2014-08-20,4228160.0,spdr_api:gld_historical_archive
2014-08-21,7458496.0,spdr_api:gld_historical_archive
2014-08-22,4535034.0,spdr_api:gld_historical_archive
2014-08-25,4754204.0,spdr_api:gld_historical_archive
2014-08-26,3726817.0,spdr_api:gld_historical_archive
2014-08-27,2705363.0,spdr_api:gld_historical_archive
2014-08-28,3027713.0,spdr_api:gld_historical_archive
2014-08-29,3682647.0,spdr_api:gld_historical_archive
2014-09-02,9172912.0,spdr_api:gld_historical_archive
2014-09-03,3241928.0,spdr_api:gld_historical_archive
2014-09-04,7033052.0,spdr_api:gld_historical_archive
2014-09-05,3480324.0,spdr_api:gld_historical_archive
2014-09-08,7011841.0,spdr_api:gld_historical_archive
2014-09-09,5981094.0,spdr_api:gld_historical_archive
2014-09-10,6795288.0,spdr_api:gld_historical_archive
2014-09-11,7461368.0,spdr_api:gld_historical_archive
2014-09-12,7554959.0,spdr_api:gld_historical_archive
2014-09-15,4454782.0,spdr_api:gld_historical_archive
2014-09-16,6386131.0,spdr_api:gld_historical_archive
2014-09-17,8119583.0,spdr_api:gld_historical_archive
2014-09-18,5135816.0,spdr_api:gld_historical_archive
2014-09-19,10887356.0,spdr_api:gld_historical_archive
2014-09-22,7417384.0,spdr_api:gld_historical_archive
2014-09-23,4493555.0,spdr_api:gld_historical_archive
2014-09-24,5584808.0,spdr_api:gld_historical_archive
2014-09-25,7408266.0,spdr_api:gld_historical_archive
2014-09-26,3995241.0,spdr_api:gld_historical_archive
2014-09-29,3445258.0,spdr_api:gld_historical_archive
2014-09-30,9784405.0,spdr_api:gld_historical_archive
2014-10-01,7009230.0,spdr_api:gld_historical_archive
2014-10-02,6109966.0,spdr_api:gld_historical_archive
2014-10-03,10923342.0,spdr_api:gld_historical_archive
2014-10-06,7301796.0,spdr_api:gld_historical_archive
2014-10-07,5085992.0,spdr_api:gld_historical_archive
2014-10-08,10188099.0,spdr_api:gld_historical_archive
2014-10-09,6253842.0,spdr_api:gld_historical_archive
2014-10-10,4438246.0,spdr_api:gld_historical_archive
2014-10-13,5393347.0,spdr_api:gld_historical_archive
2014-10-14,5006647.0,spdr_api:gld_historical_archive
2014-10-15,9270501.0,spdr_api:gld_historical_archive
2014-10-16,6542336.0,spdr_api:gld_historical_archive
2014-10-17,6091822.0,spdr_api:gld_historical_archive
2014-10-20,2724077.0,spdr_api:gld_historical_archive
2014-10-21,4145445.0,spdr_api:gld_historical_archive
2014-10-22,3834033.0,spdr_api:gld_historical_archive
2014-10-23,5728196.0,spdr_api:gld_historical_archive
2014-10-24,3607576.0,spdr_api:gld_historical_archive
2014-10-27,2197587.0,spdr_api:gld_historical_archive
2014-10-28,2816495.0,spdr_api:gld_historical_archive
2014-10-29,7835790.0,spdr_api:gld_historical_archive
2014-10-30,7136013.0,spdr_api:gld_historical_archive
2014-10-31,16757315.0,spdr_api:gld_historical_archive
2014-11-03,6397709.0,spdr_api:gld_historical_archive
2014-11-04,5974426.0,spdr_api:gld_historical_archive
2014-11-05,12117376.0,spdr_api:gld_historical_archive
2014-11-06,6361446.0,spdr_api:gld_historical_archive
2014-11-07,9168874.0,spdr_api:gld_historical_archive
2014-11-10,7565037.0,spdr_api:gld_historical_archive
2014-11-11,8011747.0,spdr_api:gld_historical_archive
2014-11-12,4564800.0,spdr_api:gld_historical_archive
2014-11-13,4499920.0,spdr_api:gld_historical_archive
2014-11-14,13318601.0,spdr_api:gld_historical_archive
2014-11-17,4982472.0,spdr_api:gld_historical_archive
2014-11-18,5021275.0,spdr_api:gld_historical_archive
2014-11-19,11252491.0,spdr_api:gld_historical_archive
2014-11-20,5093330.0,spdr_api:gld_historical_archive
2014-11-21,6253478.0,spdr_api:gld_historical_archive
2014-11-24,4403970.0,spdr_api:gld_historical_archive
2014-11-25,8378865.0,spdr_api:gld_historical_archive
2014-11-26,3181169.0,spdr_api:gld_historical_archive
2014-11-28,9604771.0,spdr_api:gld_historical_archive
2014-12-01,13651226.0,spdr_api:gld_historical_archive
2014-12-02,6363382.0,spdr_api:gld_historical_archive
2014-12-03,5119137.0,spdr_api:gld_historical_archive
2014-12-04,3355388.0,spdr_api:gld_historical_archive
2014-12-05,5251967.0,spdr_api:gld_historical_archive
2014-12-08,5216071.0,spdr_api:gld_historical_archive
2014-12-09,10463224.0,spdr_api:gld_historical_archive
2014-12-10,4121157.0,spdr_api:gld_historical_archive
2014-12-11,4712142.0,spdr_api:gld_historical_archive
2014-12-12,4657985.0,spdr_api:gld_historical_archive
2014-12-15,8751585.0,spdr_api:gld_historical_archive
2014-12-16,9168929.0,spdr_api:gld_historical_archive
2014-12-17,8091401.0,spdr_api:gld_historical_archive
2014-12-18,4661311.0,spdr_api:gld_historical_archive
2014-12-19,4639359.0,spdr_api:gld_historical_archive
2014-12-22,6385951.0,spdr_api:gld_historical_archive
2014-12-23,7760476.0,spdr_api:gld_historical_archive
2014-12-24,1492616.0,spdr_api:gld_historical_archive
2014-12-26,3705059.0,spdr_api:gld_historical_archive
2014-12-29,11922684.0,spdr_api:gld_historical_archive
2014-12-30,7977987.0,spdr_api:gld_historical_archive
2014-12-31,7602791.0,spdr_api:gld_historical_archive
2015-01-02,6711056.0,spdr_api:gld_historical_archive
2015-01-05,8170353.0,spdr_api:gld_historical_archive
2015-01-06,11232282.0,spdr_api:gld_historical_archive
2015-01-07,6430296.0,spdr_api:gld_historical_archive
2015-01-08,6075677.0,spdr_api:gld_historical_archive
2015-01-09,7081171.0,spdr_api:gld_historical_archive
2015-01-12,7204953.0,spdr_api:gld_historical_archive
2015-01-13,7025916.0,spdr_api:gld_historical_archive
2015-01-14,6430290.0,spdr_api:gld_historical_archive
2015-01-15,15812974.0,spdr_api:gld_historical_archive
2015-01-16,14420996.0,spdr_api:gld_historical_archive
2015-01-20,14960939.0,spdr_api:gld_historical_archive
2015-01-21,11080734.0,spdr_api:gld_historical_archive
2015-01-22,10020344.0,spdr_api:gld_historical_archive
2015-01-23,6264921.0,spdr_api:gld_historical_archive
2015-01-26,6179633.0,spdr_api:gld_historical_archive
2015-01-27,9568477.0,spdr_api:gld_historical_archive
2015-01-28,8510219.0,spdr_api:gld_historical_archive
2015-01-29,11221332.0,spdr_api:gld_historical_archive
2015-01-30,14664799.0,spdr_api:gld_historical_archive
2015-02-02,8882575.0,spdr_api:gld_historical_archive
2015-02-03,7598299.0,spdr_api:gld_historical_archive
2015-02-04,5383102.0,spdr_api:gld_historical_archive
2015-02-05,6876799.0,spdr_api:gld_historical_archive
2015-02-06,11441086.0,spdr_api:gld_historical_archive
2015-02-09,4685502.0,spdr_api:gld_historical_archive
2015-02-10,4085261.0,spdr_api:gld_historical_archive
2015-02-11,6106249.0,spdr_api:gld_historical_archive
2015-02-12,4342604.0,spdr_api:gld_historical_archive
2015-02-13,3569423.0,spdr_api:gld_historical_archive
2015-02-17,7217091.0,spdr_api:gld_historical_archive
2015-02-18,8320428.0,spdr_api:gld_historical_archive
2015-02-19,6525849.0,spdr_api:gld_historical_archive
2015-02-20,6679394.0,spdr_api:gld_historical_archive
2015-02-23,4891839.0,spdr_api:gld_historical_archive
2015-02-24,7634980.0,spdr_api:gld_historical_archive
2015-02-25,4608826.0,spdr_api:gld_historical_archive
2015-02-26,4092808.0,spdr_api:gld_historical_archive
2015-02-27,6450281.0,spdr_api:gld_historical_archive
2015-03-02,6977500.0,spdr_api:gld_historical_archive
2015-03-03,4083419.0,spdr_api:gld_historical_archive
2015-03-04,4409508.0,spdr_api:gld_historical_archive
2015-03-05,4087856.0,spdr_api:gld_historical_archive
2015-03-06,11182291.0,spdr_api:gld_historical_archive
2015-03-09,5521960.0,spdr_api:gld_historical_archive
2015-03-10,5521960.0,spdr_api:gld_historical_archive
2015-03-11,6618492.0,spdr_api:gld_historical_archive
2015-03-12,6626352.0,spdr_api:gld_historical_archive
2015-03-13,4517410.0,spdr_api:gld_historical_archive
2015-03-16,3057035.0,spdr_api:gld_historical_archive
2015-03-17,8477022.0,spdr_api:gld_historical_archive
2015-03-18,12408067.0,spdr_api:gld_historical_archive
2015-03-19,6645042.0,spdr_api:gld_historical_archive
2015-03-20,8030798.0,spdr_api:gld_historical_archive
2015-03-23,4297098.0,spdr_api:gld_historical_archive
2015-03-24,2972996.0,spdr_api:gld_historical_archive
2015-03-25,3019777.0,spdr_api:gld_historical_archive
2015-03-26,5492671.0,spdr_api:gld_historical_archive
2015-03-27,4922482.0,spdr_api:gld_historical_archive
2015-03-30,3667931.0,spdr_api:gld_historical_archive
2015-03-31,3663183.0,spdr_api:gld_historical_archive
2015-04-01,7565981.0,spdr_api:gld_historical_archive
2015-04-02,7487100.0,spdr_api:gld_historical_archive
2015-04-06,5913203.0,spdr_api:gld_historical_archive
2015-04-07,2467494.0,spdr_api:gld_historical_archive
2015-04-08,4987173.0,spdr_api:gld_historical_archive
2015-04-09,4706013.0,spdr_api:gld_historical_archive
2015-04-10,3925254.0,spdr_api:gld_historical_archive
2015-04-13,3028803.0,spdr_api:gld_historical_archive
2015-04-14,3649158.0,spdr_api:gld_historical_archive
2015-04-15,3648740.0,spdr_api:gld_historical_archive
2015-04-16,3119020.0,spdr_api:gld_historical_archive
2015-04-17,3057953.0,spdr_api:gld_historical_archive
2015-04-20,3525441.0,spdr_api:gld_historical_archive
2015-04-21,3315124.0,spdr_api:gld_historical_archive
2015-04-22,5003864.0,spdr_api:gld_historical_archive
2015-04-23,3623938.0,spdr_api:gld_historical_archive
2015-04-24,7410028.0,spdr_api:gld_historical_archive
2015-04-27,7466739.0,spdr_api:gld_historical_archive
2015-04-28,7541405.0,spdr_api:gld_historical_archive
2015-04-29,6501188.0,spdr_api:gld_historical_archive
2015-04-30,9434323.0,spdr_api:gld_historical_archive
2015-05-01,8451389.0,spdr_api:gld_historical_archive
2015-05-04,2727061.0,spdr_api:gld_historical_archive
2015-05-05,3214701.0,spdr_api:gld_historical_archive
2015-05-06,2897411.0,spdr_api:gld_historical_archive
2015-05-07,4282967.0,spdr_api:gld_historical_archive
2015-05-08,9963722.0,spdr_api:gld_historical_archive
2015-05-11,2666352.0,spdr_api:gld_historical_archive
2015-05-12,2598681.0,spdr_api:gld_historical_archive
2015-05-13,11139311.0,spdr_api:gld_historical_archive
2015-05-14,5478472.0,spdr_api:gld_historical_archive
2015-05-15,4194292.0,spdr_api:gld_historical_archive
2015-05-18,5079579.0,spdr_api:gld_historical_archive
2015-05-19,5014931.0,spdr_api:gld_historical_archive
2015-05-20,4424296.0,spdr_api:gld_historical_archive
2015-05-21,2286343.0,spdr_api:gld_historical_archive
2015-05-22,1776225.0,spdr_api:gld_historical_archive
2015-05-26,5762894.0,spdr_api:gld_historical_archive
2015-05-27,2693082.0,spdr_api:gld_historical_archive
2015-05-28,4533934.0,spdr_api:gld_historical_archive
2015-05-29,2802975.0,spdr_api:gld_historical_archive
2015-06-01,8698003.0,spdr_api:gld_historical_archive
2015-06-02,3417568.0,spdr_api:gld_historical_archive
2015-06-03,4885074.0,spdr_api:gld_historical_archive
2015-06-04,4992381.0,spdr_api:gld_historical_archive
2015-06-05,4642593.0,spdr_api:gld_historical_archive
2015-06-08,3110646.0,spdr_api:gld_historical_archive
2015-06-09,3536401.0,spdr_api:gld_historical_archive
2015-06-10,5402267.0,spdr_api:gld_historical_archive
2015-06-11,4433282.0,spdr_api:gld_historical_archive
2015-06-12,3073498.0,spdr_api:gld_historical_archive
2015-06-15,4310596.0,spdr_api:gld_historical_archive
2015-06-16,4032573.0,spdr_api:gld_historical_archive
2015-06-17,6820852.0,spdr_api:gld_historical_archive
2015-06-18,6594002.0,spdr_api:gld_historical_archive
2015-06-19,3321935.0,spdr_api:gld_historical_archive
2015-06-22,4888351.0,spdr_api:gld_historical_archive
2015-06-23,3805892.0,spdr_api:gld_historical_archive
2015-06-24,3036151.0,spdr_api:gld_historical_archive
2015-06-25,2021673.0,spdr_api:gld_historical_archive
2015-06-26,4390289.0,spdr_api:gld_historical_archive
2015-06-29,5278911.0,spdr_api:gld_historical_archive
2015-06-30,7221958.0,spdr_api:gld_historical_archive
2015-07-01,3687157.0,spdr_api:gld_historical_archive
2015-07-02,3791432.0,spdr_api:gld_historical_archive
2015-07-06,4341718.0,spdr_api:gld_historical_archive
2015-07-07,9064750.0,spdr_api:gld_historical_archive
2015-07-08,5675515.0,spdr_api:gld_historical_archive
2015-07-09,3798146.0,spdr_api:gld_historical_archive
2015-07-10,3159494.0,spdr_api:gld_historical_archive
2015-07-13,3827544.0,spdr_api:gld_historical_archive
2015-07-14,2611230.0,spdr_api:gld_historical_archive
2015-07-15,7792881.0,spdr_api:gld_historical_archive
2015-07-16,3857856.0,spdr_api:gld_historical_archive
2015-07-17,13167953.0,spdr_api:gld_historical_archive
2015-07-20,15677405.0,spdr_api:gld_historical_archive
2015-07-21,8366353.0,spdr_api:gld_historical_archive
2015-07-22,8455246.0,spdr_api:gld_historical_archive
2015-07-23,5752053.0,spdr_api:gld_historical_archive
2015-07-24,11445336.0,spdr_api:gld_historical_archive
2015-07-27,8212214.0,spdr_api:gld_historical_archive
2015-07-28,5524125.0,spdr_api:gld_historical_archive
2015-07-29,5524125.0,spdr_api:gld_historical_archive
2015-07-30,6296210.0,spdr_api:gld_historical_archive
2015-07-31,5602331.0,spdr_api:gld_historical_archive
2015-08-03,3278394.0,spdr_api:gld_historical_archive
2015-08-04,2854350.0,spdr_api:gld_historical_archive
2015-08-05,5032977.0,spdr_api:gld_historical_archive
2015-08-06,3894065.0,spdr_api:gld_historical_archive
2015-08-07,4382901.0,spdr_api:gld_historical_archive
2015-08-10,5887234.0,spdr_api:gld_historical_archive
2015-08-11,4007277.0,spdr_api:gld_historical_archive
2015-08-12,10192821.0,spdr_api:gld_historical_archive
2015-08-13,4669830.0,spdr_api:gld_historical_archive
2015-08-14,3497579.0,spdr_api:gld_historical_archive
2015-08-17,5728847.0,spdr_api:gld_historical_archive
2015-08-18,3734267.0,spdr_api:gld_historical_archive
2015-08-19,6460039.0,spdr_api:gld_historical_archive
2015-08-20,11259616.0,spdr_api:gld_historical_archive
2015-08-21,12873471.0,spdr_api:gld_historical_archive
2015-08-24,16642336.0,spdr_api:gld_historical_archive
2015-08-25,8759333.0,spdr_api:gld_historical_archive
2015-08-26,10009495.0,spdr_api:gld_historical_archive
2015-08-27,8093182.0,spdr_api:gld_historical_archive
2015-08-28,7027704.0,spdr_api:gld_historical_archive
2015-08-31,3781255.0,spdr_api:gld_historical_archive
2015-09-01,6601713.0,spdr_api:gld_historical_archive
2015-09-02,3791822.0,spdr_api:gld_historical_archive
2015-09-03,3842965.0,spdr_api:gld_historical_archive
2015-09-04,3803657.0,spdr_api:gld_historical_archive
2015-09-08,5829059.0,spdr_api:gld_historical_archive
2015-09-09,7827865.0,spdr_api:gld_historical_archive
2015-09-10,5273401.0,spdr_api:gld_historical_archive
2015-09-11,3855584.0,spdr_api:gld_historical_archive
2015-09-14,2255186.0,spdr_api:gld_historical_archive
2015-09-15,2897582.0,spdr_api:gld_historical_archive
2015-09-16,4889937.0,spdr_api:gld_historical_archive
2015-09-17,6385252.0,spdr_api:gld_historical_archive
2015-09-18,6070148.0,spdr_api:gld_historical_archive
2015-09-21,3737961.0,spdr_api:gld_historical_archive
2015-09-22,4988387.0,spdr_api:gld_historical_archive
2015-09-23,2521235.0,spdr_api:gld_historical_archive
2015-09-24,8044515.0,spdr_api:gld_historical_archive
2015-09-25,4445099.0,spdr_api:gld_historical_archive
2015-09-28,2379412.0,spdr_api:gld_historical_archive
2015-09-29,3351342.0,spdr_api:gld_historical_archive
2015-09-30,6434986.0,spdr_api:gld_historical_archive
2015-10-01,3932397.0,spdr_api:gld_historical_archive
2015-10-02,7060946.0,spdr_api:gld_historical_archive
2015-10-05,5225521.0,spdr_api:gld_historical_archive
2015-10-06,5617676.0,spdr_api:gld_historical_archive
2015-10-07,5193948.0,spdr_api:gld_historical_archive
2015-10-08,4123135.0,spdr_api:gld_historical_archive
2015-10-09,6462176.0,spdr_api:gld_historical_archive
2015-10-12,5615037.0,spdr_api:gld_historical_archive
2015-10-13,4325617.0,spdr_api:gld_historical_archive
2015-10-14,8077632.0,spdr_api:gld_historical_archive
2015-10-15,12246987.0,spdr_api:gld_historical_archive
2015-10-16,5659060.0,spdr_api:gld_historical_archive
2015-10-19,3590430.0,spdr_api:gld_historical_archive
2015-10-20,4276945.0,spdr_api:gld_historical_archive
2015-10-21,3890841.0,spdr_api:gld_historical_archive
2015-10-22,3194231.0,spdr_api:gld_historical_archive
2015-10-23,4445491.0,spdr_api:gld_historical_archive
2015-10-26,2278261.0,spdr_api:gld_historical_archive
2015-10-27,2301728.0,spdr_api:gld_historical_archive
2015-10-28,7678518.0,spdr_api:gld_historical_archive
2015-10-29,4721370.0,spdr_api:gld_historical_archive
2015-10-30,4848027.0,spdr_api:gld_historical_archive
2015-11-02,5428122.0,spdr_api:gld_historical_archive
2015-11-03,6415070.0,spdr_api:gld_historical_archive
2015-11-04,6885968.0,spdr_api:gld_historical_archive
2015-11-05,4264373.0,spdr_api:gld_historical_archive
2015-11-06,7327402.0,spdr_api:gld_historical_archive
2015-11-09,3070323.0,spdr_api:gld_historical_archive
2015-11-10,3579362.0,spdr_api:gld_historical_archive
2015-11-11,3183127.0,spdr_api:gld_historical_archive
2015-11-12,6297410.0,spdr_api:gld_historical_archive
2015-11-13,3174602.0,spdr_api:gld_historical_archive
2015-11-16,2782395.0,spdr_api:gld_historical_archive
2015-11-17,8062200.0,spdr_api:gld_historical_archive
2015-11-18,4735869.0,spdr_api:gld_historical_archive
2015-11-19,4629112.0,spdr_api:gld_historical_archive
2015-11-20,5354860.0,spdr_api:gld_historical_archive
2015-11-23,3599260.0,spdr_api:gld_historical_archive
2015-11-24,2897357.0,spdr_api:gld_historical_archive
2015-11-25,2658492.0,spdr_api:gld_historical_archive
2015-11-27,4991803.0,spdr_api:gld_historical_archive
2015-11-30,5461603.0,spdr_api:gld_historical_archive
2015-12-01,3609967.0,spdr_api:gld_historical_archive
2015-12-02,9436198.0,spdr_api:gld_historical_archive
2015-12-03,6033160.0,spdr_api:gld_historical_archive
2015-12-04,9653520.0,spdr_api:gld_historical_archive
2015-12-07,3758075.0,spdr_api:gld_historical_archive
2015-12-08,3220755.0,spdr_api:gld_historical_archive
2015-12-09,5827623.0,spdr_api:gld_historical_archive
2015-12-10,3578493.0,spdr_api:gld_historical_archive
2015-12-11,6539824.0,spdr_api:gld_historical_archive
2015-12-14,4945607.0,spdr_api:gld_historical_archive
2015-12-15,5629254.0,spdr_api:gld_historical_archive
2015-12-16,7960826.0,spdr_api:gld_historical_archive
2015-12-17,9643025.0,spdr_api:gld_historical_archive
2015-12-18,7393958.0,spdr_api:gld_historical_archive
2015-12-21,5695173.0,spdr_api:gld_historical_archive
2015-12-22,3812947.0,spdr_api:gld_historical_archive
2015-12-23,2664718.0,spdr_api:gld_historical_archive
2015-12-24,1710142.0,spdr_api:gld_historical_archive
2015-12-28,3131171.0,spdr_api:gld_historical_archive
2015-12-29,2803203.0,spdr_api:gld_historical_archive
2015-12-30,3542474.0,spdr_api:gld_historical_archive
2015-12-31,3302445.0,spdr_api:gld_historical_archive
2016-01-04,5786608.0,spdr_api:gld_historical_archive
2016-01-05,3426252.0,spdr_api:gld_historical_archive
2016-01-06,8940575.0,spdr_api:gld_historical_archive
2016-01-07,11219713.0,spdr_api:gld_historical_archive
2016-01-08,7112550.0,spdr_api:gld_historical_archive
2016-01-11,5664248.0,spdr_api:gld_historical_archive
2016-01-12,5183433.0,spdr_api:gld_historical_archive
2016-01-13,6818102.0,spdr_api:gld_historical_archive
2016-01-14,9621566.0,spdr_api:gld_historical_archive
2016-01-15,9751810.0,spdr_api:gld_historical_archive
2016-01-19,4263955.0,spdr_api:gld_historical_archive
2016-01-20,9608925.0,spdr_api:gld_historical_archive
2016-01-21,4926678.0,spdr_api:gld_historical_archive
2016-01-22,4028667.0,spdr_api:gld_historical_archive
2016-01-25,5416196.0,spdr_api:gld_historical_archive
2016-01-26,8438066.0,spdr_api:gld_historical_archive
2016-01-27,7410780.0,spdr_api:gld_historical_archive
2016-01-28,5369616.0,spdr_api:gld_historical_archive
2016-01-29,7212909.0,spdr_api:gld_historical_archive
2016-02-01,8799595.0,spdr_api:gld_historical_archive
2016-02-02,6286562.0,spdr_api:gld_historical_archive
2016-02-03,14792703.0,spdr_api:gld_historical_archive
2016-02-04,13208208.0,spdr_api:gld_historical_archive
2016-02-05,13882844.0,spdr_api:gld_historical_archive
2016-02-08,26724595.0,spdr_api:gld_historical_archive
2016-02-09,18053106.0,spdr_api:gld_historical_archive
2016-02-10,12695948.0,spdr_api:gld_historical_archive
2016-02-11,47619168.0,spdr_api:gld_historical_archive
2016-02-12,16334842.0,spdr_api:gld_historical_archive
2016-02-16,13984761.0,spdr_api:gld_historical_archive
2016-02-17,10380824.0,spdr_api:gld_historical_archive
2016-02-18,13577605.0,spdr_api:gld_historical_archive
2016-02-19,15191128.0,spdr_api:gld_historical_archive
2016-02-22,9912928.0,spdr_api:gld_historical_archive
2016-02-23,8345973.0,spdr_api:gld_historical_archive
2016-02-24,15463867.0,spdr_api:gld_historical_archive
2016-02-25,11674521.0,spdr_api:gld_historical_archive
2016-02-26,12497876.0,spdr_api:gld_historical_archive
2016-02-29,11478731.0,spdr_api:gld_historical_archive
2016-03-01,12769183.0,spdr_api:gld_historical_archive
2016-03-02,7450118.0,spdr_api:gld_historical_archive
2016-03-03,18203569.0,spdr_api:gld_historical_archive
2016-03-04,16230710.0,spdr_api:gld_historical_archive
2016-03-07,8862117.0,spdr_api:gld_historical_archive
2016-03-08,11401726.0,spdr_api:gld_historical_archive
2016-03-09,8032959.0,spdr_api:gld_historical_archive
2016-03-10,17831418.0,spdr_api:gld_historical_archive
2016-03-11,9643418.0,spdr_api:gld_historical_archive
2016-03-14,13735608.0,spdr_api:gld_historical_archive
2016-03-15,9936354.0,spdr_api:gld_historical_archive
2016-03-16,16588676.0,spdr_api:gld_historical_archive
2016-03-17,9379585.0,spdr_api:gld_historical_archive
2016-03-18,9451369.0,spdr_api:gld_historical_archive
2016-03-21,6933959.0,spdr_api:gld_historical_archive
2016-03-22,6336089.0,spdr_api:gld_historical_archive
2016-03-23,14861333.0,spdr_api:gld_historical_archive
2016-03-24,6131461.0,spdr_api:gld_historical_archive
2016-03-28,3604564.0,spdr_api:gld_historical_archive
2016-03-29,13243615.0,spdr_api:gld_historical_archive
2016-03-30,10160672.0,spdr_api:gld_historical_archive
2016-03-31,8104650.0,spdr_api:gld_historical_archive
2016-04-01,10061459.0,spdr_api:gld_historical_archive
2016-04-04,5849927.0,spdr_api:gld_historical_archive
2016-04-05,8275417.0,spdr_api:gld_historical_archive
2016-04-06,7111499.0,spdr_api:gld_historical_archive
2016-04-07,10395676.0,spdr_api:gld_historical_archive
2016-04-08,8561780.0,spdr_api:gld_historical_archive
2016-04-11,9473964.0,spdr_api:gld_historical_archive
2016-04-12,9307475.0,spdr_api:gld_historical_archive
2016-04-13,7969197.0,spdr_api:gld_historical_archive
2016-04-14,12749250.0,spdr_api:gld_historical_archive
2016-04-15,7420196.0,spdr_api:gld_historical_archive
2016-04-18,5694145.0,spdr_api:gld_historical_archive
2016-04-19,20470089.0,spdr_api:gld_historical_archive
2016-04-20,9772878.0,spdr_api:gld_historical_archive
2016-04-21,13233964.0,spdr_api:gld_historical_archive
2016-04-22,8873349.0,spdr_api:gld_historical_archive
2016-04-25,4106131.0,spdr_api:gld_historical_archive
2016-04-26,9673177.0,spdr_api:gld_historical_archive
2016-04-27,7503503.0,spdr_api:gld_historical_archive
2016-04-28,15037363.0,spdr_api:gld_historical_archive
2016-04-29,17514071.0,spdr_api:gld_historical_archive
2016-05-02,11495449.0,spdr_api:gld_historical_archive
2016-05-03,8280828.0,spdr_api:gld_historical_archive
2016-05-04,7896304.0,spdr_api:gld_historical_archive
2016-05-05,8569781.0,spdr_api:gld_historical_archive
2016-05-06,10726982.0,spdr_api:gld_historical_archive
2016-05-09,8557290.0,spdr_api:gld_historical_archive
2016-05-10,8812135.0,spdr_api:gld_historical_archive
2016-05-11,7324607.0,spdr_api:gld_historical_archive
2016-05-12,7169897.0,spdr_api:gld_historical_archive
2016-05-13,7666789.0,spdr_api:gld_historical_archive
2016-05-16,6714337.0,spdr_api:gld_historical_archive
2016-05-17,8239431.0,spdr_api:gld_historical_archive
2016-05-18,13364582.0,spdr_api:gld_historical_archive
2016-05-19,12845308.0,spdr_api:gld_historical_archive
2016-05-20,6996806.0,spdr_api:gld_historical_archive
2016-05-23,7837068.0,spdr_api:gld_historical_archive
2016-05-24,12132811.0,spdr_api:gld_historical_archive
2016-05-25,10261968.0,spdr_api:gld_historical_archive
2016-05-26,5677578.0,spdr_api:gld_historical_archive
2016-05-27,8307777.0,spdr_api:gld_historical_archive
2016-05-31,7577008.0,spdr_api:gld_historical_archive
2016-06-01,8025408.0,spdr_api:gld_historical_archive
2016-06-02,4402970.0,spdr_api:gld_historical_archive
2016-06-03,4402970.0,spdr_api:gld_historical_archive
2016-06-06,9420385.0,spdr_api:gld_historical_archive
2016-06-07,4223846.0,spdr_api:gld_historical_archive
2016-06-08,10746746.0,spdr_api:gld_historical_archive
2016-06-09,11814032.0,spdr_api:gld_historical_archive
2016-06-10,13133594.0,spdr_api:gld_historical_archive
2016-06-13,12090955.0,spdr_api:gld_historical_archive
2016-06-14,11372623.0,spdr_api:gld_historical_archive
2016-06-15,14504170.0,spdr_api:gld_historical_archive
2016-06-16,25658266.0,spdr_api:gld_historical_archive
2016-06-17,14011872.0,spdr_api:gld_historical_archive
2016-06-20,10201130.0,spdr_api:gld_historical_archive
2016-06-21,13773079.0,spdr_api:gld_historical_archive
2016-06-22,7470703.0,spdr_api:gld_historical_archive
2016-06-23,8947671.0,spdr_api:gld_historical_archive
2016-06-24,33457914.0,spdr_api:gld_historical_archive
2016-06-27,20499496.0,spdr_api:gld_historical_archive
2016-06-28,14990586.0,spdr_api:gld_historical_archive
2016-06-29,11259587.0,spdr_api:gld_historical_archive
2016-06-30,15876850.0,spdr_api:gld_historical_archive
2016-07-01,13761434.0,spdr_api:gld_historical_archive
2016-07-05,18241728.0,spdr_api:gld_historical_archive
2016-07-06,16694526.0,spdr_api:gld_historical_archive
2016-07-07,16148257.0,spdr_api:gld_historical_archive
2016-07-08,17029651.0,spdr_api:gld_historical_archive
2016-07-11,10334279.0,spdr_api:gld_historical_archive
2016-07-12,24895461.0,spdr_api:gld_historical_archive
2016-07-13,6754286.0,spdr_api:gld_historical_archive
2016-07-14,11746798.0,spdr_api:gld_historical_archive
2016-07-15,11935489.0,spdr_api:gld_historical_archive
2016-07-18,7379542.0,spdr_api:gld_historical_archive
2016-07-19,4903732.0,spdr_api:gld_historical_archive
2016-07-20,10276078.0,spdr_api:gld_historical_archive
2016-07-21,8581100.0,spdr_api:gld_historical_archive
2016-07-22,6812808.0,spdr_api:gld_historical_archive
2016-07-25,12281828.0,spdr_api:gld_historical_archive
2016-07-26,6991792.0,spdr_api:gld_historical_archive
2016-07-27,13057222.0,spdr_api:gld_historical_archive
2016-07-28,8449279.0,spdr_api:gld_historical_archive
2016-07-29,11293110.0,spdr_api:gld_historical_archive
2016-08-01,6698426.0,spdr_api:gld_historical_archive
2016-08-02,7197574.0,spdr_api:gld_historical_archive
2016-08-03,4662480.0,spdr_api:gld_historical_archive
2016-08-04,4613116.0,spdr_api:gld_historical_archive
2016-08-05,15456030.0,spdr_api:gld_historical_archive
2016-08-08,6451508.0,spdr_api:gld_historical_archive
2016-08-09,6788460.0,spdr_api:gld_historical_archive
2016-08-10,5838139.0,spdr_api:gld_historical_archive
2016-08-11,9680534.0,spdr_api:gld_historical_archive
2016-08-12,14126093.0,spdr_api:gld_historical_archive
2016-08-15,4195541.0,spdr_api:gld_historical_archive
2016-08-16,8645888.0,spdr_api:gld_historical_archive
2016-08-17,12031450.0,spdr_api:gld_historical_archive
2016-08-18,8713243.0,spdr_api:gld_historical_archive
2016-08-19,10052614.0,spdr_api:gld_historical_archive
2016-08-22,7592914.0,spdr_api:gld_historical_archive
2016-08-23,7895477.0,spdr_api:gld_historical_archive
2016-08-24,12392706.0,spdr_api:gld_historical_archive
2016-08-25,5423123.0,spdr_api:gld_historical_archive
2016-08-26,17622333.0,spdr_api:gld_historical_archive
2016-08-29,4858196.0,spdr_api:gld_historical_archive
2016-08-30,9357171.0,spdr_api:gld_historical_archive
2016-08-31,12884971.0,spdr_api:gld_historical_archive
2016-09-01,11732120.0,spdr_api:gld_historical_archive
2016-09-02,10812695.0,spdr_api:gld_historical_archive
2016-09-06,13620009.0,spdr_api:gld_historical_archive
2016-09-07,6488409.0,spdr_api:gld_historical_archive
2016-09-08,9831780.0,spdr_api:gld_historical_archive
2016-09-09,11146040.0,spdr_api:gld_historical_archive
2016-09-12,11028770.0,spdr_api:gld_historical_archive
2016-09-13,8674113.0,spdr_api:gld_historical_archive
2016-09-14,5767081.0,spdr_api:gld_historical_archive
2016-09-15,12721757.0,spdr_api:gld_historical_archive
2016-09-16,18588752.0,spdr_api:gld_historical_archive
2016-09-19,4493821.0,spdr_api:gld_historical_archive
2016-09-20,5345152.0,spdr_api:gld_historical_archive
2016-09-21,13321174.0,spdr_api:gld_historical_archive
2016-09-22,17556208.0,spdr_api:gld_historical_archive
2016-09-23,7595144.0,spdr_api:gld_historical_archive
2016-09-26,5813966.0,spdr_api:gld_historical_archive
2016-09-27,6079036.0,spdr_api:gld_historical_archive
2016-09-28,6562386.0,spdr_api:gld_historical_archive
2016-09-29,6746772.0,spdr_api:gld_historical_archive
2016-09-30,10815700.0,spdr_api:gld_historical_archive
2016-10-03,9342266.0,spdr_api:gld_historical_archive
2016-10-04,24287494.0,spdr_api:gld_historical_archive
2016-10-05,14593755.0,spdr_api:gld_historical_archive
2016-10-06,16032930.0,spdr_api:gld_historical_archive
2016-10-07,17335756.0,spdr_api:gld_historical_archive
2016-10-10,4748249.0,spdr_api:gld_historical_archive
2016-10-11,5808735.0,spdr_api:gld_historical_archive
2016-10-12,4576773.0,spdr_api:gld_historical_archive
2016-10-13,6921038.0,spdr_api:gld_historical_archive
2016-10-14,6507409.0,spdr_api:gld_historical_archive
2016-10-17,4239087.0,spdr_api:gld_historical_archive
2016-10-18,4576796.0,spdr_api:gld_historical_archive
2016-10-19,5631526.0,spdr_api:gld_historical_archive
2016-10-20,6493203.0,spdr_api:gld_historical_archive
2016-10-21,6557871.0,spdr_api:gld_historical_archive
2016-10-24,5076600.0,spdr_api:gld_historical_archive
2016-10-25,6011374.0,spdr_api:gld_historical_archive
2016-10-26,3899352.0,spdr_api:gld_historical_archive
2016-10-27,4232578.0,spdr_api:gld_historical_archive
2016-10-28,11116677.0,spdr_api:gld_historical_archive
2016-10-31,7091562.0,spdr_api:gld_historical_archive
2016-11-01,12031800.0,spdr_api:gld_historical_archive
2016-11-02,14953944.0,spdr_api:gld_historical_archive
2016-11-03,9914073.0,spdr_api:gld_historical_archive
2016-11-04,7850504.0,spdr_api:gld_historical_archive
2016-11-07,9837551.0,spdr_api:gld_historical_archive
2016-11-08,8979548.0,spdr_api:gld_historical_archive
2016-11-09,17801092.0,spdr_api:gld_historical_archive
2016-11-10,21827252.0,spdr_api:gld_historical_archive
2016-11-11,20380602.0,spdr_api:gld_historical_archive
2016-11-14,20704978.0,spdr_api:gld_historical_archive
2016-11-15,9090950.0,spdr_api:gld_historical_archive
2016-11-16,5247932.0,spdr_api:gld_historical_archive
2016-11-17,10173642.0,spdr_api:gld_historical_archive
2016-11-18,9873107.0,spdr_api:gld_historical_archive
2016-11-21,6612550.0,spdr_api:gld_historical_archive
2016-11-22,5406827.0,spdr_api:gld_historical_archive
2016-11-23,20778657.0,spdr_api:gld_historical_archive
2016-11-25,5486912.0,spdr_api:gld_historical_archive
2016-11-28,5499180.0,spdr_api:gld_historical_archive
2016-11-29,7363635.0,spdr_api:gld_historical_archive
2016-11-30,8760912.0,spdr_api:gld_historical_archive
2016-12-01,10185442.0,spdr_api:gld_historical_archive
2016-12-02,6477791.0,spdr_api:gld_historical_archive
2016-12-05,9499307.0,spdr_api:gld_historical_archive
2016-12-06,5331706.0,spdr_api:gld_historical_archive
2016-12-07,4889388.0,spdr_api:gld_historical_archive
2016-12-08,5804748.0,spdr_api:gld_historical_archive
2016-12-09,10318938.0,spdr_api:gld_historical_archive
2016-12-12,6006478.0,spdr_api:gld_historical_archive
2016-12-13,7571885.0,spdr_api:gld_historical_archive
2016-12-14,12745378.0,spdr_api:gld_historical_archive
2016-12-15,13652806.0,spdr_api:gld_historical_archive
2016-12-16,9698260.0,spdr_api:gld_historical_archive
2016-12-19,5118428.0,spdr_api:gld_historical_archive
2016-12-20,7130501.0,spdr_api:gld_historical_archive
2016-12-21,5105168.0,spdr_api:gld_historical_archive
2016-12-22,4916383.0,spdr_api:gld_historical_archive
2016-12-23,4781501.0,spdr_api:gld_historical_archive
2016-12-27,3623250.0,spdr_api:gld_historical_archive
2016-12-28,5054025.0,spdr_api:gld_historical_archive
2016-12-29,7444764.0,spdr_api:gld_historical_archive
2016-12-30,8789170.0,spdr_api:gld_historical_archive
2017-01-03,9348809.0,spdr_api:gld_historical_archive
2017-01-04,4863038.0,spdr_api:gld_historical_archive
2017-01-05,8511340.0,spdr_api:gld_historical_archive
2017-01-06,7070485.0,spdr_api:gld_historical_archive
2017-01-09,5656311.0,spdr_api:gld_historical_archive
2017-01-10,5983438.0,spdr_api:gld_historical_archive
2017-01-11,9835838.0,spdr_api:gld_historical_archive
2017-01-12,8441763.0,spdr_api:gld_historical_archive
2017-01-13,7253340.0,spdr_api:gld_historical_archive
2017-01-17,9116896.0,spdr_api:gld_historical_archive
2017-01-18,6466336.0,spdr_api:gld_historical_archive
2017-01-19,6417046.0,spdr_api:gld_historical_archive
2017-01-20,11677594.0,spdr_api:gld_historical_archive
2017-01-23,6343675.0,spdr_api:gld_historical_archive
2017-01-24,5758986.0,spdr_api:gld_historical_archive
2017-01-25,6679537.0,spdr_api:gld_historical_archive
2017-01-26,5344951.0,spdr_api:gld_historical_archive
2017-01-27,6363097.0,spdr_api:gld_historical_archive
2017-01-30,6873789.0,spdr_api:gld_historical_archive
2017-01-31,10405241.0,spdr_api:gld_historical_archive
2017-02-01,6930687.0,spdr_api:gld_historical_archive
2017-02-02,7058812.0,spdr_api:gld_historical_archive
2017-02-03,8875367.0,spdr_api:gld_historical_archive
2017-02-06,8432646.0,spdr_api:gld_historical_archive
2017-02-07,8607440.0,spdr_api:gld_historical_archive
2017-02-08,9566021.0,spdr_api:gld_historical_archive
2017-02-09,8116306.0,spdr_api:gld_historical_archive
2017-02-10,8620601.0,spdr_api:gld_historical_archive
2017-02-13,7312570.0,spdr_api:gld_historical_archive
2017-02-14,6916816.0,spdr_api:gld_historical_archive
2017-02-15,7074634.0,spdr_api:gld_historical_archive
2017-02-16,6301899.0,spdr_api:gld_historical_archive
2017-02-17,6968217.0,spdr_api:gld_historical_archive
2017-02-21,5799965.0,spdr_api:gld_historical_archive
2017-02-22,6000944.0,spdr_api:gld_historical_archive
2017-02-23,7186585.0,spdr_api:gld_historical_archive
2017-02-24,9241009.0,spdr_api:gld_historical_archive
2017-02-27,8282320.0,spdr_api:gld_historical_archive
2017-02-28,8503294.0,spdr_api:gld_historical_archive
2017-03-01,8296084.0,spdr_api:gld_historical_archive
2017-03-02,10818206.0,spdr_api:gld_historical_archive
2017-03-03,10484306.0,spdr_api:gld_historical_archive
2017-03-06,4867405.0,spdr_api:gld_historical_archive
2017-03-07,6472676.0,spdr_api:gld_historical_archive
2017-03-08,6978967.0,spdr_api:gld_historical_archive
2017-03-09,6159603.0,spdr_api:gld_historical_archive
2017-03-10,7593993.0,spdr_api:gld_historical_archive
2017-03-13,5054156.0,spdr_api:gld_historical_archive
2017-03-14,4599451.0,spdr_api:gld_historical_archive
2017-03-15,13116788.0,spdr_api:gld_historical_archive
2017-03-16,9179885.0,spdr_api:gld_historical_archive
2017-03-17,4041106.0,spdr_api:gld_historical_archive
2017-03-20,3670980.0,spdr_api:gld_historical_archive
2017-03-21,9468326.0,spdr_api:gld_historical_archive
2017-03-22,7238007.0,spdr_api:gld_historical_archive
2017-03-23,6128137.0,spdr_api:gld_historical_archive
2017-03-24,6756336.0,spdr_api:gld_historical_archive
2017-03-27,8516988.0,spdr_api:gld_historical_archive
2017-03-28,6962574.0,spdr_api:gld_historical_archive
2017-03-29,4882207.0,spdr_api:gld_historical_archive
2017-03-30,6853616.0,spdr_api:gld_historical_archive
2017-03-31,8144023.0,spdr_api:gld_historical_archive
2017-04-03,6045856.0,spdr_api:gld_historical_archive
2017-04-04,4560895.0,spdr_api:gld_historical_archive
2017-04-05,8035237.0,spdr_api:gld_historical_archive
2017-04-06,4544231.0,spdr_api:gld_historical_archive
2017-04-07,12149824.0,spdr_api:gld_historical_archive
2017-04-10,4594049.0,spdr_api:gld_historical_archive
2017-04-11,12384339.0,spdr_api:gld_historical_archive
2017-04-12,9152940.0,spdr_api:gld_historical_archive
2017-04-13,9344334.0,spdr_api:gld_historical_archive
2017-04-17,8376469.0,spdr_api:gld_historical_archive
2017-04-18,10900161.0,spdr_api:gld_historical_archive
2017-04-19,8388909.0,spdr_api:gld_historical_archive
2017-04-20,11703608.0,spdr_api:gld_historical_archive
2017-04-21,14315683.0,spdr_api:gld_historical_archive
2017-04-24,11010747.0,spdr_api:gld_historical_archive
2017-04-25,10322855.0,spdr_api:gld_historical_archive
2017-04-26,9475086.0,spdr_api:gld_historical_archive
2017-04-27,7533069.0,spdr_api:gld_historical_archive
2017-04-28,8862164.0,spdr_api:gld_historical_archive
2017-05-01,9193408.0,spdr_api:gld_historical_archive
2017-05-02,4880975.0,spdr_api:gld_historical_archive
2017-05-03,10674426.0,spdr_api:gld_historical_archive
2017-05-04,12386047.0,spdr_api:gld_historical_archive
2017-05-05,6445609.0,spdr_api:gld_historical_archive
2017-05-08,5300669.0,spdr_api:gld_historical_archive
2017-05-09,5829830.0,spdr_api:gld_historical_archive
2017-05-10,3999035.0,spdr_api:gld_historical_archive
2017-05-11,5759125.0,spdr_api:gld_historical_archive
2017-05-12,5297805.0,spdr_api:gld_historical_archive
2017-05-15,4328531.0,spdr_api:gld_historical_archive
2017-05-16,4451385.0,spdr_api:gld_historical_archive
2017-05-17,13634192.0,spdr_api:gld_historical_archive
2017-05-18,9801492.0,spdr_api:gld_historical_archive
2017-05-19,6621393.0,spdr_api:gld_historical_archive
2017-05-22,4771177.0,spdr_api:gld_historical_archive
2017-05-23,8246772.0,spdr_api:gld_historical_archive
2017-05-24,6940269.0,spdr_api:gld_historical_archive
2017-05-25,4061450.0,spdr_api:gld_historical_archive
2017-05-26,6379850.0,spdr_api:gld_historical_archive
2017-05-30,4202552.0,spdr_api:gld_historical_archive
2017-05-31,9066684.0,spdr_api:gld_historical_archive
2017-06-01,7477543.0,spdr_api:gld_historical_archive
2017-06-02,7005419.0,spdr_api:gld_historical_archive
2017-06-05,3874365.0,spdr_api:gld_historical_archive
2017-06-06,10508124.0,spdr_api:gld_historical_archive
2017-06-07,8860061.0,spdr_api:gld_historical_archive
2017-06-08,7960193.0,spdr_api:gld_historical_archive
2017-06-09,6995393.0,spdr_api:gld_historical_archive
2017-06-12,4830535.0,spdr_api:gld_historical_archive
2017-06-13,3656633.0,spdr_api:gld_historical_archive
2017-06-14,21122951.0,spdr_api:gld_historical_archive
2017-06-15,6795386.0,spdr_api:gld_historical_archive
2017-06-16,5713432.0,spdr_api:gld_historical_archive
2017-06-19,6594065.0,spdr_api:gld_historical_archive
2017-06-20,4356286.0,spdr_api:gld_historical_archive
2017-06-21,4518645.0,spdr_api:gld_historical_archive
2017-06-22,4518645.0,spdr_api:gld_historical_archive
2017-06-23,8995459.0,spdr_api:gld_historical_archive
2017-06-26,6192908.0,spdr_api:gld_historical_archive
2017-06-27,6192908.0,spdr_api:gld_historical_archive
2017-06-28,4185031.0,spdr_api:gld_historical_archive
2017-06-29,7621127.0,spdr_api:gld_historical_archive
2017-06-30,6785385.0,spdr_api:gld_historical_archive
2017-07-03,11902091.0,spdr_api:gld_historical_archive
2017-07-05,7207824.0,spdr_api:gld_historical_archive
2017-07-06,7207824.0,spdr_api:gld_historical_archive
2017-07-07,11099667.0,spdr_api:gld_historical_archive
2017-07-10,4774599.0,spdr_api:gld_historical_archive
2017-07-11,6472864.0,spdr_api:gld_historical_archive
2017-07-12,4550336.0,spdr_api:gld_historical_archive
2017-07-13,4088763.0,spdr_api:gld_historical_archive
2017-07-14,5295184.0,spdr_api:gld_historical_archive
2017-07-17,5144834.0,spdr_api:gld_historical_archive
2017-07-18,6986344.0,spdr_api:gld_historical_archive
2017-07-19,3203364.0,spdr_api:gld_historical_archive
2017-07-20,5550354.0,spdr_api:gld_historical_archive
2017-07-21,9933734.0,spdr_api:gld_historical_archive
2017-07-24,3624192.0,spdr_api:gld_historical_archive
2017-07-25,6153680.0,spdr_api:gld_historical_archive
2017-07-26,8527502.0,spdr_api:gld_historical_archive
2017-07-27,6358661.0,spdr_api:gld_historical_archive
2017-07-28,6708185.0,spdr_api:gld_historical_archive
2017-07-31,6708185.0,spdr_api:gld_historical_archive
2017-08-01,7026374.0,spdr_api:gld_historical_archive
2017-08-02,5815477.0,spdr_api:gld_historical_archive
2017-08-03,4214579.0,spdr_api:gld_historical_archive
2017-08-04,8551436.0,spdr_api:gld_historical_archive
2017-08-07,3005843.0,spdr_api:gld_historical_archive
2017-08-08,6942123.0,spdr_api:gld_historical_archive
2017-08-09,9168567.0,spdr_api:gld_historical_archive
2017-08-10,9466404.0,spdr_api:gld_historical_archive
2017-08-11,7890091.0,spdr_api:gld_historical_archive
2017-08-14,5909068.0,spdr_api:gld_historical_archive
2017-08-15,6411580.0,spdr_api:gld_historical_archive
2017-08-16,8232087.0,spdr_api:gld_historical_archive
2017-08-17,8105811.0,spdr_api:gld_historical_archive
2017-08-18,13473464.0,spdr_api:gld_historical_archive
2017-08-21,5405249.0,spdr_api:gld_historical_archive
2017-08-22,6410462.0,spdr_api:gld_historical_archive
2017-08-23,4529867.0,spdr_api:gld_historical_archive
2017-08-24,3308327.0,spdr_api:gld_historical_archive
2017-08-25,12319502.0,spdr_api:gld_historical_archive
2017-08-28,10865249.0,spdr_api:gld_historical_archive
2017-08-29,9782030.0,spdr_api:gld_historical_archive
2017-08-30,6305092.0,spdr_api:gld_historical_archive
2017-08-31,11745355.0,spdr_api:gld_historical_archive
2017-09-01,11551128.0,spdr_api:gld_historical_archive
2017-09-05,11403237.0,spdr_api:gld_historical_archive
2017-09-06,10053594.0,spdr_api:gld_historical_archive
2017-09-07,10147201.0,spdr_api:gld_historical_archive
2017-09-08,8705691.0,spdr_api:gld_historical_archive
2017-09-11,9106756.0,spdr_api:gld_historical_archive
2017-09-12,8347571.0,spdr_api:gld_historical_archive
2017-09-13,8460446.0,spdr_api:gld_historical_archive
2017-09-14,4980433.0,spdr_api:gld_historical_archive
2017-09-15,7093275.0,spdr_api:gld_historical_archive
2017-09-18,8777423.0,spdr_api:gld_historical_archive
2017-09-19,5269957.0,spdr_api:gld_historical_archive
2017-09-20,11346983.0,spdr_api:gld_historical_archive
2017-09-21,7754450.0,spdr_api:gld_historical_archive
2017-09-22,6004620.0,spdr_api:gld_historical_archive
2017-09-25,10199847.0,spdr_api:gld_historical_archive
2017-09-26,8653286.0,spdr_api:gld_historical_archive
2017-09-27,6799750.0,spdr_api:gld_historical_archive
2017-09-28,5828474.0,spdr_api:gld_historical_archive
2017-09-29,8862581.0,spdr_api:gld_historical_archive
2017-10-02,11269202.0,spdr_api:gld_historical_archive
2017-10-03,3681088.0,spdr_api:gld_historical_archive
2017-10-04,6465628.0,spdr_api:gld_historical_archive
2017-10-05,6130234.0,spdr_api:gld_historical_archive
2017-10-06,10007277.0,spdr_api:gld_historical_archive
2017-10-09,5112658.0,spdr_api:gld_historical_archive
2017-10-10,13976779.0,spdr_api:gld_historical_archive
2017-10-11,5581715.0,spdr_api:gld_historical_archive
2017-10-12,4171678.0,spdr_api:gld_historical_archive
2017-10-13,9914595.0,spdr_api:gld_historical_archive
2017-10-16,8166491.0,spdr_api:gld_historical_archive
2017-10-17,6932128.0,spdr_api:gld_historical_archive
2017-10-18,3652857.0,spdr_api:gld_historical_archive
2017-10-19,5428528.0,spdr_api:gld_historical_archive
2017-10-20,7400259.0,spdr_api:gld_historical_archive
2017-10-23,4731805.0,spdr_api:gld_historical_archive
2017-10-24,4459543.0,spdr_api:gld_historical_archive
2017-10-25,4280742.0,spdr_api:gld_historical_archive
2017-10-26,6385866.0,spdr_api:gld_historical_archive
2017-10-27,6576139.0,spdr_api:gld_historical_archive
2017-10-30,4962882.0,spdr_api:gld_historical_archive
2017-10-31,3895833.0,spdr_api:gld_historical_archive
2017-11-01,3895833.0,spdr_api:gld_historical_archive
2017-11-02,5345411.0,spdr_api:gld_historical_archive
2017-11-03,6291275.0,spdr_api:gld_historical_archive
2017-11-06,6951477.0,spdr_api:gld_historical_archive
2017-11-07,4032025.0,spdr_api:gld_historical_archive
2017-11-08,5556212.0,spdr_api:gld_historical_archive
2017-11-09,6064104.0,spdr_api:gld_historical_archive
2017-11-10,7077614.0,spdr_api:gld_historical_archive
2017-11-13,6214789.0,spdr_api:gld_historical_archive
2017-11-14,6080200.0,spdr_api:gld_historical_archive
2017-11-15,4955803.0,spdr_api:gld_historical_archive
2017-11-16,2794137.0,spdr_api:gld_historical_archive
2017-11-17,10511236.0,spdr_api:gld_historical_archive
2017-11-20,8266756.0,spdr_api:gld_historical_archive
2017-11-21,4951856.0,spdr_api:gld_historical_archive
2017-11-22,5198254.0,spdr_api:gld_historical_archive
2017-11-24,1779204.0,spdr_api:gld_historical_archive
2017-11-27,4918351.0,spdr_api:gld_historical_archive
2017-11-28,5602772.0,spdr_api:gld_historical_archive
2017-11-29,5990162.0,spdr_api:gld_historical_archive
2017-11-30,7913846.0,spdr_api:gld_historical_archive
2017-12-01,13007092.0,spdr_api:gld_historical_archive
2017-12-04,6943513.0,spdr_api:gld_historical_archive
2017-12-05,10035595.0,spdr_api:gld_historical_archive
2017-12-06,6630529.0,spdr_api:gld_historical_archive
2017-12-07,12899014.0,spdr_api:gld_historical_archive
2017-12-08,5210019.0,spdr_api:gld_historical_archive
2017-12-11,4472466.0,spdr_api:gld_historical_archive
2017-12-12,7905387.0,spdr_api:gld_historical_archive
2017-12-13,10061423.0,spdr_api:gld_historical_archive
2017-12-14,6983808.0,spdr_api:gld_historical_archive
2017-12-15,6850090.0,spdr_api:gld_historical_archive
2017-12-18,5398861.0,spdr_api:gld_historical_archive
2017-12-19,4016513.0,spdr_api:gld_historical_archive
2017-12-20,5721229.0,spdr_api:gld_historical_archive
2017-12-21,6606104.0,spdr_api:gld_historical_archive
2017-12-22,5785836.0,spdr_api:gld_historical_archive
2017-12-26,8198524.0,spdr_api:gld_historical_archive
2017-12-27,6068188.0,spdr_api:gld_historical_archive
2017-12-28,5727019.0,spdr_api:gld_historical_archive
2017-12-29,7827276.0,spdr_api:gld_historical_archive
2018-01-02,11450080.0,spdr_api:gld_historical_archive
2018-01-03,7840128.0,spdr_api:gld_historical_archive
2018-01-04,7189203.0,spdr_api:gld_historical_archive
2018-01-05,5720702.0,spdr_api:gld_historical_archive
2018-01-08,3547037.0,spdr_api:gld_historical_archive
2018-01-09,9148658.0,spdr_api:gld_historical_archive
2018-01-10,13762902.0,spdr_api:gld_historical_archive
2018-01-11,5907080.0,spdr_api:gld_historical_archive
2018-01-12,9246006.0,spdr_api:gld_historical_archive
2018-01-16,8072233.0,spdr_api:gld_historical_archive
2018-01-17,10091141.0,spdr_api:gld_historical_archive
2018-01-18,6035998.0,spdr_api:gld_historical_archive
2018-01-19,8773109.0,spdr_api:gld_historical_archive
2018-01-22,4800403.0,spdr_api:gld_historical_archive
2018-01-23,6148226.0,spdr_api:gld_historical_archive
2018-01-24,11783136.0,spdr_api:gld_historical_archive
2018-01-25,15124115.0,spdr_api:gld_historical_archive
2018-01-26,7762940.0,spdr_api:gld_historical_archive
2018-01-29,6948019.0,spdr_api:gld_historical_archive
2018-01-30,9735605.0,spdr_api:gld_historical_archive
2018-01-31,13072429.0,spdr_api:gld_historical_archive
2018-02-01,8358838.0,spdr_api:gld_historical_archive
2018-02-02,16185017.0,spdr_api:gld_historical_archive
2018-02-05,13392868.0,spdr_api:gld_historical_archive
2018-02-06,17661306.0,spdr_api:gld_historical_archive
2018-02-07,8547819.0,spdr_api:gld_historical_archive
2018-02-08,7276790.0,spdr_api:gld_historical_archive
2018-02-09,13790362.0,spdr_api:gld_historical_archive
2018-02-12,6965018.0,spdr_api:gld_historical_archive
2018-02-13,5267699.0,spdr_api:gld_historical_archive
2018-02-14,16392181.0,spdr_api:gld_historical_archive
2018-02-15,7263888.0,spdr_api:gld_historical_archive
2018-02-16,7668446.0,spdr_api:gld_historical_archive
2018-02-20,11144020.0,spdr_api:gld_historical_archive
2018-02-21,7795795.0,spdr_api:gld_historical_archive
2018-02-22,5299262.0,spdr_api:gld_historical_archive
2018-02-23,4098786.0,spdr_api:gld_historical_archive
2018-02-26,3182044.0,spdr_api:gld_historical_archive
2018-02-27,7016420.0,spdr_api:gld_historical_archive
2018-02-28,4522435.0,spdr_api:gld_historical_archive
2018-03-01,8451343.0,spdr_api:gld_historical_archive
2018-03-02,9757769.0,spdr_api:gld_historical_archive
2018-03-05,5772733.0,spdr_api:gld_historical_archive
2018-03-06,8603545.0,spdr_api:gld_historical_archive
2018-03-07,5035623.0,spdr_api:gld_historical_archive
2018-03-08,3450780.0,spdr_api:gld_historical_archive
2018-03-09,5046550.0,spdr_api:gld_historical_archive
2018-03-12,2875551.0,spdr_api:gld_historical_archive
2018-03-13,4781168.0,spdr_api:gld_historical_archive
2018-03-14,3727244.0,spdr_api:gld_historical_archive
2018-03-15,8084981.0,spdr_api:gld_historical_archive
2018-03-16,7397066.0,spdr_api:gld_historical_archive
2018-03-19,4329760.0,spdr_api:gld_historical_archive
2018-03-20,3395445.0,spdr_api:gld_historical_archive
2018-03-21,12528121.0,spdr_api:gld_historical_archive
2018-03-22,5290729.0,spdr_api:gld_historical_archive
2018-03-23,11982592.0,spdr_api:gld_historical_archive
2018-03-26,6147267.0,spdr_api:gld_historical_archive
2018-03-27,6168369.0,spdr_api:gld_historical_archive
2018-03-28,10027411.0,spdr_api:gld_historical_archive
2018-03-29,7101920.0,spdr_api:gld_historical_archive
2018-04-02,11417709.0,spdr_api:gld_historical_archive
2018-04-03,6017865.0,spdr_api:gld_historical_archive
2018-04-04,7081120.0,spdr_api:gld_historical_archive
2018-04-05,5325949.0,spdr_api:gld_historical_archive
2018-04-06,6060532.0,spdr_api:gld_historical_archive
2018-04-09,4157903.0,spdr_api:gld_historical_archive
2018-04-10,5237217.0,spdr_api:gld_historical_archive
2018-04-11,12116347.0,spdr_api:gld_historical_archive
2018-04-12,8125549.0,spdr_api:gld_historical_archive
2018-04-13,6783940.0,spdr_api:gld_historical_archive
2018-04-16,4591972.0,spdr_api:gld_historical_archive
2018-04-17,4164340.0,spdr_api:gld_historical_archive
2018-04-18,6750022.0,spdr_api:gld_historical_archive
2018-04-19,8665936.0,spdr_api:gld_historical_archive
2018-04-20,9194172.0,spdr_api:gld_historical_archive
2018-04-23,6875072.0,spdr_api:gld_historical_archive
2018-04-24,4658435.0,spdr_api:gld_historical_archive
2018-04-25,5871668.0,spdr_api:gld_historical_archive
2018-04-26,7473771.0,spdr_api:gld_historical_archive
2018-04-27,5460134.0,spdr_api:gld_historical_archive
2018-04-30,5460134.0,spdr_api:gld_historical_archive
2018-05-01,7534994.0,spdr_api:gld_historical_archive
2018-05-02,7479632.0,spdr_api:gld_historical_archive
2018-05-03,4855433.0,spdr_api:gld_historical_archive
2018-05-04,5867852.0,spdr_api:gld_historical_archive
2018-05-07,3392100.0,spdr_api:gld_historical_archive
2018-05-08,5442971.0,spdr_api:gld_historical_archive
2018-05-09,4352720.0,spdr_api:gld_historical_archive
2018-05-10,5181235.0,spdr_api:gld_historical_archive
2018-05-11,4294388.0,spdr_api:gld_historical_archive
2018-05-14,3722413.0,spdr_api:gld_historical_archive
2018-05-15,10869445.0,spdr_api:gld_historical_archive
2018-05-16,4919088.0,spdr_api:gld_historical_archive
2018-05-17,7746845.0,spdr_api:gld_historical_archive
2018-05-18,6744011.0,spdr_api:gld_historical_archive
2018-05-21,4112050.0,spdr_api:gld_historical_archive
2018-05-22,4538555.0,spdr_api:gld_historical_archive
2018-05-23,6948849.0,spdr_api:gld_historical_archive
2018-05-24,8814978.0,spdr_api:gld_historical_archive
2018-05-25,7881946.0,spdr_api:gld_historical_archive
2018-05-29,8944069.0,spdr_api:gld_historical_archive
2018-05-30,4540468.0,spdr_api:gld_historical_archive
2018-05-31,7829341.0,spdr_api:gld_historical_archive
2018-06-01,8057866.0,spdr_api:gld_historical_archive
2018-06-04,4342095.0,spdr_api:gld_historical_archive
2018-06-05,6854954.0,spdr_api:gld_historical_archive
2018-06-06,4009692.0,spdr_api:gld_historical_archive
2018-06-07,4009692.0,spdr_api:gld_historical_archive
2018-06-08,3853902.0,spdr_api:gld_historical_archive
2018-06-11,3835275.0,spdr_api:gld_historical_archive
2018-06-12,6964841.0,spdr_api:gld_historical_archive
2018-06-13,5749919.0,spdr_api:gld_historical_archive
2018-06-14,7495584.0,spdr_api:gld_historical_archive
2018-06-15,13644366.0,spdr_api:gld_historical_archive
2018-06-18,3627957.0,spdr_api:gld_historical_archive
2018-06-19,4670617.0,spdr_api:gld_historical_archive
2018-06-20,4533735.0,spdr_api:gld_historical_archive
2018-06-21,5637781.0,spdr_api:gld_historical_archive
2018-06-22,4122244.0,spdr_api:gld_historical_archive
2018-06-25,9261645.0,spdr_api:gld_historical_archive
2018-06-26,8660984.0,spdr_api:gld_historical_archive
2018-06-27,6261361.0,spdr_api:gld_historical_archive
2018-06-28,7548795.0,spdr_api:gld_historical_archive
2018-06-29,7998582.0,spdr_api:gld_historical_archive
2018-07-02,12020768.0,spdr_api:gld_historical_archive
2018-07-03,8899637.0,spdr_api:gld_historical_archive
2018-07-05,8899637.0,spdr_api:gld_historical_archive
2018-07-06,2944938.0,spdr_api:gld_historical_archive
2018-07-09,4062370.0,spdr_api:gld_historical_archive
2018-07-10,3752515.0,spdr_api:gld_historical_archive
2018-07-11,6968758.0,spdr_api:gld_historical_archive
2018-07-12,4238867.0,spdr_api:gld_historical_archive
2018-07-13,5423065.0,spdr_api:gld_historical_archive
2018-07-16,3670704.0,spdr_api:gld_historical_archive
2018-07-17,7931642.0,spdr_api:gld_historical_archive
2018-07-18,5389981.0,spdr_api:gld_historical_archive
2018-07-19,14223709.0,spdr_api:gld_historical_archive
2018-07-20,7748912.0,spdr_api:gld_historical_archive
2018-07-23,5900962.0,spdr_api:gld_historical_archive
2018-07-24,4799827.0,spdr_api:gld_historical_archive
2018-07-25,5472889.0,spdr_api:gld_historical_archive
2018-07-26,6260390.0,spdr_api:gld_historical_archive
2018-07-27,5099189.0,spdr_api:gld_historical_archive
2018-07-30,4140962.0,spdr_api:gld_historical_archive
2018-07-31,5473018.0,spdr_api:gld_historical_archive
2018-08-01,7861315.0,spdr_api:gld_historical_archive
2018-08-02,6100651.0,spdr_api:gld_historical_archive
2018-08-03,5903442.0,spdr_api:gld_historical_archive
2018-08-06,5803967.0,spdr_api:gld_historical_archive
2018-08-07,5187230.0,spdr_api:gld_historical_archive
2018-08-08,3803270.0,spdr_api:gld_historical_archive
2018-08-09,4251393.0,spdr_api:gld_historical_archive
2018-08-10,6713260.0,spdr_api:gld_historical_archive
2018-08-13,9123120.0,spdr_api:gld_historical_archive
2018-08-14,5944149.0,spdr_api:gld_historical_archive
2018-08-15,11903516.0,spdr_api:gld_historical_archive
2018-08-16,7472305.0,spdr_api:gld_historical_archive
2018-08-17,8076701.0,spdr_api:gld_historical_archive
2018-08-20,5137345.0,spdr_api:gld_historical_archive
2018-08-21,5034431.0,spdr_api:gld_historical_archive
2018-08-22,6214471.0,spdr_api:gld_historical_archive
2018-08-23,5493909.0,spdr_api:gld_historical_archive
2018-08-24,8097401.0,spdr_api:gld_historical_archive
2018-08-27,4260099.0,spdr_api:gld_historical_archive
2018-08-28,6076776.0,spdr_api:gld_historical_archive
2018-08-29,5614490.0,spdr_api:gld_historical_archive
2018-08-30,5431612.0,spdr_api:gld_historical_archive
2018-08-31,4714023.0,spdr_api:gld_historical_archive
2018-09-04,6582307.0,spdr_api:gld_historical_archive
2018-09-05,6582307.0,spdr_api:gld_historical_archive
2018-09-06,4765345.0,spdr_api:gld_historical_archive
2018-09-07,3668870.0,spdr_api:gld_historical_archive
2018-09-10,2254204.0,spdr_api:gld_historical_archive
2018-09-11,3756957.0,spdr_api:gld_historical_archive
2018-09-12,6308372.0,spdr_api:gld_historical_archive
2018-09-13,5634182.0,spdr_api:gld_historical_archive
2018-09-14,5351137.0,spdr_api:gld_historical_archive
2018-09-17,4703226.0,spdr_api:gld_historical_archive
2018-09-18,4734104.0,spdr_api:gld_historical_archive
2018-09-19,4135449.0,spdr_api:gld_historical_archive
2018-09-20,4369805.0,spdr_api:gld_historical_archive
2018-09-21,6811127.0,spdr_api:gld_historical_archive
2018-09-24,4403717.0,spdr_api:gld_historical_archive
2018-09-25,2786810.0,spdr_api:gld_historical_archive
2018-09-26,8270905.0,spdr_api:gld_historical_archive
2018-09-27,7672032.0,spdr_api:gld_historical_archive
2018-09-28,5998099.0,spdr_api:gld_historical_archive
2018-10-01,3892026.0,spdr_api:gld_historical_archive
2018-10-02,10564251.0,spdr_api:gld_historical_archive
2018-10-03,6674198.0,spdr_api:gld_historical_archive
2018-10-04,6602343.0,spdr_api:gld_historical_archive
2018-10-05,7294866.0,spdr_api:gld_historical_archive
2018-10-08,12073326.0,spdr_api:gld_historical_archive
2018-10-09,6085092.0,spdr_api:gld_historical_archive
2018-10-10,6150906.0,spdr_api:gld_historical_archive
2018-10-11,26083814.0,spdr_api:gld_historical_archive
2018-10-12,13111269.0,spdr_api:gld_historical_archive
2018-10-15,11336283.0,spdr_api:gld_historical_archive
2018-10-16,9490920.0,spdr_api:gld_historical_archive
2018-10-17,7075057.0,spdr_api:gld_historical_archive
2018-10-18,7937227.0,spdr_api:gld_historical_archive
2018-10-19,7202567.0,spdr_api:gld_historical_archive
2018-10-22,4967980.0,spdr_api:gld_historical_archive
2018-10-23,12233550.0,spdr_api:gld_historical_archive
2018-10-24,8467753.0,spdr_api:gld_historical_archive
2018-10-25,8053581.0,spdr_api:gld_historical_archive
2018-10-26,15552521.0,spdr_api:gld_historical_archive
2018-10-29,8512271.0,spdr_api:gld_historical_archive
2018-10-30,7153720.0,spdr_api:gld_historical_archive
2018-10-31,11391589.0,spdr_api:gld_historical_archive
2018-11-01,12594993.0,spdr_api:gld_historical_archive
2018-11-02,8785357.0,spdr_api:gld_historical_archive
2018-11-05,6088158.0,spdr_api:gld_historical_archive
2018-11-06,7256014.0,spdr_api:gld_historical_archive
2018-11-07,8379271.0,spdr_api:gld_historical_archive
2018-11-08,7147004.0,spdr_api:gld_historical_archive
2018-11-09,14098893.0,spdr_api:gld_historical_archive
2018-11-12,7240970.0,spdr_api:gld_historical_archive
2018-11-13,9272970.0,spdr_api:gld_historical_archive
2018-11-14,13894442.0,spdr_api:gld_historical_archive
2018-11-15,8822699.0,spdr_api:gld_historical_archive
2018-11-16,8448713.0,spdr_api:gld_historical_archive
2018-11-19,8000605.0,spdr_api:gld_historical_archive
2018-11-20,9053933.0,spdr_api:gld_historical_archive
2018-11-21,8112752.0,spdr_api:gld_historical_archive
2018-11-23,3725244.0,spdr_api:gld_historical_archive
2018-11-26,4015602.0,spdr_api:gld_historical_archive
2018-11-27,9415396.0,spdr_api:gld_historical_archive
2018-11-28,13721399.0,spdr_api:gld_historical_archive
2018-11-29,6319764.0,spdr_api:gld_historical_archive
2018-11-30,7838647.0,spdr_api:gld_historical_archive
2018-12-03,8462977.0,spdr_api:gld_historical_archive
2018-12-04,7184886.0,spdr_api:gld_historical_archive
2018-12-06,9212879.0,spdr_api:gld_historical_archive
2018-12-07,9812135.0,spdr_api:gld_historical_archive
2018-12-10,8116972.0,spdr_api:gld_historical_archive
2018-12-11,6391120.0,spdr_api:gld_historical_archive
2018-12-12,4121095.0,spdr_api:gld_historical_archive
2018-12-13,4118287.0,spdr_api:gld_historical_archive
2018-12-14,7488179.0,spdr_api:gld_historical_archive
2018-12-17,8426002.0,spdr_api:gld_historical_archive
2018-12-18,7538236.0,spdr_api:gld_historical_archive
2018-12-19,13745512.0,spdr_api:gld_historical_archive
2018-12-20,18299933.0,spdr_api:gld_historical_archive
2018-12-21,12532394.0,spdr_api:gld_historical_archive
2018-12-24,9732424.0,spdr_api:gld_historical_archive
2018-12-26,14269491.0,spdr_api:gld_historical_archive
2018-12-27,11870167.0,spdr_api:gld_historical_archive
2018-12-28,6749513.0,spdr_api:gld_historical_archive
2018-12-31,8437346.0,spdr_api:gld_historical_archive
2019-01-02,12013348.0,spdr_api:gld_historical_archive
2019-01-03,15399869.0,spdr_api:gld_historical_archive
2019-01-04,13269777.0,spdr_api:gld_historical_archive
2019-01-07,7448525.0,spdr_api:gld_historical_archive
2019-01-08,7249557.0,spdr_api:gld_historical_archive
2019-01-09,10313624.0,spdr_api:gld_historical_archive
2019-01-10,6670149.0,spdr_api:gld_historical_archive
2019-01-11,8619482.0,spdr_api:gld_historical_archive
2019-01-14,6473054.0,spdr_api:gld_historical_archive
2019-01-15,7501937.0,spdr_api:gld_historical_archive
2019-01-16,6716996.0,spdr_api:gld_historical_archive
2019-01-17,8553765.0,spdr_api:gld_historical_archive
2019-01-18,10890312.0,spdr_api:gld_historical_archive
2019-01-22,7894091.0,spdr_api:gld_historical_archive
2019-01-23,5208625.0,spdr_api:gld_historical_archive
2019-01-24,5652486.0,spdr_api:gld_historical_archive
2019-01-25,10652362.0,spdr_api:gld_historical_archive
2019-01-28,8514597.0,spdr_api:gld_historical_archive
2019-01-29,10529481.0,spdr_api:gld_historical_archive
2019-01-30,12070466.0,spdr_api:gld_historical_archive
2019-01-31,10033039.0,spdr_api:gld_historical_archive
2019-02-01,12332148.0,spdr_api:gld_historical_archive
2019-02-04,6721675.0,spdr_api:gld_historical_archive
2019-02-05,6267636.0,spdr_api:gld_historical_archive
2019-02-06,6593811.0,spdr_api:gld_historical_archive
2019-02-07,5934329.0,spdr_api:gld_historical_archive
2019-02-08,4225971.0,spdr_api:gld_historical_archive
2019-02-11,4810579.0,spdr_api:gld_historical_archive
2019-02-12,4266549.0,spdr_api:gld_historical_archive
2019-02-13,7621603.0,spdr_api:gld_historical_archive
2019-02-14,6254355.0,spdr_api:gld_historical_archive
2019-02-15,10983960.0,spdr_api:gld_historical_archive
2019-02-19,14257406.0,spdr_api:gld_historical_archive
2019-02-20,8884930.0,spdr_api:gld_historical_archive
2019-02-21,8558929.0,spdr_api:gld_historical_archive
2019-02-22,5354329.0,spdr_api:gld_historical_archive
2019-02-25,4879573.0,spdr_api:gld_historical_archive
2019-02-26,4986396.0,spdr_api:gld_historical_archive
2019-02-27,7942971.0,spdr_api:gld_historical_archive
2019-02-28,7795571.0,spdr_api:gld_historical_archive
2019-03-01,16288360.0,spdr_api:gld_historical_archive
2019-03-04,10228143.0,spdr_api:gld_historical_archive
2019-03-05,6573403.0,spdr_api:gld_historical_archive
2019-03-06,4770238.0,spdr_api:gld_historical_archive
2019-03-07,8829190.0,spdr_api:gld_historical_archive
2019-03-08,10381904.0,spdr_api:gld_historical_archive
2019-03-11,6682471.0,spdr_api:gld_historical_archive
2019-03-12,6286251.0,spdr_api:gld_historical_archive
2019-03-13,7313958.0,spdr_api:gld_historical_archive
2019-03-14,6766834.0,spdr_api:gld_historical_archive
2019-03-15,9121313.0,spdr_api:gld_historical_archive
2019-03-18,6424640.0,spdr_api:gld_historical_archive
2019-03-19,6503301.0,spdr_api:gld_historical_archive
2019-03-20,11274037.0,spdr_api:gld_historical_archive
2019-03-21,7704937.0,spdr_api:gld_historical_archive
2019-03-22,5836266.0,spdr_api:gld_historical_archive
2019-03-25,7248725.0,spdr_api:gld_historical_archive
2019-03-26,5051949.0,spdr_api:gld_historical_archive
2019-03-27,6533818.0,spdr_api:gld_historical_archive
2019-03-28,11443346.0,spdr_api:gld_historical_archive
2019-03-29,6727232.0,spdr_api:gld_historical_archive
2019-04-01,12536040.0,spdr_api:gld_historical_archive
2019-04-02,3639848.0,spdr_api:gld_historical_archive
2019-04-03,4258017.0,spdr_api:gld_historical_archive
2019-04-04,7401653.0,spdr_api:gld_historical_archive
2019-04-05,5089142.0,spdr_api:gld_historical_archive
2019-04-08,4119689.0,spdr_api:gld_historical_archive
2019-04-09,4615988.0,spdr_api:gld_historical_archive
2019-04-10,6296265.0,spdr_api:gld_historical_archive
2019-04-11,11631194.0,spdr_api:gld_historical_archive
2019-04-12,5196687.0,spdr_api:gld_historical_archive
2019-04-15,4247505.0,spdr_api:gld_historical_archive
2019-04-16,9744240.0,spdr_api:gld_historical_archive
2019-04-17,4629081.0,spdr_api:gld_historical_archive
2019-04-18,3822537.0,spdr_api:gld_historical_archive
2019-04-22,2173870.0,spdr_api:gld_historical_archive
2019-04-23,4950332.0,spdr_api:gld_historical_archive
2019-04-24,3808627.0,spdr_api:gld_historical_archive
2019-04-25,4799336.0,spdr_api:gld_historical_archive
2019-04-26,5283031.0,spdr_api:gld_historical_archive
2019-04-29,4167843.0,spdr_api:gld_historical_archive
2019-04-30,4664080.0,spdr_api:gld_historical_archive
2019-05-01,12260752.0,spdr_api:gld_historical_archive
2019-05-02,6617002.0,spdr_api:gld_historical_archive
2019-05-03,8304908.0,spdr_api:gld_historical_archive
2019-05-06,2757018.0,spdr_api:gld_historical_archive
2019-05-07,3803307.0,spdr_api:gld_historical_archive
2019-05-08,4163895.0,spdr_api:gld_historical_archive
2019-05-09,4912419.0,spdr_api:gld_historical_archive
2019-05-10,4557914.0,spdr_api:gld_historical_archive
2019-05-13,10898907.0,spdr_api:gld_historical_archive
2019-05-14,5315883.0,spdr_api:gld_historical_archive
2019-05-15,10283715.0,spdr_api:gld_historical_archive
2019-05-16,7102670.0,spdr_api:gld_historical_archive
2019-05-17,6497124.0,spdr_api:gld_historical_archive
2019-05-20,4267307.0,spdr_api:gld_historical_archive
2019-05-21,3650957.0,spdr_api:gld_historical_archive
2019-05-22,2968445.0,spdr_api:gld_historical_archive
2019-05-23,6041187.0,spdr_api:gld_historical_archive
2019-05-24,2315235.0,spdr_api:gld_historical_archive
2019-05-28,3642875.0,spdr_api:gld_historical_archive
2019-05-29,4127429.0,spdr_api:gld_historical_archive
2019-05-30,7689581.0,spdr_api:gld_historical_archive
2019-05-31,14503192.0,spdr_api:gld_historical_archive
2019-06-03,13564853.0,spdr_api:gld_historical_archive
2019-06-04,7378441.0,spdr_api:gld_historical_archive
2019-06-05,7341864.0,spdr_api:gld_historical_archive
2019-06-06,5514750.0,spdr_api:gld_historical_archive
2019-06-07,7717984.0,spdr_api:gld_historical_archive
2019-06-10,5386306.0,spdr_api:gld_historical_archive
2019-06-11,4694050.0,spdr_api:gld_historical_archive
2019-06-12,5731270.0,spdr_api:gld_historical_archive
2019-06-13,5308881.0,spdr_api:gld_historical_archive
2019-06-14,9085948.0,spdr_api:gld_historical_archive
2019-06-17,4631150.0,spdr_api:gld_historical_archive
2019-06-18,10120674.0,spdr_api:gld_historical_archive
2019-06-19,11361574.0,spdr_api:gld_historical_archive
2019-06-20,17339833.0,spdr_api:gld_historical_archive
2019-06-21,14378007.0,spdr_api:gld_historical_archive
2019-06-24,17146135.0,spdr_api:gld_historical_archive
2019-06-25,24102033.0,spdr_api:gld_historical_archive
2019-06-26,11658417.0,spdr_api:gld_historical_archive
2019-06-27,8248505.0,spdr_api:gld_historical_archive
2019-06-28,6657107.0,spdr_api:gld_historical_archive
2019-07-01,12207623.0,spdr_api:gld_historical_archive
2019-07-02,12379797.0,spdr_api:gld_historical_archive
2019-07-03,6296676.0,spdr_api:gld_historical_archive
2019-07-05,11397195.0,spdr_api:gld_historical_archive
2019-07-08,6772397.0,spdr_api:gld_historical_archive
2019-07-09,6247904.0,spdr_api:gld_historical_archive
2019-07-10,13747532.0,spdr_api:gld_historical_archive
2019-07-11,7211946.0,spdr_api:gld_historical_archive
2019-07-12,6199519.0,spdr_api:gld_historical_archive
2019-07-15,3523791.0,spdr_api:gld_historical_archive
2019-07-16,7825531.0,spdr_api:gld_historical_archive
2019-07-17,11002599.0,spdr_api:gld_historical_archive
2019-07-18,18261456.0,spdr_api:gld_historical_archive
2019-07-19,16152281.0,spdr_api:gld_historical_archive
2019-07-22,7524040.0,spdr_api:gld_historical_archive
2019-07-23,9195519.0,spdr_api:gld_historical_archive
2019-07-24,6600640.0,spdr_api:gld_historical_archive
2019-07-25,10808615.0,spdr_api:gld_historical_archive
2019-07-26,6077318.0,spdr_api:gld_historical_archive
2019-07-29,9101338.0,spdr_api:gld_historical_archive
2019-07-30,9129504.0,spdr_api:gld_historical_archive
2019-07-31,18486704.0,spdr_api:gld_historical_archive
2019-08-01,26571927.0,spdr_api:gld_historical_archive
2019-08-02,13194553.0,spdr_api:gld_historical_archive
2019-08-05,16277540.0,spdr_api:gld_historical_archive
2019-08-06,9181835.0,spdr_api:gld_historical_archive
2019-08-07,25717146.0,spdr_api:gld_historical_archive
2019-08-08,13004283.0,spdr_api:gld_historical_archive
2019-08-09,9226366.0,spdr_api:gld_historical_archive
2019-08-12,13907397.0,spdr_api:gld_historical_archive
2019-08-13,29800495.0,spdr_api:gld_historical_archive
2019-08-14,20356448.0,spdr_api:gld_historical_archive
2019-08-15,13402546.0,spdr_api:gld_historical_archive
2019-08-16,10695559.0,spdr_api:gld_historical_archive
2019-08-19,9590755.0,spdr_api:gld_historical_archive
2019-08-20,7239121.0,spdr_api:gld_historical_archive
2019-08-21,8041362.0,spdr_api:gld_historical_archive
2019-08-22,6701392.0,spdr_api:gld_historical_archive
2019-08-23,19627285.0,spdr_api:gld_historical_archive
2019-08-26,10455119.0,spdr_api:gld_historical_archive
2019-08-27,11779176.0,spdr_api:gld_historical_archive
2019-08-28,10396677.0,spdr_api:gld_historical_archive
2019-08-29,14546164.0,spdr_api:gld_historical_archive
2019-08-30,9273520.0,spdr_api:gld_historical_archive
2019-09-03,14326268.0,spdr_api:gld_historical_archive
2019-09-04,11088228.0,spdr_api:gld_historical_archive
2019-09-05,20094885.0,spdr_api:gld_historical_archive
2019-09-06,13655816.0,spdr_api:gld_historical_archive
2019-09-09,10564404.0,spdr_api:gld_historical_archive
2019-09-10,11886693.0,spdr_api:gld_historical_archive
2019-09-11,6835393.0,spdr_api:gld_historical_archive
2019-09-12,12207938.0,spdr_api:gld_historical_archive
2019-09-13,13211907.0,spdr_api:gld_historical_archive
2019-09-16,7970713.0,spdr_api:gld_historical_archive
2019-09-17,6982446.0,spdr_api:gld_historical_archive
2019-09-18,14921107.0,spdr_api:gld_historical_archive
2019-09-19,7826177.0,spdr_api:gld_historical_archive
2019-09-20,10133572.0,spdr_api:gld_historical_archive
2019-09-23,8643950.0,spdr_api:gld_historical_archive
2019-09-24,10553551.0,spdr_api:gld_historical_archive
2019-09-25,11518981.0,spdr_api:gld_historical_archive
2019-09-26,7177695.0,spdr_api:gld_historical_archive
2019-09-27,9585217.0,spdr_api:gld_historical_archive
2019-09-30,15376563.0,spdr_api:gld_historical_archive
2019-10-01,12457699.0,spdr_api:gld_historical_archive
2019-10-02,11434078.0,spdr_api:gld_historical_archive
2019-10-03,12359591.0,spdr_api:gld_historical_archive
2019-10-04,9608196.0,spdr_api:gld_historical_archive
2019-10-07,6047958.0,spdr_api:gld_historical_archive
2019-10-08,10370562.0,spdr_api:gld_historical_archive
2019-10-09,6909562.0,spdr_api:gld_historical_archive
2019-10-10,9265274.0,spdr_api:gld_historical_archive
2019-10-11,11278604.0,spdr_api:gld_historical_archive
2019-10-14,3838422.0,spdr_api:gld_historical_archive
2019-10-15,9080167.0,spdr_api:gld_historical_archive
2019-10-16,10317931.0,spdr_api:gld_historical_archive
2019-10-17,5656327.0,spdr_api:gld_historical_archive
2019-10-18,6345114.0,spdr_api:gld_historical_archive
2019-10-21,7946092.0,spdr_api:gld_historical_archive
2019-10-22,3864351.0,spdr_api:gld_historical_archive
2019-10-23,4060216.0,spdr_api:gld_historical_archive
2019-10-24,6132440.0,spdr_api:gld_historical_archive
2019-10-25,5968618.0,spdr_api:gld_historical_archive
2019-10-28,5360320.0,spdr_api:gld_historical_archive
2019-10-29,3828016.0,spdr_api:gld_historical_archive
2019-10-30,6561252.0,spdr_api:gld_historical_archive
2019-10-31,6449516.0,spdr_api:gld_historical_archive
2019-11-01,7798872.0,spdr_api:gld_historical_archive
2019-11-04,7798872.0,spdr_api:gld_historical_archive
2019-11-05,10319096.0,spdr_api:gld_historical_archive
2019-11-06,6183070.0,spdr_api:gld_historical_archive
2019-11-07,14130771.0,spdr_api:gld_historical_archive
2019-11-08,10214016.0,spdr_api:gld_historical_archive
2019-11-11,6954692.0,spdr_api:gld_historical_archive
2019-11-12,6272036.0,spdr_api:gld_historical_archive
2019-11-13,8725110.0,spdr_api:gld_historical_archive
2019-11-14,5138505.0,spdr_api:gld_historical_archive
2019-11-15,7201174.0,spdr_api:gld_historical_archive
2019-11-18,4149217.0,spdr_api:gld_historical_archive
2019-11-19,4308530.0,spdr_api:gld_historical_archive
2019-11-20,4912498.0,spdr_api:gld_historical_archive
2019-11-21,4080833.0,spdr_api:gld_historical_archive
2019-11-22,3582903.0,spdr_api:gld_historical_archive
2019-11-25,6111717.0,spdr_api:gld_historical_archive
2019-11-26,4688955.0,spdr_api:gld_historical_archive
2019-11-27,4083121.0,spdr_api:gld_historical_archive
2019-11-29,3937562.0,spdr_api:gld_historical_archive
2019-12-02,8162776.0,spdr_api:gld_historical_archive
2019-12-03,8275559.0,spdr_api:gld_historical_archive
2019-12-04,6081284.0,spdr_api:gld_historical_archive
2019-12-05,5132335.0,spdr_api:gld_historical_archive
2019-12-06,5132335.0,spdr_api:gld_historical_archive
2019-12-09,2670527.0,spdr_api:gld_historical_archive
2019-12-10,3225163.0,spdr_api:gld_historical_archive
2019-12-11,6037579.0,spdr_api:gld_historical_archive
2019-12-12,8696698.0,spdr_api:gld_historical_archive
2019-12-13,5778474.0,spdr_api:gld_historical_archive
2019-12-16,4368383.0,spdr_api:gld_historical_archive
2019-12-17,4283129.0,spdr_api:gld_historical_archive
2019-12-18,3571294.0,spdr_api:gld_historical_archive
2019-12-19,4947629.0,spdr_api:gld_historical_archive
2019-12-20,4321461.0,spdr_api:gld_historical_archive
2019-12-23,4801125.0,spdr_api:gld_historical_archive
2019-12-24,5206535.0,spdr_api:gld_historical_archive
2019-12-26,7983983.0,spdr_api:gld_historical_archive
2019-12-27,5017797.0,spdr_api:gld_historical_archive
2019-12-30,4384570.0,spdr_api:gld_historical_archive
2019-12-31,5146577.0,spdr_api:gld_historical_archive
2020-01-02,7663319.0,spdr_api:gld_historical_archive
2020-01-03,11811434.0,spdr_api:gld_historical_archive
2020-01-06,14017676.0,spdr_api:gld_historical_archive
2020-01-07,7758716.0,spdr_api:gld_historical_archive
2020-01-08,7758716.0,spdr_api:gld_historical_archive
2020-01-09,10187167.0,spdr_api:gld_historical_archive
2020-01-10,6096656.0,spdr_api:gld_historical_archive
2020-01-13,7348351.0,spdr_api:gld_historical_archive
2020-01-14,6511372.0,spdr_api:gld_historical_archive
2020-01-15,6124097.0,spdr_api:gld_historical_archive
2020-01-16,5335892.0,spdr_api:gld_historical_archive
2020-01-17,10647607.0,spdr_api:gld_historical_archive
2020-01-21,5976142.0,spdr_api:gld_historical_archive
2020-01-22,4242821.0,spdr_api:gld_historical_archive
2020-01-23,7848872.0,spdr_api:gld_historical_archive
2020-01-24,9848906.0,spdr_api:gld_historical_archive
2020-01-27,9776420.0,spdr_api:gld_historical_archive
2020-01-28,9776420.0,spdr_api:gld_historical_archive
2020-01-29,5013100.0,spdr_api:gld_historical_archive
2020-01-30,8918138.0,spdr_api:gld_historical_archive
2020-01-31,14581109.0,spdr_api:gld_historical_archive
2020-02-03,8721843.0,spdr_api:gld_historical_archive
2020-02-04,8721843.0,spdr_api:gld_historical_archive
2020-02-05,5436114.0,spdr_api:gld_historical_archive
2020-02-06,4416272.0,spdr_api:gld_historical_archive
2020-02-07,5849424.0,spdr_api:gld_historical_archive
2020-02-10,5479678.0,spdr_api:gld_historical_archive
2020-02-11,5153204.0,spdr_api:gld_historical_archive
2020-02-12,4783455.0,spdr_api:gld_historical_archive
2020-02-13,5589691.0,spdr_api:gld_historical_archive
2020-02-14,5276250.0,spdr_api:gld_historical_archive
2020-02-18,10634922.0,spdr_api:gld_historical_archive
2020-02-19,9065481.0,spdr_api:gld_historical_archive
2020-02-20,8084960.0,spdr_api:gld_historical_archive
2020-02-21,16166818.0,spdr_api:gld_historical_archive
2020-02-24,26383690.0,spdr_api:gld_historical_archive
2020-02-25,26999672.0,spdr_api:gld_historical_archive
2020-02-26,17788906.0,spdr_api:gld_historical_archive
2020-02-27,27496133.0,spdr_api:gld_historical_archive
2020-02-28,39789308.0,spdr_api:gld_historical_archive
2020-03-02,15998899.0,spdr_api:gld_historical_archive
2020-03-03,27245422.0,spdr_api:gld_historical_archive
2020-03-04,11083422.0,spdr_api:gld_historical_archive
2020-03-05,17616014.0,spdr_api:gld_historical_archive
2020-03-06,26458677.0,spdr_api:gld_historical_archive
2020-03-09,10418755.0,spdr_api:gld_historical_archive
2020-03-10,17008987.0,spdr_api:gld_historical_archive
2020-03-11,17102900.0,spdr_api:gld_historical_archive
2020-03-12,32366348.0,spdr_api:gld_historical_archive
2020-03-13,34479792.0,spdr_api:gld_historical_archive
2020-03-16,24121449.0,spdr_api:gld_historical_archive
2020-03-17,23984895.0,spdr_api:gld_historical_archive
2020-03-18,21768626.0,spdr_api:gld_historical_archive
2020-03-19,19857614.0,spdr_api:gld_historical_archive
2020-03-20,19379120.0,spdr_api:gld_historical_archive
2020-03-23,27992153.0,spdr_api:gld_historical_archive
2020-03-24,20447761.0,spdr_api:gld_historical_archive
2020-03-25,16101436.0,spdr_api:gld_historical_archive
2020-03-26,11605306.0,spdr_api:gld_historical_archive
2020-03-27,9642861.0,spdr_api:gld_historical_archive
2020-03-30,11688554.0,spdr_api:gld_historical_archive
2020-03-31,12958521.0,spdr_api:gld_historical_archive
2020-04-01,11562243.0,spdr_api:gld_historical_archive
2020-04-02,9008195.0,spdr_api:gld_historical_archive
2020-04-03,8143757.0,spdr_api:gld_historical_archive
2020-04-06,14347256.0,spdr_api:gld_historical_archive
2020-04-07,9054913.0,spdr_api:gld_historical_archive
2020-04-08,7539671.0,spdr_api:gld_historical_archive
2020-04-09,17951180.0,spdr_api:gld_historical_archive
2020-04-13,19824227.0,spdr_api:gld_historical_archive
2020-04-14,16717013.0,spdr_api:gld_historical_archive
2020-04-15,12055469.0,spdr_api:gld_historical_archive
2020-04-16,8984687.0,spdr_api:gld_historical_archive
2020-04-17,14429415.0,spdr_api:gld_historical_archive
2020-04-20,9350822.0,spdr_api:gld_historical_archive
2020-04-21,12138126.0,spdr_api:gld_historical_archive
2020-04-22,12836599.0,spdr_api:gld_historical_archive
2020-04-23,4875703.0,spdr_api:gld_historical_archive
2020-04-24,10456114.0,spdr_api:gld_historical_archive
2020-04-27,8887089.0,spdr_api:gld_historical_archive
2020-04-28,9779026.0,spdr_api:gld_historical_archive
2020-04-29,11793514.0,spdr_api:gld_historical_archive
2020-04-30,12552100.0,spdr_api:gld_historical_archive
2020-05-01,10764355.0,spdr_api:gld_historical_archive
2020-05-04,7686218.0,spdr_api:gld_historical_archive
2020-05-05,10325096.0,spdr_api:gld_historical_archive
2020-05-06,12691128.0,spdr_api:gld_historical_archive
2020-05-07,13553972.0,spdr_api:gld_historical_archive
2020-05-08,10962236.0,spdr_api:gld_historical_archive
2020-05-11,10465956.0,spdr_api:gld_historical_archive
2020-05-12,9613772.0,spdr_api:gld_historical_archive
2020-05-13,10777951.0,spdr_api:gld_historical_archive
2020-05-14,16911209.0,spdr_api:gld_historical_archive
2020-05-15,13686918.0,spdr_api:gld_historical_archive
2020-05-18,13879430.0,spdr_api:gld_historical_archive
2020-05-19,8489615.0,spdr_api:gld_historical_archive
2020-05-20,10473342.0,spdr_api:gld_historical_archive
2020-05-21,11742825.0,spdr_api:gld_historical_archive
2020-05-22,8351177.0,spdr_api:gld_historical_archive
2020-05-26,13295553.0,spdr_api:gld_historical_archive
2020-05-27,12669197.0,spdr_api:gld_historical_archive
2020-05-28,9639173.0,spdr_api:gld_historical_archive
2020-05-29,9886758.0,spdr_api:gld_historical_archive
2020-06-01,8071398.0,spdr_api:gld_historical_archive
2020-06-02,10330099.0,spdr_api:gld_historical_archive
2020-06-03,16942915.0,spdr_api:gld_historical_archive
2020-06-04,10023351.0,spdr_api:gld_historical_archive
2020-06-05,15921988.0,spdr_api:gld_historical_archive
2020-06-08,8889185.0,spdr_api:gld_historical_archive
2020-06-09,8976487.0,spdr_api:gld_historical_archive
2020-06-10,12690853.0,spdr_api:gld_historical_archive
2020-06-11,11535954.0,spdr_api:gld_historical_archive
2020-06-12,6855678.0,spdr_api:gld_historical_archive
2020-06-15,8492682.0,spdr_api:gld_historical_archive
2020-06-16,6943046.0,spdr_api:gld_historical_archive
2020-06-17,6943046.0,spdr_api:gld_historical_archive
2020-06-18,5331587.0,spdr_api:gld_historical_archive
2020-06-19,11517950.0,spdr_api:gld_historical_archive
2020-06-22,12050277.0,spdr_api:gld_historical_archive
2020-06-23,11856907.0,spdr_api:gld_historical_archive
2020-06-24,10788827.0,spdr_api:gld_historical_archive
2020-06-25,6812597.0,spdr_api:gld_historical_archive
2020-06-26,6812597.0,spdr_api:gld_historical_archive
2020-06-29,6703796.0,spdr_api:gld_historical_archive
2020-06-30,12217921.0,spdr_api:gld_historical_archive
2020-07-01,12504283.0,spdr_api:gld_historical_archive
2020-07-02,8686664.0,spdr_api:gld_historical_archive
2020-07-06,7216129.0,spdr_api:gld_historical_archive
2020-07-07,11367458.0,spdr_api:gld_historical_archive
2020-07-08,11608231.0,spdr_api:gld_historical_archive
2020-07-09,13268940.0,spdr_api:gld_historical_archive
2020-07-10,8090653.0,spdr_api:gld_historical_archive
2020-07-13,10442524.0,spdr_api:gld_historical_archive
2020-07-14,9553211.0,spdr_api:gld_historical_archive
2020-07-15,7420950.0,spdr_api:gld_historical_archive
2020-07-16,10104580.0,spdr_api:gld_historical_archive
2020-07-17,9915394.0,spdr_api:gld_historical_archive
2020-07-20,9656171.0,spdr_api:gld_historical_archive
2020-07-21,12525424.0,spdr_api:gld_historical_archive
2020-07-22,18211486.0,spdr_api:gld_historical_archive
2020-07-23,1997173.0,spdr_api:gld_historical_archive
2020-07-24,15397263.0,spdr_api:gld_historical_archive
2020-07-27,20601767.0,spdr_api:gld_historical_archive
2020-07-28,20476993.0,spdr_api:gld_historical_archive
2020-07-29,25011405.0,spdr_api:gld_historical_archive
2020-07-30,17783046.0,spdr_api:gld_historical_archive
2020-07-31,15551062.0,spdr_api:gld_historical_archive
2020-08-03,12307271.0,spdr_api:gld_historical_archive
2020-08-04,19881987.0,spdr_api:gld_historical_archive
2020-08-05,26856641.0,spdr_api:gld_historical_archive
2020-08-06,20381573.0,spdr_api:gld_historical_archive
2020-08-07,23879494.0,spdr_api:gld_historical_archive
2020-08-10,17115311.0,spdr_api:gld_historical_archive
2020-08-11,44377216.0,spdr_api:gld_historical_archive
2020-08-12,27721064.0,spdr_api:gld_historical_archive
2020-08-13,17913954.0,spdr_api:gld_historical_archive
2020-08-14,11214250.0,spdr_api:gld_historical_archive
2020-08-17,14524520.0,spdr_api:gld_historical_archive
2020-08-18,15853088.0,spdr_api:gld_historical_archive
2020-08-19,11214250.0,spdr_api:gld_historical_archive
2020-08-20,15352607.0,spdr_api:gld_historical_archive
2020-08-21,12554837.0,spdr_api:gld_historical_archive
2020-08-24,14164726.0,spdr_api:gld_historical_archive
2020-08-25,14164726.0,spdr_api:gld_historical_archive
2020-08-26,14062021.0,spdr_api:gld_historical_archive
2020-08-27,14042532.0,spdr_api:gld_historical_archive
2020-08-28,14092373.0,spdr_api:gld_historical_archive
2020-08-31,14169932.0,spdr_api:gld_historical_archive
2020-09-01,14169932.0,spdr_api:gld_historical_archive
2020-09-02,11536900.0,spdr_api:gld_historical_archive
2020-09-03,12148100.0,spdr_api:gld_historical_archive
2020-09-04,11567900.0,spdr_api:gld_historical_archive
2020-09-08,13229200.0,spdr_api:gld_historical_archive
2020-09-09,8424100.0,spdr_api:gld_historical_archive
2020-09-10,9143600.0,spdr_api:gld_historical_archive
2020-09-11,7211468.0,spdr_api:gld_historical_archive
2020-09-14,8036607.0,spdr_api:gld_historical_archive
2020-09-15,7952977.0,spdr_api:gld_historical_archive
2020-09-16,12282792.0,spdr_api:gld_historical_archive
2020-09-17,7952977.0,spdr_api:gld_historical_archive
2020-09-18,8918852.0,spdr_api:gld_historical_archive
2020-09-21,17318048.0,spdr_api:gld_historical_archive
2020-09-22,7374745.0,spdr_api:gld_historical_archive
2020-09-23,17144213.0,spdr_api:gld_historical_archive
2020-09-24,10862647.0,spdr_api:gld_historical_archive
2020-09-25,6408637.0,spdr_api:gld_historical_archive
2020-09-28,6999677.0,spdr_api:gld_historical_archive
2020-09-29,8425378.0,spdr_api:gld_historical_archive
2020-09-30,8283285.0,spdr_api:gld_historical_archive
2020-10-01,10285755.0,spdr_api:gld_historical_archive
2020-10-02,7295388.0,spdr_api:gld_historical_archive
2020-10-05,6646944.0,spdr_api:gld_historical_archive
2020-10-06,8403772.0,spdr_api:gld_historical_archive
2020-10-07,6347470.0,spdr_api:gld_historical_archive
2020-10-08,6507753.0,spdr_api:gld_historical_archive
2020-10-09,12696190.0,spdr_api:gld_historical_archive
2020-10-12,4823388.0,spdr_api:gld_historical_archive
2020-10-13,8017337.0,spdr_api:gld_historical_archive
2020-10-14,8878034.0,spdr_api:gld_historical_archive
2020-10-15,6819489.0,spdr_api:gld_historical_archive
2020-10-16,8878034.0,spdr_api:gld_historical_archive
2020-10-19,6028825.0,spdr_api:gld_historical_archive
2020-10-20,7097469.0,spdr_api:gld_historical_archive
2020-10-21,7246289.0,spdr_api:gld_historical_archive
2020-10-22,8306791.0,spdr_api:gld_historical_archive
2020-10-23,8306791.0,spdr_api:gld_historical_archive
2020-10-26,5080707.0,spdr_api:gld_historical_archive
2020-10-27,5769947.0,spdr_api:gld_historical_archive
2020-10-28,10668399.0,spdr_api:gld_historical_archive
2020-10-29,8389510.0,spdr_api:gld_historical_archive
2020-10-30,7204073.0,spdr_api:gld_historical_archive
2020-11-02,6444271.0,spdr_api:gld_historical_archive
2020-11-03,7065903.0,spdr_api:gld_historical_archive
2020-11-04,10972524.0,spdr_api:gld_historical_archive
2020-11-05,16015791.0,spdr_api:gld_historical_archive
2020-11-06,10221751.0,spdr_api:gld_historical_archive
2020-11-09,29704631.0,spdr_api:gld_historical_archive
2020-11-10,11231867.0,spdr_api:gld_historical_archive
2020-11-11,8959201.0,spdr_api:gld_historical_archive
2020-11-12,6996354.0,spdr_api:gld_historical_archive
2020-11-13,6435946.0,spdr_api:gld_historical_archive
2020-11-16,7915522.0,spdr_api:gld_historical_archive
2020-11-17,7925758.0,spdr_api:gld_historical_archive
2020-11-18,7355990.0,spdr_api:gld_historical_archive
2020-11-19,6671978.0,spdr_api:gld_historical_archive
2020-11-20,6287843.0,spdr_api:gld_historical_archive
2020-11-23,15336666.0,spdr_api:gld_historical_archive
2020-11-24,18773673.0,spdr_api:gld_historical_archive
2020-11-25,10157020.0,spdr_api:gld_historical_archive
2020-11-27,10306399.0,spdr_api:gld_historical_archive
2020-11-30,13040156.0,spdr_api:gld_historical_archive
2020-12-01,13275253.0,spdr_api:gld_historical_archive
2020-12-02,8848865.0,spdr_api:gld_historical_archive
2020-12-03,10228075.0,spdr_api:gld_historical_archive
2020-12-04,9996688.0,spdr_api:gld_historical_archive
2020-12-07,10455390.0,spdr_api:gld_historical_archive
2020-12-08,5917243.0,spdr_api:gld_historical_archive
2020-12-09,10678794.0,spdr_api:gld_historical_archive
2020-12-10,6529720.0,spdr_api:gld_historical_archive
2020-12-11,6048539.0,spdr_api:gld_historical_archive
2020-12-14,7472284.0,spdr_api:gld_historical_archive
2020-12-15,6785987.0,spdr_api:gld_historical_archive
2020-12-16,8098678.0,spdr_api:gld_historical_archive
2020-12-17,8875343.0,spdr_api:gld_historical_archive
2020-12-18,6477113.0,spdr_api:gld_historical_archive
2020-12-21,7667180.0,spdr_api:gld_historical_archive
2020-12-22,9166903.0,spdr_api:gld_historical_archive
2020-12-23,6494533.0,spdr_api:gld_historical_archive
2020-12-24,3429273.0,spdr_api:gld_historical_archive
2020-12-28,7730071.0,spdr_api:gld_historical_archive
2020-12-29,5760324.0,spdr_api:gld_historical_archive
2020-12-30,5557137.0,spdr_api:gld_historical_archive
2020-12-31,7498356.0,spdr_api:gld_historical_archive
2021-01-04,14203172.0,spdr_api:gld_historical_archive
2021-01-05,12063956.0,spdr_api:gld_historical_archive
2021-01-06,18199770.0,spdr_api:gld_historical_archive
2021-01-07,6999844.0,spdr_api:gld_historical_archive
2021-01-08,24053613.0,spdr_api:gld_historical_archive
2021-01-11,8124463.0,spdr_api:gld_historical_archive
2021-01-12,9686089.0,spdr_api:gld_historical_archive
2021-01-13,14004670.0,spdr_api:gld_historical_archive
2021-01-14,13409398.0,spdr_api:gld_historical_archive
2021-01-15,15080283.0,spdr_api:gld_historical_archive
2021-01-19,7280122.0,spdr_api:gld_historical_archive
2021-01-20,8827826.0,spdr_api:gld_historical_archive
2021-01-21,6798879.0,spdr_api:gld_historical_archive
2021-01-22,6860401.0,spdr_api:gld_historical_archive
2021-01-25,5277406.0,spdr_api:gld_historical_archive
2021-01-26,4608500.0,spdr_api:gld_historical_archive
2021-01-27,8794855.0,spdr_api:gld_historical_archive
2021-01-28,9333549.0,spdr_api:gld_historical_archive
2021-01-29,10954437.0,spdr_api:gld_historical_archive
2021-02-01,9071730.0,spdr_api:gld_historical_archive
2021-02-02,7155880.0,spdr_api:gld_historical_archive
2021-02-03,4464551.0,spdr_api:gld_historical_archive
2021-02-04,13548055.0,spdr_api:gld_historical_archive
2021-02-05,6472258.0,spdr_api:gld_historical_archive
2021-02-08,6762748.0,spdr_api:gld_historical_archive
2021-02-09,5017729.0,spdr_api:gld_historical_archive
2021-02-10,6053389.0,spdr_api:gld_historical_archive
2021-02-11,5894769.0,spdr_api:gld_historical_archive
2021-02-12,5817209.0,spdr_api:gld_historical_archive
2021-02-16,14583911.0,spdr_api:gld_historical_archive
2021-02-17,11226752.0,spdr_api:gld_historical_archive
2021-02-18,7322499.0,spdr_api:gld_historical_archive
2021-02-19,7984922.0,spdr_api:gld_historical_archive
2021-02-22,9968027.0,spdr_api:gld_historical_archive
2021-02-23,8542260.0,spdr_api:gld_historical_archive
2021-02-24,8779289.0,spdr_api:gld_historical_archive
2021-02-25,16143479.0,spdr_api:gld_historical_archive
2021-02-26,22521970.0,spdr_api:gld_historical_archive
2021-03-01,13538171.0,spdr_api:gld_historical_archive
2021-03-02,11340577.0,spdr_api:gld_historical_archive
2021-03-03,12926126.0,spdr_api:gld_historical_archive
2021-03-04,13632257.0,spdr_api:gld_historical_archive
2021-03-05,10817510.0,spdr_api:gld_historical_archive
2021-03-08,11788181.0,spdr_api:gld_historical_archive
2021-03-09,10317898.0,spdr_api:gld_historical_archive
2021-03-10,7877856.0,spdr_api:gld_historical_archive
2021-03-11,6379669.0,spdr_api:gld_historical_archive
2021-03-12,8508191.0,spdr_api:gld_historical_archive
2021-03-15,8081278.0,spdr_api:gld_historical_archive
2021-03-16,7540495.0,spdr_api:gld_historical_archive
2021-03-17,12456007.0,spdr_api:gld_historical_archive
2021-03-18,8693370.0,spdr_api:gld_historical_archive
2021-03-19,6644689.0,spdr_api:gld_historical_archive
2021-03-22,4232361.0,spdr_api:gld_historical_archive
2021-03-23,2357662.0,spdr_api:gld_historical_archive
2021-03-24,5745129.0,spdr_api:gld_historical_archive
2021-03-25,8246308.0,spdr_api:gld_historical_archive
2021-03-26,5442984.0,spdr_api:gld_historical_archive
2021-03-29,7989676.0,spdr_api:gld_historical_archive
2021-03-30,8035145.0,spdr_api:gld_historical_archive
2021-03-31,10437028.0,spdr_api:gld_historical_archive
2021-04-01,10437028.0,spdr_api:gld_historical_archive
2021-04-05,6053558.0,spdr_api:gld_historical_archive
2021-04-06,6659164.0,spdr_api:gld_historical_archive
2021-04-07,5378669.0,spdr_api:gld_historical_archive
2021-04-08,6536223.0,spdr_api:gld_historical_archive
2021-04-09,6583737.0,spdr_api:gld_historical_archive
2021-04-12,4779979.0,spdr_api:gld_historical_archive
2021-04-13,6795392.0,spdr_api:gld_historical_archive
2021-04-14,6265622.0,spdr_api:gld_historical_archive
2021-04-15,8129876.0,spdr_api:gld_historical_archive
2021-04-16,9390060.0,spdr_api:gld_historical_archive
2021-04-19,5603054.0,spdr_api:gld_historical_archive
2021-04-20,6484609.0,spdr_api:gld_historical_archive
2021-04-21,8345894.0,spdr_api:gld_historical_archive
2021-04-22,7583139.0,spdr_api:gld_historical_archive
2021-04-23,7082824.0,spdr_api:gld_historical_archive
2021-04-26,4748702.0,spdr_api:gld_historical_archive
2021-04-27,5324765.0,spdr_api:gld_historical_archive
2021-04-28,6719635.0,spdr_api:gld_historical_archive
2021-04-29,9007778.0,spdr_api:gld_historical_archive
2021-04-30,6137169.0,spdr_api:gld_historical_archive
2021-05-03,8904180.0,spdr_api:gld_historical_archive
2021-05-04,9995634.0,spdr_api:gld_historical_archive
2021-05-05,5891648.0,spdr_api:gld_historical_archive
2021-05-06,13430505.0,spdr_api:gld_historical_archive
2021-05-07,14681680.0,spdr_api:gld_historical_archive
2021-05-10,8215613.0,spdr_api:gld_historical_archive
2021-05-11,8263908.0,spdr_api:gld_historical_archive
2021-05-12,12001053.0,spdr_api:gld_historical_archive
2021-05-13,7827346.0,spdr_api:gld_historical_archive
2021-05-14,9436469.0,spdr_api:gld_historical_archive
2021-05-17,11938698.0,spdr_api:gld_historical_archive
2021-05-18,7166673.0,spdr_api:gld_historical_archive
2021-05-19,20576849.0,spdr_api:gld_historical_archive
2021-05-20,9748560.0,spdr_api:gld_historical_archive
2021-05-21,7407164.0,spdr_api:gld_historical_archive
2021-05-24,5476800.0,spdr_api:gld_historical_archive
2021-05-25,8738559.0,spdr_api:gld_historical_archive
2021-05-26,8224486.0,spdr_api:gld_historical_archive
2021-05-27,7879770.0,spdr_api:gld_historical_archive
2021-05-28,9642909.0,spdr_api:gld_historical_archive
2021-06-01,9113530.0,spdr_api:gld_historical_archive
2021-06-02,6605862.0,spdr_api:gld_historical_archive
2021-06-03,10100117.0,spdr_api:gld_historical_archive
2021-06-04,8372827.0,spdr_api:gld_historical_archive
2021-06-07,7704853.0,spdr_api:gld_historical_archive
2021-06-08,5863069.0,spdr_api:gld_historical_archive
2021-06-09,6318828.0,spdr_api:gld_historical_archive
2021-06-10,9887499.0,spdr_api:gld_historical_archive
2021-06-11,7702500.0,spdr_api:gld_historical_archive
2021-06-14,7711376.0,spdr_api:gld_historical_archive
2021-06-15,7192785.0,spdr_api:gld_historical_archive
2021-06-16,15962186.0,spdr_api:gld_historical_archive
2021-06-17,27160417.0,spdr_api:gld_historical_archive
2021-06-18,15393145.0,spdr_api:gld_historical_archive
2021-06-21,8283869.0,spdr_api:gld_historical_archive
2021-06-22,7178507.0,spdr_api:gld_historical_archive
2021-06-23,8088962.0,spdr_api:gld_historical_archive
2021-06-24,6761312.0,spdr_api:gld_historical_archive
2021-06-25,7461615.0,spdr_api:gld_historical_archive
2021-06-28,6455912.0,spdr_api:gld_historical_archive
2021-06-29,7333953.0,spdr_api:gld_historical_archive
2021-06-30,6103680.0,spdr_api:gld_historical_archive
2021-07-01,7333349.0,spdr_api:gld_historical_archive
2021-07-02,7356477.0,spdr_api:gld_historical_archive
2021-07-06,7925998.0,spdr_api:gld_historical_archive
2021-07-07,7005180.0,spdr_api:gld_historical_archive
2021-07-08,7050688.0,spdr_api:gld_historical_archive
2021-07-09,4927103.0,spdr_api:gld_historical_archive
2021-07-12,7313625.0,spdr_api:gld_historical_archive
2021-07-13,6940324.0,spdr_api:gld_historical_archive
2021-07-14,8811706.0,spdr_api:gld_historical_archive
2021-07-15,6499973.0,spdr_api:gld_historical_archive
2021-07-16,9321489.0,spdr_api:gld_historical_archive
2021-07-19,6696832.0,spdr_api:gld_historical_archive
2021-07-20,6511451.0,spdr_api:gld_historical_archive
2021-07-21,4456398.0,spdr_api:gld_historical_archive
2021-07-22,4456398.0,spdr_api:gld_historical_archive
2021-07-23,5830515.0,spdr_api:gld_historical_archive
2021-07-26,5086996.0,spdr_api:gld_historical_archive
2021-07-27,5923398.0,spdr_api:gld_historical_archive
2021-07-28,7864456.0,spdr_api:gld_historical_archive
2021-07-29,8072085.0,spdr_api:gld_historical_archive
2021-07-30,7381861.0,spdr_api:gld_historical_archive
2021-08-02,10762285.0,spdr_api:gld_historical_archive
2021-08-03,5293437.0,spdr_api:gld_historical_archive
2021-08-04,9466691.0,spdr_api:gld_historical_archive
2021-08-05,8002545.0,spdr_api:gld_historical_archive
2021-08-06,13292708.0,spdr_api:gld_historical_archive
2021-08-09,11134206.0,spdr_api:gld_historical_archive
2021-08-10,6824159.0,spdr_api:gld_historical_archive
2021-08-11,7326394.0,spdr_api:gld_historical_archive
2021-08-12,5210590.0,spdr_api:gld_historical_archive
2021-08-13,7289972.0,spdr_api:gld_historical_archive
2021-08-16,7775055.0,spdr_api:gld_historical_archive
2021-08-17,7089062.0,spdr_api:gld_historical_archive
2021-08-18,7625308.0,spdr_api:gld_historical_archive
2021-08-19,6870496.0,spdr_api:gld_historical_archive
2021-08-20,6525589.0,spdr_api:gld_historical_archive
2021-08-23,7338116.0,spdr_api:gld_historical_archive
2021-08-24,4484350.0,spdr_api:gld_historical_archive
2021-08-25,5586934.0,spdr_api:gld_historical_archive
2021-08-26,4271661.0,spdr_api:gld_historical_archive
2021-08-27,10033298.0,spdr_api:gld_historical_archive
2021-08-30,3768600.0,spdr_api:gld_historical_archive
2021-08-31,6327438.0,spdr_api:gld_historical_archive
2021-09-01,4735867.0,spdr_api:gld_historical_archive
2021-09-02,4598108.0,spdr_api:gld_historical_archive
2021-09-03,8351202.0,spdr_api:gld_historical_archive
2021-09-07,9934457.0,spdr_api:gld_historical_archive
2021-09-08,6551436.0,spdr_api:gld_historical_archive
2021-09-09,6479114.0,spdr_api:gld_historical_archive
2021-09-10,7420755.0,spdr_api:gld_historical_archive
2021-09-13,5465352.0,spdr_api:gld_historical_archive
2021-09-14,7864909.0,spdr_api:gld_historical_archive
2021-09-15,5613519.0,spdr_api:gld_historical_archive
2021-09-16,11689700.0,spdr_api:gld_historical_archive
2021-09-17,8027580.0,spdr_api:gld_historical_archive
2021-09-20,7306185.0,spdr_api:gld_historical_archive
2021-09-21,7079784.0,spdr_api:gld_historical_archive
2021-09-22,9556018.0,spdr_api:gld_historical_archive
2021-09-23,8432262.0,spdr_api:gld_historical_archive
2021-09-24,6751101.0,spdr_api:gld_historical_archive
2021-09-27,4741251.0,spdr_api:gld_historical_archive
2021-09-28,9198745.0,spdr_api:gld_historical_archive
2021-09-29,8345746.0,spdr_api:gld_historical_archive
2021-09-30,10565093.0,spdr_api:gld_historical_archive
2021-10-01,6528094.0,spdr_api:gld_historical_archive
2021-10-04,7553855.0,spdr_api:gld_historical_archive
2021-10-05,5568806.0,spdr_api:gld_historical_archive
2021-10-06,6024642.0,spdr_api:gld_historical_archive
2021-10-07,4724789.0,spdr_api:gld_historical_archive
2021-10-08,8485389.0,spdr_api:gld_historical_archive
2021-10-11,3786940.0,spdr_api:gld_historical_archive
2021-10-12,5429620.0,spdr_api:gld_historical_archive
2021-10-13,11076214.0,spdr_api:gld_historical_archive
2021-10-14,5051854.0,spdr_api:gld_historical_archive
2021-10-15,8634633.0,spdr_api:gld_historical_archive
2021-10-18,4000459.0,spdr_api:gld_historical_archive
2021-10-19,6570896.0,spdr_api:gld_historical_archive
2021-10-20,4997834.0,spdr_api:gld_historical_archive
2021-10-21,4285981.0,spdr_api:gld_historical_archive
2021-10-22,10656711.0,spdr_api:gld_historical_archive
2021-10-25,4649048.0,spdr_api:gld_historical_archive
2021-10-26,6638493.0,spdr_api:gld_historical_archive
2021-10-27,5794242.0,spdr_api:gld_historical_archive
2021-10-28,6906555.0,spdr_api:gld_historical_archive
2021-10-29,7395131.0,spdr_api:gld_historical_archive
2021-11-01,4924828.0,spdr_api:gld_historical_archive
2021-11-02,3608620.0,spdr_api:gld_historical_archive
2021-11-03,8589947.0,spdr_api:gld_historical_archive
2021-11-04,6641815.0,spdr_api:gld_historical_archive
2021-11-05,9285608.0,spdr_api:gld_historical_archive
2021-11-08,4889156.0,spdr_api:gld_historical_archive
2021-11-09,5661061.0,spdr_api:gld_historical_archive
2021-11-10,11429495.0,spdr_api:gld_historical_archive
2021-11-11,5871856.0,spdr_api:gld_historical_archive
2021-11-12,7638200.0,spdr_api:gld_historical_archive
2021-11-15,5420995.0,spdr_api:gld_historical_archive
2021-11-16,8652017.0,spdr_api:gld_historical_archive
2021-11-17,6461494.0,spdr_api:gld_historical_archive
2021-11-18,6248558.0,spdr_api:gld_historical_archive
2021-11-19,8360406.0,spdr_api:gld_historical_archive
2021-11-22,8360406.0,spdr_api:gld_historical_archive
2021-11-23,7992914.0,spdr_api:gld_historical_archive
2021-11-24,5271871.0,spdr_api:gld_historical_archive
2021-11-26,9509796.0,spdr_api:gld_historical_archive
2021-11-29,7357215.0,spdr_api:gld_historical_archive
2021-11-30,12644066.0,spdr_api:gld_historical_archive
2021-12-01,7803456.0,spdr_api:gld_historical_archive
2021-12-02,9168851.0,spdr_api:gld_historical_archive
2021-12-03,9358228.0,spdr_api:gld_historical_archive
2021-12-06,4810946.0,spdr_api:gld_historical_archive
2021-12-07,4586332.0,spdr_api:gld_historical_archive
2021-12-08,4283710.0,spdr_api:gld_historical_archive
2021-12-09,4797689.0,spdr_api:gld_historical_archive
2021-12-10,6258811.0,spdr_api:gld_historical_archive
2021-12-13,6455502.0,spdr_api:gld_historical_archive
2021-12-14,8575811.0,spdr_api:gld_historical_archive
2021-12-15,13977486.0,spdr_api:gld_historical_archive
2021-12-16,11031815.0,spdr_api:gld_historical_archive
2021-12-17,9277046.0,spdr_api:gld_historical_archive
2021-12-20,6865110.0,spdr_api:gld_historical_archive
2021-12-21,4428264.0,spdr_api:gld_historical_archive
2021-12-22,4630777.0,spdr_api:gld_historical_archive
2021-12-23,4430428.0,spdr_api:gld_historical_archive
2021-12-27,4701656.0,spdr_api:gld_historical_archive
2021-12-28,4701656.0,spdr_api:gld_historical_archive
2021-12-29,5883061.0,spdr_api:gld_historical_archive
2021-12-30,5298244.0,spdr_api:gld_historical_archive
2021-12-31,6915592.0,spdr_api:gld_historical_archive
2022-01-03,8853159.0,spdr_api:gld_historical_archive
2022-01-04,6921956.0,spdr_api:gld_historical_archive
2022-01-05,8559143.0,spdr_api:gld_historical_archive
2022-01-06,10454437.0,spdr_api:gld_historical_archive
2022-01-07,7919643.0,spdr_api:gld_historical_archive
2022-01-10,6812027.0,spdr_api:gld_historical_archive
2022-01-11,8359694.0,spdr_api:gld_historical_archive
2022-01-12,6161682.0,spdr_api:gld_historical_archive
2022-01-13,6648670.0,spdr_api:gld_historical_archive
2022-01-14,7823017.0,spdr_api:gld_historical_archive
2022-01-18,9090053.0,spdr_api:gld_historical_archive
2022-01-19,15551405.0,spdr_api:gld_historical_archive
2022-01-20,9514961.0,spdr_api:gld_historical_archive
2022-01-21,10776359.0,spdr_api:gld_historical_archive
2022-01-24,14936299.0,spdr_api:gld_historical_archive
2022-01-25,16897987.0,spdr_api:gld_historical_archive
2022-01-26,17676663.0,spdr_api:gld_historical_archive
2022-01-27,15713846.0,spdr_api:gld_historical_archive
2022-01-28,9574582.0,spdr_api:gld_historical_archive
2022-01-31,8291013.0,spdr_api:gld_historical_archive
2022-02-01,9730481.0,spdr_api:gld_historical_archive
2022-02-02,9068682.0,spdr_api:gld_historical_archive
2022-02-03,10644245.0,spdr_api:gld_historical_archive
2022-02-04,9533315.0,spdr_api:gld_historical_archive
2022-02-07,7749848.0,spdr_api:gld_historical_archive
2022-02-08,5767950.0,spdr_api:gld_historical_archive
2022-02-09,7764092.0,spdr_api:gld_historical_archive
2022-02-10,10467554.0,spdr_api:gld_historical_archive
2022-02-11,25721371.0,spdr_api:gld_historical_archive
2022-02-14,13397570.0,spdr_api:gld_historical_archive
2022-02-15,12339335.0,spdr_api:gld_historical_archive
2022-02-16,12746364.0,spdr_api:gld_historical_archive
2022-02-17,18533184.0,spdr_api:gld_historical_archive
2022-02-18,13112275.0,spdr_api:gld_historical_archive
2022-02-22,14735429.0,spdr_api:gld_historical_archive
2022-02-23,11557562.0,spdr_api:gld_historical_archive
2022-02-24,32322523.0,spdr_api:gld_historical_archive
2022-02-25,11338071.0,spdr_api:gld_historical_archive
2022-02-28,15968627.0,spdr_api:gld_historical_archive
2022-03-01,21577020.0,spdr_api:gld_historical_archive
2022-03-02,19603625.0,spdr_api:gld_historical_archive
2022-03-03,14626358.0,spdr_api:gld_historical_archive
2022-03-04,21585904.0,spdr_api:gld_historical_archive
2022-03-07,27616758.0,spdr_api:gld_historical_archive
2022-03-08,47215077.0,spdr_api:gld_historical_archive
2022-03-09,26689136.0,spdr_api:gld_historical_archive
2022-03-10,17899186.0,spdr_api:gld_historical_archive
2022-03-11,14744434.0,spdr_api:gld_historical_archive
2022-03-14,12952821.0,spdr_api:gld_historical_archive
2022-03-15,16948249.0,spdr_api:gld_historical_archive
2022-03-16,17402197.0,spdr_api:gld_historical_archive
2022-03-17,10942250.0,spdr_api:gld_historical_archive
2022-03-18,13935386.0,spdr_api:gld_historical_archive
2022-03-21,10543655.0,spdr_api:gld_historical_archive
2022-03-22,9610827.0,spdr_api:gld_historical_archive
2022-03-23,12538393.0,spdr_api:gld_historical_archive
2022-03-24,10501495.0,spdr_api:gld_historical_archive
2022-03-25,7598964.0,spdr_api:gld_historical_archive
2022-03-28,9327188.0,spdr_api:gld_historical_archive
2022-03-29,10125479.0,spdr_api:gld_historical_archive
2022-03-30,8252900.0,spdr_api:gld_historical_archive
2022-03-31,9675686.0,spdr_api:gld_historical_archive
2022-04-01,12576902.0,spdr_api:gld_historical_archive
2022-04-04,6995878.0,spdr_api:gld_historical_archive
2022-04-05,10821773.0,spdr_api:gld_historical_archive
2022-04-06,8885324.0,spdr_api:gld_historical_archive
2022-04-07,8885324.0,spdr_api:gld_historical_archive
2022-04-08,10653093.0,spdr_api:gld_historical_archive
2022-04-11,10653093.0,spdr_api:gld_historical_archive
2022-04-12,11918988.0,spdr_api:gld_historical_archive
2022-04-13,8646603.0,spdr_api:gld_historical_archive
2022-04-14,11183486.0,spdr_api:gld_historical_archive
2022-04-18,8704310.0,spdr_api:gld_historical_archive
2022-04-19,12332523.0,spdr_api:gld_historical_archive
2022-04-20,6856861.0,spdr_api:gld_historical_archive
2022-04-21,9553542.0,spdr_api:gld_historical_archive
2022-04-22,9098526.0,spdr_api:gld_historical_archive
2022-04-25,12949533.0,spdr_api:gld_historical_archive
2022-04-26,12949533.0,spdr_api:gld_historical_archive
2022-04-27,8839400.0,spdr_api:gld_historical_archive
2022-04-28,6378121.0,spdr_api:gld_historical_archive
2022-04-29,7686238.0,spdr_api:gld_historical_archive
2022-05-02,14217486.0,spdr_api:gld_historical_archive
2022-05-03,7204278.0,spdr_api:gld_historical_archive
2022-05-04,10465954.0,spdr_api:gld_historical_archive
2022-05-05,12772816.0,spdr_api:gld_historical_archive
2022-05-06,7586931.0,spdr_api:gld_historical_archive
2022-05-09,10665691.0,spdr_api:gld_historical_archive
2022-05-10,10971347.0,spdr_api:gld_historical_archive
2022-05-11,9148245.0,spdr_api:gld_historical_archive
2022-05-12,11552064.0,spdr_api:gld_historical_archive
2022-05-13,12805531.0,spdr_api:gld_historical_archive
2022-05-16,7114012.0,spdr_api:gld_historical_archive
2022-05-17,6422203.0,spdr_api:gld_historical_archive
2022-05-18,7414140.0,spdr_api:gld_historical_archive
2022-05-19,10565204.0,spdr_api:gld_historical_archive
2022-05-20,6512730.0,spdr_api:gld_historical_archive
2022-05-23,5207129.0,spdr_api:gld_historical_archive
2022-05-24,6751700.0,spdr_api:gld_historical_archive
2022-05-25,4570698.0,spdr_api:gld_historical_archive
2022-05-26,6441750.0,spdr_api:gld_historical_archive
2022-05-27,3802146.0,spdr_api:gld_historical_archive
2022-05-31,6225492.0,spdr_api:gld_historical_archive
2022-06-01,6946500.0,spdr_api:gld_historical_archive
2022-06-02,5587775.0,spdr_api:gld_historical_archive
2022-06-03,5515722.0,spdr_api:gld_historical_archive
2022-06-06,3723289.0,spdr_api:gld_historical_archive
2022-06-07,3723289.0,spdr_api:gld_historical_archive
2022-06-08,5095319.0,spdr_api:gld_historical_archive
2022-06-09,5095319.0,spdr_api:gld_historical_archive
2022-06-10,16725037.0,spdr_api:gld_historical_archive
2022-06-13,13253564.0,spdr_api:gld_historical_archive
2022-06-14,7282318.0,spdr_api:gld_historical_archive
2022-06-15,8992138.0,spdr_api:gld_historical_archive
2022-06-16,8801567.0,spdr_api:gld_historical_archive
2022-06-17,6922073.0,spdr_api:gld_historical_archive
2022-06-21,5604934.0,spdr_api:gld_historical_archive
2022-06-22,6432562.0,spdr_api:gld_historical_archive
2022-06-23,6493197.0,spdr_api:gld_historical_archive
2022-06-24,6131872.0,spdr_api:gld_historical_archive
2022-06-27,5716691.0,spdr_api:gld_historical_archive
2022-06-28,5716691.0,spdr_api:gld_historical_archive
2022-06-29,4780317.0,spdr_api:gld_historical_archive
2022-06-30,9142103.0,spdr_api:gld_historical_archive
2022-07-01,11377878.0,spdr_api:gld_historical_archive
2022-07-05,13976371.0,spdr_api:gld_historical_archive
2022-07-06,11591401.0,spdr_api:gld_historical_archive
2022-07-07,4566776.0,spdr_api:gld_historical_archive
2022-07-08,4389358.0,spdr_api:gld_historical_archive
2022-07-11,4020033.0,spdr_api:gld_historical_archive
2022-07-12,5095712.0,spdr_api:gld_historical_archive
2022-07-13,8303277.0,spdr_api:gld_historical_archive
2022-07-14,12208184.0,spdr_api:gld_historical_archive
2022-07-15,6772514.0,spdr_api:gld_historical_archive
2022-07-18,5436186.0,spdr_api:gld_historical_archive
2022-07-19,3687344.0,spdr_api:gld_historical_archive
2022-07-20,4699230.0,spdr_api:gld_historical_archive
2022-07-21,5736977.0,spdr_api:gld_historical_archive
2022-07-22,5678650.0,spdr_api:gld_historical_archive
2022-07-25,3462999.0,spdr_api:gld_historical_archive
2022-07-26,2582508.0,spdr_api:gld_historical_archive
2022-07-27,5704349.0,spdr_api:gld_historical_archive
2022-07-28,5596532.0,spdr_api:gld_historical_archive
2022-07-29,7325702.0,spdr_api:gld_historical_archive
2022-08-01,4444478.0,spdr_api:gld_historical_archive
2022-08-02,4681368.0,spdr_api:gld_historical_archive
2022-08-03,4386309.0,spdr_api:gld_historical_archive
2022-08-04,5403705.0,spdr_api:gld_historical_archive
2022-08-05,5221481.0,spdr_api:gld_historical_archive
2022-08-08,3332332.0,spdr_api:gld_historical_archive
2022-08-09,3080736.0,spdr_api:gld_historical_archive
2022-08-10,4031189.0,spdr_api:gld_historical_archive
2022-08-11,4302877.0,spdr_api:gld_historical_archive
2022-08-12,4994445.0,spdr_api:gld_historical_archive
2022-08-15,5235377.0,spdr_api:gld_historical_archive
2022-08-16,4094175.0,spdr_api:gld_historical_archive
2022-08-17,5358798.0,spdr_api:gld_historical_archive
2022-08-18,3624522.0,spdr_api:gld_historical_archive
2022-08-19,8170789.0,spdr_api:gld_historical_archive
2022-08-22,4097193.0,spdr_api:gld_historical_archive
2022-08-23,4421667.0,spdr_api:gld_historical_archive
2022-08-24,3200029.0,spdr_api:gld_historical_archive
2022-08-25,2844472.0,spdr_api:gld_historical_archive
2022-08-26,6689300.0,spdr_api:gld_historical_archive
2022-08-29,4688464.0,spdr_api:gld_historical_archive
2022-08-30,4732606.0,spdr_api:gld_historical_archive
2022-08-31,5423606.0,spdr_api:gld_historical_archive
2022-09-01,5423606.0,spdr_api:gld_historical_archive
2022-09-02,5013379.0,spdr_api:gld_historical_archive
2022-09-06,4859565.0,spdr_api:gld_historical_archive
2022-09-07,3977636.0,spdr_api:gld_historical_archive
2022-09-08,4575919.0,spdr_api:gld_historical_archive
2022-09-09,3851651.0,spdr_api:gld_historical_archive
2022-09-12,4478800.0,spdr_api:gld_historical_archive
2022-09-13,6447455.0,spdr_api:gld_historical_archive
2022-09-14,5843676.0,spdr_api:gld_historical_archive
2022-09-15,12901143.0,spdr_api:gld_historical_archive
2022-09-16,7137600.0,spdr_api:gld_historical_archive
2022-09-19,5003757.0,spdr_api:gld_historical_archive
2022-09-20,5628537.0,spdr_api:gld_historical_archive
2022-09-21,7494440.0,spdr_api:gld_historical_archive
2022-09-22,5965083.0,spdr_api:gld_historical_archive
2022-09-23,9416289.0,spdr_api:gld_historical_archive
2022-09-26,8084914.0,spdr_api:gld_historical_archive
2022-09-27,7113672.0,spdr_api:gld_historical_archive
2022-09-28,8725846.0,spdr_api:gld_historical_archive
2022-09-29,6277523.0,spdr_api:gld_historical_archive
2022-09-30,6819487.0,spdr_api:gld_historical_archive
2022-10-03,10270535.0,spdr_api:gld_historical_archive
2022-10-04,8005570.0,spdr_api:gld_historical_archive
2022-10-05,5283690.0,spdr_api:gld_historical_archive
2022-10-06,5191190.0,spdr_api:gld_historical_archive
2022-10-07,5004405.0,spdr_api:gld_historical_archive
2022-10-10,5844145.0,spdr_api:gld_historical_archive
2022-10-11,5275397.0,spdr_api:gld_historical_archive
2022-10-12,3983304.0,spdr_api:gld_historical_archive
2022-10-13,7065138.0,spdr_api:gld_historical_archive
2022-10-14,5277867.0,spdr_api:gld_historical_archive
2022-10-17,4333083.0,spdr_api:gld_historical_archive
2022-10-18,4517094.0,spdr_api:gld_historical_archive
2022-10-19,7467732.0,spdr_api:gld_historical_archive
2022-10-20,5018229.0,spdr_api:gld_historical_archive
2022-10-21,6834199.0,spdr_api:gld_historical_archive
2022-10-24,4671195.0,spdr_api:gld_historical_archive
2022-10-25,3413884.0,spdr_api:gld_historical_archive
2022-10-26,4296697.0,spdr_api:gld_historical_archive
2022-10-27,3461708.0,spdr_api:gld_historical_archive
2022-10-28,4644659.0,spdr_api:gld_historical_archive
2022-10-31,6090128.0,spdr_api:gld_historical_archive
2022-11-01,4600540.0,spdr_api:gld_historical_archive
2022-11-02,7210900.0,spdr_api:gld_historical_archive
2022-11-03,5302551.0,spdr_api:gld_historical_archive
2022-11-04,7680086.0,spdr_api:gld_historical_archive
2022-11-07,4291166.0,spdr_api:gld_historical_archive
2022-11-08,11266770.0,spdr_api:gld_historical_archive
2022-11-09,5896324.0,spdr_api:gld_historical_archive
2022-11-10,9888047.0,spdr_api:gld_historical_archive
2022-11-11,4475825.0,spdr_api:gld_historical_archive
2022-11-14,6157281.0,spdr_api:gld_historical_archive
2022-11-15,9173522.0,spdr_api:gld_historical_archive
2022-11-16,3641212.0,spdr_api:gld_historical_archive
2022-11-17,4565909.0,spdr_api:gld_historical_archive
2022-11-18,4310067.0,spdr_api:gld_historical_archive
2022-11-21,4763187.0,spdr_api:gld_historical_archive
2022-11-22,3182721.0,spdr_api:gld_historical_archive
2022-11-23,4158240.0,spdr_api:gld_historical_archive
2022-11-25,1381322.0,spdr_api:gld_historical_archive
2022-11-28,3980509.0,spdr_api:gld_historical_archive
2022-11-29,2615294.0,spdr_api:gld_historical_archive
2022-11-30,4816000.0,spdr_api:gld_historical_archive
2022-12-01,8551749.0,spdr_api:gld_historical_archive
2022-12-02,4792983.0,spdr_api:gld_historical_archive
2022-12-05,5395457.0,spdr_api:gld_historical_archive
2022-12-06,3582234.0,spdr_api:gld_historical_archive
2022-12-07,4599484.0,spdr_api:gld_historical_archive
2022-12-08,3214977.0,spdr_api:gld_historical_archive
2022-12-09,5413137.0,spdr_api:gld_historical_archive
2022-12-12,3476247.0,spdr_api:gld_historical_archive
2022-12-13,6717200.0,spdr_api:gld_historical_archive
2022-12-14,5615365.0,spdr_api:gld_historical_archive
2022-12-15,8360527.0,spdr_api:gld_historical_archive
2022-12-16,5363968.0,spdr_api:gld_historical_archive
2022-12-19,3897995.0,spdr_api:gld_historical_archive
2022-12-20,7619871.0,spdr_api:gld_historical_archive
2022-12-21,3982092.0,spdr_api:gld_historical_archive
2022-12-22,3982092.0,spdr_api:gld_historical_archive
2022-12-23,2884449.0,spdr_api:gld_historical_archive
2022-12-27,6865420.0,spdr_api:gld_historical_archive
2022-12-28,3635425.0,spdr_api:gld_historical_archive
2022-12-29,3337351.0,spdr_api:gld_historical_archive
2022-12-30,2862484.0,spdr_api:gld_historical_archive
2023-01-03,7966002.0,spdr_api:gld_historical_archive
2023-01-04,7465821.0,spdr_api:gld_historical_archive
2023-01-05,4677475.0,spdr_api:gld_historical_archive
2023-01-06,4677475.0,spdr_api:gld_historical_archive
2023-01-09,4627240.0,spdr_api:gld_historical_archive
2023-01-10,4361740.0,spdr_api:gld_historical_archive
2023-01-11,3363545.0,spdr_api:gld_historical_archive
2023-01-12,6781760.0,spdr_api:gld_historical_archive
2023-01-13,7104999.0,spdr_api:gld_historical_archive
2023-01-17,6549756.0,spdr_api:gld_historical_archive
2023-01-18,5329705.0,spdr_api:gld_historical_archive
2023-01-19,6643263.0,spdr_api:gld_historical_archive
2023-01-20,5152701.0,spdr_api:gld_historical_archive
2023-01-23,4859510.0,spdr_api:gld_historical_archive
2023-01-24,4591532.0,spdr_api:gld_historical_archive
2023-01-25,6757497.0,spdr_api:gld_historical_archive
2023-01-26,5850001.0,spdr_api:gld_historical_archive
2023-01-27,5394805.0,spdr_api:gld_historical_archive
2023-01-30,4148769.0,spdr_api:gld_historical_archive
2023-01-31,5973497.0,spdr_api:gld_historical_archive
2023-02-01,7672787.0,spdr_api:gld_historical_archive
2023-02-02,8676967.0,spdr_api:gld_historical_archive
2023-02-03,13603566.0,spdr_api:gld_historical_archive
2023-02-06,8103100.0,spdr_api:gld_historical_archive
2023-02-07,6699138.0,spdr_api:gld_historical_archive
2023-02-08,4073755.0,spdr_api:gld_historical_archive
2023-02-09,5355494.0,spdr_api:gld_historical_archive
2023-02-10,2969400.0,spdr_api:gld_historical_archive
2023-02-13,3730805.0,spdr_api:gld_historical_archive
2023-02-14,5393021.0,spdr_api:gld_historical_archive
2023-02-15,5361246.0,spdr_api:gld_historical_archive
2023-02-16,4335208.0,spdr_api:gld_historical_archive
2023-02-17,4803676.0,spdr_api:gld_historical_archive
2023-02-21,4029471.0,spdr_api:gld_historical_archive
2023-02-22,4098824.0,spdr_api:gld_historical_archive
2023-02-23,5071692.0,spdr_api:gld_historical_archive
2023-02-24,6483767.0,spdr_api:gld_historical_archive
2023-02-27,4433653.0,spdr_api:gld_historical_archive
2023-02-28,6744475.0,spdr_api:gld_historical_archive
2023-03-01,6556827.0,spdr_api:gld_historical_archive
2023-03-02,3949622.0,spdr_api:gld_historical_archive
2023-03-03,6247631.0,spdr_api:gld_historical_archive
2023-03-06,3755863.0,spdr_api:gld_historical_archive
2023-03-07,8690792.0,spdr_api:gld_historical_archive
2023-03-08,5181475.0,spdr_api:gld_historical_archive
2023-03-09,5468281.0,spdr_api:gld_historical_archive
2023-03-10,13793307.0,spdr_api:gld_historical_archive
2023-03-13,20443324.0,spdr_api:gld_historical_archive
2023-03-14,9920383.0,spdr_api:gld_historical_archive
2023-03-15,14346382.0,spdr_api:gld_historical_archive
2023-03-16,10667741.0,spdr_api:gld_historical_archive
2023-03-17,24037419.0,spdr_api:gld_historical_archive
2023-03-20,11690647.0,spdr_api:gld_historical_archive
2023-03-21,10723486.0,spdr_api:gld_historical_archive
2023-03-22,11894630.0,spdr_api:gld_historical_archive
2023-03-23,11154091.0,spdr_api:gld_historical_archive
2023-03-24,9152155.0,spdr_api:gld_historical_archive
2023-03-27,6834732.0,spdr_api:gld_historical_archive
2023-03-28,6167539.0,spdr_api:gld_historical_archive
2023-03-29,4992818.0,spdr_api:gld_historical_archive
2023-03-30,6296472.0,spdr_api:gld_historical_archive
2023-03-31,7871406.0,spdr_api:gld_historical_archive
2023-04-03,9153722.0,spdr_api:gld_historical_archive
2023-04-04,13497593.0,spdr_api:gld_historical_archive
2023-04-05,11401693.0,spdr_api:gld_historical_archive
2023-04-06,6436658.0,spdr_api:gld_historical_archive
2023-04-10,6174747.0,spdr_api:gld_historical_archive
2023-04-11,6017870.0,spdr_api:gld_historical_archive
2023-04-12,9714253.0,spdr_api:gld_historical_archive
2023-04-13,14049128.0,spdr_api:gld_historical_archive
2023-04-14,13267619.0,spdr_api:gld_historical_archive
2023-04-17,7456403.0,spdr_api:gld_historical_archive
2023-04-18,8011035.0,spdr_api:gld_historical_archive
2023-04-19,7269207.0,spdr_api:gld_historical_archive
2023-04-20,5725561.0,spdr_api:gld_historical_archive
2023-04-21,10696866.0,spdr_api:gld_historical_archive
2023-04-24,8060894.0,spdr_api:gld_historical_archive
2023-04-25,8401377.0,spdr_api:gld_historical_archive
2023-04-26,7922583.0,spdr_api:gld_historical_archive
2023-04-27,8874431.0,spdr_api:gld_historical_archive
2023-04-28,6582435.0,spdr_api:gld_historical_archive
2023-05-01,7917166.0,spdr_api:gld_historical_archive
2023-05-02,14591924.0,spdr_api:gld_historical_archive
2023-05-03,10467494.0,spdr_api:gld_historical_archive
2023-05-04,14095612.0,spdr_api:gld_historical_archive
2023-05-05,12445691.0,spdr_api:gld_historical_archive
2023-05-08,6036200.0,spdr_api:gld_historical_archive
2023-05-09,7092036.0,spdr_api:gld_historical_archive
2023-05-10,9367676.0,spdr_api:gld_historical_archive
2023-05-11,8196145.0,spdr_api:gld_historical_archive
2023-05-12,7053654.0,spdr_api:gld_historical_archive
2023-05-15,5490702.0,spdr_api:gld_historical_archive
2023-05-16,9470913.0,spdr_api:gld_historical_archive
2023-05-17,7298121.0,spdr_api:gld_historical_archive
2023-05-18,8784043.0,spdr_api:gld_historical_archive
2023-05-19,8432300.0,spdr_api:gld_historical_archive
2023-05-22,4768886.0,spdr_api:gld_historical_archive
2023-05-23,6304578.0,spdr_api:gld_historical_archive
2023-05-24,6675823.0,spdr_api:gld_historical_archive
2023-05-25,6883013.0,spdr_api:gld_historical_archive
2023-05-26,5748416.0,spdr_api:gld_historical_archive
2023-05-30,4868903.0,spdr_api:gld_historical_archive
2023-05-31,8394699.0,spdr_api:gld_historical_archive
2023-06-01,7276747.0,spdr_api:gld_historical_archive
2023-06-02,8548463.0,spdr_api:gld_historical_archive
2023-06-05,6400959.0,spdr_api:gld_historical_archive
2023-06-06,4955125.0,spdr_api:gld_historical_archive
2023-06-07,9021726.0,spdr_api:gld_historical_archive
2023-06-08,6356739.0,spdr_api:gld_historical_archive
2023-06-09,4347373.0,spdr_api:gld_historical_archive
2023-06-12,4828359.0,spdr_api:gld_historical_archive
2023-06-13,5075894.0,spdr_api:gld_historical_archive
2023-06-14,6798576.0,spdr_api:gld_historical_archive
2023-06-15,6725633.0,spdr_api:gld_historical_archive
2023-06-16,8777727.0,spdr_api:gld_historical_archive
2023-06-20,7535159.0,spdr_api:gld_historical_archive
2023-06-21,6653162.0,spdr_api:gld_historical_archive
2023-06-22,7943934.0,spdr_api:gld_historical_archive
2023-06-23,5345342.0,spdr_api:gld_historical_archive
2023-06-26,3198932.0,spdr_api:gld_historical_archive
2023-06-27,4955609.0,spdr_api:gld_historical_archive
2023-06-28,5828585.0,spdr_api:gld_historical_archive
2023-06-29,6791613.0,spdr_api:gld_historical_archive
2023-06-30,6289244.0,spdr_api:gld_historical_archive
2023-07-03,4024303.0,spdr_api:gld_historical_archive
2023-07-05,5345599.0,spdr_api:gld_historical_archive
2023-07-06,5065764.0,spdr_api:gld_historical_archive
2023-07-07,5111479.0,spdr_api:gld_historical_archive
2023-07-10,3240496.0,spdr_api:gld_historical_archive
2023-07-11,2786197.0,spdr_api:gld_historical_archive
2023-07-12,6987732.0,spdr_api:gld_historical_archive
2023-07-13,4511889.0,spdr_api:gld_historical_archive
2023-07-14,5388475.0,spdr_api:gld_historical_archive
2023-07-17,4072832.0,spdr_api:gld_historical_archive
2023-07-18,8227206.0,spdr_api:gld_historical_archive
2023-07-19,3874705.0,spdr_api:gld_historical_archive
2023-07-20,4960798.0,spdr_api:gld_historical_archive
2023-07-21,3833242.0,spdr_api:gld_historical_archive
2023-07-24,4348735.0,spdr_api:gld_historical_archive
2023-07-25,4018706.0,spdr_api:gld_historical_archive
2023-07-26,6134576.0,spdr_api:gld_historical_archive
2023-07-27,7590097.0,spdr_api:gld_historical_archive
2023-07-28,3822867.0,spdr_api:gld_historical_archive
2023-07-31,5419938.0,spdr_api:gld_historical_archive
2023-08-01,6203666.0,spdr_api:gld_historical_archive
2023-08-02,6298714.0,spdr_api:gld_historical_archive
2023-08-03,4618418.0,spdr_api:gld_historical_archive
2023-08-04,5298374.0,spdr_api:gld_historical_archive
2023-08-07,4474832.0,spdr_api:gld_historical_archive
2023-08-08,6081037.0,spdr_api:gld_historical_archive
2023-08-09,4590374.0,spdr_api:gld_historical_archive
2023-08-10,5930549.0,spdr_api:gld_historical_archive
2023-08-11,5234770.0,spdr_api:gld_historical_archive
2023-08-14,9197018.0,spdr_api:gld_historical_archive
2023-08-15,7548310.0,spdr_api:gld_historical_archive
2023-08-16,6140269.0,spdr_api:gld_historical_archive
2023-08-17,7870816.0,spdr_api:gld_historical_archive
2023-08-18,6238799.0,spdr_api:gld_historical_archive
2023-08-21,4156244.0,spdr_api:gld_historical_archive
2023-08-22,4966502.0,spdr_api:gld_historical_archive
2023-08-23,7939396.0,spdr_api:gld_historical_archive
2023-08-24,5374120.0,spdr_api:gld_historical_archive
2023-08-25,6132818.0,spdr_api:gld_historical_archive
2023-08-28,4697576.0,spdr_api:gld_historical_archive
2023-08-29,7479206.0,spdr_api:gld_historical_archive
2023-08-30,6365780.0,spdr_api:gld_historical_archive
2023-08-31,4453790.0,spdr_api:gld_historical_archive
2023-09-01,4969213.0,spdr_api:gld_historical_archive
2023-09-05,6328017.0,spdr_api:gld_historical_archive
2023-09-06,6312527.0,spdr_api:gld_historical_archive
2023-09-07,3209420.0,spdr_api:gld_historical_archive
2023-09-08,3277332.0,spdr_api:gld_historical_archive
2023-09-11,3597125.0,spdr_api:gld_historical_archive
2023-09-12,4297518.0,spdr_api:gld_historical_archive
2023-09-13,3798822.0,spdr_api:gld_historical_archive
2023-09-14,5616466.0,spdr_api:gld_historical_archive
2023-09-15,5608488.0,spdr_api:gld_historical_archive
2023-09-18,5007925.0,spdr_api:gld_historical_archive
2023-09-19,4095551.0,spdr_api:gld_historical_archive
2023-09-20,9323572.0,spdr_api:gld_historical_archive
2023-09-21,7451323.0,spdr_api:gld_historical_archive
2023-09-22,3600240.0,spdr_api:gld_historical_archive
2023-09-25,5546102.0,spdr_api:gld_historical_archive
2023-09-26,7122840.0,spdr_api:gld_historical_archive
2023-09-27,10713999.0,spdr_api:gld_historical_archive
2023-09-28,9913078.0,spdr_api:gld_historical_archive
2023-09-29,10408224.0,spdr_api:gld_historical_archive
2023-10-02,12579443.0,spdr_api:gld_historical_archive
2023-10-03,11431271.0,spdr_api:gld_historical_archive
2023-10-04,9900828.0,spdr_api:gld_historical_archive
2023-10-05,6947850.0,spdr_api:gld_historical_archive
2023-10-06,9871511.0,spdr_api:gld_historical_archive
2023-10-09,10098769.0,spdr_api:gld_historical_archive
2023-10-10,5813060.0,spdr_api:gld_historical_archive
2023-10-11,7026973.0,spdr_api:gld_historical_archive
2023-10-12,5902967.0,spdr_api:gld_historical_archive
2023-10-13,18620820.0,spdr_api:gld_historical_archive
2023-10-16,8229885.0,spdr_api:gld_historical_archive
2023-10-17,8229885.0,spdr_api:gld_historical_archive
2023-10-18,13830322.0,spdr_api:gld_historical_archive
2023-10-19,13264528.0,spdr_api:gld_historical_archive
2023-10-20,12733980.0,spdr_api:gld_historical_archive
2023-10-23,9324494.0,spdr_api:gld_historical_archive
2023-10-24,6337205.0,spdr_api:gld_historical_archive
2023-10-25,10066385.0,spdr_api:gld_historical_archive
2023-10-26,7650784.0,spdr_api:gld_historical_archive
2023-10-27,13906505.0,spdr_api:gld_historical_archive
2023-10-30,8449816.0,spdr_api:gld_historical_archive
2023-10-31,10068449.0,spdr_api:gld_historical_archive
2023-11-01,8761188.0,spdr_api:gld_historical_archive
2023-11-02,7233085.0,spdr_api:gld_historical_archive
2023-11-03,8410830.0,spdr_api:gld_historical_archive
2023-11-06,8242830.0,spdr_api:gld_historical_archive
2023-11-07,8242830.0,spdr_api:gld_historical_archive
2023-11-08,6709183.0,spdr_api:gld_historical_archive
2023-11-09,6470211.0,spdr_api:gld_historical_archive
2023-11-10,7552175.0,spdr_api:gld_historical_archive
2023-11-13,5342009.0,spdr_api:gld_historical_archive
2023-11-14,6799460.0,spdr_api:gld_historical_archive
2023-11-15,4841429.0,spdr_api:gld_historical_archive
2023-11-16,8232967.0,spdr_api:gld_historical_archive
2023-11-17,4555787.0,spdr_api:gld_historical_archive
2023-11-20,5353688.0,spdr_api:gld_historical_archive
2023-11-21,7191648.0,spdr_api:gld_historical_archive
2023-11-22,4292502.0,spdr_api:gld_historical_archive
2023-11-24,4292502.0,spdr_api:gld_historical_archive
2023-11-27,6320400.0,spdr_api:gld_historical_archive
2023-11-28,9916439.0,spdr_api:gld_historical_archive
2023-11-29,8069017.0,spdr_api:gld_historical_archive
2023-11-30,7274169.0,spdr_api:gld_historical_archive
2023-12-01,16054396.0,spdr_api:gld_historical_archive
2023-12-04,18155139.0,spdr_api:gld_historical_archive
2023-12-05,6778734.0,spdr_api:gld_historical_archive
2023-12-06,5637465.0,spdr_api:gld_historical_archive
2023-12-07,5594688.0,spdr_api:gld_historical_archive
2023-12-08,7843576.0,spdr_api:gld_historical_archive
2023-12-11,8492544.0,spdr_api:gld_historical_archive
2023-12-12,5006186.0,spdr_api:gld_historical_archive
2023-12-13,10574514.0,spdr_api:gld_historical_archive
2023-12-14,9102728.0,spdr_api:gld_historical_archive
2023-12-15,8322057.0,spdr_api:gld_historical_archive
2023-12-18,5353685.0,spdr_api:gld_historical_archive
2023-12-19,5936181.0,spdr_api:gld_historical_archive
2023-12-20,5821288.0,spdr_api:gld_historical_archive
2023-12-21,4594407.0,spdr_api:gld_historical_archive
2023-12-22,7162597.0,spdr_api:gld_historical_archive
2023-12-26,7162597.0,spdr_api:gld_historical_archive
2023-12-27,5747410.0,spdr_api:gld_historical_archive
2023-12-28,6130217.0,spdr_api:gld_historical_archive
2023-12-29,4595504.0,spdr_api:gld_historical_archive
2024-01-02,5982715.0,spdr_api:gld_historical_archive
2024-01-03,8623103.0,spdr_api:gld_historical_archive
2024-01-04,4334685.0,spdr_api:gld_historical_archive
2024-01-05,7432067.0,spdr_api:gld_historical_archive
2024-01-08,6152472.0,spdr_api:gld_historical_archive
2024-01-09,4433053.0,spdr_api:gld_historical_archive
2024-01-10,4413233.0,spdr_api:gld_historical_archive
2024-01-11,6788464.0,spdr_api:gld_historical_archive
2024-01-12,6829020.0,spdr_api:gld_historical_archive
2024-01-16,6514872.0,spdr_api:gld_historical_archive
2024-01-17,8368248.0,spdr_api:gld_historical_archive
2024-01-18,4569482.0,spdr_api:gld_historical_archive
2024-01-19,5620442.0,spdr_api:gld_historical_archive
2024-01-22,4339070.0,spdr_api:gld_historical_archive
2024-01-23,5038827.0,spdr_api:gld_historical_archive
2024-01-24,5939594.0,spdr_api:gld_historical_archive
2024-01-25,4588802.0,spdr_api:gld_historical_archive
2024-01-26,4351145.0,spdr_api:gld_historical_archive
2024-01-29,5607520.0,spdr_api:gld_historical_archive
2024-01-30,4968332.0,spdr_api:gld_historical_archive
2024-01-31,7763840.0,spdr_api:gld_historical_archive
2024-02-01,10168791.0,spdr_api:gld_historical_archive
2024-02-02,7259972.0,spdr_api:gld_historical_archive
2024-02-05,5353930.0,spdr_api:gld_historical_archive
2024-02-06,4542074.0,spdr_api:gld_historical_archive
2024-02-07,6221908.0,spdr_api:gld_historical_archive
2024-02-08,3862669.0,spdr_api:gld_historical_archive
2024-02-09,4340384.0,spdr_api:gld_historical_archive
2024-02-12,4690873.0,spdr_api:gld_historical_archive
2024-02-13,9494394.0,spdr_api:gld_historical_archive
2024-02-14,6996007.0,spdr_api:gld_historical_archive
2024-02-15,6136750.0,spdr_api:gld_historical_archive
2024-02-16,6371768.0,spdr_api:gld_historical_archive
2024-02-20,5485065.0,spdr_api:gld_historical_archive
2024-02-21,5707598.0,spdr_api:gld_historical_archive
2024-02-22,4415946.0,spdr_api:gld_historical_archive
2024-02-23,6776827.0,spdr_api:gld_historical_archive
2024-02-26,4422597.0,spdr_api:gld_historical_archive
2024-02-27,4976112.0,spdr_api:gld_historical_archive
2024-02-28,2771871.0,spdr_api:gld_historical_archive
2024-02-29,6782666.0,spdr_api:gld_historical_archive
2024-03-01,13246289.0,spdr_api:gld_historical_archive
2024-03-04,11943405.0,spdr_api:gld_historical_archive
2024-03-05,9640188.0,spdr_api:gld_historical_archive
2024-03-06,10380587.0,spdr_api:gld_historical_archive
2024-03-07,8391257.0,spdr_api:gld_historical_archive
2024-03-08,12384095.0,spdr_api:gld_historical_archive
2024-03-11,7135084.0,spdr_api:gld_historical_archive
2024-03-12,9372113.0,spdr_api:gld_historical_archive
2024-03-13,5433659.0,spdr_api:gld_historical_archive
2024-03-14,6854652.0,spdr_api:gld_historical_archive
2024-03-15,4504845.0,spdr_api:gld_historical_archive
2024-03-18,7185412.0,spdr_api:gld_historical_archive
2024-03-19,4599881.0,spdr_api:gld_historical_archive
2024-03-20,9077149.0,spdr_api:gld_historical_archive
2024-03-21,7346938.0,spdr_api:gld_historical_archive
2024-03-22,5949061.0,spdr_api:gld_historical_archive
2024-03-25,4034800.0,spdr_api:gld_historical_archive
2024-03-26,5476243.0,spdr_api:gld_historical_archive
2024-03-27,5888569.0,spdr_api:gld_historical_archive
2024-03-28,8993507.0,spdr_api:gld_historical_archive
2024-04-01,13581190.0,spdr_api:gld_historical_archive
2024-04-02,13370725.0,spdr_api:gld_historical_archive
2024-04-03,10470693.0,spdr_api:gld_historical_archive
2024-04-04,12137896.0,spdr_api:gld_historical_archive
2024-04-05,13220845.0,spdr_api:gld_historical_archive
2024-04-08,10271169.0,spdr_api:gld_historical_archive
2024-04-09,13007514.0,spdr_api:gld_historical_archive
2024-04-10,13291315.0,spdr_api:gld_historical_archive
2024-04-11,11297583.0,spdr_api:gld_historical_archive
2024-04-12,30745325.0,spdr_api:gld_historical_archive
2024-04-15,13032260.0,spdr_api:gld_historical_archive
2024-04-16,10719169.0,spdr_api:gld_historical_archive
2024-04-17,11489851.0,spdr_api:gld_historical_archive
2024-04-18,6172484.0,spdr_api:gld_historical_archive
2024-04-19,8347489.0,spdr_api:gld_historical_archive
2024-04-22,12942499.0,spdr_api:gld_historical_archive
2024-04-23,10342212.0,spdr_api:gld_historical_archive
2024-04-24,5354906.0,spdr_api:gld_historical_archive
2024-04-25,6289746.0,spdr_api:gld_historical_archive
2024-04-26,6160267.0,spdr_api:gld_historical_archive
2024-04-29,6262779.0,spdr_api:gld_historical_archive
2024-04-30,11197362.0,spdr_api:gld_historical_archive
2024-05-01,10070037.0,spdr_api:gld_historical_archive
2024-05-02,6279400.0,spdr_api:gld_historical_archive
2024-05-03,8643319.0,spdr_api:gld_historical_archive
2024-05-06,6676645.0,spdr_api:gld_historical_archive
2024-05-07,5614197.0,spdr_api:gld_historical_archive
2024-05-08,4418725.0,spdr_api:gld_historical_archive
2024-05-09,7589830.0,spdr_api:gld_historical_archive
2024-05-10,8691873.0,spdr_api:gld_historical_archive
2024-05-13,4834211.0,spdr_api:gld_historical_archive
2024-05-14,4638454.0,spdr_api:gld_historical_archive
2024-05-15,9244560.0,spdr_api:gld_historical_archive
2024-05-16,4292859.0,spdr_api:gld_historical_archive
2024-05-17,10284577.0,spdr_api:gld_historical_archive
2024-05-20,5859350.0,spdr_api:gld_historical_archive
2024-05-21,3989877.0,spdr_api:gld_historical_archive
2024-05-22,8617934.0,spdr_api:gld_historical_archive
2024-05-23,9328397.0,spdr_api:gld_historical_archive
2024-05-24,3870626.0,spdr_api:gld_historical_archive
2024-05-28,3748466.0,spdr_api:gld_historical_archive
2024-05-29,4154076.0,spdr_api:gld_historical_archive
2024-05-30,3034851.0,spdr_api:gld_historical_archive
2024-05-31,5532959.0,spdr_api:gld_historical_archive
2024-06-03,6159385.0,spdr_api:gld_historical_archive
2024-06-04,5483029.0,spdr_api:gld_historical_archive
2024-06-05,5450453.0,spdr_api:gld_historical_archive
2024-06-06,5283900.0,spdr_api:gld_historical_archive
2024-06-07,12186859.0,spdr_api:gld_historical_archive
2024-06-10,4197231.0,spdr_api:gld_historical_archive
2024-06-11,3982024.0,spdr_api:gld_historical_archive
2024-06-12,5664997.0,spdr_api:gld_historical_archive
2024-06-13,5634465.0,spdr_api:gld_historical_archive
2024-06-14,7010768.0,spdr_api:gld_historical_archive
2024-06-17,3762449.0,spdr_api:gld_historical_archive
2024-06-18,4890678.0,spdr_api:gld_historical_archive
2024-06-20,7255072.0,spdr_api:gld_historical_archive
2024-06-21,8897161.0,spdr_api:gld_historical_archive
2024-06-24,4119909.0,spdr_api:gld_historical_archive
2024-06-25,3786045.0,spdr_api:gld_historical_archive
2024-06-26,4649255.0,spdr_api:gld_historical_archive
2024-06-27,3937812.0,spdr_api:gld_historical_archive
2024-06-28,3771701.0,spdr_api:gld_historical_archive
2024-07-01,3525041.0,spdr_api:gld_historical_archive
2024-07-02,4804650.0,spdr_api:gld_historical_archive
2024-07-03,5055300.0,spdr_api:gld_historical_archive
2024-07-05,5935258.0,spdr_api:gld_historical_archive
2024-07-08,5935258.0,spdr_api:gld_historical_archive
2024-07-09,3692817.0,spdr_api:gld_historical_archive
2024-07-10,5453540.0,spdr_api:gld_historical_archive
2024-07-11,9317498.0,spdr_api:gld_historical_archive
2024-07-12,5110761.0,spdr_api:gld_historical_archive
2024-07-15,5712854.0,spdr_api:gld_historical_archive
2024-07-16,10957320.0,spdr_api:gld_historical_archive
2024-07-17,8495089.0,spdr_api:gld_historical_archive
2024-07-18,5375496.0,spdr_api:gld_historical_archive
2024-07-19,8647018.0,spdr_api:gld_historical_archive
2024-07-22,4609819.0,spdr_api:gld_historical_archive
2024-07-23,3485696.0,spdr_api:gld_historical_archive
2024-07-24,6688883.0,spdr_api:gld_historical_archive
2024-07-25,9763664.0,spdr_api:gld_historical_archive
2024-07-26,6174250.0,spdr_api:gld_historical_archive
2024-07-29,4657608.0,spdr_api:gld_historical_archive
2024-07-30,4934481.0,spdr_api:gld_historical_archive
2024-07-31,7140760.0,spdr_api:gld_historical_archive
2024-08-01,7073260.0,spdr_api:gld_historical_archive
2024-08-02,11102222.0,spdr_api:gld_historical_archive
2024-08-05,8736540.0,spdr_api:gld_historical_archive
2024-08-06,10458923.0,spdr_api:gld_historical_archive
2024-08-07,5228649.0,spdr_api:gld_historical_archive
2024-08-08,6221245.0,spdr_api:gld_historical_archive
2024-08-09,4361713.0,spdr_api:gld_historical_archive
2024-08-12,5160544.0,spdr_api:gld_historical_archive
2024-08-13,6734589.0,spdr_api:gld_historical_archive
2024-08-14,5371054.0,spdr_api:gld_historical_archive
2024-08-15,4690222.0,spdr_api:gld_historical_archive
2024-08-16,11890257.0,spdr_api:gld_historical_archive
2024-08-19,5020647.0,spdr_api:gld_historical_archive
2024-08-20,9070711.0,spdr_api:gld_historical_archive
2024-08-21,5101012.0,spdr_api:gld_historical_archive
2024-08-22,5628084.0,spdr_api:gld_historical_archive
2024-08-23,5360302.0,spdr_api:gld_historical_archive
2024-08-26,3111756.0,spdr_api:gld_historical_archive
2024-08-27,4303340.0,spdr_api:gld_historical_archive
2024-08-28,4915546.0,spdr_api:gld_historical_archive
2024-08-29,5395920.0,spdr_api:gld_historical_archive
2024-08-30,5414570.0,spdr_api:gld_historical_archive
2024-09-03,5866813.0,spdr_api:gld_historical_archive
2024-09-04,4693502.0,spdr_api:gld_historical_archive
2024-09-05,4824334.0,spdr_api:gld_historical_archive
2024-09-06,6203925.0,spdr_api:gld_historical_archive
2024-09-09,3540212.0,spdr_api:gld_historical_archive
2024-09-10,4304839.0,spdr_api:gld_historical_archive
2024-09-11,4611092.0,spdr_api:gld_historical_archive
2024-09-12,9617560.0,spdr_api:gld_historical_archive
2024-09-13,7195820.0,spdr_api:gld_historical_archive
2024-09-16,4646497.0,spdr_api:gld_historical_archive
2024-09-17,5251536.0,spdr_api:gld_historical_archive
2024-09-18,11054820.0,spdr_api:gld_historical_archive
2024-09-19,5947747.0,spdr_api:gld_historical_archive
2024-09-20,7375076.0,spdr_api:gld_historical_archive
2024-09-23,5383318.0,spdr_api:gld_historical_archive
2024-09-24,8386300.0,spdr_api:gld_historical_archive
2024-09-25,7286680.0,spdr_api:gld_historical_archive
2024-09-26,6883665.0,spdr_api:gld_historical_archive
2024-09-27,8315669.0,spdr_api:gld_historical_archive
2024-09-30,6618416.0,spdr_api:gld_historical_archive
2024-10-01,10587864.0,spdr_api:gld_historical_archive
2024-10-02,6768907.0,spdr_api:gld_historical_archive
2024-10-03,5669383.0,spdr_api:gld_historical_archive
2024-10-04,5832678.0,spdr_api:gld_historical_archive
2024-10-07,3849000.0,spdr_api:gld_historical_archive
2024-10-08,7369780.0,spdr_api:gld_historical_archive
2024-10-09,4024398.0,spdr_api:gld_historical_archive
2024-10-10,4719430.0,spdr_api:gld_historical_archive
2024-10-11,5775061.0,spdr_api:gld_historical_archive
2024-10-14,3914389.0,spdr_api:gld_historical_archive
2024-10-15,5391176.0,spdr_api:gld_historical_archive
2024-10-16,5353625.0,spdr_api:gld_historical_archive
2024-10-17,5171907.0,spdr_api:gld_historical_archive
2024-10-18,7730008.0,spdr_api:gld_historical_archive
2024-10-21,7730008.0,spdr_api:gld_historical_archive
2024-10-22,5744226.0,spdr_api:gld_historical_archive
2024-10-23,8040951.0,spdr_api:gld_historical_archive
2024-10-24,5962188.0,spdr_api:gld_historical_archive
2024-10-25,4424475.0,spdr_api:gld_historical_archive
2024-10-28,4002095.0,spdr_api:gld_historical_archive
2024-10-29,8869753.0,spdr_api:gld_historical_archive
2024-10-30,6227684.0,spdr_api:gld_historical_archive
2024-10-31,9898701.0,spdr_api:gld_historical_archive
2024-11-01,6335353.0,spdr_api:gld_historical_archive
2024-11-04,4485211.0,spdr_api:gld_historical_archive
2024-11-05,6011089.0,spdr_api:gld_historical_archive
2024-11-06,14211469.0,spdr_api:gld_historical_archive
2024-11-07,8564318.0,spdr_api:gld_historical_archive
2024-11-08,6014468.0,spdr_api:gld_historical_archive
2024-11-11,11378018.0,spdr_api:gld_historical_archive
2024-11-12,9221123.0,spdr_api:gld_historical_archive
2024-11-13,8141652.0,spdr_api:gld_historical_archive
2024-11-14,8068891.0,spdr_api:gld_historical_archive
2024-11-15,6979115.0,spdr_api:gld_historical_archive
2024-11-18,6307003.0,spdr_api:gld_historical_archive
2024-11-19,6413757.0,spdr_api:gld_historical_archive
2024-11-20,6460440.0,spdr_api:gld_historical_archive
2024-11-21,7387222.0,spdr_api:gld_historical_archive
2024-11-22,7248974.0,spdr_api:gld_historical_archive
2024-11-25,9886399.0,spdr_api:gld_historical_archive
2024-11-26,4635073.0,spdr_api:gld_historical_archive
2024-11-27,6848026.0,spdr_api:gld_historical_archive
2024-11-29,6848026.0,spdr_api:gld_historical_archive
2024-12-02,4449485.0,spdr_api:gld_historical_archive
2024-12-03,3016677.0,spdr_api:gld_historical_archive
2024-12-04,3547276.0,spdr_api:gld_historical_archive
2024-12-05,4685446.0,spdr_api:gld_historical_archive
2024-12-06,3261646.0,spdr_api:gld_historical_archive
2024-12-09,4588579.0,spdr_api:gld_historical_archive
2024-12-10,4478016.0,spdr_api:gld_historical_archive
2024-12-11,10709800.0,spdr_api:gld_historical_archive
2024-12-12,9356951.0,spdr_api:gld_historical_archive
2024-12-13,6345014.0,spdr_api:gld_historical_archive
2024-12-16,3048674.0,spdr_api:gld_historical_archive
2024-12-17,4235941.0,spdr_api:gld_historical_archive
2024-12-18,7344400.0,spdr_api:gld_historical_archive
2024-12-19,8018664.0,spdr_api:gld_historical_archive
2024-12-20,9200356.0,spdr_api:gld_historical_archive
2024-12-23,5718708.0,spdr_api:gld_historical_archive
2024-12-24,5718708.0,spdr_api:gld_historical_archive
2024-12-26,3623060.0,spdr_api:gld_historical_archive
2024-12-27,4703299.0,spdr_api:gld_historical_archive
2024-12-30,3250119.0,spdr_api:gld_historical_archive
2024-12-31,2376725.0,spdr_api:gld_historical_archive
2025-01-02,5797302.0,spdr_api:gld_historical_archive
2025-01-03,4687614.0,spdr_api:gld_historical_archive
2025-01-06,3755908.0,spdr_api:gld_historical_archive
2025-01-07,4978828.0,spdr_api:gld_historical_archive
2025-01-08,6237452.0,spdr_api:gld_historical_archive
2025-01-10,12296374.0,spdr_api:gld_historical_archive
2025-01-13,8439889.0,spdr_api:gld_historical_archive
2025-01-14,4907428.0,spdr_api:gld_historical_archive
2025-01-15,6213296.0,spdr_api:gld_historical_archive
2025-01-16,9037910.0,spdr_api:gld_historical_archive
2025-01-17,8222884.0,spdr_api:gld_historical_archive
2025-01-21,7409944.0,spdr_api:gld_historical_archive
2025-01-22,5206812.0,spdr_api:gld_historical_archive
2025-01-23,6290164.0,spdr_api:gld_historical_archive
2025-01-24,7190956.0,spdr_api:gld_historical_archive
2025-01-27,5742141.0,spdr_api:gld_historical_archive
2025-01-28,5315303.0,spdr_api:gld_historical_archive
2025-01-29,5530939.0,spdr_api:gld_historical_archive
2025-01-30,12647516.0,spdr_api:gld_historical_archive
2025-01-31,8756612.0,spdr_api:gld_historical_archive
2025-02-03,11380132.0,spdr_api:gld_historical_archive
2025-02-04,8994148.0,spdr_api:gld_historical_archive
2025-02-05,12202574.0,spdr_api:gld_historical_archive
2025-02-06,8691798.0,spdr_api:gld_historical_archive
2025-02-07,9151170.0,spdr_api:gld_historical_archive
2025-02-10,12772319.0,spdr_api:gld_historical_archive
2025-02-11,7107254.0,spdr_api:gld_historical_archive
2025-02-12,9314951.0,spdr_api:gld_historical_archive
2025-02-13,8327149.0,spdr_api:gld_historical_archive
2025-02-14,10685502.0,spdr_api:gld_historical_archive
2025-02-18,7952638.0,spdr_api:gld_historical_archive
2025-02-19,9278277.0,spdr_api:gld_historical_archive
2025-02-20,7250336.0,spdr_api:gld_historical_archive
2025-02-21,8791500.0,spdr_api:gld_historical_archive
2025-02-24,5374360.0,spdr_api:gld_historical_archive
2025-02-25,9804305.0,spdr_api:gld_historical_archive
2025-02-26,7168155.0,spdr_api:gld_historical_archive
2025-02-27,9134601.0,spdr_api:gld_historical_archive
2025-02-28,11350777.0,spdr_api:gld_historical_archive
2025-03-03,7456224.0,spdr_api:gld_historical_archive
2025-03-04,8353481.0,spdr_api:gld_historical_archive
2025-03-05,6685015.0,spdr_api:gld_historical_archive
2025-03-06,6061667.0,spdr_api:gld_historical_archive
2025-03-07,10380035.0,spdr_api:gld_historical_archive
2025-03-10,7503889.0,spdr_api:gld_historical_archive
2025-03-11,8251195.0,spdr_api:gld_historical_archive
2025-03-12,6884884.0,spdr_api:gld_historical_archive
2025-03-13,13411584.0,spdr_api:gld_historical_archive
2025-03-14,11137891.0,spdr_api:gld_historical_archive
2025-03-17,8476939.0,spdr_api:gld_historical_archive
2025-03-18,9265081.0,spdr_api:gld_historical_archive
2025-03-19,8681568.0,spdr_api:gld_historical_archive
2025-03-20,5796183.0,spdr_api:gld_historical_archive
2025-03-21,8883326.0,spdr_api:gld_historical_archive
2025-03-24,7838302.0,spdr_api:gld_historical_archive
2025-03-25,7838302.0,spdr_api:gld_historical_archive
2025-03-26,3713052.0,spdr_api:gld_historical_archive
2025-03-27,8279221.0,spdr_api:gld_historical_archive
2025-03-28,9457766.0,spdr_api:gld_historical_archive
2025-03-31,13632147.0,spdr_api:gld_historical_archive
2025-04-01,15814312.0,spdr_api:gld_historical_archive
2025-04-02,9874595.0,spdr_api:gld_historical_archive
2025-04-03,20448402.0,spdr_api:gld_historical_archive
2025-04-04,20965273.0,spdr_api:gld_historical_archive
2025-04-07,18234294.0,spdr_api:gld_historical_archive
2025-04-08,12260288.0,spdr_api:gld_historical_archive
2025-04-09,24863052.0,spdr_api:gld_historical_archive
2025-04-10,19572969.0,spdr_api:gld_historical_archive
2025-04-11,20793888.0,spdr_api:gld_historical_archive
2025-04-14,12266375.0,spdr_api:gld_historical_archive
2025-04-15,7764325.0,spdr_api:gld_historical_archive
2025-04-16,20262754.0,spdr_api:gld_historical_archive
2025-04-17,17789298.0,spdr_api:gld_historical_archive
2025-04-21,17789298.0,spdr_api:gld_historical_archive
2025-04-22,34307489.0,spdr_api:gld_historical_archive
2025-04-23,25025287.0,spdr_api:gld_historical_archive
2025-04-24,10573367.0,spdr_api:gld_historical_archive
2025-04-25,10542049.0,spdr_api:gld_historical_archive
2025-04-28,9235537.0,spdr_api:gld_historical_archive
2025-04-29,6756746.0,spdr_api:gld_historical_archive
2025-04-30,8102695.0,spdr_api:gld_historical_archive
2025-05-01,14383215.0,spdr_api:gld_historical_archive
2025-05-02,8572100.0,spdr_api:gld_historical_archive
2025-05-05,8698057.0,spdr_api:gld_historical_archive
2025-05-06,10735275.0,spdr_api:gld_historical_archive
2025-05-07,7594256.0,spdr_api:gld_historical_archive
2025-05-08,11878447.0,spdr_api:gld_historical_archive
2025-05-09,6838217.0,spdr_api:gld_historical_archive
2025-05-12,14206462.0,spdr_api:gld_historical_archive
2025-05-13,10208065.0,spdr_api:gld_historical_archive
2025-05-14,14780100.0,spdr_api:gld_historical_archive
2025-05-15,13422145.0,spdr_api:gld_historical_archive
2025-05-16,13374904.0,spdr_api:gld_historical_archive
2025-05-19,11586481.0,spdr_api:gld_historical_archive
2025-05-20,12750910.0,spdr_api:gld_historical_archive
2025-05-21,12301338.0,spdr_api:gld_historical_archive
2025-05-22,9545761.0,spdr_api:gld_historical_archive
2025-05-23,13257061.0,spdr_api:gld_historical_archive
2025-05-27,9497080.0,spdr_api:gld_historical_archive
2025-05-28,8406897.0,spdr_api:gld_historical_archive
2025-05-29,9456819.0,spdr_api:gld_historical_archive
2025-05-30,9458804.0,spdr_api:gld_historical_archive
2025-06-02,13499647.0,spdr_api:gld_historical_archive
2025-06-03,8984886.0,spdr_api:gld_historical_archive
2025-06-04,7422036.0,spdr_api:gld_historical_archive
2025-06-05,10750349.0,spdr_api:gld_historical_archive
2025-06-06,7655309.0,spdr_api:gld_historical_archive
2025-06-09,7035804.0,spdr_api:gld_historical_archive
2025-06-10,6988591.0,spdr_api:gld_historical_archive
2025-06-11,8734208.0,spdr_api:gld_historical_archive
2025-06-12,10971826.0,spdr_api:gld_historical_archive
2025-06-13,16323155.0,spdr_api:gld_historical_archive
2025-06-16,12558583.0,spdr_api:gld_historical_archive
2025-06-17,8149392.0,spdr_api:gld_historical_archive
2025-06-18,9237188.0,spdr_api:gld_historical_archive
2025-06-20,8741175.0,spdr_api:gld_historical_archive
2025-06-23,12445655.0,spdr_api:gld_historical_archive
2025-06-24,11998371.0,spdr_api:gld_historical_archive
2025-06-25,6598842.0,spdr_api:gld_historical_archive
2025-06-26,6733106.0,spdr_api:gld_historical_archive
2025-06-27,12906361.0,spdr_api:gld_historical_archive
2025-06-30,8046469.0,spdr_api:gld_historical_archive
2025-07-01,9258157.0,spdr_api:gld_historical_archive
2025-07-02,8247422.0,spdr_api:gld_historical_archive
2025-07-03,5275838.0,spdr_api:gld_historical_archive
2025-07-07,7302088.0,spdr_api:gld_historical_archive
2025-07-08,11770652.0,spdr_api:gld_historical_archive
2025-07-09,10536717.0,spdr_api:gld_historical_archive
2025-07-10,6796188.0,spdr_api:gld_historical_archive
2025-07-11,9020574.0,spdr_api:gld_historical_archive
2025-07-14,5603302.0,spdr_api:gld_historical_archive
2025-07-15,8060656.0,spdr_api:gld_historical_archive
2025-07-16,17637965.0,spdr_api:gld_historical_archive
2025-07-17,6584004.0,spdr_api:gld_historical_archive
2025-07-18,5437996.0,spdr_api:gld_historical_archive
2025-07-21,10810436.0,spdr_api:gld_historical_archive
2025-07-22,13599890.0,spdr_api:gld_historical_archive
2025-07-23,9785329.0,spdr_api:gld_historical_archive
2025-07-24,7600998.0,spdr_api:gld_historical_archive
2025-07-25,9296559.0,spdr_api:gld_historical_archive
2025-07-28,9227955.0,spdr_api:gld_historical_archive
2025-07-29,5688376.0,spdr_api:gld_historical_archive
2025-07-30,13310067.0,spdr_api:gld_historical_archive
2025-07-31,8883243.0,spdr_api:gld_historical_archive
2025-08-01,12618946.0,spdr_api:gld_historical_archive
2025-08-04,7553267.0,spdr_api:gld_historical_archive
2025-08-05,6979043.0,spdr_api:gld_historical_archive
2025-08-06,7375063.0,spdr_api:gld_historical_archive
2025-08-07,10659611.0,spdr_api:gld_historical_archive
2025-08-08,19855608.0,spdr_api:gld_historical_archive
2025-08-11,10137106.0,spdr_api:gld_historical_archive
2025-08-12,9688057.0,spdr_api:gld_historical_archive
2025-08-13,4662651.0,spdr_api:gld_historical_archive
2025-08-14,5801173.0,spdr_api:gld_historical_archive
2025-08-15,5885050.0,spdr_api:gld_historical_archive
2025-08-18,5576322.0,spdr_api:gld_historical_archive
2025-08-19,5010676.0,spdr_api:gld_historical_archive
2025-08-20,6296688.0,spdr_api:gld_historical_archive
2025-08-21,4762582.0,spdr_api:gld_historical_archive
2025-08-22,8376899.0,spdr_api:gld_historical_archive
2025-08-25,4004184.0,spdr_api:gld_historical_archive
2025-08-26,11639756.0,spdr_api:gld_historical_archive
2025-08-27,4269088.0,spdr_api:gld_historical_archive
2025-08-28,9538022.0,spdr_api:gld_historical_archive
2025-08-29,15393459.0,spdr_api:gld_historical_archive
2025-09-02,21185007.0,spdr_api:gld_historical_archive
2025-09-03,15912027.0,spdr_api:gld_historical_archive
2025-09-04,11527097.0,spdr_api:gld_historical_archive
2025-09-05,16032285.0,spdr_api:gld_historical_archive
2025-09-08,18191042.0,spdr_api:gld_historical_archive
2025-09-09,21557616.0,spdr_api:gld_historical_archive
2025-09-10,12013931.0,spdr_api:gld_historical_archive
2025-09-11,8974051.0,spdr_api:gld_historical_archive
2025-09-12,9545224.0,spdr_api:gld_historical_archive
2025-09-15,10440889.0,spdr_api:gld_historical_archive
2025-09-16,12128233.0,spdr_api:gld_historical_archive
2025-09-17,16370158.0,spdr_api:gld_historical_archive
2025-09-18,14713867.0,spdr_api:gld_historical_archive
2025-09-19,12314287.0,spdr_api:gld_historical_archive
2025-09-22,12103205.0,spdr_api:gld_historical_archive
2025-09-23,18290178.0,spdr_api:gld_historical_archive
2025-09-24,12617668.0,spdr_api:gld_historical_archive
2025-09-25,12212450.0,spdr_api:gld_historical_archive
2025-09-26,11276447.0,spdr_api:gld_historical_archive
2025-09-29,15599635.0,spdr_api:gld_historical_archive
2025-09-30,12396690.0,spdr_api:gld_historical_archive
2025-10-01,15461662.0,spdr_api:gld_historical_archive
2025-10-02,15900428.0,spdr_api:gld_historical_archive
2025-10-03,14077447.0,spdr_api:gld_historical_archive
2025-10-06,16936218.0,spdr_api:gld_historical_archive
2025-10-07,16726213.0,spdr_api:gld_historical_archive
2025-10-08,27710869.0,spdr_api:gld_historical_archive
2025-10-09,33538627.0,spdr_api:gld_historical_archive
2025-10-10,23987776.0,spdr_api:gld_historical_archive
2025-10-13,18111549.0,spdr_api:gld_historical_archive
2025-10-14,18278680.0,spdr_api:gld_historical_archive
2025-10-15,20350258.0,spdr_api:gld_historical_archive
2025-10-16,32283142.0,spdr_api:gld_historical_archive
2025-10-17,60973514.0,spdr_api:gld_historical_archive
2025-10-20,33563932.0,spdr_api:gld_historical_archive
2025-10-21,53326308.0,spdr_api:gld_historical_archive
2025-10-22,30249575.0,spdr_api:gld_historical_archive
2025-10-23,13400905.0,spdr_api:gld_historical_archive
2025-10-24,13206578.0,spdr_api:gld_historical_archive
2025-10-27,23290836.0,spdr_api:gld_historical_archive
2025-10-28,18202484.0,spdr_api:gld_historical_archive
2025-10-29,18706088.0,spdr_api:gld_historical_archive
2025-10-30,14249172.0,spdr_api:gld_historical_archive
2025-10-31,11051140.0,spdr_api:gld_historical_archive
2025-11-03,7095680.0,spdr_api:gld_historical_archive
2025-11-04,11181675.0,spdr_api:gld_historical_archive
2025-11-05,8060768.0,spdr_api:gld_historical_archive
2025-11-06,6850090.0,spdr_api:gld_historical_archive
2025-11-07,11018473.0,spdr_api:gld_historical_archive
2025-11-10,12915848.0,spdr_api:gld_historical_archive
2025-11-11,10097758.0,spdr_api:gld_historical_archive
2025-11-12,15667018.0,spdr_api:gld_historical_archive
2025-11-13,15770568.0,spdr_api:gld_historical_archive
2025-11-14,14536852.0,spdr_api:gld_historical_archive
2025-11-17,13215871.0,spdr_api:gld_historical_archive
2025-11-18,7453393.0,spdr_api:gld_historical_archive
2025-11-19,10881088.0,spdr_api:gld_historical_archive
2025-11-20,10453716.0,spdr_api:gld_historical_archive
2025-11-21,12560390.0,spdr_api:gld_historical_archive
2025-11-24,10085318.0,spdr_api:gld_historical_archive
2025-11-25,9940057.0,spdr_api:gld_historical_archive
2025-11-26,9136206.0,spdr_api:gld_historical_archive
2025-11-28,7175407.0,spdr_api:gld_historical_archive
2025-12-01,11101416.0,spdr_api:gld_historical_archive
2025-12-02,8034447.0,spdr_api:gld_historical_archive
2025-12-03,6720537.0,spdr_api:gld_historical_archive
2025-12-04,6673879.0,spdr_api:gld_historical_archive
2025-12-05,9191536.0,spdr_api:gld_historical_archive
2025-12-08,6519198.0,spdr_api:gld_historical_archive
2025-12-09,5873766.0,spdr_api:gld_historical_archive
2025-12-10,9041295.0,spdr_api:gld_historical_archive
2025-12-11,10701596.0,spdr_api:gld_historical_archive
2025-12-12,16518373.0,spdr_api:gld_historical_archive
2025-12-15,10903122.0,spdr_api:gld_historical_archive
2025-12-16,8772789.0,spdr_api:gld_historical_archive
2025-12-17,10079215.0,spdr_api:gld_historical_archive
2025-12-18,11817685.0,spdr_api:gld_historical_archive
2025-12-19,9857226.0,spdr_api:gld_historical_archive
2025-12-22,13250547.0,spdr_api:gld_historical_archive
2025-12-23,13019227.0,spdr_api:gld_historical_archive
2025-12-24,6670428.0,spdr_api:gld_historical_archive
2025-12-26,10326520.0,spdr_api:gld_historical_archive
2025-12-29,20444112.0,spdr_api:gld_historical_archive
2025-12-30,9736189.0,spdr_api:gld_historical_archive
2025-12-31,10091888.0,spdr_api:gld_historical_archive
2026-01-02,10305809.0,spdr_api:gld_historical_archive
2026-01-05,13338584.0,spdr_api:gld_historical_archive
2026-01-06,11424623.0,spdr_api:gld_historical_archive
2026-01-07,10525120.0,spdr_api:gld_historical_archive
2026-01-08,8630850.0,spdr_api:gld_historical_archive
2026-01-09,13224392.0,spdr_api:gld_historical_archive
2026-01-12,20788235.0,spdr_api:gld_historical_archive
2026-01-13,16300093.0,spdr_api:gld_historical_archive
2026-01-14,17654655.0,spdr_api:gld_historical_archive
2026-01-15,14200911.0,spdr_api:gld_historical_archive
2026-01-16,20854219.0,spdr_api:gld_historical_archive
2026-01-20,21134588.0,spdr_api:gld_historical_archive
2026-01-21,38593160.0,spdr_api:gld_historical_archive
2026-01-22,18612389.0,spdr_api:gld_historical_archive
2026-01-23,21416747.0,spdr_api:gld_historical_archive
2026-01-26,33852776.0,spdr_api:gld_historical_archive
2026-01-27,27059148.0,spdr_api:gld_historical_archive
2026-01-28,40750348.0,spdr_api:gld_historical_archive
2026-01-29,69434226.0,spdr_api:gld_historical_archive
2026-01-30,86321130.0,spdr_api:gld_historical_archive
2026-02-02,41061867.0,spdr_api:gld_historical_archive
2026-02-03,27865262.0,spdr_api:gld_historical_archive
2026-02-04,23556621.0,spdr_api:gld_historical_archive
2026-02-05,16402726.0,spdr_api:gld_historical_archive
2026-02-06,12495521.0,spdr_api:gld_historical_archive
2026-02-09,12042712.0,spdr_api:gld_historical_archive
2026-02-10,7426451.0,spdr_api:gld_historical_archive
2026-02-11,10782364.0,spdr_api:gld_historical_archive
2026-02-12,19689474.0,spdr_api:gld_historical_archive
2026-02-13,12026666.0,spdr_api:gld_historical_archive
2026-02-17,10829209.0,spdr_api:gld_historical_archive
2026-02-18,10100750.0,spdr_api:gld_historical_archive
2026-02-19,8174974.0,spdr_api:gld_historical_archive
2026-02-20,14054224.0,spdr_api:gld_historical_archive
2026-02-23,16809100.0,spdr_api:gld_historical_archive
2026-02-24,14062322.0,spdr_api:gld_historical_archive
2026-02-25,12874602.0,spdr_api:gld_historical_archive
2026-02-26,10299115.0,spdr_api:gld_historical_archive
2026-02-27,16795079.0,spdr_api:gld_historical_archive
2026-03-02,19916577.0,spdr_api:gld_historical_archive
2026-03-03,22591539.0,spdr_api:gld_historical_archive
2026-03-04,9985887.0,spdr_api:gld_historical_archive
2026-03-05,11674826.0,spdr_api:gld_historical_archive
2026-03-06,10489815.0,spdr_api:gld_historical_archive
2026-03-09,8829849.0,spdr_api:gld_historical_archive
2026-03-10,9616837.0,spdr_api:gld_historical_archive
2026-03-11,7522851.0,spdr_api:gld_historical_archive
2026-03-12,11900581.0,spdr_api:gld_historical_archive
2026-03-13,11741579.0,spdr_api:gld_historical_archive
2026-03-16,8964093.0,spdr_api:gld_historical_archive
2026-03-17,7610092.0,spdr_api:gld_historical_archive
2026-03-18,18375613.0,spdr_api:gld_historical_archive
2026-03-19,30205978.0,spdr_api:gld_historical_archive
2026-03-20,27204939.0,spdr_api:gld_historical_archive
2026-03-23,36796839.0,spdr_api:gld_historical_archive
2026-03-24,17478516.0,spdr_api:gld_historical_archive
2026-03-25,15713158.0,spdr_api:gld_historical_archive
2026-03-26,15756340.0,spdr_api:gld_historical_archive
2026-03-27,16580719.0,spdr_api:gld_historical_archive
2026-03-30,13172067.0,spdr_api:gld_historical_archive
2026-03-31,14534304.0,spdr_api:gld_historical_archive
2026-04-01,14133118.0,spdr_api:gld_historical_archive
2026-04-02,10838639.0,spdr_api:gld_historical_archive
2026-04-06,5417251.0,spdr_api:gld_historical_archive
2026-04-07,7263495.0,spdr_api:gld_historical_archive
2026-04-08,9689696.0,spdr_api:gld_historical_archive
2026-04-09,6748463.0,spdr_api:gld_historical_archive
2026-04-10,6193254.0,spdr_api:gld_historical_archive
2026-04-13,5549419.0,spdr_api:gld_historical_archive
2026-04-14,8731651.0,spdr_api:gld_historical_archive
2026-04-15,6455885.0,spdr_api:gld_historical_archive
2026-04-16,5350128.0,spdr_api:gld_historical_archive
2026-04-17,9711965.0,spdr_api:gld_historical_archive
2026-04-20,8473003.0,spdr_api:gld_historical_archive
2026-04-21,9480024.0,spdr_api:gld_historical_archive
2026-04-22,5178054.0,spdr_api:gld_historical_archive
2026-04-23,4976400.0,spdr_api:gld_historical_archive
2026-04-24,5924116.0,spdr_api:gld_historical_archive
2026-04-27,6105233.0,spdr_api:gld_historical_archive
2026-04-28,7723433.0,spdr_api:gld_historical_archive
2026-04-29,6452572.0,spdr_api:gld_historical_archive
2026-04-30,6732811.0,spdr_api:gld_historical_archive
2026-05-01,5911487.0,spdr_api:gld_historical_archive
2026-05-04,7285731.0,spdr_api:gld_historical_archive
2026-05-05,4279932.0,spdr_api:gld_historical_archive
2026-05-06,7013889.0,spdr_api:gld_historical_archive
2026-05-07,6816211.0,spdr_api:gld_historical_archive
2026-05-08,5380821.0,spdr_api:gld_historical_archive
2026-05-11,5569060.0,spdr_api:gld_historical_archive
2026-05-12,6660930.0,spdr_api:gld_historical_archive
2026-05-13,4180267.0,spdr_api:gld_historical_archive
2026-05-14,4021406.0,spdr_api:gld_historical_archive
2026-05-15,9360393.0,spdr_api:gld_historical_archive
2026-05-18,5628255.0,spdr_api:gld_historical_archive
2026-05-19,5419418.0,spdr_api:gld_historical_archive
2026-05-20,6004982.0,spdr_api:gld_historical_archive
2026-05-21,4679936.0,spdr_api:gld_historical_archive
2026-05-22,5528437.0,spdr_api:gld_historical_archive
2026-05-26,5098408.0,spdr_api:gld_historical_archive
2026-05-27,6624576.0,spdr_api:gld_historical_archive
2026-05-28,7184087.0,spdr_api:gld_historical_archive
2026-05-29,7705706.0,spdr_api:gld_historical_archive
2026-06-01,6158855.0,spdr_api:gld_historical_archive
2026-06-02,3823879.0,spdr_api:gld_historical_archive
2026-06-03,5038038.0,spdr_api:gld_historical_archive
2026-06-04,4646546.0,spdr_api:gld_historical_archive
2026-06-05,11473873.0,spdr_api:gld_historical_archive
2026-06-08,8057349.0,spdr_api:gld_historical_archive
2026-06-09,9567301.0,spdr_api:gld_historical_archive
2026-06-10,13956163.0,spdr_api:gld_historical_archive
2026-06-11,12622475.0,spdr_api:gld_historical_archive
2026-06-12,7532578.0,spdr_api:gld_historical_archive
2026-06-15,10477124.0,spdr_api:gld_historical_archive
2026-06-16,6003964.0,spdr_api:gld_historical_archive
2026-06-17,13343024.0,spdr_api:gld_historical_archive
2026-06-18,7627320.0,spdr_api:gld_historical_archive
2026-06-22,7835120.0,spdr_api:gld_historical_archive
2026-06-23,7389591.0,spdr_api:gld_historical_archive
2026-06-24,12741717.0,spdr_api:gld_historical_archive
2026-06-25,9164675.0,spdr_api:gld_historical_archive
2026-06-26,5603325.0,spdr_api:gld_historical_archive
2026-06-29,5006270.0,spdr_api:gld_historical_archive
2026-06-30,5302054.0,spdr_api:gld_historical_archive
2026-07-01,9058288.0,spdr_api:gld_historical_archive
