date,value,source
2008-06-03,22.889999389648438,yahoo:^GVZ
2008-06-04,22.690000534057617,yahoo:^GVZ
2008-06-05,22.780000686645508,yahoo:^GVZ
2008-06-06,23.600000381469727,yahoo:^GVZ
2008-06-09,24.469999313354492,yahoo:^GVZ
2008-06-10,25.389999389648438,yahoo:^GVZ
2008-06-11,25.360000610351562,yahoo:^GVZ
2008-06-12,25.040000915527344,yahoo:^GVZ
2008-06-13,24.940000534057617,yahoo:^GVZ
2008-06-16,24.979999542236328,yahoo:^GVZ
2008-06-17,24.450000762939453,yahoo:^GVZ
2008-06-18,23.93000030517578,yahoo:^GVZ
2008-06-19,24.329999923706055,yahoo:^GVZ
2008-06-20,26.219999313354492,yahoo:^GVZ
2008-06-23,27.18000030517578,yahoo:^GVZ
2008-06-24,26.790000915527344,yahoo:^GVZ
2008-06-25,26.780000686645508,yahoo:^GVZ
2008-06-26,27.329999923706055,yahoo:^GVZ
2008-06-27,26.469999313354492,yahoo:^GVZ
2008-06-30,26.920000076293945,yahoo:^GVZ
2008-07-01,27.639999389648438,yahoo:^GVZ
2008-07-02,27.540000915527344,yahoo:^GVZ
2008-07-03,26.850000381469727,yahoo:^GVZ
2008-07-07,26.59000015258789,yahoo:^GVZ
2008-07-08,26.1200008392334,yahoo:^GVZ
2008-07-09,26.09000015258789,yahoo:^GVZ
2008-07-10,26.790000915527344,yahoo:^GVZ
2008-07-11,33.31999969482422,yahoo:^GVZ
2008-07-14,31.09000015258789,yahoo:^GVZ
2008-07-15,30.399999618530273,yahoo:^GVZ
2008-07-16,28.40999984741211,yahoo:^GVZ
2008-07-17,27.280000686645508,yahoo:^GVZ
2008-07-18,27.049999237060547,yahoo:^GVZ
2008-07-21,26.610000610351562,yahoo:^GVZ
2008-07-22,25.809999465942383,yahoo:^GVZ
2008-07-23,25.639999389648438,yahoo:^GVZ
2008-07-24,26.149999618530273,yahoo:^GVZ
2008-07-25,26.059999465942383,yahoo:^GVZ
2008-07-28,26.450000762939453,yahoo:^GVZ
2008-07-29,25.459999084472656,yahoo:^GVZ
2008-07-30,24.920000076293945,yahoo:^GVZ
2008-07-31,22.940000534057617,yahoo:^GVZ
2008-08-01,24.729999542236328,yahoo:^GVZ
2008-08-04,25.420000076293945,yahoo:^GVZ
2008-08-05,26.540000915527344,yahoo:^GVZ
2008-08-06,25.670000076293945,yahoo:^GVZ
2008-08-07,24.84000015258789,yahoo:^GVZ
2008-08-08,26.559999465942383,yahoo:^GVZ
2008-08-11,31.790000915527344,yahoo:^GVZ
2008-08-12,32.18000030517578,yahoo:^GVZ
2008-08-13,28.780000686645508,yahoo:^GVZ
2008-08-14,29.010000228881836,yahoo:^GVZ
2008-08-15,32.58000183105469,yahoo:^GVZ
2008-08-18,32.060001373291016,yahoo:^GVZ
2008-08-19,30.889999389648438,yahoo:^GVZ
2008-08-20,29.610000610351562,yahoo:^GVZ
2008-08-21,29.469999313354492,yahoo:^GVZ
2008-08-22,28.1200008392334,yahoo:^GVZ
2008-08-25,28.709999084472656,yahoo:^GVZ
2008-08-26,28.549999237060547,yahoo:^GVZ
2008-08-27,27.90999984741211,yahoo:^GVZ
2008-08-28,27.5,yahoo:^GVZ
2008-08-29,27.3700008392334,yahoo:^GVZ
2008-09-02,29.520000457763672,yahoo:^GVZ
2008-09-03,29.59000015258789,yahoo:^GVZ
2008-09-04,29.790000915527344,yahoo:^GVZ
2008-09-05,29.8700008392334,yahoo:^GVZ
2008-09-08,30.899999618530273,yahoo:^GVZ
2008-09-09,33.08000183105469,yahoo:^GVZ
2008-09-10,33.959999084472656,yahoo:^GVZ
2008-09-11,35.95000076293945,yahoo:^GVZ
2008-09-12,35.08000183105469,yahoo:^GVZ
2008-09-15,38.459999084472656,yahoo:^GVZ
2008-09-16,40.18000030517578,yahoo:^GVZ
2008-09-17,50.36000061035156,yahoo:^GVZ
2008-09-18,54.650001525878906,yahoo:^GVZ
2008-09-19,47.2599983215332,yahoo:^GVZ
2008-09-22,52.36000061035156,yahoo:^GVZ
2008-09-23,49.029998779296875,yahoo:^GVZ
2008-09-24,43.310001373291016,yahoo:^GVZ
2008-09-25,43.939998626708984,yahoo:^GVZ
2008-09-26,45.279998779296875,yahoo:^GVZ
2008-09-29,50.56999969482422,yahoo:^GVZ
2008-09-30,48.91999816894531,yahoo:^GVZ
2008-10-01,47.20000076293945,yahoo:^GVZ
2008-10-02,52.540000915527344,yahoo:^GVZ
2008-10-03,50.04999923706055,yahoo:^GVZ
2008-10-06,54.58000183105469,yahoo:^GVZ
2008-10-07,51.5099983215332,yahoo:^GVZ
2008-10-08,50.93000030517578,yahoo:^GVZ
2008-10-09,52.459999084472656,yahoo:^GVZ
2008-10-10,64.52999877929688,yahoo:^GVZ
2008-10-13,61.22999954223633,yahoo:^GVZ
2008-10-14,55.11000061035156,yahoo:^GVZ
2008-10-15,55.79999923706055,yahoo:^GVZ
2008-10-16,54.90999984741211,yahoo:^GVZ
2008-10-17,55.31999969482422,yahoo:^GVZ
2008-10-20,49.36000061035156,yahoo:^GVZ
2008-10-21,47.95000076293945,yahoo:^GVZ
2008-10-22,57.81999969482422,yahoo:^GVZ
2008-10-23,54.209999084472656,yahoo:^GVZ
2008-10-24,57.900001525878906,yahoo:^GVZ
2008-10-27,59.43000030517578,yahoo:^GVZ
2008-10-28,60.20000076293945,yahoo:^GVZ
2008-10-29,59.650001525878906,yahoo:^GVZ
2008-10-30,58.25,yahoo:^GVZ
2008-10-31,55.61000061035156,yahoo:^GVZ
2008-11-03,52.79999923706055,yahoo:^GVZ
2008-11-04,50.560001373291016,yahoo:^GVZ
2008-11-05,47.619998931884766,yahoo:^GVZ
2008-11-06,46.709999084472656,yahoo:^GVZ
2008-11-07,44.369998931884766,yahoo:^GVZ
2008-11-10,44.790000915527344,yahoo:^GVZ
2008-11-11,44.5,yahoo:^GVZ
2008-11-12,45.650001525878906,yahoo:^GVZ
2008-11-13,48.36000061035156,yahoo:^GVZ
2008-11-14,50.310001373291016,yahoo:^GVZ
2008-11-17,48.52000045776367,yahoo:^GVZ
2008-11-18,46.220001220703125,yahoo:^GVZ
2008-11-19,44.95000076293945,yahoo:^GVZ
2008-11-20,46.02000045776367,yahoo:^GVZ
2008-11-21,53.09000015258789,yahoo:^GVZ
2008-11-24,54.34000015258789,yahoo:^GVZ
2008-11-25,52.13999938964844,yahoo:^GVZ
2008-11-26,49.7400016784668,yahoo:^GVZ
2008-11-28,48.810001373291016,yahoo:^GVZ
2008-12-01,49.86000061035156,yahoo:^GVZ
2008-12-02,48.060001373291016,yahoo:^GVZ
2008-12-03,47.220001220703125,yahoo:^GVZ
2008-12-04,46.4900016784668,yahoo:^GVZ
2008-12-05,46.2400016784668,yahoo:^GVZ
2008-12-08,45.459999084472656,yahoo:^GVZ
2008-12-09,44.400001525878906,yahoo:^GVZ
2008-12-10,45.459999084472656,yahoo:^GVZ
2008-12-11,46.4900016784668,yahoo:^GVZ
2008-12-12,46.02000045776367,yahoo:^GVZ
2008-12-15,48.540000915527344,yahoo:^GVZ
2008-12-16,46.77000045776367,yahoo:^GVZ
2008-12-17,46.91999816894531,yahoo:^GVZ
2008-12-18,44.61000061035156,yahoo:^GVZ
2008-12-19,42.33000183105469,yahoo:^GVZ
2008-12-22,41.709999084472656,yahoo:^GVZ
2008-12-23,39.709999084472656,yahoo:^GVZ
2008-12-24,39.619998931884766,yahoo:^GVZ
2008-12-26,41.93000030517578,yahoo:^GVZ
2008-12-29,44.33000183105469,yahoo:^GVZ
2008-12-30,43.61000061035156,yahoo:^GVZ
2008-12-31,42.88999938964844,yahoo:^GVZ
2009-01-02,41.86000061035156,yahoo:^GVZ
2009-01-05,40.310001373291016,yahoo:^GVZ
2009-01-06,39.869998931884766,yahoo:^GVZ
2009-01-07,39.720001220703125,yahoo:^GVZ
2009-01-08,39.68000030517578,yahoo:^GVZ
2009-01-09,37.81999969482422,yahoo:^GVZ
2009-01-12,36.93000030517578,yahoo:^GVZ
2009-01-13,35.2400016784668,yahoo:^GVZ
2009-01-14,35.029998779296875,yahoo:^GVZ
2009-01-15,35.25,yahoo:^GVZ
2009-01-16,34.45000076293945,yahoo:^GVZ
2009-01-20,37.810001373291016,yahoo:^GVZ
2009-01-21,35.95000076293945,yahoo:^GVZ
2009-01-22,35.18000030517578,yahoo:^GVZ
2009-01-23,39.560001373291016,yahoo:^GVZ
2009-01-26,40.27000045776367,yahoo:^GVZ
2009-01-27,37.279998779296875,yahoo:^GVZ
2009-01-28,37.77000045776367,yahoo:^GVZ
2009-01-29,38.70000076293945,yahoo:^GVZ
2009-01-30,39.900001525878906,yahoo:^GVZ
2009-02-02,40.16999816894531,yahoo:^GVZ
2009-02-03,39.20000076293945,yahoo:^GVZ
2009-02-04,38.810001373291016,yahoo:^GVZ
2009-02-05,38.560001373291016,yahoo:^GVZ
2009-02-06,37.900001525878906,yahoo:^GVZ
2009-02-09,37.2400016784668,yahoo:^GVZ
2009-02-10,37.040000915527344,yahoo:^GVZ
2009-02-11,39.18000030517578,yahoo:^GVZ
2009-02-12,39.5,yahoo:^GVZ
2009-02-13,37.5099983215332,yahoo:^GVZ
2009-02-17,42.83000183105469,yahoo:^GVZ
2009-02-18,43.09000015258789,yahoo:^GVZ
2009-02-19,39.209999084472656,yahoo:^GVZ
2009-02-20,40.72999954223633,yahoo:^GVZ
2009-02-23,42.22999954223633,yahoo:^GVZ
2009-02-24,40.869998931884766,yahoo:^GVZ
2009-02-25,41.150001525878906,yahoo:^GVZ
2009-02-26,39.95000076293945,yahoo:^GVZ
2009-02-27,39.060001373291016,yahoo:^GVZ
2009-03-02,41.40999984741211,yahoo:^GVZ
2009-03-03,38.27000045776367,yahoo:^GVZ
2009-03-04,37.04999923706055,yahoo:^GVZ
2009-03-05,37.79999923706055,yahoo:^GVZ
2009-03-06,38.900001525878906,yahoo:^GVZ
2009-03-09,37.709999084472656,yahoo:^GVZ
2009-03-10,35.95000076293945,yahoo:^GVZ
2009-03-11,35.58000183105469,yahoo:^GVZ
2009-03-12,33.849998474121094,yahoo:^GVZ
2009-03-13,33.650001525878906,yahoo:^GVZ
2009-03-16,35.27000045776367,yahoo:^GVZ
2009-03-17,22.579999923706055,yahoo:^GVZ
2009-03-18,25.690000534057617,yahoo:^GVZ
2009-03-19,41.52000045776367,yahoo:^GVZ
2009-03-20,38.900001525878906,yahoo:^GVZ
2009-03-23,29.760000228881836,yahoo:^GVZ
2009-03-24,36.279998779296875,yahoo:^GVZ
2009-03-25,36.279998779296875,yahoo:^GVZ
2009-03-26,35.189998626708984,yahoo:^GVZ
2009-03-27,33.25,yahoo:^GVZ
2009-03-30,33.619998931884766,yahoo:^GVZ
2009-03-31,31.389999389648438,yahoo:^GVZ
2009-04-01,32.33000183105469,yahoo:^GVZ
2009-04-02,34.38999938964844,yahoo:^GVZ
2009-04-03,36.41999816894531,yahoo:^GVZ
2009-04-06,32.95000076293945,yahoo:^GVZ
2009-04-07,32.06999969482422,yahoo:^GVZ
2009-04-08,30.420000076293945,yahoo:^GVZ
2009-04-09,28.0,yahoo:^GVZ
2009-04-13,29.09000015258789,yahoo:^GVZ
2009-04-14,28.8799991607666,yahoo:^GVZ
2009-04-15,27.469999313354492,yahoo:^GVZ
2009-04-16,27.420000076293945,yahoo:^GVZ
2009-04-17,27.40999984741211,yahoo:^GVZ
2009-04-20,28.450000762939453,yahoo:^GVZ
2009-04-21,29.0,yahoo:^GVZ
2009-04-22,28.670000076293945,yahoo:^GVZ
2009-04-23,29.920000076293945,yahoo:^GVZ
2009-04-24,30.079999923706055,yahoo:^GVZ
2009-04-27,30.239999771118164,yahoo:^GVZ
2009-04-28,28.530000686645508,yahoo:^GVZ
2009-04-29,27.979999542236328,yahoo:^GVZ
2009-04-30,26.700000762939453,yahoo:^GVZ
2009-05-01,26.440000534057617,yahoo:^GVZ
2009-05-04,28.260000228881836,yahoo:^GVZ
2009-05-05,27.489999771118164,yahoo:^GVZ
2009-05-06,26.770000457763672,yahoo:^GVZ
2009-05-07,26.75,yahoo:^GVZ
2009-05-08,25.93000030517578,yahoo:^GVZ
2009-05-11,23.600000381469727,yahoo:^GVZ
2009-05-12,23.799999237060547,yahoo:^GVZ
2009-05-13,25.40999984741211,yahoo:^GVZ
2009-05-14,23.079999923706055,yahoo:^GVZ
2009-05-15,22.600000381469727,yahoo:^GVZ
2009-05-18,22.459999084472656,yahoo:^GVZ
2009-05-19,22.40999984741211,yahoo:^GVZ
2009-05-20,24.739999771118164,yahoo:^GVZ
2009-05-21,27.940000534057617,yahoo:^GVZ
2009-05-22,28.34000015258789,yahoo:^GVZ
2009-05-26,26.329999923706055,yahoo:^GVZ
2009-05-27,25.81999969482422,yahoo:^GVZ
2009-05-28,26.700000762939453,yahoo:^GVZ
2009-05-29,28.440000534057617,yahoo:^GVZ
2009-06-01,29.5,yahoo:^GVZ
2009-06-02,28.690000534057617,yahoo:^GVZ
2009-06-03,27.639999389648438,yahoo:^GVZ
2009-06-04,28.15999984741211,yahoo:^GVZ
2009-06-05,26.81999969482422,yahoo:^GVZ
2009-06-08,27.09000015258789,yahoo:^GVZ
2009-06-09,25.030000686645508,yahoo:^GVZ
2009-06-10,24.780000686645508,yahoo:^GVZ
2009-06-11,24.440000534057617,yahoo:^GVZ
2009-06-12,24.790000915527344,yahoo:^GVZ
2009-06-15,25.309999465942383,yahoo:^GVZ
2009-06-16,23.1200008392334,yahoo:^GVZ
2009-06-17,22.799999237060547,yahoo:^GVZ
2009-06-18,22.43000030517578,yahoo:^GVZ
2009-06-19,21.639999389648438,yahoo:^GVZ
2009-06-22,22.100000381469727,yahoo:^GVZ
2009-06-23,21.93000030517578,yahoo:^GVZ
2009-06-24,22.739999771118164,yahoo:^GVZ
2009-06-25,22.719999313354492,yahoo:^GVZ
2009-06-26,21.969999313354492,yahoo:^GVZ
2009-06-29,21.719999313354492,yahoo:^GVZ
2009-06-30,20.899999618530273,yahoo:^GVZ
2009-07-01,20.290000915527344,yahoo:^GVZ
2009-07-02,19.93000030517578,yahoo:^GVZ
2009-07-06,20.600000381469727,yahoo:^GVZ
2009-07-07,20.709999084472656,yahoo:^GVZ
2009-07-08,23.579999923706055,yahoo:^GVZ
2009-07-09,21.020000457763672,yahoo:^GVZ
2009-07-10,20.790000915527344,yahoo:^GVZ
2009-07-13,19.270000457763672,yahoo:^GVZ
2009-07-14,18.799999237060547,yahoo:^GVZ
2009-07-15,19.360000610351562,yahoo:^GVZ
2009-07-16,18.260000228881836,yahoo:^GVZ
2009-07-17,18.100000381469727,yahoo:^GVZ
2009-07-20,18.549999237060547,yahoo:^GVZ
2009-07-21,18.049999237060547,yahoo:^GVZ
2009-07-22,17.459999084472656,yahoo:^GVZ
2009-07-23,18.440000534057617,yahoo:^GVZ
2009-07-24,18.040000915527344,yahoo:^GVZ
2009-07-27,18.719999313354492,yahoo:^GVZ
2009-07-28,19.260000228881836,yahoo:^GVZ
2009-07-29,19.389999389648438,yahoo:^GVZ
2009-07-30,18.850000381469727,yahoo:^GVZ
2009-07-31,20.510000228881836,yahoo:^GVZ
2009-08-03,21.110000610351562,yahoo:^GVZ
2009-08-04,23.579999923706055,yahoo:^GVZ
2009-08-05,22.1200008392334,yahoo:^GVZ
2009-08-06,21.1299991607666,yahoo:^GVZ
2009-08-07,20.950000762939453,yahoo:^GVZ
2009-08-10,20.329999923706055,yahoo:^GVZ
2009-08-11,19.610000610351562,yahoo:^GVZ
2009-08-12,19.829999923706055,yahoo:^GVZ
2009-08-13,19.969999313354492,yahoo:^GVZ
2009-08-14,19.559999465942383,yahoo:^GVZ
2009-08-17,19.829999923706055,yahoo:^GVZ
2009-08-18,18.93000030517578,yahoo:^GVZ
2009-08-19,19.3799991607666,yahoo:^GVZ
2009-08-20,18.1200008392334,yahoo:^GVZ
2009-08-21,19.110000610351562,yahoo:^GVZ
2009-08-24,19.649999618530273,yahoo:^GVZ
2009-08-25,19.559999465942383,yahoo:^GVZ
2009-08-26,19.600000381469727,yahoo:^GVZ
2009-08-27,19.520000457763672,yahoo:^GVZ
2009-08-28,19.31999969482422,yahoo:^GVZ
2009-08-31,20.43000030517578,yahoo:^GVZ
2009-09-01,21.399999618530273,yahoo:^GVZ
2009-09-02,25.579999923706055,yahoo:^GVZ
2009-09-03,28.860000610351562,yahoo:^GVZ
2009-09-04,27.229999542236328,yahoo:^GVZ
2009-09-08,26.969999313354492,yahoo:^GVZ
2009-09-09,24.709999084472656,yahoo:^GVZ
2009-09-10,24.219999313354492,yahoo:^GVZ
2009-09-11,25.670000076293945,yahoo:^GVZ
2009-09-14,24.780000686645508,yahoo:^GVZ
2009-09-15,24.43000030517578,yahoo:^GVZ
2009-09-16,25.09000015258789,yahoo:^GVZ
2009-09-17,23.530000686645508,yahoo:^GVZ
2009-09-18,22.62,cboe:GVZ_History.csv
2009-09-21,23.22,cboe:GVZ_History.csv
2009-09-22,24.53,cboe:GVZ_History.csv
2009-09-23,23.98,cboe:GVZ_History.csv
2009-09-24,22.0,cboe:GVZ_History.csv
2009-09-25,21.79,cboe:GVZ_History.csv
2009-09-28,20.4,cboe:GVZ_History.csv
2009-09-29,20.45,cboe:GVZ_History.csv
2009-09-30,21.54,cboe:GVZ_History.csv
2009-10-01,21.46,cboe:GVZ_History.csv
2009-10-02,21.38,cboe:GVZ_History.csv
2009-10-05,22.78,cboe:GVZ_History.csv
2009-10-06,25.36,cboe:GVZ_History.csv
2009-10-07,24.01,cboe:GVZ_History.csv
2009-10-08,24.88,cboe:GVZ_History.csv
2009-10-09,23.19,cboe:GVZ_History.csv
2009-10-12,22.47,cboe:GVZ_History.csv
2009-10-13,22.34,cboe:GVZ_History.csv
2009-10-14,20.57,cboe:GVZ_History.csv
2009-10-15,20.35,cboe:GVZ_History.csv
2009-10-16,20.76,cboe:GVZ_History.csv
2009-10-19,20.9,cboe:GVZ_History.csv
2009-10-20,20.09,cboe:GVZ_History.csv
2009-10-21,21.53,cboe:GVZ_History.csv
2009-10-22,19.75,cboe:GVZ_History.csv
2009-10-23,19.98,cboe:GVZ_History.csv
2009-10-26,20.87,cboe:GVZ_History.csv
2009-10-27,20.52,cboe:GVZ_History.csv
2009-10-28,21.19,cboe:GVZ_History.csv
2009-10-29,20.72,cboe:GVZ_History.csv
2009-10-30,21.2,cboe:GVZ_History.csv
2009-11-02,22.3,cboe:GVZ_History.csv
2009-11-03,25.25,cboe:GVZ_History.csv
2009-11-04,25.13,cboe:GVZ_History.csv
2009-11-05,22.76,cboe:GVZ_History.csv
2009-11-06,21.45,cboe:GVZ_History.csv
2009-11-09,21.92,cboe:GVZ_History.csv
2009-11-10,22.04,cboe:GVZ_History.csv
2009-11-11,22.45,cboe:GVZ_History.csv
2009-11-12,23.06,cboe:GVZ_History.csv
2009-11-13,21.9,cboe:GVZ_History.csv
2009-11-16,24.34,cboe:GVZ_History.csv
2009-11-17,23.03,cboe:GVZ_History.csv
2009-11-18,24.1,cboe:GVZ_History.csv
2009-11-19,23.96,cboe:GVZ_History.csv
2009-11-20,24.65,cboe:GVZ_History.csv
2009-11-23,25.64,cboe:GVZ_History.csv
2009-11-24,23.56,cboe:GVZ_History.csv
2009-11-25,25.39,cboe:GVZ_History.csv
2009-11-27,27.14,cboe:GVZ_History.csv
2009-11-30,26.27,cboe:GVZ_History.csv
2009-12-01,26.69,cboe:GVZ_History.csv
2009-12-02,26.74,cboe:GVZ_History.csv
2009-12-03,26.81,cboe:GVZ_History.csv
2009-12-04,29.82,cboe:GVZ_History.csv
2009-12-07,29.12,cboe:GVZ_History.csv
2009-12-08,29.2,cboe:GVZ_History.csv
2009-12-09,28.99,cboe:GVZ_History.csv
2009-12-10,27.86,cboe:GVZ_History.csv
2009-12-11,27.82,cboe:GVZ_History.csv
2009-12-14,25.48,cboe:GVZ_History.csv
2009-12-15,26.05,cboe:GVZ_History.csv
2009-12-16,24.9,cboe:GVZ_History.csv
2009-12-17,27.16,cboe:GVZ_History.csv
2009-12-18,26.59,cboe:GVZ_History.csv
2009-12-21,25.88,cboe:GVZ_History.csv
2009-12-22,25.22,cboe:GVZ_History.csv
2009-12-23,23.36,cboe:GVZ_History.csv
2009-12-24,23.1,cboe:GVZ_History.csv
2009-12-28,26.02,cboe:GVZ_History.csv
2009-12-29,24.85,cboe:GVZ_History.csv
2009-12-30,24.53,cboe:GVZ_History.csv
2009-12-31,23.71,cboe:GVZ_History.csv
2010-01-04,24.59,cboe:GVZ_History.csv
2010-01-05,23.34,cboe:GVZ_History.csv
2010-01-06,23.9,cboe:GVZ_History.csv
2010-01-07,23.32,cboe:GVZ_History.csv
2010-01-08,22.04,cboe:GVZ_History.csv
2010-01-11,20.97,cboe:GVZ_History.csv
2010-01-12,21.97,cboe:GVZ_History.csv
2010-01-13,20.63,cboe:GVZ_History.csv
2010-01-14,21.34,cboe:GVZ_History.csv
2010-01-15,21.48,cboe:GVZ_History.csv
2010-01-19,21.31,cboe:GVZ_History.csv
2010-01-20,22.85,cboe:GVZ_History.csv
2010-01-21,24.82,cboe:GVZ_History.csv
2010-01-22,26.01,cboe:GVZ_History.csv
2010-01-25,24.73,cboe:GVZ_History.csv
2010-01-26,24.35,cboe:GVZ_History.csv
2010-01-27,24.08,cboe:GVZ_History.csv
2010-01-28,23.35,cboe:GVZ_History.csv
2010-01-29,23.87,cboe:GVZ_History.csv
2010-02-01,23.84,cboe:GVZ_History.csv
2010-02-02,22.75,cboe:GVZ_History.csv
2010-02-03,22.09,cboe:GVZ_History.csv
2010-02-04,27.19,cboe:GVZ_History.csv
2010-02-05,27.59,cboe:GVZ_History.csv
2010-02-08,26.88,cboe:GVZ_History.csv
2010-02-09,25.45,cboe:GVZ_History.csv
2010-02-10,26.02,cboe:GVZ_History.csv
2010-02-11,25.48,cboe:GVZ_History.csv
2010-02-12,24.29,cboe:GVZ_History.csv
2010-02-16,25.38,cboe:GVZ_History.csv
2010-02-17,24.88,cboe:GVZ_History.csv
2010-02-18,24.0,cboe:GVZ_History.csv
2010-02-19,24.05,cboe:GVZ_History.csv
2010-02-22,23.53,cboe:GVZ_History.csv
2010-02-23,23.89,cboe:GVZ_History.csv
2010-02-24,22.68,cboe:GVZ_History.csv
2010-02-25,21.85,cboe:GVZ_History.csv
2010-02-26,21.31,cboe:GVZ_History.csv
2010-03-01,21.13,cboe:GVZ_History.csv
2010-03-02,21.76,cboe:GVZ_History.csv
2010-03-03,21.37,cboe:GVZ_History.csv
2010-03-04,20.06,cboe:GVZ_History.csv
2010-03-05,19.29,cboe:GVZ_History.csv
2010-03-08,19.89,cboe:GVZ_History.csv
2010-03-09,19.88,cboe:GVZ_History.csv
2010-03-10,20.93,cboe:GVZ_History.csv
2010-03-11,20.19,cboe:GVZ_History.csv
2010-03-12,20.16,cboe:GVZ_History.csv
2010-03-15,20.9,cboe:GVZ_History.csv
2010-03-16,20.32,cboe:GVZ_History.csv
2010-03-17,19.8,cboe:GVZ_History.csv
2010-03-18,19.23,cboe:GVZ_History.csv
2010-03-19,19.71,cboe:GVZ_History.csv
2010-03-22,19.06,cboe:GVZ_History.csv
2010-03-23,18.52,cboe:GVZ_History.csv
2010-03-24,20.81,cboe:GVZ_History.csv
2010-03-25,20.27,cboe:GVZ_History.csv
2010-03-26,19.73,cboe:GVZ_History.csv
2010-03-29,19.07,cboe:GVZ_History.csv
2010-03-30,18.16,cboe:GVZ_History.csv
2010-03-31,18.14,cboe:GVZ_History.csv
2010-04-01,17.49,cboe:GVZ_History.csv
2010-04-05,18.06,cboe:GVZ_History.csv
2010-04-06,17.93,cboe:GVZ_History.csv
2010-04-07,19.13,cboe:GVZ_History.csv
2010-04-08,18.86,cboe:GVZ_History.csv
2010-04-09,19.4,cboe:GVZ_History.csv
2010-04-12,18.27,cboe:GVZ_History.csv
2010-04-13,17.51,cboe:GVZ_History.csv
2010-04-14,17.31,cboe:GVZ_History.csv
2010-04-15,17.44,cboe:GVZ_History.csv
2010-04-16,18.85,cboe:GVZ_History.csv
2010-04-19,18.94,cboe:GVZ_History.csv
2010-04-20,17.69,cboe:GVZ_History.csv
2010-04-21,17.8,cboe:GVZ_History.csv
2010-04-22,17.77,cboe:GVZ_History.csv
2010-04-23,17.9,cboe:GVZ_History.csv
2010-04-26,17.73,cboe:GVZ_History.csv
2010-04-27,17.73,cboe:GVZ_History.csv
2010-04-28,20.13,cboe:GVZ_History.csv
2010-04-29,19.35,cboe:GVZ_History.csv
2010-04-30,20.42,cboe:GVZ_History.csv
2010-05-03,20.93,cboe:GVZ_History.csv
2010-05-04,21.71,cboe:GVZ_History.csv
2010-05-05,21.79,cboe:GVZ_History.csv
2010-05-06,26.31,cboe:GVZ_History.csv
2010-05-07,26.24,cboe:GVZ_History.csv
2010-05-10,24.35,cboe:GVZ_History.csv
2010-05-11,25.96,cboe:GVZ_History.csv
2010-05-12,25.34,cboe:GVZ_History.csv
2010-05-13,24.41,cboe:GVZ_History.csv
2010-05-14,26.21,cboe:GVZ_History.csv
2010-05-17,26.46,cboe:GVZ_History.csv
2010-05-18,26.25,cboe:GVZ_History.csv
2010-05-19,27.05,cboe:GVZ_History.csv
2010-05-20,30.73,cboe:GVZ_History.csv
2010-05-21,27.78,cboe:GVZ_History.csv
2010-05-24,25.72,cboe:GVZ_History.csv
2010-05-25,25.72,cboe:GVZ_History.csv
2010-05-26,24.74,cboe:GVZ_History.csv
2010-05-27,23.0,cboe:GVZ_History.csv
2010-05-28,22.28,cboe:GVZ_History.csv
2010-06-01,23.15,cboe:GVZ_History.csv
2010-06-02,21.55,cboe:GVZ_History.csv
2010-06-03,21.7,cboe:GVZ_History.csv
2010-06-04,23.15,cboe:GVZ_History.csv
2010-06-07,24.95,cboe:GVZ_History.csv
2010-06-08,24.98,cboe:GVZ_History.csv
2010-06-09,24.58,cboe:GVZ_History.csv
2010-06-10,23.29,cboe:GVZ_History.csv
2010-06-11,21.62,cboe:GVZ_History.csv
2010-06-14,21.79,cboe:GVZ_History.csv
2010-06-15,21.26,cboe:GVZ_History.csv
2010-06-16,20.85,cboe:GVZ_History.csv
2010-06-17,22.78,cboe:GVZ_History.csv
2010-06-18,22.04,cboe:GVZ_History.csv
2010-06-21,22.25,cboe:GVZ_History.csv
2010-06-22,22.37,cboe:GVZ_History.csv
2010-06-23,22.38,cboe:GVZ_History.csv
2010-06-24,22.27,cboe:GVZ_History.csv
2010-06-25,22.06,cboe:GVZ_History.csv
2010-06-28,22.8,cboe:GVZ_History.csv
2010-06-29,24.07,cboe:GVZ_History.csv
2010-06-30,23.46,cboe:GVZ_History.csv
2010-07-01,25.13,cboe:GVZ_History.csv
2010-07-02,22.95,cboe:GVZ_History.csv
2010-07-06,23.7,cboe:GVZ_History.csv
2010-07-07,22.0,cboe:GVZ_History.csv
2010-07-08,20.26,cboe:GVZ_History.csv
2010-07-09,19.68,cboe:GVZ_History.csv
2010-07-12,18.51,cboe:GVZ_History.csv
2010-07-13,18.99,cboe:GVZ_History.csv
2010-07-14,18.24,cboe:GVZ_History.csv
2010-07-15,17.18,cboe:GVZ_History.csv
2010-07-16,20.13,cboe:GVZ_History.csv
2010-07-19,20.31,cboe:GVZ_History.csv
2010-07-20,20.41,cboe:GVZ_History.csv
2010-07-21,20.5,cboe:GVZ_History.csv
2010-07-22,19.81,cboe:GVZ_History.csv
2010-07-23,20.28,cboe:GVZ_History.csv
2010-07-26,20.98,cboe:GVZ_History.csv
2010-07-27,22.12,cboe:GVZ_History.csv
2010-07-28,21.29,cboe:GVZ_History.csv
2010-07-29,19.74,cboe:GVZ_History.csv
2010-07-30,18.86,cboe:GVZ_History.csv
2010-08-02,18.79,cboe:GVZ_History.csv
2010-08-03,18.42,cboe:GVZ_History.csv
2010-08-04,18.11,cboe:GVZ_History.csv
2010-08-05,18.0,cboe:GVZ_History.csv
2010-08-06,17.82,cboe:GVZ_History.csv
2010-08-09,17.61,cboe:GVZ_History.csv
2010-08-10,18.11,cboe:GVZ_History.csv
2010-08-11,19.0,cboe:GVZ_History.csv
2010-08-12,18.74,cboe:GVZ_History.csv
2010-08-13,18.37,cboe:GVZ_History.csv
2010-08-16,18.5,cboe:GVZ_History.csv
2010-08-17,17.37,cboe:GVZ_History.csv
2010-08-18,17.79,cboe:GVZ_History.csv
2010-08-19,18.14,cboe:GVZ_History.csv
2010-08-20,18.87,cboe:GVZ_History.csv
2010-08-23,18.42,cboe:GVZ_History.csv
2010-08-24,19.11,cboe:GVZ_History.csv
2010-08-25,19.6,cboe:GVZ_History.csv
2010-08-26,18.81,cboe:GVZ_History.csv
2010-08-27,18.39,cboe:GVZ_History.csv
2010-08-30,18.52,cboe:GVZ_History.csv
2010-08-31,19.39,cboe:GVZ_History.csv
2010-09-01,17.98,cboe:GVZ_History.csv
2010-09-02,17.83,cboe:GVZ_History.csv
2010-09-03,17.51,cboe:GVZ_History.csv
2010-09-07,17.77,cboe:GVZ_History.csv
2010-09-08,17.88,cboe:GVZ_History.csv
2010-09-09,17.41,cboe:GVZ_History.csv
2010-09-10,17.3,cboe:GVZ_History.csv
2010-09-13,16.69,cboe:GVZ_History.csv
2010-09-14,18.24,cboe:GVZ_History.csv
2010-09-15,17.56,cboe:GVZ_History.csv
2010-09-16,18.26,cboe:GVZ_History.csv
2010-09-17,18.08,cboe:GVZ_History.csv
2010-09-20,17.92,cboe:GVZ_History.csv
2010-09-21,17.94,cboe:GVZ_History.csv
2010-09-22,17.36,cboe:GVZ_History.csv
2010-09-23,17.56,cboe:GVZ_History.csv
2010-09-24,17.81,cboe:GVZ_History.csv
2010-09-27,18.22,cboe:GVZ_History.csv
2010-09-28,18.2,cboe:GVZ_History.csv
2010-09-29,18.65,cboe:GVZ_History.csv
2010-09-30,18.65,cboe:GVZ_History.csv
2010-10-01,18.41,cboe:GVZ_History.csv
2010-10-04,18.88,cboe:GVZ_History.csv
2010-10-05,19.58,cboe:GVZ_History.csv
2010-10-06,19.84,cboe:GVZ_History.csv
2010-10-07,21.43,cboe:GVZ_History.csv
2010-10-08,20.65,cboe:GVZ_History.csv
2010-10-11,20.13,cboe:GVZ_History.csv
2010-10-12,20.01,cboe:GVZ_History.csv
2010-10-13,20.85,cboe:GVZ_History.csv
2010-10-14,22.61,cboe:GVZ_History.csv
2010-10-15,21.05,cboe:GVZ_History.csv
2010-10-18,20.89,cboe:GVZ_History.csv
2010-10-19,21.16,cboe:GVZ_History.csv
2010-10-20,20.51,cboe:GVZ_History.csv
2010-10-21,21.11,cboe:GVZ_History.csv
2010-10-22,20.45,cboe:GVZ_History.csv
2010-10-25,20.06,cboe:GVZ_History.csv
2010-10-26,20.16,cboe:GVZ_History.csv
2010-10-27,20.42,cboe:GVZ_History.csv
2010-10-28,20.81,cboe:GVZ_History.csv
2010-10-29,21.24,cboe:GVZ_History.csv
2010-11-01,22.45,cboe:GVZ_History.csv
2010-11-02,21.87,cboe:GVZ_History.csv
2010-11-03,20.68,cboe:GVZ_History.csv
2010-11-04,21.48,cboe:GVZ_History.csv
2010-11-05,21.06,cboe:GVZ_History.csv
2010-11-08,22.38,cboe:GVZ_History.csv
2010-11-09,24.65,cboe:GVZ_History.csv
2010-11-10,24.02,cboe:GVZ_History.csv
2010-11-11,23.22,cboe:GVZ_History.csv
2010-11-12,23.67,cboe:GVZ_History.csv
2010-11-15,23.32,cboe:GVZ_History.csv
2010-11-16,23.56,cboe:GVZ_History.csv
2010-11-17,22.09,cboe:GVZ_History.csv
2010-11-18,21.31,cboe:GVZ_History.csv
2010-11-19,20.13,cboe:GVZ_History.csv
2010-11-22,20.23,cboe:GVZ_History.csv
2010-11-23,21.33,cboe:GVZ_History.csv
2010-11-24,20.59,cboe:GVZ_History.csv
2010-11-26,15.92,cboe:GVZ_History.csv
2010-11-29,21.51,cboe:GVZ_History.csv
2010-11-30,22.61,cboe:GVZ_History.csv
2010-12-01,22.64,cboe:GVZ_History.csv
2010-12-02,21.69,cboe:GVZ_History.csv
2010-12-03,20.95,cboe:GVZ_History.csv
2010-12-06,20.74,cboe:GVZ_History.csv
2010-12-07,20.97,cboe:GVZ_History.csv
2010-12-08,21.13,cboe:GVZ_History.csv
2010-12-09,20.04,cboe:GVZ_History.csv
2010-12-10,19.63,cboe:GVZ_History.csv
2010-12-13,17.35,cboe:GVZ_History.csv
2010-12-14,16.77,cboe:GVZ_History.csv
2010-12-15,16.87,cboe:GVZ_History.csv
2010-12-16,17.31,cboe:GVZ_History.csv
2010-12-17,16.41,cboe:GVZ_History.csv
2010-12-20,16.3,cboe:GVZ_History.csv
2010-12-21,16.66,cboe:GVZ_History.csv
2010-12-22,16.32,cboe:GVZ_History.csv
2010-12-23,16.23,cboe:GVZ_History.csv
2010-12-27,17.31,cboe:GVZ_History.csv
2010-12-28,18.7,cboe:GVZ_History.csv
2010-12-29,19.54,cboe:GVZ_History.csv
2010-12-30,19.67,cboe:GVZ_History.csv
2010-12-31,19.53,cboe:GVZ_History.csv
2011-01-03,18.95,cboe:GVZ_History.csv
2011-01-04,18.84,cboe:GVZ_History.csv
2011-01-05,18.83,cboe:GVZ_History.csv
2011-01-06,19.24,cboe:GVZ_History.csv
2011-01-07,18.5,cboe:GVZ_History.csv
2011-01-10,18.32,cboe:GVZ_History.csv
2011-01-11,17.52,cboe:GVZ_History.csv
2011-01-12,16.92,cboe:GVZ_History.csv
2011-01-13,18.46,cboe:GVZ_History.csv
2011-01-14,18.72,cboe:GVZ_History.csv
2011-01-18,17.66,cboe:GVZ_History.csv
2011-01-19,17.95,cboe:GVZ_History.csv
2011-01-20,18.53,cboe:GVZ_History.csv
2011-01-21,19.06,cboe:GVZ_History.csv
2011-01-24,18.99,cboe:GVZ_History.csv
2011-01-25,18.73,cboe:GVZ_History.csv
2011-01-26,18.86,cboe:GVZ_History.csv
2011-01-27,18.87,cboe:GVZ_History.csv
2011-01-28,18.65,cboe:GVZ_History.csv
2011-01-31,18.33,cboe:GVZ_History.csv
2011-02-01,17.7,cboe:GVZ_History.csv
2011-02-02,17.22,cboe:GVZ_History.csv
2011-02-03,17.74,cboe:GVZ_History.csv
2011-02-04,17.0,cboe:GVZ_History.csv
2011-02-07,16.14,cboe:GVZ_History.csv
2011-02-08,15.61,cboe:GVZ_History.csv
2011-02-09,15.84,cboe:GVZ_History.csv
2011-02-10,15.49,cboe:GVZ_History.csv
2011-02-11,15.87,cboe:GVZ_History.csv
2011-02-14,15.56,cboe:GVZ_History.csv
2011-02-15,15.23,cboe:GVZ_History.csv
2011-02-16,15.13,cboe:GVZ_History.csv
2011-02-17,15.3,cboe:GVZ_History.csv
2011-02-18,16.17,cboe:GVZ_History.csv
2011-02-22,16.83,cboe:GVZ_History.csv
2011-02-23,18.02,cboe:GVZ_History.csv
2011-02-24,16.62,cboe:GVZ_History.csv
2011-02-25,15.69,cboe:GVZ_History.csv
2011-02-28,15.98,cboe:GVZ_History.csv
2011-03-01,17.46,cboe:GVZ_History.csv
2011-03-02,17.91,cboe:GVZ_History.csv
2011-03-03,17.56,cboe:GVZ_History.csv
2011-03-04,17.5,cboe:GVZ_History.csv
2011-03-07,17.79,cboe:GVZ_History.csv
2011-03-08,17.35,cboe:GVZ_History.csv
2011-03-09,16.65,cboe:GVZ_History.csv
2011-03-10,17.18,cboe:GVZ_History.csv
2011-03-11,17.65,cboe:GVZ_History.csv
2011-03-14,17.95,cboe:GVZ_History.csv
2011-03-15,19.04,cboe:GVZ_History.csv
2011-03-16,18.74,cboe:GVZ_History.csv
2011-03-17,18.16,cboe:GVZ_History.csv
2011-03-18,18.1,cboe:GVZ_History.csv
2011-03-21,17.01,cboe:GVZ_History.csv
2011-03-22,16.63,cboe:GVZ_History.csv
2011-03-23,16.83,cboe:GVZ_History.csv
2011-03-24,17.61,cboe:GVZ_History.csv
2011-03-25,16.95,cboe:GVZ_History.csv
2011-03-28,17.09,cboe:GVZ_History.csv
2011-03-29,16.4,cboe:GVZ_History.csv
2011-03-30,15.91,cboe:GVZ_History.csv
2011-03-31,17.16,cboe:GVZ_History.csv
2011-04-01,16.24,cboe:GVZ_History.csv
2011-04-04,15.82,cboe:GVZ_History.csv
2011-04-05,16.41,cboe:GVZ_History.csv
2011-04-06,16.05,cboe:GVZ_History.csv
2011-04-07,15.74,cboe:GVZ_History.csv
2011-04-08,15.59,cboe:GVZ_History.csv
2011-04-11,15.26,cboe:GVZ_History.csv
2011-04-12,15.65,cboe:GVZ_History.csv
2011-04-13,14.72,cboe:GVZ_History.csv
2011-04-14,15.06,cboe:GVZ_History.csv
2011-04-15,15.78,cboe:GVZ_History.csv
2011-04-18,16.73,cboe:GVZ_History.csv
2011-04-19,16.31,cboe:GVZ_History.csv
2011-04-20,16.38,cboe:GVZ_History.csv
2011-04-21,15.7,cboe:GVZ_History.csv
2011-04-25,18.32,cboe:GVZ_History.csv
2011-04-26,17.3,cboe:GVZ_History.csv
2011-04-27,17.76,cboe:GVZ_History.csv
2011-04-28,17.82,cboe:GVZ_History.csv
2011-04-29,20.25,cboe:GVZ_History.csv
2011-05-02,21.11,cboe:GVZ_History.csv
2011-05-03,19.61,cboe:GVZ_History.csv
2011-05-04,19.8,cboe:GVZ_History.csv
2011-05-05,22.06,cboe:GVZ_History.csv
2011-05-06,21.4,cboe:GVZ_History.csv
2011-05-09,19.95,cboe:GVZ_History.csv
2011-05-10,19.14,cboe:GVZ_History.csv
2011-05-11,19.47,cboe:GVZ_History.csv
2011-05-12,19.23,cboe:GVZ_History.csv
2011-05-13,19.77,cboe:GVZ_History.csv
2011-05-16,19.33,cboe:GVZ_History.csv
2011-05-17,19.0,cboe:GVZ_History.csv
2011-05-18,18.15,cboe:GVZ_History.csv
2011-05-19,17.44,cboe:GVZ_History.csv
2011-05-20,17.55,cboe:GVZ_History.csv
2011-05-23,18.3,cboe:GVZ_History.csv
2011-05-24,17.84,cboe:GVZ_History.csv
2011-05-25,17.53,cboe:GVZ_History.csv
2011-05-26,16.66,cboe:GVZ_History.csv
2011-05-27,16.62,cboe:GVZ_History.csv
2011-05-31,16.74,cboe:GVZ_History.csv
2011-06-01,17.74,cboe:GVZ_History.csv
2011-06-02,17.38,cboe:GVZ_History.csv
2011-06-03,16.79,cboe:GVZ_History.csv
2011-06-06,18.12,cboe:GVZ_History.csv
2011-06-07,16.84,cboe:GVZ_History.csv
2011-06-08,16.56,cboe:GVZ_History.csv
2011-06-09,16.06,cboe:GVZ_History.csv
2011-06-10,16.51,cboe:GVZ_History.csv
2011-06-13,16.95,cboe:GVZ_History.csv
2011-06-14,15.33,cboe:GVZ_History.csv
2011-06-15,17.32,cboe:GVZ_History.csv
2011-06-16,17.61,cboe:GVZ_History.csv
2011-06-17,17.03,cboe:GVZ_History.csv
2011-06-20,16.64,cboe:GVZ_History.csv
2011-06-21,15.99,cboe:GVZ_History.csv
2011-06-22,16.1,cboe:GVZ_History.csv
2011-06-23,16.97,cboe:GVZ_History.csv
2011-06-24,17.79,cboe:GVZ_History.csv
2011-06-27,17.52,cboe:GVZ_History.csv
2011-06-28,16.84,cboe:GVZ_History.csv
2011-06-29,15.79,cboe:GVZ_History.csv
2011-06-30,15.34,cboe:GVZ_History.csv
2011-07-01,15.06,cboe:GVZ_History.csv
2011-07-05,15.15,cboe:GVZ_History.csv
2011-07-06,15.81,cboe:GVZ_History.csv
2011-07-07,15.29,cboe:GVZ_History.csv
2011-07-08,15.18,cboe:GVZ_History.csv
2011-07-11,16.3,cboe:GVZ_History.csv
2011-07-12,17.63,cboe:GVZ_History.csv
2011-07-13,18.22,cboe:GVZ_History.csv
2011-07-14,17.9,cboe:GVZ_History.csv
2011-07-15,16.91,cboe:GVZ_History.csv
2011-07-18,18.96,cboe:GVZ_History.csv
2011-07-19,18.14,cboe:GVZ_History.csv
2011-07-20,17.91,cboe:GVZ_History.csv
2011-07-21,17.4,cboe:GVZ_History.csv
2011-07-22,16.98,cboe:GVZ_History.csv
2011-07-25,18.69,cboe:GVZ_History.csv
2011-07-26,18.58,cboe:GVZ_History.csv
2011-07-27,19.24,cboe:GVZ_History.csv
2011-07-28,18.99,cboe:GVZ_History.csv
2011-07-29,19.53,cboe:GVZ_History.csv
2011-08-01,19.58,cboe:GVZ_History.csv
2011-08-02,20.09,cboe:GVZ_History.csv
2011-08-03,19.95,cboe:GVZ_History.csv
2011-08-04,22.28,cboe:GVZ_History.csv
2011-08-05,21.74,cboe:GVZ_History.csv
2011-08-08,28.21,cboe:GVZ_History.csv
2011-08-09,31.13,cboe:GVZ_History.csv
2011-08-10,32.2,cboe:GVZ_History.csv
2011-08-11,29.76,cboe:GVZ_History.csv
2011-08-12,25.91,cboe:GVZ_History.csv
2011-08-15,24.81,cboe:GVZ_History.csv
2011-08-16,26.68,cboe:GVZ_History.csv
2011-08-17,25.12,cboe:GVZ_History.csv
2011-08-18,26.81,cboe:GVZ_History.csv
2011-08-19,28.91,cboe:GVZ_History.csv
2011-08-22,33.09,cboe:GVZ_History.csv
2011-08-23,33.42,cboe:GVZ_History.csv
2011-08-24,33.29,cboe:GVZ_History.csv
2011-08-25,34.42,cboe:GVZ_History.csv
2011-08-26,33.03,cboe:GVZ_History.csv
2011-08-29,32.55,cboe:GVZ_History.csv
2011-08-30,32.12,cboe:GVZ_History.csv
2011-08-31,30.42,cboe:GVZ_History.csv
2011-09-01,28.06,cboe:GVZ_History.csv
2011-09-02,30.16,cboe:GVZ_History.csv
2011-09-06,34.17,cboe:GVZ_History.csv
2011-09-07,34.11,cboe:GVZ_History.csv
2011-09-08,34.43,cboe:GVZ_History.csv
2011-09-09,37.58,cboe:GVZ_History.csv
2011-09-12,37.2,cboe:GVZ_History.csv
2011-09-13,32.49,cboe:GVZ_History.csv
2011-09-14,29.83,cboe:GVZ_History.csv
2011-09-15,29.46,cboe:GVZ_History.csv
2011-09-16,28.86,cboe:GVZ_History.csv
2011-09-19,30.7,cboe:GVZ_History.csv
2011-09-20,30.63,cboe:GVZ_History.csv
2011-09-21,29.68,cboe:GVZ_History.csv
2011-09-22,32.19,cboe:GVZ_History.csv
2011-09-23,39.17,cboe:GVZ_History.csv
2011-09-26,39.86,cboe:GVZ_History.csv
2011-09-27,36.55,cboe:GVZ_History.csv
2011-09-28,39.95,cboe:GVZ_History.csv
2011-09-29,37.08,cboe:GVZ_History.csv
2011-09-30,37.03,cboe:GVZ_History.csv
2011-10-03,36.92,cboe:GVZ_History.csv
2011-10-04,37.74,cboe:GVZ_History.csv
2011-10-05,36.94,cboe:GVZ_History.csv
2011-10-06,35.22,cboe:GVZ_History.csv
2011-10-07,33.16,cboe:GVZ_History.csv
2011-10-10,31.26,cboe:GVZ_History.csv
2011-10-11,30.62,cboe:GVZ_History.csv
2011-10-12,29.51,cboe:GVZ_History.csv
2011-10-13,28.48,cboe:GVZ_History.csv
2011-10-14,26.61,cboe:GVZ_History.csv
2011-10-17,28.93,cboe:GVZ_History.csv
2011-10-18,29.17,cboe:GVZ_History.csv
2011-10-19,31.13,cboe:GVZ_History.csv
2011-10-20,32.08,cboe:GVZ_History.csv
2011-10-21,28.89,cboe:GVZ_History.csv
2011-10-24,26.98,cboe:GVZ_History.csv
2011-10-25,29.92,cboe:GVZ_History.csv
2011-10-26,30.79,cboe:GVZ_History.csv
2011-10-27,27.58,cboe:GVZ_History.csv
2011-10-28,25.84,cboe:GVZ_History.csv
2011-10-31,27.45,cboe:GVZ_History.csv
2011-11-01,29.7,cboe:GVZ_History.csv
2011-11-02,30.16,cboe:GVZ_History.csv
2011-11-03,30.12,cboe:GVZ_History.csv
2011-11-04,28.37,cboe:GVZ_History.csv
2011-11-07,30.24,cboe:GVZ_History.csv
2011-11-08,29.21,cboe:GVZ_History.csv
2011-11-09,29.85,cboe:GVZ_History.csv
2011-11-10,28.81,cboe:GVZ_History.csv
2011-11-11,27.85,cboe:GVZ_History.csv
2011-11-14,27.85,cboe:GVZ_History.csv
2011-11-15,26.75,cboe:GVZ_History.csv
2011-11-16,26.94,cboe:GVZ_History.csv
2011-11-17,28.86,cboe:GVZ_History.csv
2011-11-18,27.59,cboe:GVZ_History.csv
2011-11-21,30.07,cboe:GVZ_History.csv
2011-11-22,27.56,cboe:GVZ_History.csv
2011-11-23,27.81,cboe:GVZ_History.csv
2011-11-25,20.46,cboe:GVZ_History.csv
2011-11-28,26.61,cboe:GVZ_History.csv
2011-11-29,25.74,cboe:GVZ_History.csv
2011-11-30,25.32,cboe:GVZ_History.csv
2011-12-01,24.55,cboe:GVZ_History.csv
2011-12-02,23.51,cboe:GVZ_History.csv
2011-12-05,24.97,cboe:GVZ_History.csv
2011-12-06,24.52,cboe:GVZ_History.csv
2011-12-07,24.15,cboe:GVZ_History.csv
2011-12-08,25.18,cboe:GVZ_History.csv
2011-12-09,23.13,cboe:GVZ_History.csv
2011-12-12,23.66,cboe:GVZ_History.csv
2011-12-13,24.1,cboe:GVZ_History.csv
2011-12-14,28.63,cboe:GVZ_History.csv
2011-12-15,27.28,cboe:GVZ_History.csv
2011-12-16,24.8,cboe:GVZ_History.csv
2011-12-19,23.42,cboe:GVZ_History.csv
2011-12-20,21.33,cboe:GVZ_History.csv
2011-12-21,21.22,cboe:GVZ_History.csv
2011-12-22,20.23,cboe:GVZ_History.csv
2011-12-23,19.67,cboe:GVZ_History.csv
2011-12-27,20.81,cboe:GVZ_History.csv
2011-12-28,24.33,cboe:GVZ_History.csv
2011-12-29,23.12,cboe:GVZ_History.csv
2011-12-30,23.24,cboe:GVZ_History.csv
2012-01-03,22.9,cboe:GVZ_History.csv
2012-01-04,22.08,cboe:GVZ_History.csv
2012-01-05,22.34,cboe:GVZ_History.csv
2012-01-06,21.3,cboe:GVZ_History.csv
2012-01-09,21.47,cboe:GVZ_History.csv
2012-01-10,21.51,cboe:GVZ_History.csv
2012-01-11,22.34,cboe:GVZ_History.csv
2012-01-12,21.6,cboe:GVZ_History.csv
2012-01-13,21.2,cboe:GVZ_History.csv
2012-01-17,21.6,cboe:GVZ_History.csv
2012-01-18,21.14,cboe:GVZ_History.csv
2012-01-19,20.34,cboe:GVZ_History.csv
2012-01-20,19.58,cboe:GVZ_History.csv
2012-01-23,20.18,cboe:GVZ_History.csv
2012-01-24,20.08,cboe:GVZ_History.csv
2012-01-25,22.24,cboe:GVZ_History.csv
2012-01-26,21.71,cboe:GVZ_History.csv
2012-01-27,20.82,cboe:GVZ_History.csv
2012-01-30,21.23,cboe:GVZ_History.csv
2012-01-31,20.93,cboe:GVZ_History.csv
2012-02-01,21.54,cboe:GVZ_History.csv
2012-02-02,21.93,cboe:GVZ_History.csv
2012-02-03,21.05,cboe:GVZ_History.csv
2012-02-06,21.2,cboe:GVZ_History.csv
2012-02-07,20.45,cboe:GVZ_History.csv
2012-02-08,20.69,cboe:GVZ_History.csv
2012-02-09,20.03,cboe:GVZ_History.csv
2012-02-10,19.73,cboe:GVZ_History.csv
2012-02-13,19.07,cboe:GVZ_History.csv
2012-02-14,19.24,cboe:GVZ_History.csv
2012-02-15,19.28,cboe:GVZ_History.csv
2012-02-16,19.21,cboe:GVZ_History.csv
2012-02-17,18.61,cboe:GVZ_History.csv
2012-02-21,19.94,cboe:GVZ_History.csv
2012-02-22,19.84,cboe:GVZ_History.csv
2012-02-23,19.76,cboe:GVZ_History.csv
2012-02-24,19.01,cboe:GVZ_History.csv
2012-02-27,19.1,cboe:GVZ_History.csv
2012-02-28,20.12,cboe:GVZ_History.csv
2012-02-29,22.9,cboe:GVZ_History.csv
2012-03-01,19.53,cboe:GVZ_History.csv
2012-03-02,18.96,cboe:GVZ_History.csv
2012-03-05,19.4,cboe:GVZ_History.csv
2012-03-06,20.23,cboe:GVZ_History.csv
2012-03-07,19.18,cboe:GVZ_History.csv
2012-03-08,19.26,cboe:GVZ_History.csv
2012-03-09,19.41,cboe:GVZ_History.csv
2012-03-12,19.21,cboe:GVZ_History.csv
2012-03-13,20.47,cboe:GVZ_History.csv
2012-03-14,20.6,cboe:GVZ_History.csv
2012-03-15,18.24,cboe:GVZ_History.csv
2012-03-16,18.99,cboe:GVZ_History.csv
2012-03-19,17.83,cboe:GVZ_History.csv
2012-03-20,18.42,cboe:GVZ_History.csv
2012-03-21,18.04,cboe:GVZ_History.csv
2012-03-22,18.51,cboe:GVZ_History.csv
2012-03-23,18.3,cboe:GVZ_History.csv
2012-03-26,19.22,cboe:GVZ_History.csv
2012-03-27,18.62,cboe:GVZ_History.csv
2012-03-28,18.18,cboe:GVZ_History.csv
2012-03-29,17.43,cboe:GVZ_History.csv
2012-03-30,17.01,cboe:GVZ_History.csv
2012-04-02,17.1,cboe:GVZ_History.csv
2012-04-03,18.05,cboe:GVZ_History.csv
2012-04-04,18.88,cboe:GVZ_History.csv
2012-04-05,18.02,cboe:GVZ_History.csv
2012-04-09,19.21,cboe:GVZ_History.csv
2012-04-10,19.94,cboe:GVZ_History.csv
2012-04-11,20.02,cboe:GVZ_History.csv
2012-04-12,18.64,cboe:GVZ_History.csv
2012-04-13,18.44,cboe:GVZ_History.csv
2012-04-16,18.8,cboe:GVZ_History.csv
2012-04-17,18.03,cboe:GVZ_History.csv
2012-04-18,17.54,cboe:GVZ_History.csv
2012-04-19,17.33,cboe:GVZ_History.csv
2012-04-20,16.72,cboe:GVZ_History.csv
2012-04-23,17.11,cboe:GVZ_History.csv
2012-04-24,17.64,cboe:GVZ_History.csv
2012-04-25,17.45,cboe:GVZ_History.csv
2012-04-26,16.94,cboe:GVZ_History.csv
2012-04-27,16.61,cboe:GVZ_History.csv
2012-04-30,16.93,cboe:GVZ_History.csv
2012-05-01,16.47,cboe:GVZ_History.csv
2012-05-02,16.55,cboe:GVZ_History.csv
2012-05-03,17.45,cboe:GVZ_History.csv
2012-05-04,16.32,cboe:GVZ_History.csv
2012-05-07,16.38,cboe:GVZ_History.csv
2012-05-08,17.93,cboe:GVZ_History.csv
2012-05-09,19.32,cboe:GVZ_History.csv
2012-05-10,18.25,cboe:GVZ_History.csv
2012-05-11,18.46,cboe:GVZ_History.csv
2012-05-14,20.05,cboe:GVZ_History.csv
2012-05-15,20.75,cboe:GVZ_History.csv
2012-05-16,22.2,cboe:GVZ_History.csv
2012-05-17,22.59,cboe:GVZ_History.csv
2012-05-18,23.29,cboe:GVZ_History.csv
2012-05-21,20.69,cboe:GVZ_History.csv
2012-05-22,20.04,cboe:GVZ_History.csv
2012-05-23,21.79,cboe:GVZ_History.csv
2012-05-24,21.93,cboe:GVZ_History.csv
2012-05-25,21.11,cboe:GVZ_History.csv
2012-05-29,21.72,cboe:GVZ_History.csv
2012-05-30,23.46,cboe:GVZ_History.csv
2012-05-31,23.11,cboe:GVZ_History.csv
2012-06-01,25.3,cboe:GVZ_History.csv
2012-06-04,25.36,cboe:GVZ_History.csv
2012-06-05,23.99,cboe:GVZ_History.csv
2012-06-06,23.14,cboe:GVZ_History.csv
2012-06-07,22.92,cboe:GVZ_History.csv
2012-06-08,22.03,cboe:GVZ_History.csv
2012-06-11,22.19,cboe:GVZ_History.csv
2012-06-12,22.9,cboe:GVZ_History.csv
2012-06-13,23.96,cboe:GVZ_History.csv
2012-06-14,24.1,cboe:GVZ_History.csv
2012-06-15,22.94,cboe:GVZ_History.csv
2012-06-18,20.64,cboe:GVZ_History.csv
2012-06-19,20.51,cboe:GVZ_History.csv
2012-06-20,19.88,cboe:GVZ_History.csv
2012-06-21,21.07,cboe:GVZ_History.csv
2012-06-22,20.29,cboe:GVZ_History.csv
2012-06-25,20.46,cboe:GVZ_History.csv
2012-06-26,20.47,cboe:GVZ_History.csv
2012-06-27,19.96,cboe:GVZ_History.csv
2012-06-28,20.56,cboe:GVZ_History.csv
2012-06-29,19.53,cboe:GVZ_History.csv
2012-07-02,19.34,cboe:GVZ_History.csv
2012-07-03,25.23,cboe:GVZ_History.csv
2012-07-05,18.94,cboe:GVZ_History.csv
2012-07-06,19.46,cboe:GVZ_History.csv
2012-07-09,19.04,cboe:GVZ_History.csv
2012-07-10,20.28,cboe:GVZ_History.csv
2012-07-11,19.22,cboe:GVZ_History.csv
2012-07-12,19.31,cboe:GVZ_History.csv
2012-07-13,18.52,cboe:GVZ_History.csv
2012-07-16,18.03,cboe:GVZ_History.csv
2012-07-17,17.7,cboe:GVZ_History.csv
2012-07-18,17.35,cboe:GVZ_History.csv
2012-07-19,16.83,cboe:GVZ_History.csv
2012-07-20,16.88,cboe:GVZ_History.csv
2012-07-23,18.34,cboe:GVZ_History.csv
2012-07-24,19.6,cboe:GVZ_History.csv
2012-07-25,19.64,cboe:GVZ_History.csv
2012-07-26,19.37,cboe:GVZ_History.csv
2012-07-27,19.11,cboe:GVZ_History.csv
2012-07-30,19.43,cboe:GVZ_History.csv
2012-07-31,19.51,cboe:GVZ_History.csv
2012-08-01,19.01,cboe:GVZ_History.csv
2012-08-02,18.05,cboe:GVZ_History.csv
2012-08-03,16.65,cboe:GVZ_History.csv
2012-08-06,16.35,cboe:GVZ_History.csv
2012-08-07,16.48,cboe:GVZ_History.csv
2012-08-08,16.25,cboe:GVZ_History.csv
2012-08-09,16.19,cboe:GVZ_History.csv
2012-08-10,16.16,cboe:GVZ_History.csv
2012-08-13,15.13,cboe:GVZ_History.csv
2012-08-14,14.96,cboe:GVZ_History.csv
2012-08-15,14.87,cboe:GVZ_History.csv
2012-08-16,15.17,cboe:GVZ_History.csv
2012-08-17,14.7,cboe:GVZ_History.csv
2012-08-20,14.78,cboe:GVZ_History.csv
2012-08-21,16.29,cboe:GVZ_History.csv
2012-08-22,17.15,cboe:GVZ_History.csv
2012-08-23,17.94,cboe:GVZ_History.csv
2012-08-24,16.88,cboe:GVZ_History.csv
2012-08-27,16.9,cboe:GVZ_History.csv
2012-08-28,16.54,cboe:GVZ_History.csv
2012-08-29,16.5,cboe:GVZ_History.csv
2012-08-30,17.14,cboe:GVZ_History.csv
2012-08-31,17.89,cboe:GVZ_History.csv
2012-09-04,17.97,cboe:GVZ_History.csv
2012-09-05,18.18,cboe:GVZ_History.csv
2012-09-06,17.8,cboe:GVZ_History.csv
2012-09-07,18.95,cboe:GVZ_History.csv
2012-09-10,19.08,cboe:GVZ_History.csv
2012-09-11,19.59,cboe:GVZ_History.csv
2012-09-12,20.15,cboe:GVZ_History.csv
2012-09-13,19.03,cboe:GVZ_History.csv
2012-09-14,17.87,cboe:GVZ_History.csv
2012-09-17,18.08,cboe:GVZ_History.csv
2012-09-18,17.89,cboe:GVZ_History.csv
2012-09-19,17.69,cboe:GVZ_History.csv
2012-09-20,17.29,cboe:GVZ_History.csv
2012-09-21,17.09,cboe:GVZ_History.csv
2012-09-24,16.94,cboe:GVZ_History.csv
2012-09-25,16.74,cboe:GVZ_History.csv
2012-09-26,16.31,cboe:GVZ_History.csv
2012-09-27,17.02,cboe:GVZ_History.csv
2012-09-28,16.76,cboe:GVZ_History.csv
2012-10-01,16.9,cboe:GVZ_History.csv
2012-10-02,16.34,cboe:GVZ_History.csv
2012-10-03,16.59,cboe:GVZ_History.csv
2012-10-04,17.27,cboe:GVZ_History.csv
2012-10-05,15.88,cboe:GVZ_History.csv
2012-10-08,16.13,cboe:GVZ_History.csv
2012-10-09,15.72,cboe:GVZ_History.csv
2012-10-10,15.53,cboe:GVZ_History.csv
2012-10-11,15.31,cboe:GVZ_History.csv
2012-10-12,15.72,cboe:GVZ_History.csv
2012-10-15,15.47,cboe:GVZ_History.csv
2012-10-16,15.12,cboe:GVZ_History.csv
2012-10-17,14.64,cboe:GVZ_History.csv
2012-10-18,14.73,cboe:GVZ_History.csv
2012-10-19,15.1,cboe:GVZ_History.csv
2012-10-22,14.88,cboe:GVZ_History.csv
2012-10-23,15.8,cboe:GVZ_History.csv
2012-10-24,15.7,cboe:GVZ_History.csv
2012-10-25,15.36,cboe:GVZ_History.csv
2012-10-26,14.92,cboe:GVZ_History.csv
2012-10-31,14.99,cboe:GVZ_History.csv
2012-11-01,14.49,cboe:GVZ_History.csv
2012-11-02,16.2,cboe:GVZ_History.csv
2012-11-05,17.48,cboe:GVZ_History.csv
2012-11-06,18.0,cboe:GVZ_History.csv
2012-11-07,16.69,cboe:GVZ_History.csv
2012-11-08,17.02,cboe:GVZ_History.csv
2012-11-09,16.07,cboe:GVZ_History.csv
2012-11-12,15.66,cboe:GVZ_History.csv
2012-11-13,14.54,cboe:GVZ_History.csv
2012-11-14,14.94,cboe:GVZ_History.csv
2012-11-15,14.26,cboe:GVZ_History.csv
2012-11-16,13.28,cboe:GVZ_History.csv
2012-11-19,13.61,cboe:GVZ_History.csv
2012-11-20,13.52,cboe:GVZ_History.csv
2012-11-21,13.22,cboe:GVZ_History.csv
2012-11-23,15.48,cboe:GVZ_History.csv
2012-11-26,13.18,cboe:GVZ_History.csv
2012-11-27,13.68,cboe:GVZ_History.csv
2012-11-28,13.7,cboe:GVZ_History.csv
2012-11-29,12.67,cboe:GVZ_History.csv
2012-11-30,13.24,cboe:GVZ_History.csv
2012-12-03,13.4,cboe:GVZ_History.csv
2012-12-04,13.95,cboe:GVZ_History.csv
2012-12-05,14.0,cboe:GVZ_History.csv
2012-12-06,14.07,cboe:GVZ_History.csv
2012-12-07,13.87,cboe:GVZ_History.csv
2012-12-10,14.2,cboe:GVZ_History.csv
2012-12-11,14.16,cboe:GVZ_History.csv
2012-12-12,13.34,cboe:GVZ_History.csv
2012-12-13,13.01,cboe:GVZ_History.csv
2012-12-14,12.6,cboe:GVZ_History.csv
2012-12-17,11.97,cboe:GVZ_History.csv
2012-12-18,13.69,cboe:GVZ_History.csv
2012-12-19,13.73,cboe:GVZ_History.csv
2012-12-20,14.53,cboe:GVZ_History.csv
2012-12-21,13.82,cboe:GVZ_History.csv
2012-12-24,13.21,cboe:GVZ_History.csv
2012-12-26,13.56,cboe:GVZ_History.csv
2012-12-27,14.83,cboe:GVZ_History.csv
2012-12-28,15.3,cboe:GVZ_History.csv
2012-12-31,14.38,cboe:GVZ_History.csv
2013-01-02,13.43,cboe:GVZ_History.csv
2013-01-03,13.72,cboe:GVZ_History.csv
2013-01-04,13.78,cboe:GVZ_History.csv
2013-01-07,14.51,cboe:GVZ_History.csv
2013-01-08,14.08,cboe:GVZ_History.csv
2013-01-09,14.16,cboe:GVZ_History.csv
2013-01-10,13.27,cboe:GVZ_History.csv
2013-01-11,13.79,cboe:GVZ_History.csv
2013-01-14,13.78,cboe:GVZ_History.csv
2013-01-15,13.76,cboe:GVZ_History.csv
2013-01-16,14.49,cboe:GVZ_History.csv
2013-01-17,14.9,cboe:GVZ_History.csv
2013-01-18,13.8,cboe:GVZ_History.csv
2013-01-22,12.71,cboe:GVZ_History.csv
2013-01-23,12.46,cboe:GVZ_History.csv
2013-01-24,13.03,cboe:GVZ_History.csv
2013-01-25,14.08,cboe:GVZ_History.csv
2013-01-28,14.39,cboe:GVZ_History.csv
2013-01-29,13.59,cboe:GVZ_History.csv
2013-01-30,13.21,cboe:GVZ_History.csv
2013-01-31,13.76,cboe:GVZ_History.csv
2013-02-01,13.32,cboe:GVZ_History.csv
2013-02-04,13.78,cboe:GVZ_History.csv
2013-02-05,13.03,cboe:GVZ_History.csv
2013-02-06,13.57,cboe:GVZ_History.csv
2013-02-07,13.59,cboe:GVZ_History.csv
2013-02-08,13.14,cboe:GVZ_History.csv
2013-02-11,14.38,cboe:GVZ_History.csv
2013-02-12,14.06,cboe:GVZ_History.csv
2013-02-13,14.7,cboe:GVZ_History.csv
2013-02-14,14.72,cboe:GVZ_History.csv
2013-02-15,15.9,cboe:GVZ_History.csv
2013-02-19,15.75,cboe:GVZ_History.csv
2013-02-20,18.59,cboe:GVZ_History.csv
2013-02-21,16.9,cboe:GVZ_History.csv
2013-02-22,16.26,cboe:GVZ_History.csv
2013-02-25,17.48,cboe:GVZ_History.csv
2013-02-26,15.61,cboe:GVZ_History.csv
2013-02-27,15.57,cboe:GVZ_History.csv
2013-02-28,15.79,cboe:GVZ_History.csv
2013-03-01,15.75,cboe:GVZ_History.csv
2013-03-04,16.03,cboe:GVZ_History.csv
2013-03-05,15.47,cboe:GVZ_History.csv
2013-03-06,15.05,cboe:GVZ_History.csv
2013-03-07,14.84,cboe:GVZ_History.csv
2013-03-08,13.54,cboe:GVZ_History.csv
2013-03-11,12.96,cboe:GVZ_History.csv
2013-03-12,12.07,cboe:GVZ_History.csv
2013-03-13,12.24,cboe:GVZ_History.csv
2013-03-14,12.59,cboe:GVZ_History.csv
2013-03-15,12.43,cboe:GVZ_History.csv
2013-03-18,13.3,cboe:GVZ_History.csv
2013-03-19,14.52,cboe:GVZ_History.csv
2013-03-20,13.33,cboe:GVZ_History.csv
2013-03-21,13.37,cboe:GVZ_History.csv
2013-03-22,12.89,cboe:GVZ_History.csv
2013-03-25,12.99,cboe:GVZ_History.csv
2013-03-26,12.48,cboe:GVZ_History.csv
2013-03-27,12.33,cboe:GVZ_History.csv
2013-03-28,12.41,cboe:GVZ_History.csv
2013-04-01,13.13,cboe:GVZ_History.csv
2013-04-02,13.73,cboe:GVZ_History.csv
2013-04-03,15.21,cboe:GVZ_History.csv
2013-04-04,16.03,cboe:GVZ_History.csv
2013-04-05,14.46,cboe:GVZ_History.csv
2013-04-08,14.22,cboe:GVZ_History.csv
2013-04-09,13.54,cboe:GVZ_History.csv
2013-04-10,15.15,cboe:GVZ_History.csv
2013-04-11,15.29,cboe:GVZ_History.csv
2013-04-12,21.32,cboe:GVZ_History.csv
2013-04-15,34.48,cboe:GVZ_History.csv
2013-04-16,30.02,cboe:GVZ_History.csv
2013-04-17,26.93,cboe:GVZ_History.csv
2013-04-18,24.57,cboe:GVZ_History.csv
2013-04-19,24.37,cboe:GVZ_History.csv
2013-04-22,23.28,cboe:GVZ_History.csv
2013-04-23,23.68,cboe:GVZ_History.csv
2013-04-24,21.49,cboe:GVZ_History.csv
2013-04-25,22.35,cboe:GVZ_History.csv
2013-04-26,24.21,cboe:GVZ_History.csv
2013-04-29,23.16,cboe:GVZ_History.csv
2013-04-30,22.09,cboe:GVZ_History.csv
2013-05-01,22.93,cboe:GVZ_History.csv
2013-05-02,22.06,cboe:GVZ_History.csv
2013-05-03,20.37,cboe:GVZ_History.csv
2013-05-06,20.37,cboe:GVZ_History.csv
2013-05-07,22.07,cboe:GVZ_History.csv
2013-05-08,20.64,cboe:GVZ_History.csv
2013-05-09,21.62,cboe:GVZ_History.csv
2013-05-10,23.95,cboe:GVZ_History.csv
2013-05-13,25.04,cboe:GVZ_History.csv
2013-05-14,25.06,cboe:GVZ_History.csv
2013-05-15,28.01,cboe:GVZ_History.csv
2013-05-16,27.18,cboe:GVZ_History.csv
2013-05-17,28.34,cboe:GVZ_History.csv
2013-05-20,26.66,cboe:GVZ_History.csv
2013-05-21,27.18,cboe:GVZ_History.csv
2013-05-22,27.61,cboe:GVZ_History.csv
2013-05-23,26.08,cboe:GVZ_History.csv
2013-05-24,24.9,cboe:GVZ_History.csv
2013-05-28,24.86,cboe:GVZ_History.csv
2013-05-29,22.76,cboe:GVZ_History.csv
2013-05-30,21.43,cboe:GVZ_History.csv
2013-05-31,22.63,cboe:GVZ_History.csv
2013-06-03,21.68,cboe:GVZ_History.csv
2013-06-04,22.32,cboe:GVZ_History.csv
2013-06-05,22.65,cboe:GVZ_History.csv
2013-06-06,22.33,cboe:GVZ_History.csv
2013-06-07,23.58,cboe:GVZ_History.csv
2013-06-10,22.68,cboe:GVZ_History.csv
2013-06-11,23.27,cboe:GVZ_History.csv
2013-06-12,22.04,cboe:GVZ_History.csv
2013-06-13,22.69,cboe:GVZ_History.csv
2013-06-14,20.91,cboe:GVZ_History.csv
2013-06-17,21.27,cboe:GVZ_History.csv
2013-06-18,22.7,cboe:GVZ_History.csv
2013-06-19,22.53,cboe:GVZ_History.csv
2013-06-20,29.94,cboe:GVZ_History.csv
2013-06-21,27.19,cboe:GVZ_History.csv
2013-06-24,27.69,cboe:GVZ_History.csv
2013-06-25,25.86,cboe:GVZ_History.csv
2013-06-26,31.43,cboe:GVZ_History.csv
2013-06-27,33.51,cboe:GVZ_History.csv
2013-06-28,31.84,cboe:GVZ_History.csv
2013-07-01,28.84,cboe:GVZ_History.csv
2013-07-02,28.19,cboe:GVZ_History.csv
2013-07-03,27.25,cboe:GVZ_History.csv
2013-07-05,27.15,cboe:GVZ_History.csv
2013-07-08,26.79,cboe:GVZ_History.csv
2013-07-09,25.68,cboe:GVZ_History.csv
2013-07-10,26.24,cboe:GVZ_History.csv
2013-07-11,23.85,cboe:GVZ_History.csv
2013-07-12,24.07,cboe:GVZ_History.csv
2013-07-15,23.53,cboe:GVZ_History.csv
2013-07-16,23.2,cboe:GVZ_History.csv
2013-07-17,23.61,cboe:GVZ_History.csv
2013-07-18,22.52,cboe:GVZ_History.csv
2013-07-19,21.19,cboe:GVZ_History.csv
2013-07-22,21.76,cboe:GVZ_History.csv
2013-07-23,21.66,cboe:GVZ_History.csv
2013-07-24,22.61,cboe:GVZ_History.csv
2013-07-25,21.77,cboe:GVZ_History.csv
2013-07-26,22.22,cboe:GVZ_History.csv
2013-07-29,22.77,cboe:GVZ_History.csv
2013-07-30,23.72,cboe:GVZ_History.csv
2013-07-31,24.99,cboe:GVZ_History.csv
2013-08-01,24.61,cboe:GVZ_History.csv
2013-08-02,24.24,cboe:GVZ_History.csv
2013-08-05,23.49,cboe:GVZ_History.csv
2013-08-06,23.82,cboe:GVZ_History.csv
2013-08-07,23.49,cboe:GVZ_History.csv
2013-08-08,21.71,cboe:GVZ_History.csv
2013-08-09,21.5,cboe:GVZ_History.csv
2013-08-12,21.58,cboe:GVZ_History.csv
2013-08-13,21.37,cboe:GVZ_History.csv
2013-08-14,21.21,cboe:GVZ_History.csv
2013-08-15,22.45,cboe:GVZ_History.csv
2013-08-16,22.97,cboe:GVZ_History.csv
2013-08-19,24.25,cboe:GVZ_History.csv
2013-08-20,23.82,cboe:GVZ_History.csv
2013-08-21,23.28,cboe:GVZ_History.csv
2013-08-22,22.69,cboe:GVZ_History.csv
2013-08-23,22.63,cboe:GVZ_History.csv
2013-08-26,23.67,cboe:GVZ_History.csv
2013-08-27,23.9,cboe:GVZ_History.csv
2013-08-28,25.89,cboe:GVZ_History.csv
2013-08-29,24.36,cboe:GVZ_History.csv
2013-08-30,24.44,cboe:GVZ_History.csv
2013-09-03,25.2,cboe:GVZ_History.csv
2013-09-04,24.61,cboe:GVZ_History.csv
2013-09-05,25.64,cboe:GVZ_History.csv
2013-09-06,23.59,cboe:GVZ_History.csv
2013-09-09,22.04,cboe:GVZ_History.csv
2013-09-10,22.58,cboe:GVZ_History.csv
2013-09-11,22.63,cboe:GVZ_History.csv
2013-09-12,25.09,cboe:GVZ_History.csv
2013-09-13,24.88,cboe:GVZ_History.csv
2013-09-16,25.12,cboe:GVZ_History.csv
2013-09-17,25.35,cboe:GVZ_History.csv
2013-09-18,23.2,cboe:GVZ_History.csv
2013-09-19,21.75,cboe:GVZ_History.csv
2013-09-20,22.27,cboe:GVZ_History.csv
2013-09-23,22.7,cboe:GVZ_History.csv
2013-09-24,22.84,cboe:GVZ_History.csv
2013-09-25,21.97,cboe:GVZ_History.csv
2013-09-26,21.79,cboe:GVZ_History.csv
2013-09-27,22.57,cboe:GVZ_History.csv
2013-09-30,23.72,cboe:GVZ_History.csv
2013-10-01,25.48,cboe:GVZ_History.csv
2013-10-02,24.04,cboe:GVZ_History.csv
2013-10-03,24.54,cboe:GVZ_History.csv
2013-10-04,24.77,cboe:GVZ_History.csv
2013-10-07,24.81,cboe:GVZ_History.csv
2013-10-08,25.44,cboe:GVZ_History.csv
2013-10-09,25.81,cboe:GVZ_History.csv
2013-10-10,25.36,cboe:GVZ_History.csv
2013-10-11,25.83,cboe:GVZ_History.csv
2013-10-14,26.45,cboe:GVZ_History.csv
2013-10-15,26.07,cboe:GVZ_History.csv
2013-10-16,24.72,cboe:GVZ_History.csv
2013-10-17,22.31,cboe:GVZ_History.csv
2013-10-18,21.43,cboe:GVZ_History.csv
2013-10-21,21.52,cboe:GVZ_History.csv
2013-10-22,20.75,cboe:GVZ_History.csv
2013-10-23,20.52,cboe:GVZ_History.csv
2013-10-24,20.67,cboe:GVZ_History.csv
2013-10-25,19.9,cboe:GVZ_History.csv
2013-10-28,20.32,cboe:GVZ_History.csv
2013-10-29,20.65,cboe:GVZ_History.csv
2013-10-30,20.81,cboe:GVZ_History.csv
2013-10-31,20.57,cboe:GVZ_History.csv
2013-11-01,20.68,cboe:GVZ_History.csv
2013-11-04,20.3,cboe:GVZ_History.csv
2013-11-05,20.19,cboe:GVZ_History.csv
2013-11-06,19.43,cboe:GVZ_History.csv
2013-11-07,20.01,cboe:GVZ_History.csv
2013-11-08,19.37,cboe:GVZ_History.csv
2013-11-11,19.15,cboe:GVZ_History.csv
2013-11-12,21.2,cboe:GVZ_History.csv
2013-11-13,20.46,cboe:GVZ_History.csv
2013-11-14,19.44,cboe:GVZ_History.csv
2013-11-15,18.03,cboe:GVZ_History.csv
2013-11-18,19.52,cboe:GVZ_History.csv
2013-11-19,19.45,cboe:GVZ_History.csv
2013-11-20,23.04,cboe:GVZ_History.csv
2013-11-21,21.3,cboe:GVZ_History.csv
2013-11-22,20.33,cboe:GVZ_History.csv
2013-11-25,20.02,cboe:GVZ_History.csv
2013-11-26,19.68,cboe:GVZ_History.csv
2013-11-27,19.75,cboe:GVZ_History.csv
2013-11-29,19.33,cboe:GVZ_History.csv
2013-12-02,21.43,cboe:GVZ_History.csv
2013-12-03,21.09,cboe:GVZ_History.csv
2013-12-04,20.82,cboe:GVZ_History.csv
2013-12-05,21.78,cboe:GVZ_History.csv
2013-12-06,20.5,cboe:GVZ_History.csv
2013-12-09,20.65,cboe:GVZ_History.csv
2013-12-10,19.63,cboe:GVZ_History.csv
2013-12-11,20.02,cboe:GVZ_History.csv
2013-12-12,22.24,cboe:GVZ_History.csv
2013-12-13,21.87,cboe:GVZ_History.csv
2013-12-16,21.91,cboe:GVZ_History.csv
2013-12-17,21.79,cboe:GVZ_History.csv
2013-12-18,21.39,cboe:GVZ_History.csv
2013-12-19,22.07,cboe:GVZ_History.csv
2013-12-20,21.01,cboe:GVZ_History.csv
2013-12-23,20.76,cboe:GVZ_History.csv
2013-12-24,20.08,cboe:GVZ_History.csv
2013-12-26,19.84,cboe:GVZ_History.csv
2013-12-27,19.1,cboe:GVZ_History.csv
2013-12-30,20.75,cboe:GVZ_History.csv
2013-12-31,21.65,cboe:GVZ_History.csv
2014-01-02,20.42,cboe:GVZ_History.csv
2014-01-03,19.19,cboe:GVZ_History.csv
2014-01-06,19.5,cboe:GVZ_History.csv
2014-01-07,19.12,cboe:GVZ_History.csv
2014-01-08,19.43,cboe:GVZ_History.csv
2014-01-09,18.46,cboe:GVZ_History.csv
2014-01-10,17.27,cboe:GVZ_History.csv
2014-01-13,16.67,cboe:GVZ_History.csv
2014-01-14,16.5,cboe:GVZ_History.csv
2014-01-15,16.43,cboe:GVZ_History.csv
2014-01-16,15.39,cboe:GVZ_History.csv
2014-01-17,14.34,cboe:GVZ_History.csv
2014-01-21,15.97,cboe:GVZ_History.csv
2014-01-22,15.62,cboe:GVZ_History.csv
2014-01-23,16.01,cboe:GVZ_History.csv
2014-01-24,17.54,cboe:GVZ_History.csv
2014-01-27,18.38,cboe:GVZ_History.csv
2014-01-28,18.71,cboe:GVZ_History.csv
2014-01-29,17.45,cboe:GVZ_History.csv
2014-01-30,17.97,cboe:GVZ_History.csv
2014-01-31,18.62,cboe:GVZ_History.csv
2014-02-03,19.15,cboe:GVZ_History.csv
2014-02-04,18.51,cboe:GVZ_History.csv
2014-02-05,18.52,cboe:GVZ_History.csv
2014-02-06,17.93,cboe:GVZ_History.csv
2014-02-07,16.59,cboe:GVZ_History.csv
2014-02-10,17.08,cboe:GVZ_History.csv
2014-02-11,16.81,cboe:GVZ_History.csv
2014-02-12,16.23,cboe:GVZ_History.csv
2014-02-13,16.13,cboe:GVZ_History.csv
2014-02-14,16.26,cboe:GVZ_History.csv
2014-02-18,16.28,cboe:GVZ_History.csv
2014-02-19,16.48,cboe:GVZ_History.csv
2014-02-20,16.07,cboe:GVZ_History.csv
2014-02-21,15.73,cboe:GVZ_History.csv
2014-02-24,15.94,cboe:GVZ_History.csv
2014-02-25,15.86,cboe:GVZ_History.csv
2014-02-26,16.46,cboe:GVZ_History.csv
2014-02-27,15.75,cboe:GVZ_History.csv
2014-02-28,16.07,cboe:GVZ_History.csv
2014-03-03,17.05,cboe:GVZ_History.csv
2014-03-04,16.75,cboe:GVZ_History.csv
2014-03-05,16.58,cboe:GVZ_History.csv
2014-03-06,16.31,cboe:GVZ_History.csv
2014-03-07,15.82,cboe:GVZ_History.csv
2014-03-10,15.83,cboe:GVZ_History.csv
2014-03-11,16.14,cboe:GVZ_History.csv
2014-03-12,16.67,cboe:GVZ_History.csv
2014-03-13,17.3,cboe:GVZ_History.csv
2014-03-14,18.32,cboe:GVZ_History.csv
2014-03-17,17.87,cboe:GVZ_History.csv
2014-03-18,17.37,cboe:GVZ_History.csv
2014-03-19,17.59,cboe:GVZ_History.csv
2014-03-20,16.91,cboe:GVZ_History.csv
2014-03-21,16.43,cboe:GVZ_History.csv
2014-03-24,17.53,cboe:GVZ_History.csv
2014-03-25,17.16,cboe:GVZ_History.csv
2014-03-26,17.32,cboe:GVZ_History.csv
2014-03-27,17.6,cboe:GVZ_History.csv
2014-03-28,17.48,cboe:GVZ_History.csv
2014-03-31,17.37,cboe:GVZ_History.csv
2014-04-01,16.65,cboe:GVZ_History.csv
2014-04-02,16.19,cboe:GVZ_History.csv
2014-04-03,16.01,cboe:GVZ_History.csv
2014-04-04,15.81,cboe:GVZ_History.csv
2014-04-07,15.95,cboe:GVZ_History.csv
2014-04-08,15.99,cboe:GVZ_History.csv
2014-04-09,14.83,cboe:GVZ_History.csv
2014-04-10,15.06,cboe:GVZ_History.csv
2014-04-11,15.19,cboe:GVZ_History.csv
2014-04-14,15.34,cboe:GVZ_History.csv
2014-04-15,16.1,cboe:GVZ_History.csv
2014-04-16,15.44,cboe:GVZ_History.csv
2014-04-17,15.96,cboe:GVZ_History.csv
2014-04-21,16.22,cboe:GVZ_History.csv
2014-04-22,16.19,cboe:GVZ_History.csv
2014-04-23,15.61,cboe:GVZ_History.csv
2014-04-24,15.86,cboe:GVZ_History.csv
2014-04-25,16.07,cboe:GVZ_History.csv
2014-04-28,15.56,cboe:GVZ_History.csv
2014-04-29,15.31,cboe:GVZ_History.csv
2014-04-30,15.52,cboe:GVZ_History.csv
2014-05-01,15.15,cboe:GVZ_History.csv
2014-05-02,14.85,cboe:GVZ_History.csv
2014-05-05,15.51,cboe:GVZ_History.csv
2014-05-06,15.02,cboe:GVZ_History.csv
2014-05-07,15.4,cboe:GVZ_History.csv
2014-05-08,14.87,cboe:GVZ_History.csv
2014-05-09,14.76,cboe:GVZ_History.csv
2014-05-12,14.04,cboe:GVZ_History.csv
2014-05-13,13.61,cboe:GVZ_History.csv
2014-05-14,13.76,cboe:GVZ_History.csv
2014-05-15,14.57,cboe:GVZ_History.csv
2014-05-16,14.04,cboe:GVZ_History.csv
2014-05-19,14.23,cboe:GVZ_History.csv
2014-05-20,14.07,cboe:GVZ_History.csv
2014-05-21,14.36,cboe:GVZ_History.csv
2014-05-22,13.98,cboe:GVZ_History.csv
2014-05-23,14.52,cboe:GVZ_History.csv
2014-05-27,16.21,cboe:GVZ_History.csv
2014-05-28,15.8,cboe:GVZ_History.csv
2014-05-29,15.01,cboe:GVZ_History.csv
2014-05-30,15.34,cboe:GVZ_History.csv
2014-06-02,15.55,cboe:GVZ_History.csv
2014-06-03,15.05,cboe:GVZ_History.csv
2014-06-04,14.79,cboe:GVZ_History.csv
2014-06-05,14.15,cboe:GVZ_History.csv
2014-06-06,13.22,cboe:GVZ_History.csv
2014-06-09,12.77,cboe:GVZ_History.csv
2014-06-10,12.37,cboe:GVZ_History.csv
2014-06-11,12.36,cboe:GVZ_History.csv
2014-06-12,12.91,cboe:GVZ_History.csv
2014-06-13,12.52,cboe:GVZ_History.csv
2014-06-16,12.41,cboe:GVZ_History.csv
2014-06-17,12.53,cboe:GVZ_History.csv
2014-06-18,12.11,cboe:GVZ_History.csv
2014-06-19,14.48,cboe:GVZ_History.csv
2014-06-20,12.79,cboe:GVZ_History.csv
2014-06-23,12.93,cboe:GVZ_History.csv
2014-06-24,12.96,cboe:GVZ_History.csv
2014-06-25,12.92,cboe:GVZ_History.csv
2014-06-26,12.76,cboe:GVZ_History.csv
2014-06-27,12.64,cboe:GVZ_History.csv
2014-06-30,14.01,cboe:GVZ_History.csv
2014-07-01,13.74,cboe:GVZ_History.csv
2014-07-02,13.89,cboe:GVZ_History.csv
2014-07-03,12.99,cboe:GVZ_History.csv
2014-07-07,12.99,cboe:GVZ_History.csv
2014-07-08,12.83,cboe:GVZ_History.csv
2014-07-09,13.05,cboe:GVZ_History.csv
2014-07-10,12.91,cboe:GVZ_History.csv
2014-07-11,13.27,cboe:GVZ_History.csv
2014-07-14,14.23,cboe:GVZ_History.csv
2014-07-15,14.73,cboe:GVZ_History.csv
2014-07-16,14.67,cboe:GVZ_History.csv
2014-07-17,15.52,cboe:GVZ_History.csv
2014-07-18,14.35,cboe:GVZ_History.csv
2014-07-21,14.69,cboe:GVZ_History.csv
2014-07-22,14.62,cboe:GVZ_History.csv
2014-07-23,14.07,cboe:GVZ_History.csv
2014-07-24,14.33,cboe:GVZ_History.csv
2014-07-25,14.68,cboe:GVZ_History.csv
2014-07-28,14.55,cboe:GVZ_History.csv
2014-07-29,15.05,cboe:GVZ_History.csv
2014-07-30,14.85,cboe:GVZ_History.csv
2014-07-31,15.46,cboe:GVZ_History.csv
2014-08-01,14.37,cboe:GVZ_History.csv
2014-08-04,14.17,cboe:GVZ_History.csv
2014-08-05,14.76,cboe:GVZ_History.csv
2014-08-06,14.51,cboe:GVZ_History.csv
2014-08-07,14.82,cboe:GVZ_History.csv
2014-08-08,14.85,cboe:GVZ_History.csv
2014-08-11,14.49,cboe:GVZ_History.csv
2014-08-12,14.35,cboe:GVZ_History.csv
2014-08-13,13.53,cboe:GVZ_History.csv
2014-08-14,12.55,cboe:GVZ_History.csv
2014-08-15,13.33,cboe:GVZ_History.csv
2014-08-18,13.46,cboe:GVZ_History.csv
2014-08-19,13.43,cboe:GVZ_History.csv
2014-08-20,13.51,cboe:GVZ_History.csv
2014-08-21,13.84,cboe:GVZ_History.csv
2014-08-22,13.46,cboe:GVZ_History.csv
2014-08-25,13.55,cboe:GVZ_History.csv
2014-08-26,13.24,cboe:GVZ_History.csv
2014-08-27,12.72,cboe:GVZ_History.csv
2014-08-28,12.9,cboe:GVZ_History.csv
2014-08-29,12.85,cboe:GVZ_History.csv
2014-09-02,14.05,cboe:GVZ_History.csv
2014-09-03,13.44,cboe:GVZ_History.csv
2014-09-04,14.01,cboe:GVZ_History.csv
2014-09-05,13.27,cboe:GVZ_History.csv
2014-09-08,14.47,cboe:GVZ_History.csv
2014-09-09,15.36,cboe:GVZ_History.csv
2014-09-10,15.89,cboe:GVZ_History.csv
2014-09-11,16.42,cboe:GVZ_History.csv
2014-09-12,17.86,cboe:GVZ_History.csv
2014-09-15,16.5,cboe:GVZ_History.csv
2014-09-16,16.58,cboe:GVZ_History.csv
2014-09-17,17.14,cboe:GVZ_History.csv
2014-09-18,15.5,cboe:GVZ_History.csv
2014-09-19,16.9,cboe:GVZ_History.csv
2014-09-22,16.44,cboe:GVZ_History.csv
2014-09-23,16.65,cboe:GVZ_History.csv
2014-09-24,17.21,cboe:GVZ_History.csv
2014-09-25,17.99,cboe:GVZ_History.csv
2014-09-26,17.84,cboe:GVZ_History.csv
2014-09-29,17.17,cboe:GVZ_History.csv
2014-09-30,18.83,cboe:GVZ_History.csv
2014-10-01,18.73,cboe:GVZ_History.csv
2014-10-02,18.2,cboe:GVZ_History.csv
2014-10-03,19.13,cboe:GVZ_History.csv
2014-10-06,17.6,cboe:GVZ_History.csv
2014-10-07,17.56,cboe:GVZ_History.csv
2014-10-08,17.5,cboe:GVZ_History.csv
2014-10-09,17.86,cboe:GVZ_History.csv
2014-10-10,18.11,cboe:GVZ_History.csv
2014-10-13,17.69,cboe:GVZ_History.csv
2014-10-14,17.98,cboe:GVZ_History.csv
2014-10-15,20.04,cboe:GVZ_History.csv
2014-10-16,19.68,cboe:GVZ_History.csv
2014-10-17,18.08,cboe:GVZ_History.csv
2014-10-20,17.27,cboe:GVZ_History.csv
2014-10-21,17.01,cboe:GVZ_History.csv
2014-10-22,16.58,cboe:GVZ_History.csv
2014-10-23,16.91,cboe:GVZ_History.csv
2014-10-24,16.24,cboe:GVZ_History.csv
2014-10-27,16.49,cboe:GVZ_History.csv
2014-10-28,16.3,cboe:GVZ_History.csv
2014-10-29,16.75,cboe:GVZ_History.csv
2014-10-30,18.08,cboe:GVZ_History.csv
2014-10-31,21.54,cboe:GVZ_History.csv
2014-11-03,21.1,cboe:GVZ_History.csv
2014-11-04,20.1,cboe:GVZ_History.csv
2014-11-05,23.38,cboe:GVZ_History.csv
2014-11-06,23.18,cboe:GVZ_History.csv
2014-11-07,21.38,cboe:GVZ_History.csv
2014-11-10,22.23,cboe:GVZ_History.csv
2014-11-11,21.43,cboe:GVZ_History.csv
2014-11-12,21.29,cboe:GVZ_History.csv
2014-11-13,20.98,cboe:GVZ_History.csv
2014-11-14,23.36,cboe:GVZ_History.csv
2014-11-17,23.37,cboe:GVZ_History.csv
2014-11-18,23.97,cboe:GVZ_History.csv
2014-11-19,24.26,cboe:GVZ_History.csv
2014-11-20,21.5,cboe:GVZ_History.csv
2014-11-21,21.23,cboe:GVZ_History.csv
2014-11-24,20.64,cboe:GVZ_History.csv
2014-11-25,20.67,cboe:GVZ_History.csv
2014-11-26,21.24,cboe:GVZ_History.csv
2014-11-28,25.17,cboe:GVZ_History.csv
2014-12-01,22.33,cboe:GVZ_History.csv
2014-12-02,21.29,cboe:GVZ_History.csv
2014-12-03,20.62,cboe:GVZ_History.csv
2014-12-04,20.29,cboe:GVZ_History.csv
2014-12-05,20.02,cboe:GVZ_History.csv
2014-12-08,19.62,cboe:GVZ_History.csv
2014-12-09,20.04,cboe:GVZ_History.csv
2014-12-10,19.27,cboe:GVZ_History.csv
2014-12-11,19.11,cboe:GVZ_History.csv
2014-12-12,19.66,cboe:GVZ_History.csv
2014-12-15,20.95,cboe:GVZ_History.csv
2014-12-16,22.08,cboe:GVZ_History.csv
2014-12-17,20.9,cboe:GVZ_History.csv
2014-12-18,19.28,cboe:GVZ_History.csv
2014-12-19,18.68,cboe:GVZ_History.csv
2014-12-22,20.26,cboe:GVZ_History.csv
2014-12-23,19.76,cboe:GVZ_History.csv
2014-12-24,19.37,cboe:GVZ_History.csv
2014-12-26,18.92,cboe:GVZ_History.csv
2014-12-29,20.15,cboe:GVZ_History.csv
2014-12-30,19.48,cboe:GVZ_History.csv
2014-12-31,20.08,cboe:GVZ_History.csv
2015-01-02,20.23,cboe:GVZ_History.csv
2015-01-05,21.26,cboe:GVZ_History.csv
2015-01-06,20.78,cboe:GVZ_History.csv
2015-01-07,20.35,cboe:GVZ_History.csv
2015-01-08,19.2,cboe:GVZ_History.csv
2015-01-09,18.44,cboe:GVZ_History.csv
2015-01-12,17.65,cboe:GVZ_History.csv
2015-01-13,17.63,cboe:GVZ_History.csv
2015-01-14,18.52,cboe:GVZ_History.csv
2015-01-15,21.83,cboe:GVZ_History.csv
2015-01-16,22.66,cboe:GVZ_History.csv
2015-01-20,23.43,cboe:GVZ_History.csv
2015-01-21,22.34,cboe:GVZ_History.csv
2015-01-22,21.25,cboe:GVZ_History.csv
2015-01-23,20.62,cboe:GVZ_History.csv
2015-01-26,20.04,cboe:GVZ_History.csv
2015-01-27,20.16,cboe:GVZ_History.csv
2015-01-28,19.31,cboe:GVZ_History.csv
2015-01-29,20.25,cboe:GVZ_History.csv
2015-01-30,19.65,cboe:GVZ_History.csv
2015-02-02,20.33,cboe:GVZ_History.csv
2015-02-03,20.3,cboe:GVZ_History.csv
2015-02-04,20.36,cboe:GVZ_History.csv
2015-02-05,20.06,cboe:GVZ_History.csv
2015-02-06,20.59,cboe:GVZ_History.csv
2015-02-09,20.3,cboe:GVZ_History.csv
2015-02-10,19.71,cboe:GVZ_History.csv
2015-02-11,20.07,cboe:GVZ_History.csv
2015-02-12,19.31,cboe:GVZ_History.csv
2015-02-13,18.49,cboe:GVZ_History.csv
2015-02-17,19.61,cboe:GVZ_History.csv
2015-02-18,19.54,cboe:GVZ_History.csv
2015-02-19,18.62,cboe:GVZ_History.csv
2015-02-20,19.26,cboe:GVZ_History.csv
2015-02-23,19.4,cboe:GVZ_History.csv
2015-02-24,18.77,cboe:GVZ_History.csv
2015-02-25,17.4,cboe:GVZ_History.csv
2015-02-26,16.65,cboe:GVZ_History.csv
2015-02-27,15.91,cboe:GVZ_History.csv
2015-03-02,16.38,cboe:GVZ_History.csv
2015-03-03,16.76,cboe:GVZ_History.csv
2015-03-04,16.66,cboe:GVZ_History.csv
2015-03-05,16.9,cboe:GVZ_History.csv
2015-03-06,18.43,cboe:GVZ_History.csv
2015-03-09,17.58,cboe:GVZ_History.csv
2015-03-10,18.97,cboe:GVZ_History.csv
2015-03-11,20.01,cboe:GVZ_History.csv
2015-03-12,19.07,cboe:GVZ_History.csv
2015-03-13,18.9,cboe:GVZ_History.csv
2015-03-16,19.14,cboe:GVZ_History.csv
2015-03-17,20.83,cboe:GVZ_History.csv
2015-03-18,18.65,cboe:GVZ_History.csv
2015-03-19,17.25,cboe:GVZ_History.csv
2015-03-20,17.21,cboe:GVZ_History.csv
2015-03-23,17.26,cboe:GVZ_History.csv
2015-03-24,16.84,cboe:GVZ_History.csv
2015-03-25,16.38,cboe:GVZ_History.csv
2015-03-26,16.02,cboe:GVZ_History.csv
2015-03-27,15.83,cboe:GVZ_History.csv
2015-03-30,16.64,cboe:GVZ_History.csv
2015-03-31,16.34,cboe:GVZ_History.csv
2015-04-01,16.04,cboe:GVZ_History.csv
2015-04-02,16.01,cboe:GVZ_History.csv
2015-04-06,15.74,cboe:GVZ_History.csv
2015-04-07,15.2,cboe:GVZ_History.csv
2015-04-08,14.79,cboe:GVZ_History.csv
2015-04-09,15.0,cboe:GVZ_History.csv
2015-04-10,14.23,cboe:GVZ_History.csv
2015-04-13,14.79,cboe:GVZ_History.csv
2015-04-14,15.18,cboe:GVZ_History.csv
2015-04-15,14.6,cboe:GVZ_History.csv
2015-04-16,14.54,cboe:GVZ_History.csv
2015-04-17,14.47,cboe:GVZ_History.csv
2015-04-20,15.39,cboe:GVZ_History.csv
2015-04-21,15.04,cboe:GVZ_History.csv
2015-04-22,15.79,cboe:GVZ_History.csv
2015-04-23,15.87,cboe:GVZ_History.csv
2015-04-24,16.39,cboe:GVZ_History.csv
2015-04-27,16.42,cboe:GVZ_History.csv
2015-04-28,16.19,cboe:GVZ_History.csv
2015-04-29,15.95,cboe:GVZ_History.csv
2015-04-30,16.76,cboe:GVZ_History.csv
2015-05-01,17.29,cboe:GVZ_History.csv
2015-05-04,17.62,cboe:GVZ_History.csv
2015-05-05,17.15,cboe:GVZ_History.csv
2015-05-06,17.53,cboe:GVZ_History.csv
2015-05-07,17.91,cboe:GVZ_History.csv
2015-05-08,15.84,cboe:GVZ_History.csv
2015-05-11,15.94,cboe:GVZ_History.csv
2015-05-12,15.63,cboe:GVZ_History.csv
2015-05-13,15.93,cboe:GVZ_History.csv
2015-05-14,16.21,cboe:GVZ_History.csv
2015-05-15,15.48,cboe:GVZ_History.csv
2015-05-18,15.81,cboe:GVZ_History.csv
2015-05-19,15.88,cboe:GVZ_History.csv
2015-05-20,15.25,cboe:GVZ_History.csv
2015-05-21,14.62,cboe:GVZ_History.csv
2015-05-22,14.19,cboe:GVZ_History.csv
2015-05-26,15.22,cboe:GVZ_History.csv
2015-05-27,14.08,cboe:GVZ_History.csv
2015-05-28,14.51,cboe:GVZ_History.csv
2015-05-29,13.99,cboe:GVZ_History.csv
2015-06-01,14.88,cboe:GVZ_History.csv
2015-06-02,14.86,cboe:GVZ_History.csv
2015-06-03,15.15,cboe:GVZ_History.csv
2015-06-04,16.01,cboe:GVZ_History.csv
2015-06-05,15.12,cboe:GVZ_History.csv
2015-06-08,15.14,cboe:GVZ_History.csv
2015-06-09,14.83,cboe:GVZ_History.csv
2015-06-10,14.37,cboe:GVZ_History.csv
2015-06-11,14.3,cboe:GVZ_History.csv
2015-06-12,13.99,cboe:GVZ_History.csv
2015-06-15,14.34,cboe:GVZ_History.csv
2015-06-16,14.36,cboe:GVZ_History.csv
2015-06-17,13.58,cboe:GVZ_History.csv
2015-06-18,13.53,cboe:GVZ_History.csv
2015-06-19,13.26,cboe:GVZ_History.csv
2015-06-22,13.85,cboe:GVZ_History.csv
2015-06-23,13.89,cboe:GVZ_History.csv
2015-06-24,13.83,cboe:GVZ_History.csv
2015-06-25,13.12,cboe:GVZ_History.csv
2015-06-26,13.22,cboe:GVZ_History.csv
2015-06-29,14.5,cboe:GVZ_History.csv
2015-06-30,15.34,cboe:GVZ_History.csv
2015-07-01,14.86,cboe:GVZ_History.csv
2015-07-02,14.42,cboe:GVZ_History.csv
2015-07-06,14.25,cboe:GVZ_History.csv
2015-07-07,15.23,cboe:GVZ_History.csv
2015-07-08,15.78,cboe:GVZ_History.csv
2015-07-09,15.47,cboe:GVZ_History.csv
2015-07-10,14.42,cboe:GVZ_History.csv
2015-07-13,13.43,cboe:GVZ_History.csv
2015-07-14,13.25,cboe:GVZ_History.csv
2015-07-15,14.35,cboe:GVZ_History.csv
2015-07-16,14.05,cboe:GVZ_History.csv
2015-07-17,16.32,cboe:GVZ_History.csv
2015-07-20,19.73,cboe:GVZ_History.csv
2015-07-21,19.56,cboe:GVZ_History.csv
2015-07-22,19.59,cboe:GVZ_History.csv
2015-07-23,19.39,cboe:GVZ_History.csv
2015-07-24,19.27,cboe:GVZ_History.csv
2015-07-27,20.06,cboe:GVZ_History.csv
2015-07-28,18.4,cboe:GVZ_History.csv
2015-07-29,17.22,cboe:GVZ_History.csv
2015-07-30,17.07,cboe:GVZ_History.csv
2015-07-31,16.79,cboe:GVZ_History.csv
2015-08-03,17.58,cboe:GVZ_History.csv
2015-08-04,17.24,cboe:GVZ_History.csv
2015-08-05,17.74,cboe:GVZ_History.csv
2015-08-06,17.25,cboe:GVZ_History.csv
2015-08-07,16.59,cboe:GVZ_History.csv
2015-08-10,16.41,cboe:GVZ_History.csv
2015-08-11,16.53,cboe:GVZ_History.csv
2015-08-12,16.8,cboe:GVZ_History.csv
2015-08-13,15.84,cboe:GVZ_History.csv
2015-08-14,15.59,cboe:GVZ_History.csv
2015-08-17,15.4,cboe:GVZ_History.csv
2015-08-18,15.84,cboe:GVZ_History.csv
2015-08-19,15.96,cboe:GVZ_History.csv
2015-08-20,16.87,cboe:GVZ_History.csv
2015-08-21,18.48,cboe:GVZ_History.csv
2015-08-24,21.26,cboe:GVZ_History.csv
2015-08-25,20.2,cboe:GVZ_History.csv
2015-08-26,20.03,cboe:GVZ_History.csv
2015-08-27,18.74,cboe:GVZ_History.csv
2015-08-28,18.8,cboe:GVZ_History.csv
2015-08-31,19.34,cboe:GVZ_History.csv
2015-09-01,19.65,cboe:GVZ_History.csv
2015-09-02,18.65,cboe:GVZ_History.csv
2015-09-03,18.57,cboe:GVZ_History.csv
2015-09-04,18.62,cboe:GVZ_History.csv
2015-09-08,18.31,cboe:GVZ_History.csv
2015-09-09,17.8,cboe:GVZ_History.csv
2015-09-10,16.89,cboe:GVZ_History.csv
2015-09-11,17.38,cboe:GVZ_History.csv
2015-09-14,17.63,cboe:GVZ_History.csv
2015-09-15,17.69,cboe:GVZ_History.csv
2015-09-16,18.05,cboe:GVZ_History.csv
2015-09-17,16.63,cboe:GVZ_History.csv
2015-09-18,16.46,cboe:GVZ_History.csv
2015-09-21,16.59,cboe:GVZ_History.csv
2015-09-22,17.35,cboe:GVZ_History.csv
2015-09-23,17.34,cboe:GVZ_History.csv
2015-09-24,19.26,cboe:GVZ_History.csv
2015-09-25,18.33,cboe:GVZ_History.csv
2015-09-28,18.28,cboe:GVZ_History.csv
2015-09-29,17.67,cboe:GVZ_History.csv
2015-09-30,17.47,cboe:GVZ_History.csv
2015-10-01,16.9,cboe:GVZ_History.csv
2015-10-02,16.71,cboe:GVZ_History.csv
2015-10-05,16.68,cboe:GVZ_History.csv
2015-10-06,17.54,cboe:GVZ_History.csv
2015-10-07,17.13,cboe:GVZ_History.csv
2015-10-08,16.91,cboe:GVZ_History.csv
2015-10-09,16.92,cboe:GVZ_History.csv
2015-10-12,16.24,cboe:GVZ_History.csv
2015-10-13,17.14,cboe:GVZ_History.csv
2015-10-14,18.35,cboe:GVZ_History.csv
2015-10-15,17.9,cboe:GVZ_History.csv
2015-10-16,16.59,cboe:GVZ_History.csv
2015-10-19,16.94,cboe:GVZ_History.csv
2015-10-20,16.79,cboe:GVZ_History.csv
2015-10-21,15.9,cboe:GVZ_History.csv
2015-10-22,15.59,cboe:GVZ_History.csv
2015-10-23,15.59,cboe:GVZ_History.csv
2015-10-26,15.78,cboe:GVZ_History.csv
2015-10-27,15.3,cboe:GVZ_History.csv
2015-10-28,15.63,cboe:GVZ_History.csv
2015-10-29,15.77,cboe:GVZ_History.csv
2015-10-30,15.39,cboe:GVZ_History.csv
2015-11-02,15.28,cboe:GVZ_History.csv
2015-11-03,17.19,cboe:GVZ_History.csv
2015-11-04,18.02,cboe:GVZ_History.csv
2015-11-05,17.82,cboe:GVZ_History.csv
2015-11-06,17.36,cboe:GVZ_History.csv
2015-11-09,17.55,cboe:GVZ_History.csv
2015-11-10,17.36,cboe:GVZ_History.csv
2015-11-11,17.89,cboe:GVZ_History.csv
2015-11-12,18.47,cboe:GVZ_History.csv
2015-11-13,18.29,cboe:GVZ_History.csv
2015-11-16,18.5,cboe:GVZ_History.csv
2015-11-17,20.17,cboe:GVZ_History.csv
2015-11-18,19.4,cboe:GVZ_History.csv
2015-11-19,18.04,cboe:GVZ_History.csv
2015-11-20,17.26,cboe:GVZ_History.csv
2015-11-23,17.7,cboe:GVZ_History.csv
2015-11-24,16.72,cboe:GVZ_History.csv
2015-11-25,16.39,cboe:GVZ_History.csv
2015-11-27,17.16,cboe:GVZ_History.csv
2015-11-30,16.91,cboe:GVZ_History.csv
2015-12-01,16.62,cboe:GVZ_History.csv
2015-12-02,17.36,cboe:GVZ_History.csv
2015-12-03,17.76,cboe:GVZ_History.csv
2015-12-04,15.96,cboe:GVZ_History.csv
2015-12-07,16.23,cboe:GVZ_History.csv
2015-12-08,16.12,cboe:GVZ_History.csv
2015-12-09,17.39,cboe:GVZ_History.csv
2015-12-10,17.07,cboe:GVZ_History.csv
2015-12-11,18.16,cboe:GVZ_History.csv
2015-12-14,19.05,cboe:GVZ_History.csv
2015-12-15,18.09,cboe:GVZ_History.csv
2015-12-16,15.41,cboe:GVZ_History.csv
2015-12-17,16.06,cboe:GVZ_History.csv
2015-12-18,15.06,cboe:GVZ_History.csv
2015-12-21,15.32,cboe:GVZ_History.csv
2015-12-22,15.17,cboe:GVZ_History.csv
2015-12-23,14.94,cboe:GVZ_History.csv
2015-12-24,15.02,cboe:GVZ_History.csv
2015-12-28,16.06,cboe:GVZ_History.csv
2015-12-29,15.22,cboe:GVZ_History.csv
2015-12-30,15.25,cboe:GVZ_History.csv
2015-12-31,14.99,cboe:GVZ_History.csv
2016-01-04,16.07,cboe:GVZ_History.csv
2016-01-05,15.2,cboe:GVZ_History.csv
2016-01-06,16.3,cboe:GVZ_History.csv
2016-01-07,17.42,cboe:GVZ_History.csv
2016-01-08,17.62,cboe:GVZ_History.csv
2016-01-11,16.43,cboe:GVZ_History.csv
2016-01-12,16.61,cboe:GVZ_History.csv
2016-01-13,16.99,cboe:GVZ_History.csv
2016-01-14,16.16,cboe:GVZ_History.csv
2016-01-15,17.42,cboe:GVZ_History.csv
2016-01-19,16.17,cboe:GVZ_History.csv
2016-01-20,16.56,cboe:GVZ_History.csv
2016-01-21,16.77,cboe:GVZ_History.csv
2016-01-22,15.91,cboe:GVZ_History.csv
2016-01-25,17.13,cboe:GVZ_History.csv
2016-01-26,17.26,cboe:GVZ_History.csv
2016-01-27,16.71,cboe:GVZ_History.csv
2016-01-28,15.41,cboe:GVZ_History.csv
2016-01-29,15.73,cboe:GVZ_History.csv
2016-02-01,16.81,cboe:GVZ_History.csv
2016-02-02,16.2,cboe:GVZ_History.csv
2016-02-03,17.84,cboe:GVZ_History.csv
2016-02-04,17.39,cboe:GVZ_History.csv
2016-02-05,19.58,cboe:GVZ_History.csv
2016-02-08,20.38,cboe:GVZ_History.csv
2016-02-09,21.72,cboe:GVZ_History.csv
2016-02-10,21.36,cboe:GVZ_History.csv
2016-02-11,28.37,cboe:GVZ_History.csv
2016-02-12,24.1,cboe:GVZ_History.csv
2016-02-16,24.84,cboe:GVZ_History.csv
2016-02-17,24.53,cboe:GVZ_History.csv
2016-02-18,26.37,cboe:GVZ_History.csv
2016-02-19,24.88,cboe:GVZ_History.csv
2016-02-22,23.31,cboe:GVZ_History.csv
2016-02-23,23.69,cboe:GVZ_History.csv
2016-02-24,24.24,cboe:GVZ_History.csv
2016-02-25,23.36,cboe:GVZ_History.csv
2016-02-26,21.67,cboe:GVZ_History.csv
2016-02-29,22.59,cboe:GVZ_History.csv
2016-03-01,21.97,cboe:GVZ_History.csv
2016-03-02,22.0,cboe:GVZ_History.csv
2016-03-03,23.51,cboe:GVZ_History.csv
2016-03-04,22.31,cboe:GVZ_History.csv
2016-03-07,22.08,cboe:GVZ_History.csv
2016-03-08,23.07,cboe:GVZ_History.csv
2016-03-09,22.31,cboe:GVZ_History.csv
2016-03-10,23.14,cboe:GVZ_History.csv
2016-03-11,21.9,cboe:GVZ_History.csv
2016-03-14,21.14,cboe:GVZ_History.csv
2016-03-15,19.7,cboe:GVZ_History.csv
2016-03-16,20.03,cboe:GVZ_History.csv
2016-03-17,18.99,cboe:GVZ_History.csv
2016-03-18,18.15,cboe:GVZ_History.csv
2016-03-21,17.4,cboe:GVZ_History.csv
2016-03-22,17.62,cboe:GVZ_History.csv
2016-03-23,18.0,cboe:GVZ_History.csv
2016-03-24,18.09,cboe:GVZ_History.csv
2016-03-28,17.53,cboe:GVZ_History.csv
2016-03-29,19.52,cboe:GVZ_History.csv
2016-03-30,18.58,cboe:GVZ_History.csv
2016-03-31,18.45,cboe:GVZ_History.csv
2016-04-01,18.04,cboe:GVZ_History.csv
2016-04-04,17.95,cboe:GVZ_History.csv
2016-04-05,18.16,cboe:GVZ_History.csv
2016-04-06,17.82,cboe:GVZ_History.csv
2016-04-07,19.32,cboe:GVZ_History.csv
2016-04-08,18.74,cboe:GVZ_History.csv
2016-04-11,19.58,cboe:GVZ_History.csv
2016-04-12,19.09,cboe:GVZ_History.csv
2016-04-13,17.96,cboe:GVZ_History.csv
2016-04-14,17.83,cboe:GVZ_History.csv
2016-04-15,17.41,cboe:GVZ_History.csv
2016-04-18,17.3,cboe:GVZ_History.csv
2016-04-19,17.42,cboe:GVZ_History.csv
2016-04-20,16.69,cboe:GVZ_History.csv
2016-04-21,17.9,cboe:GVZ_History.csv
2016-04-22,17.21,cboe:GVZ_History.csv
2016-04-25,17.66,cboe:GVZ_History.csv
2016-04-26,17.43,cboe:GVZ_History.csv
2016-04-27,16.43,cboe:GVZ_History.csv
2016-04-28,17.9,cboe:GVZ_History.csv
2016-04-29,20.23,cboe:GVZ_History.csv
2016-05-02,19.29,cboe:GVZ_History.csv
2016-05-03,18.7,cboe:GVZ_History.csv
2016-05-04,19.47,cboe:GVZ_History.csv
2016-05-05,18.46,cboe:GVZ_History.csv
2016-05-06,18.65,cboe:GVZ_History.csv
2016-05-09,18.65,cboe:GVZ_History.csv
2016-05-10,18.04,cboe:GVZ_History.csv
2016-05-11,18.35,cboe:GVZ_History.csv
2016-05-12,17.84,cboe:GVZ_History.csv
2016-05-13,18.29,cboe:GVZ_History.csv
2016-05-16,18.49,cboe:GVZ_History.csv
2016-05-17,18.17,cboe:GVZ_History.csv
2016-05-18,18.2,cboe:GVZ_History.csv
2016-05-19,17.85,cboe:GVZ_History.csv
2016-05-20,17.0,cboe:GVZ_History.csv
2016-05-23,16.8,cboe:GVZ_History.csv
2016-05-24,16.66,cboe:GVZ_History.csv
2016-05-25,15.98,cboe:GVZ_History.csv
2016-05-26,15.29,cboe:GVZ_History.csv
2016-05-27,15.39,cboe:GVZ_History.csv
2016-05-31,15.83,cboe:GVZ_History.csv
2016-06-01,15.92,cboe:GVZ_History.csv
2016-06-02,16.05,cboe:GVZ_History.csv
2016-06-03,17.45,cboe:GVZ_History.csv
2016-06-06,17.76,cboe:GVZ_History.csv
2016-06-07,17.29,cboe:GVZ_History.csv
2016-06-08,18.76,cboe:GVZ_History.csv
2016-06-09,20.28,cboe:GVZ_History.csv
2016-06-10,20.52,cboe:GVZ_History.csv
2016-06-13,21.11,cboe:GVZ_History.csv
2016-06-14,20.63,cboe:GVZ_History.csv
2016-06-15,20.68,cboe:GVZ_History.csv
2016-06-16,21.95,cboe:GVZ_History.csv
2016-06-17,22.52,cboe:GVZ_History.csv
2016-06-20,21.01,cboe:GVZ_History.csv
2016-06-21,20.65,cboe:GVZ_History.csv
2016-06-22,22.25,cboe:GVZ_History.csv
2016-06-23,20.1,cboe:GVZ_History.csv
2016-06-24,22.2,cboe:GVZ_History.csv
2016-06-27,22.52,cboe:GVZ_History.csv
2016-06-28,20.18,cboe:GVZ_History.csv
2016-06-29,19.26,cboe:GVZ_History.csv
2016-06-30,18.5,cboe:GVZ_History.csv
2016-07-01,18.43,cboe:GVZ_History.csv
2016-07-05,20.09,cboe:GVZ_History.csv
2016-07-06,21.18,cboe:GVZ_History.csv
2016-07-07,20.55,cboe:GVZ_History.csv
2016-07-08,18.79,cboe:GVZ_History.csv
2016-07-11,18.93,cboe:GVZ_History.csv
2016-07-12,17.94,cboe:GVZ_History.csv
2016-07-13,17.61,cboe:GVZ_History.csv
2016-07-14,17.15,cboe:GVZ_History.csv
2016-07-15,16.91,cboe:GVZ_History.csv
2016-07-18,16.96,cboe:GVZ_History.csv
2016-07-19,16.71,cboe:GVZ_History.csv
2016-07-20,17.21,cboe:GVZ_History.csv
2016-07-21,17.77,cboe:GVZ_History.csv
2016-07-22,17.61,cboe:GVZ_History.csv
2016-07-25,17.74,cboe:GVZ_History.csv
2016-07-26,17.45,cboe:GVZ_History.csv
2016-07-27,16.93,cboe:GVZ_History.csv
2016-07-28,16.31,cboe:GVZ_History.csv
2016-07-29,15.8,cboe:GVZ_History.csv
2016-08-01,16.28,cboe:GVZ_History.csv
2016-08-02,16.45,cboe:GVZ_History.csv
2016-08-03,16.18,cboe:GVZ_History.csv
2016-08-04,16.06,cboe:GVZ_History.csv
2016-08-05,15.6,cboe:GVZ_History.csv
2016-08-08,15.49,cboe:GVZ_History.csv
2016-08-09,14.41,cboe:GVZ_History.csv
2016-08-10,14.89,cboe:GVZ_History.csv
2016-08-11,15.37,cboe:GVZ_History.csv
2016-08-12,15.01,cboe:GVZ_History.csv
2016-08-15,14.67,cboe:GVZ_History.csv
2016-08-16,16.13,cboe:GVZ_History.csv
2016-08-17,15.83,cboe:GVZ_History.csv
2016-08-18,14.97,cboe:GVZ_History.csv
2016-08-19,15.35,cboe:GVZ_History.csv
2016-08-22,15.82,cboe:GVZ_History.csv
2016-08-23,15.62,cboe:GVZ_History.csv
2016-08-24,16.89,cboe:GVZ_History.csv
2016-08-25,16.73,cboe:GVZ_History.csv
2016-08-26,16.17,cboe:GVZ_History.csv
2016-08-29,15.95,cboe:GVZ_History.csv
2016-08-30,15.99,cboe:GVZ_History.csv
2016-08-31,16.01,cboe:GVZ_History.csv
2016-09-01,16.25,cboe:GVZ_History.csv
2016-09-02,14.58,cboe:GVZ_History.csv
2016-09-06,15.6,cboe:GVZ_History.csv
2016-09-07,15.0,cboe:GVZ_History.csv
2016-09-08,14.97,cboe:GVZ_History.csv
2016-09-09,15.49,cboe:GVZ_History.csv
2016-09-12,15.2,cboe:GVZ_History.csv
2016-09-13,15.78,cboe:GVZ_History.csv
2016-09-14,15.32,cboe:GVZ_History.csv
2016-09-15,15.07,cboe:GVZ_History.csv
2016-09-16,14.78,cboe:GVZ_History.csv
2016-09-19,15.68,cboe:GVZ_History.csv
2016-09-20,15.69,cboe:GVZ_History.csv
2016-09-21,14.69,cboe:GVZ_History.csv
2016-09-22,13.73,cboe:GVZ_History.csv
2016-09-23,13.93,cboe:GVZ_History.csv
2016-09-26,14.98,cboe:GVZ_History.csv
2016-09-27,14.53,cboe:GVZ_History.csv
2016-09-28,13.98,cboe:GVZ_History.csv
2016-09-29,13.86,cboe:GVZ_History.csv
2016-09-30,13.88,cboe:GVZ_History.csv
2016-10-03,14.16,cboe:GVZ_History.csv
2016-10-04,15.8,cboe:GVZ_History.csv
2016-10-05,15.21,cboe:GVZ_History.csv
2016-10-06,16.05,cboe:GVZ_History.csv
2016-10-07,15.72,cboe:GVZ_History.csv
2016-10-10,15.6,cboe:GVZ_History.csv
2016-10-11,15.63,cboe:GVZ_History.csv
2016-10-12,15.61,cboe:GVZ_History.csv
2016-10-13,15.63,cboe:GVZ_History.csv
2016-10-14,15.14,cboe:GVZ_History.csv
2016-10-17,15.23,cboe:GVZ_History.csv
2016-10-18,14.73,cboe:GVZ_History.csv
2016-10-19,14.59,cboe:GVZ_History.csv
2016-10-20,14.68,cboe:GVZ_History.csv
2016-10-21,14.55,cboe:GVZ_History.csv
2016-10-24,14.95,cboe:GVZ_History.csv
2016-10-25,14.55,cboe:GVZ_History.csv
2016-10-26,14.48,cboe:GVZ_History.csv
2016-10-27,15.0,cboe:GVZ_History.csv
2016-10-28,16.62,cboe:GVZ_History.csv
2016-10-31,18.13,cboe:GVZ_History.csv
2016-11-01,19.02,cboe:GVZ_History.csv
2016-11-02,19.32,cboe:GVZ_History.csv
2016-11-03,19.98,cboe:GVZ_History.csv
2016-11-04,20.22,cboe:GVZ_History.csv
2016-11-07,18.53,cboe:GVZ_History.csv
2016-11-08,17.93,cboe:GVZ_History.csv
2016-11-09,16.68,cboe:GVZ_History.csv
2016-11-10,18.52,cboe:GVZ_History.csv
2016-11-11,23.25,cboe:GVZ_History.csv
2016-11-14,20.5,cboe:GVZ_History.csv
2016-11-15,16.42,cboe:GVZ_History.csv
2016-11-16,15.77,cboe:GVZ_History.csv
2016-11-17,17.5,cboe:GVZ_History.csv
2016-11-18,17.03,cboe:GVZ_History.csv
2016-11-21,15.86,cboe:GVZ_History.csv
2016-11-22,15.43,cboe:GVZ_History.csv
2016-11-23,18.53,cboe:GVZ_History.csv
2016-11-25,18.47,cboe:GVZ_History.csv
2016-11-28,17.39,cboe:GVZ_History.csv
2016-11-29,17.28,cboe:GVZ_History.csv
2016-11-30,19.18,cboe:GVZ_History.csv
2016-12-01,19.39,cboe:GVZ_History.csv
2016-12-02,18.44,cboe:GVZ_History.csv
2016-12-05,17.56,cboe:GVZ_History.csv
2016-12-06,17.06,cboe:GVZ_History.csv
2016-12-07,16.87,cboe:GVZ_History.csv
2016-12-08,16.48,cboe:GVZ_History.csv
2016-12-09,18.66,cboe:GVZ_History.csv
2016-12-12,16.97,cboe:GVZ_History.csv
2016-12-13,16.17,cboe:GVZ_History.csv
2016-12-14,18.21,cboe:GVZ_History.csv
2016-12-15,17.89,cboe:GVZ_History.csv
2016-12-16,17.55,cboe:GVZ_History.csv
2016-12-19,16.05,cboe:GVZ_History.csv
2016-12-20,16.69,cboe:GVZ_History.csv
2016-12-21,15.82,cboe:GVZ_History.csv
2016-12-22,15.28,cboe:GVZ_History.csv
2016-12-23,16.36,cboe:GVZ_History.csv
2016-12-27,16.68,cboe:GVZ_History.csv
2016-12-28,16.04,cboe:GVZ_History.csv
2016-12-29,15.68,cboe:GVZ_History.csv
2016-12-30,16.23,cboe:GVZ_History.csv
2017-01-03,16.26,cboe:GVZ_History.csv
2017-01-04,15.16,cboe:GVZ_History.csv
2017-01-05,14.98,cboe:GVZ_History.csv
2017-01-06,14.55,cboe:GVZ_History.csv
2017-01-09,14.38,cboe:GVZ_History.csv
2017-01-10,14.32,cboe:GVZ_History.csv
2017-01-11,14.96,cboe:GVZ_History.csv
2017-01-12,14.6,cboe:GVZ_History.csv
2017-01-13,14.63,cboe:GVZ_History.csv
2017-01-17,15.67,cboe:GVZ_History.csv
2017-01-18,15.25,cboe:GVZ_History.csv
2017-01-19,15.11,cboe:GVZ_History.csv
2017-01-20,14.38,cboe:GVZ_History.csv
2017-01-23,15.15,cboe:GVZ_History.csv
2017-01-24,14.65,cboe:GVZ_History.csv
2017-01-25,14.47,cboe:GVZ_History.csv
2017-01-26,14.74,cboe:GVZ_History.csv
2017-01-27,14.34,cboe:GVZ_History.csv
2017-01-30,15.19,cboe:GVZ_History.csv
2017-01-31,15.27,cboe:GVZ_History.csv
2017-02-01,14.8,cboe:GVZ_History.csv
2017-02-02,15.04,cboe:GVZ_History.csv
2017-02-03,15.04,cboe:GVZ_History.csv
2017-02-06,15.74,cboe:GVZ_History.csv
2017-02-07,15.26,cboe:GVZ_History.csv
2017-02-08,15.2,cboe:GVZ_History.csv
2017-02-09,14.88,cboe:GVZ_History.csv
2017-02-10,14.88,cboe:GVZ_History.csv
2017-02-13,14.61,cboe:GVZ_History.csv
2017-02-14,14.21,cboe:GVZ_History.csv
2017-02-15,13.71,cboe:GVZ_History.csv
2017-02-16,13.75,cboe:GVZ_History.csv
2017-02-17,13.27,cboe:GVZ_History.csv
2017-02-21,13.72,cboe:GVZ_History.csv
2017-02-22,13.26,cboe:GVZ_History.csv
2017-02-23,13.68,cboe:GVZ_History.csv
2017-02-24,13.54,cboe:GVZ_History.csv
2017-02-27,14.44,cboe:GVZ_History.csv
2017-02-28,14.3,cboe:GVZ_History.csv
2017-03-01,14.41,cboe:GVZ_History.csv
2017-03-02,13.89,cboe:GVZ_History.csv
2017-03-03,13.66,cboe:GVZ_History.csv
2017-03-06,13.24,cboe:GVZ_History.csv
2017-03-07,13.22,cboe:GVZ_History.csv
2017-03-08,13.58,cboe:GVZ_History.csv
2017-03-09,13.62,cboe:GVZ_History.csv
2017-03-10,13.03,cboe:GVZ_History.csv
2017-03-13,11.27,cboe:GVZ_History.csv
2017-03-14,11.57,cboe:GVZ_History.csv
2017-03-15,11.23,cboe:GVZ_History.csv
2017-03-16,11.12,cboe:GVZ_History.csv
2017-03-17,10.8,cboe:GVZ_History.csv
2017-03-20,11.35,cboe:GVZ_History.csv
2017-03-21,12.13,cboe:GVZ_History.csv
2017-03-22,12.28,cboe:GVZ_History.csv
2017-03-23,12.58,cboe:GVZ_History.csv
2017-03-24,12.06,cboe:GVZ_History.csv
2017-03-27,12.51,cboe:GVZ_History.csv
2017-03-28,12.35,cboe:GVZ_History.csv
2017-03-29,11.65,cboe:GVZ_History.csv
2017-03-30,12.09,cboe:GVZ_History.csv
2017-03-31,12.41,cboe:GVZ_History.csv
2017-04-03,12.61,cboe:GVZ_History.csv
2017-04-04,12.41,cboe:GVZ_History.csv
2017-04-05,13.23,cboe:GVZ_History.csv
2017-04-06,12.85,cboe:GVZ_History.csv
2017-04-07,13.45,cboe:GVZ_History.csv
2017-04-10,13.75,cboe:GVZ_History.csv
2017-04-11,15.2,cboe:GVZ_History.csv
2017-04-12,16.08,cboe:GVZ_History.csv
2017-04-13,16.2,cboe:GVZ_History.csv
2017-04-17,16.2,cboe:GVZ_History.csv
2017-04-18,15.67,cboe:GVZ_History.csv
2017-04-19,14.5,cboe:GVZ_History.csv
2017-04-20,14.54,cboe:GVZ_History.csv
2017-04-21,15.31,cboe:GVZ_History.csv
2017-04-24,12.29,cboe:GVZ_History.csv
2017-04-25,12.45,cboe:GVZ_History.csv
2017-04-26,12.02,cboe:GVZ_History.csv
2017-04-27,11.53,cboe:GVZ_History.csv
2017-04-28,11.6,cboe:GVZ_History.csv
2017-05-01,12.35,cboe:GVZ_History.csv
2017-05-02,12.38,cboe:GVZ_History.csv
2017-05-03,12.54,cboe:GVZ_History.csv
2017-05-04,12.41,cboe:GVZ_History.csv
2017-05-05,12.01,cboe:GVZ_History.csv
2017-05-08,11.95,cboe:GVZ_History.csv
2017-05-09,12.1,cboe:GVZ_History.csv
2017-05-10,11.2,cboe:GVZ_History.csv
2017-05-11,11.24,cboe:GVZ_History.csv
2017-05-12,11.13,cboe:GVZ_History.csv
2017-05-15,11.28,cboe:GVZ_History.csv
2017-05-16,11.19,cboe:GVZ_History.csv
2017-05-17,13.03,cboe:GVZ_History.csv
2017-05-18,12.95,cboe:GVZ_History.csv
2017-05-19,12.04,cboe:GVZ_History.csv
2017-05-22,12.32,cboe:GVZ_History.csv
2017-05-23,11.89,cboe:GVZ_History.csv
2017-05-24,11.75,cboe:GVZ_History.csv
2017-05-25,11.2,cboe:GVZ_History.csv
2017-05-26,11.59,cboe:GVZ_History.csv
2017-05-30,11.62,cboe:GVZ_History.csv
2017-05-31,11.82,cboe:GVZ_History.csv
2017-06-01,11.81,cboe:GVZ_History.csv
2017-06-02,12.09,cboe:GVZ_History.csv
2017-06-05,12.44,cboe:GVZ_History.csv
2017-06-06,13.23,cboe:GVZ_History.csv
2017-06-07,13.16,cboe:GVZ_History.csv
2017-06-08,12.62,cboe:GVZ_History.csv
2017-06-09,12.5,cboe:GVZ_History.csv
2017-06-12,12.41,cboe:GVZ_History.csv
2017-06-13,12.16,cboe:GVZ_History.csv
2017-06-14,11.5,cboe:GVZ_History.csv
2017-06-15,11.03,cboe:GVZ_History.csv
2017-06-16,10.16,cboe:GVZ_History.csv
2017-06-19,10.69,cboe:GVZ_History.csv
2017-06-20,11.14,cboe:GVZ_History.csv
2017-06-21,11.25,cboe:GVZ_History.csv
2017-06-22,11.24,cboe:GVZ_History.csv
2017-06-23,10.86,cboe:GVZ_History.csv
2017-06-26,11.05,cboe:GVZ_History.csv
2017-06-27,11.96,cboe:GVZ_History.csv
2017-06-28,11.38,cboe:GVZ_History.csv
2017-06-29,11.21,cboe:GVZ_History.csv
2017-06-30,11.0,cboe:GVZ_History.csv
2017-07-03,11.93,cboe:GVZ_History.csv
2017-07-05,11.88,cboe:GVZ_History.csv
2017-07-06,11.72,cboe:GVZ_History.csv
2017-07-07,12.54,cboe:GVZ_History.csv
2017-07-10,12.22,cboe:GVZ_History.csv
2017-07-11,12.3,cboe:GVZ_History.csv
2017-07-12,11.56,cboe:GVZ_History.csv
2017-07-13,11.29,cboe:GVZ_History.csv
2017-07-14,11.11,cboe:GVZ_History.csv
2017-07-17,11.08,cboe:GVZ_History.csv
2017-07-18,11.14,cboe:GVZ_History.csv
2017-07-19,11.08,cboe:GVZ_History.csv
2017-07-20,10.85,cboe:GVZ_History.csv
2017-07-21,11.22,cboe:GVZ_History.csv
2017-07-24,11.8,cboe:GVZ_History.csv
2017-07-25,12.07,cboe:GVZ_History.csv
2017-07-26,11.63,cboe:GVZ_History.csv
2017-07-27,11.24,cboe:GVZ_History.csv
2017-07-28,11.44,cboe:GVZ_History.csv
2017-07-31,11.61,cboe:GVZ_History.csv
2017-08-01,11.28,cboe:GVZ_History.csv
2017-08-02,11.24,cboe:GVZ_History.csv
2017-08-03,11.31,cboe:GVZ_History.csv
2017-08-04,10.87,cboe:GVZ_History.csv
2017-08-07,10.73,cboe:GVZ_History.csv
2017-08-08,11.1,cboe:GVZ_History.csv
2017-08-09,12.31,cboe:GVZ_History.csv
2017-08-10,13.43,cboe:GVZ_History.csv
2017-08-11,13.45,cboe:GVZ_History.csv
2017-08-14,12.11,cboe:GVZ_History.csv
2017-08-15,12.2,cboe:GVZ_History.csv
2017-08-16,12.58,cboe:GVZ_History.csv
2017-08-17,13.34,cboe:GVZ_History.csv
2017-08-18,12.12,cboe:GVZ_History.csv
2017-08-21,13.01,cboe:GVZ_History.csv
2017-08-22,12.49,cboe:GVZ_History.csv
2017-08-23,12.68,cboe:GVZ_History.csv
2017-08-24,12.76,cboe:GVZ_History.csv
2017-08-25,12.63,cboe:GVZ_History.csv
2017-08-28,14.2,cboe:GVZ_History.csv
2017-08-29,13.5,cboe:GVZ_History.csv
2017-08-30,12.78,cboe:GVZ_History.csv
2017-08-31,13.26,cboe:GVZ_History.csv
2017-09-01,12.73,cboe:GVZ_History.csv
2017-09-05,14.3,cboe:GVZ_History.csv
2017-09-06,14.17,cboe:GVZ_History.csv
2017-09-07,14.49,cboe:GVZ_History.csv
2017-09-08,13.77,cboe:GVZ_History.csv
2017-09-11,13.28,cboe:GVZ_History.csv
2017-09-12,11.56,cboe:GVZ_History.csv
2017-09-13,11.98,cboe:GVZ_History.csv
2017-09-14,12.19,cboe:GVZ_History.csv
2017-09-15,12.06,cboe:GVZ_History.csv
2017-09-18,12.69,cboe:GVZ_History.csv
2017-09-19,12.27,cboe:GVZ_History.csv
2017-09-20,12.32,cboe:GVZ_History.csv
2017-09-21,12.19,cboe:GVZ_History.csv
2017-09-22,12.37,cboe:GVZ_History.csv
2017-09-25,13.77,cboe:GVZ_History.csv
2017-09-26,13.32,cboe:GVZ_History.csv
2017-09-27,12.99,cboe:GVZ_History.csv
2017-09-28,11.75,cboe:GVZ_History.csv
2017-09-29,11.77,cboe:GVZ_History.csv
2017-10-02,11.72,cboe:GVZ_History.csv
2017-10-03,11.38,cboe:GVZ_History.csv
2017-10-04,11.41,cboe:GVZ_History.csv
2017-10-05,11.4,cboe:GVZ_History.csv
2017-10-06,11.53,cboe:GVZ_History.csv
2017-10-09,11.96,cboe:GVZ_History.csv
2017-10-10,12.22,cboe:GVZ_History.csv
2017-10-11,12.13,cboe:GVZ_History.csv
2017-10-12,11.82,cboe:GVZ_History.csv
2017-10-13,11.76,cboe:GVZ_History.csv
2017-10-16,12.13,cboe:GVZ_History.csv
2017-10-17,11.64,cboe:GVZ_History.csv
2017-10-18,11.88,cboe:GVZ_History.csv
2017-10-19,11.94,cboe:GVZ_History.csv
2017-10-20,11.49,cboe:GVZ_History.csv
2017-10-23,11.69,cboe:GVZ_History.csv
2017-10-24,11.73,cboe:GVZ_History.csv
2017-10-25,12.02,cboe:GVZ_History.csv
2017-10-26,11.62,cboe:GVZ_History.csv
2017-10-27,11.48,cboe:GVZ_History.csv
2017-10-30,11.74,cboe:GVZ_History.csv
2017-10-31,11.81,cboe:GVZ_History.csv
2017-11-01,11.8,cboe:GVZ_History.csv
2017-11-02,10.95,cboe:GVZ_History.csv
2017-11-03,10.65,cboe:GVZ_History.csv
2017-11-06,10.94,cboe:GVZ_History.csv
2017-11-07,10.98,cboe:GVZ_History.csv
2017-11-08,11.32,cboe:GVZ_History.csv
2017-11-09,11.73,cboe:GVZ_History.csv
2017-11-10,11.68,cboe:GVZ_History.csv
2017-11-13,11.53,cboe:GVZ_History.csv
2017-11-14,11.61,cboe:GVZ_History.csv
2017-11-15,11.75,cboe:GVZ_History.csv
2017-11-16,11.02,cboe:GVZ_History.csv
2017-11-17,10.62,cboe:GVZ_History.csv
2017-11-20,11.18,cboe:GVZ_History.csv
2017-11-21,10.84,cboe:GVZ_History.csv
2017-11-22,10.75,cboe:GVZ_History.csv
2017-11-24,10.58,cboe:GVZ_History.csv
2017-11-27,10.72,cboe:GVZ_History.csv
2017-11-28,10.64,cboe:GVZ_History.csv
2017-11-29,11.02,cboe:GVZ_History.csv
2017-11-30,11.79,cboe:GVZ_History.csv
2017-12-01,11.39,cboe:GVZ_History.csv
2017-12-04,11.38,cboe:GVZ_History.csv
2017-12-05,12.28,cboe:GVZ_History.csv
2017-12-06,11.67,cboe:GVZ_History.csv
2017-12-07,12.99,cboe:GVZ_History.csv
2017-12-08,11.7,cboe:GVZ_History.csv
2017-12-11,11.46,cboe:GVZ_History.csv
2017-12-12,12.14,cboe:GVZ_History.csv
2017-12-13,10.87,cboe:GVZ_History.csv
2017-12-14,10.4,cboe:GVZ_History.csv
2017-12-15,9.43,cboe:GVZ_History.csv
2017-12-18,9.93,cboe:GVZ_History.csv
2017-12-19,10.32,cboe:GVZ_History.csv
2017-12-20,9.79,cboe:GVZ_History.csv
2017-12-21,9.64,cboe:GVZ_History.csv
2017-12-22,10.01,cboe:GVZ_History.csv
2017-12-26,11.17,cboe:GVZ_History.csv
2017-12-27,10.73,cboe:GVZ_History.csv
2017-12-28,10.43,cboe:GVZ_History.csv
2017-12-29,10.96,cboe:GVZ_History.csv
2018-01-02,11.96,cboe:GVZ_History.csv
2018-01-03,11.56,cboe:GVZ_History.csv
2018-01-04,11.8,cboe:GVZ_History.csv
2018-01-05,11.26,cboe:GVZ_History.csv
2018-01-08,11.19,cboe:GVZ_History.csv
2018-01-09,10.79,cboe:GVZ_History.csv
2018-01-10,10.79,cboe:GVZ_History.csv
2018-01-11,10.96,cboe:GVZ_History.csv
2018-01-12,11.62,cboe:GVZ_History.csv
2018-01-16,12.09,cboe:GVZ_History.csv
2018-01-17,11.77,cboe:GVZ_History.csv
2018-01-18,12.26,cboe:GVZ_History.csv
2018-01-19,11.43,cboe:GVZ_History.csv
2018-01-22,11.66,cboe:GVZ_History.csv
2018-01-23,11.72,cboe:GVZ_History.csv
2018-01-24,13.38,cboe:GVZ_History.csv
2018-01-25,13.04,cboe:GVZ_History.csv
2018-01-26,12.98,cboe:GVZ_History.csv
2018-01-29,13.25,cboe:GVZ_History.csv
2018-01-30,13.86,cboe:GVZ_History.csv
2018-01-31,12.97,cboe:GVZ_History.csv
2018-02-01,12.32,cboe:GVZ_History.csv
2018-02-02,13.11,cboe:GVZ_History.csv
2018-02-05,14.35,cboe:GVZ_History.csv
2018-02-06,13.8,cboe:GVZ_History.csv
2018-02-07,13.62,cboe:GVZ_History.csv
2018-02-08,14.85,cboe:GVZ_History.csv
2018-02-09,14.93,cboe:GVZ_History.csv
2018-02-12,14.37,cboe:GVZ_History.csv
2018-02-13,14.07,cboe:GVZ_History.csv
2018-02-14,14.97,cboe:GVZ_History.csv
2018-02-15,15.03,cboe:GVZ_History.csv
2018-02-16,13.96,cboe:GVZ_History.csv
2018-02-20,14.08,cboe:GVZ_History.csv
2018-02-21,13.83,cboe:GVZ_History.csv
2018-02-22,13.47,cboe:GVZ_History.csv
2018-02-23,11.97,cboe:GVZ_History.csv
2018-02-26,11.89,cboe:GVZ_History.csv
2018-02-27,11.76,cboe:GVZ_History.csv
2018-02-28,11.74,cboe:GVZ_History.csv
2018-03-01,12.07,cboe:GVZ_History.csv
2018-03-02,11.97,cboe:GVZ_History.csv
2018-03-05,11.89,cboe:GVZ_History.csv
2018-03-06,12.33,cboe:GVZ_History.csv
2018-03-07,12.37,cboe:GVZ_History.csv
2018-03-08,11.57,cboe:GVZ_History.csv
2018-03-09,10.94,cboe:GVZ_History.csv
2018-03-12,11.01,cboe:GVZ_History.csv
2018-03-13,10.7,cboe:GVZ_History.csv
2018-03-14,10.41,cboe:GVZ_History.csv
2018-03-15,10.4,cboe:GVZ_History.csv
2018-03-16,9.88,cboe:GVZ_History.csv
2018-03-19,10.99,cboe:GVZ_History.csv
2018-03-20,11.01,cboe:GVZ_History.csv
2018-03-21,10.91,cboe:GVZ_History.csv
2018-03-22,11.24,cboe:GVZ_History.csv
2018-03-23,13.46,cboe:GVZ_History.csv
2018-03-26,12.95,cboe:GVZ_History.csv
2018-03-27,12.22,cboe:GVZ_History.csv
2018-03-28,11.74,cboe:GVZ_History.csv
2018-03-29,11.06,cboe:GVZ_History.csv
2018-04-02,12.86,cboe:GVZ_History.csv
2018-04-03,11.8,cboe:GVZ_History.csv
2018-04-04,12.0,cboe:GVZ_History.csv
2018-04-05,11.55,cboe:GVZ_History.csv
2018-04-06,11.95,cboe:GVZ_History.csv
2018-04-09,12.39,cboe:GVZ_History.csv
2018-04-10,12.78,cboe:GVZ_History.csv
2018-04-11,14.36,cboe:GVZ_History.csv
2018-04-12,12.88,cboe:GVZ_History.csv
2018-04-13,13.36,cboe:GVZ_History.csv
2018-04-16,13.43,cboe:GVZ_History.csv
2018-04-17,13.07,cboe:GVZ_History.csv
2018-04-18,13.46,cboe:GVZ_History.csv
2018-04-19,12.88,cboe:GVZ_History.csv
2018-04-20,12.14,cboe:GVZ_History.csv
2018-04-23,12.13,cboe:GVZ_History.csv
2018-04-24,12.24,cboe:GVZ_History.csv
2018-04-25,11.97,cboe:GVZ_History.csv
2018-04-26,11.49,cboe:GVZ_History.csv
2018-04-27,10.99,cboe:GVZ_History.csv
2018-04-30,11.15,cboe:GVZ_History.csv
2018-05-01,11.88,cboe:GVZ_History.csv
2018-05-02,11.64,cboe:GVZ_History.csv
2018-05-03,11.46,cboe:GVZ_History.csv
2018-05-04,10.99,cboe:GVZ_History.csv
2018-05-07,11.32,cboe:GVZ_History.csv
2018-05-08,11.5,cboe:GVZ_History.csv
2018-05-09,11.39,cboe:GVZ_History.csv
2018-05-10,11.42,cboe:GVZ_History.csv
2018-05-11,11.04,cboe:GVZ_History.csv
2018-05-14,11.15,cboe:GVZ_History.csv
2018-05-15,11.91,cboe:GVZ_History.csv
2018-05-16,11.77,cboe:GVZ_History.csv
2018-05-17,11.64,cboe:GVZ_History.csv
2018-05-18,11.11,cboe:GVZ_History.csv
2018-05-21,11.62,cboe:GVZ_History.csv
2018-05-22,10.9,cboe:GVZ_History.csv
2018-05-23,11.18,cboe:GVZ_History.csv
2018-05-24,10.99,cboe:GVZ_History.csv
2018-05-25,10.31,cboe:GVZ_History.csv
2018-05-29,12.33,cboe:GVZ_History.csv
2018-05-30,10.87,cboe:GVZ_History.csv
2018-05-31,10.92,cboe:GVZ_History.csv
2018-06-01,10.58,cboe:GVZ_History.csv
2018-06-04,10.54,cboe:GVZ_History.csv
2018-06-05,10.46,cboe:GVZ_History.csv
2018-06-06,10.31,cboe:GVZ_History.csv
2018-06-07,10.55,cboe:GVZ_History.csv
2018-06-08,10.69,cboe:GVZ_History.csv
2018-06-11,10.54,cboe:GVZ_History.csv
2018-06-12,10.52,cboe:GVZ_History.csv
2018-06-13,10.6,cboe:GVZ_History.csv
2018-06-14,9.83,cboe:GVZ_History.csv
2018-06-15,10.65,cboe:GVZ_History.csv
2018-06-18,9.82,cboe:GVZ_History.csv
2018-06-19,10.99,cboe:GVZ_History.csv
2018-06-20,11.08,cboe:GVZ_History.csv
2018-06-21,11.22,cboe:GVZ_History.csv
2018-06-22,10.67,cboe:GVZ_History.csv
2018-06-25,10.83,cboe:GVZ_History.csv
2018-06-26,10.97,cboe:GVZ_History.csv
2018-06-27,11.01,cboe:GVZ_History.csv
2018-06-28,11.03,cboe:GVZ_History.csv
2018-06-29,10.75,cboe:GVZ_History.csv
2018-07-02,11.75,cboe:GVZ_History.csv
2018-07-03,11.41,cboe:GVZ_History.csv
2018-07-05,11.32,cboe:GVZ_History.csv
2018-07-06,10.65,cboe:GVZ_History.csv
2018-07-09,10.55,cboe:GVZ_History.csv
2018-07-10,10.69,cboe:GVZ_History.csv
2018-07-11,11.25,cboe:GVZ_History.csv
2018-07-12,10.82,cboe:GVZ_History.csv
2018-07-13,10.99,cboe:GVZ_History.csv
2018-07-16,11.46,cboe:GVZ_History.csv
2018-07-17,11.79,cboe:GVZ_History.csv
2018-07-18,12.15,cboe:GVZ_History.csv
2018-07-19,12.66,cboe:GVZ_History.csv
2018-07-20,12.1,cboe:GVZ_History.csv
2018-07-23,12.22,cboe:GVZ_History.csv
2018-07-24,11.74,cboe:GVZ_History.csv
2018-07-25,11.65,cboe:GVZ_History.csv
2018-07-26,11.43,cboe:GVZ_History.csv
2018-07-27,11.05,cboe:GVZ_History.csv
2018-07-30,11.18,cboe:GVZ_History.csv
2018-07-31,11.21,cboe:GVZ_History.csv
2018-08-01,10.91,cboe:GVZ_History.csv
2018-08-02,11.08,cboe:GVZ_History.csv
2018-08-03,10.77,cboe:GVZ_History.csv
2018-08-06,11.02,cboe:GVZ_History.csv
2018-08-07,11.11,cboe:GVZ_History.csv
2018-08-08,11.43,cboe:GVZ_History.csv
2018-08-09,10.99,cboe:GVZ_History.csv
2018-08-10,11.78,cboe:GVZ_History.csv
2018-08-13,11.73,cboe:GVZ_History.csv
2018-08-14,11.88,cboe:GVZ_History.csv
2018-08-15,13.16,cboe:GVZ_History.csv
2018-08-16,13.39,cboe:GVZ_History.csv
2018-08-17,12.89,cboe:GVZ_History.csv
2018-08-20,12.4,cboe:GVZ_History.csv
2018-08-21,11.86,cboe:GVZ_History.csv
2018-08-22,11.81,cboe:GVZ_History.csv
2018-08-23,11.6,cboe:GVZ_History.csv
2018-08-24,11.71,cboe:GVZ_History.csv
2018-08-27,11.77,cboe:GVZ_History.csv
2018-08-28,11.46,cboe:GVZ_History.csv
2018-08-29,11.25,cboe:GVZ_History.csv
2018-08-30,11.41,cboe:GVZ_History.csv
2018-08-31,10.96,cboe:GVZ_History.csv
2018-09-04,11.42,cboe:GVZ_History.csv
2018-09-05,11.24,cboe:GVZ_History.csv
2018-09-06,11.54,cboe:GVZ_History.csv
2018-09-07,11.3,cboe:GVZ_History.csv
2018-09-10,11.33,cboe:GVZ_History.csv
2018-09-11,11.26,cboe:GVZ_History.csv
2018-09-12,11.18,cboe:GVZ_History.csv
2018-09-13,11.15,cboe:GVZ_History.csv
2018-09-14,10.84,cboe:GVZ_History.csv
2018-09-17,10.85,cboe:GVZ_History.csv
2018-09-18,10.78,cboe:GVZ_History.csv
2018-09-19,10.81,cboe:GVZ_History.csv
2018-09-20,10.72,cboe:GVZ_History.csv
2018-09-21,10.76,cboe:GVZ_History.csv
2018-09-24,10.97,cboe:GVZ_History.csv
2018-09-25,10.83,cboe:GVZ_History.csv
2018-09-26,10.76,cboe:GVZ_History.csv
2018-09-27,10.86,cboe:GVZ_History.csv
2018-09-28,10.74,cboe:GVZ_History.csv
2018-10-01,11.03,cboe:GVZ_History.csv
2018-10-02,11.24,cboe:GVZ_History.csv
2018-10-03,11.21,cboe:GVZ_History.csv
2018-10-04,11.59,cboe:GVZ_History.csv
2018-10-05,11.64,cboe:GVZ_History.csv
2018-10-08,12.48,cboe:GVZ_History.csv
2018-10-09,12.03,cboe:GVZ_History.csv
2018-10-10,12.51,cboe:GVZ_History.csv
2018-10-11,13.57,cboe:GVZ_History.csv
2018-10-12,12.76,cboe:GVZ_History.csv
2018-10-15,13.13,cboe:GVZ_History.csv
2018-10-16,12.2,cboe:GVZ_History.csv
2018-10-17,12.14,cboe:GVZ_History.csv
2018-10-18,12.23,cboe:GVZ_History.csv
2018-10-19,11.76,cboe:GVZ_History.csv
2018-10-22,11.68,cboe:GVZ_History.csv
2018-10-23,12.31,cboe:GVZ_History.csv
2018-10-24,13.11,cboe:GVZ_History.csv
2018-10-25,12.3,cboe:GVZ_History.csv
2018-10-26,12.92,cboe:GVZ_History.csv
2018-10-29,12.98,cboe:GVZ_History.csv
2018-10-30,12.3,cboe:GVZ_History.csv
2018-10-31,12.08,cboe:GVZ_History.csv
2018-11-01,12.6,cboe:GVZ_History.csv
2018-11-02,12.5,cboe:GVZ_History.csv
2018-11-05,12.39,cboe:GVZ_History.csv
2018-11-06,12.47,cboe:GVZ_History.csv
2018-11-07,11.23,cboe:GVZ_History.csv
2018-11-08,11.41,cboe:GVZ_History.csv
2018-11-09,11.44,cboe:GVZ_History.csv
2018-11-12,12.13,cboe:GVZ_History.csv
2018-11-13,12.19,cboe:GVZ_History.csv
2018-11-14,12.88,cboe:GVZ_History.csv
2018-11-15,12.12,cboe:GVZ_History.csv
2018-11-16,12.05,cboe:GVZ_History.csv
2018-11-19,12.57,cboe:GVZ_History.csv
2018-11-20,12.63,cboe:GVZ_History.csv
2018-11-21,12.12,cboe:GVZ_History.csv
2018-11-23,12.1,cboe:GVZ_History.csv
2018-11-26,11.83,cboe:GVZ_History.csv
2018-11-27,12.01,cboe:GVZ_History.csv
2018-11-28,11.43,cboe:GVZ_History.csv
2018-11-29,11.39,cboe:GVZ_History.csv
2018-11-30,11.26,cboe:GVZ_History.csv
2018-12-03,10.930000305175781,yahoo:^GVZ
2018-12-04,11.63,cboe:GVZ_History.csv
2018-12-06,11.61,cboe:GVZ_History.csv
2018-12-07,12.22,cboe:GVZ_History.csv
2018-12-10,12.04,cboe:GVZ_History.csv
2018-12-11,11.46,cboe:GVZ_History.csv
2018-12-12,11.29,cboe:GVZ_History.csv
2018-12-13,10.69,cboe:GVZ_History.csv
2018-12-14,10.77,cboe:GVZ_History.csv
2018-12-17,11.75,cboe:GVZ_History.csv
2018-12-18,12.18,cboe:GVZ_History.csv
2018-12-19,11.4,cboe:GVZ_History.csv
2018-12-20,12.45,cboe:GVZ_History.csv
2018-12-21,11.97,cboe:GVZ_History.csv
2018-12-24,14.8,cboe:GVZ_History.csv
2018-12-26,14.47,cboe:GVZ_History.csv
2018-12-27,15.18,cboe:GVZ_History.csv
2018-12-28,14.56,cboe:GVZ_History.csv
2018-12-31,13.48,cboe:GVZ_History.csv
2019-01-02,13.18,cboe:GVZ_History.csv
2019-01-03,13.77,cboe:GVZ_History.csv
2019-01-04,12.04,cboe:GVZ_History.csv
2019-01-07,11.66,cboe:GVZ_History.csv
2019-01-08,11.16,cboe:GVZ_History.csv
2019-01-09,11.69,cboe:GVZ_History.csv
2019-01-10,10.95,cboe:GVZ_History.csv
2019-01-11,11.0,cboe:GVZ_History.csv
2019-01-14,11.06,cboe:GVZ_History.csv
2019-01-15,11.06,cboe:GVZ_History.csv
2019-01-16,11.08,cboe:GVZ_History.csv
2019-01-17,10.9,cboe:GVZ_History.csv
2019-01-18,11.12,cboe:GVZ_History.csv
2019-01-22,10.77,cboe:GVZ_History.csv
2019-01-23,10.61,cboe:GVZ_History.csv
2019-01-24,10.37,cboe:GVZ_History.csv
2019-01-25,11.12,cboe:GVZ_History.csv
2019-01-28,11.04,cboe:GVZ_History.csv
2019-01-29,11.25,cboe:GVZ_History.csv
2019-01-30,11.14,cboe:GVZ_History.csv
2019-01-31,10.74,cboe:GVZ_History.csv
2019-02-01,10.12,cboe:GVZ_History.csv
2019-02-04,10.11,cboe:GVZ_History.csv
2019-02-05,10.14,cboe:GVZ_History.csv
2019-02-06,9.76,cboe:GVZ_History.csv
2019-02-07,9.72,cboe:GVZ_History.csv
2019-02-08,9.89,cboe:GVZ_History.csv
2019-02-11,10.18,cboe:GVZ_History.csv
2019-02-12,10.03,cboe:GVZ_History.csv
2019-02-13,9.55,cboe:GVZ_History.csv
2019-02-14,9.92,cboe:GVZ_History.csv
2019-02-15,10.16,cboe:GVZ_History.csv
2019-02-19,11.39,cboe:GVZ_History.csv
2019-02-20,10.920000076293945,yahoo:^GVZ
2019-02-21,10.29,cboe:GVZ_History.csv
2019-02-22,10.02,cboe:GVZ_History.csv
2019-02-25,9.91,cboe:GVZ_History.csv
2019-02-26,9.86,cboe:GVZ_History.csv
2019-02-27,9.72,cboe:GVZ_History.csv
2019-02-28,9.52,cboe:GVZ_History.csv
2019-03-01,10.2,cboe:GVZ_History.csv
2019-03-04,10.26,cboe:GVZ_History.csv
2019-03-05,10.1,cboe:GVZ_History.csv
2019-03-06,10.13,cboe:GVZ_History.csv
2019-03-07,10.36,cboe:GVZ_History.csv
2019-03-08,10.51,cboe:GVZ_History.csv
2019-03-11,10.18,cboe:GVZ_History.csv
2019-03-12,10.08,cboe:GVZ_History.csv
2019-03-13,10.14,cboe:GVZ_History.csv
2019-03-14,10.08,cboe:GVZ_History.csv
2019-03-15,10.01,cboe:GVZ_History.csv
2019-03-18,9.79,cboe:GVZ_History.csv
2019-03-19,9.82,cboe:GVZ_History.csv
2019-03-20,10.15,cboe:GVZ_History.csv
2019-03-21,10.2,cboe:GVZ_History.csv
2019-03-22,10.31,cboe:GVZ_History.csv
2019-03-25,10.77,cboe:GVZ_History.csv
2019-03-26,10.18,cboe:GVZ_History.csv
2019-03-27,10.36,cboe:GVZ_History.csv
2019-03-28,10.35,cboe:GVZ_History.csv
2019-03-29,9.94,cboe:GVZ_History.csv
2019-04-01,10.13,cboe:GVZ_History.csv
2019-04-02,9.81,cboe:GVZ_History.csv
2019-04-03,9.69,cboe:GVZ_History.csv
2019-04-04,9.92,cboe:GVZ_History.csv
2019-04-05,9.65,cboe:GVZ_History.csv
2019-04-08,9.71,cboe:GVZ_History.csv
2019-04-09,9.55,cboe:GVZ_History.csv
2019-04-10,9.45,cboe:GVZ_History.csv
2019-04-11,9.59,cboe:GVZ_History.csv
2019-04-12,9.28,cboe:GVZ_History.csv
2019-04-15,9.57,cboe:GVZ_History.csv
2019-04-16,9.78,cboe:GVZ_History.csv
2019-04-17,9.39,cboe:GVZ_History.csv
2019-04-18,8.96,cboe:GVZ_History.csv
2019-04-22,9.56,cboe:GVZ_History.csv
2019-04-23,9.54,cboe:GVZ_History.csv
2019-04-24,9.48,cboe:GVZ_History.csv
2019-04-25,9.35,cboe:GVZ_History.csv
2019-04-26,9.28,cboe:GVZ_History.csv
2019-04-29,9.46,cboe:GVZ_History.csv
2019-04-30,9.32,cboe:GVZ_History.csv
2019-05-01,9.19,cboe:GVZ_History.csv
2019-05-02,9.08,cboe:GVZ_History.csv
2019-05-03,8.89,cboe:GVZ_History.csv
2019-05-06,9.26,cboe:GVZ_History.csv
2019-05-07,9.74,cboe:GVZ_History.csv
2019-05-08,9.78,cboe:GVZ_History.csv
2019-05-09,9.96,cboe:GVZ_History.csv
2019-05-10,9.33,cboe:GVZ_History.csv
2019-05-13,10.51,cboe:GVZ_History.csv
2019-05-14,9.76,cboe:GVZ_History.csv
2019-05-15,9.45,cboe:GVZ_History.csv
2019-05-16,9.16,cboe:GVZ_History.csv
2019-05-17,9.16,cboe:GVZ_History.csv
2019-05-20,9.16,cboe:GVZ_History.csv
2019-05-21,8.99,cboe:GVZ_History.csv
2019-05-22,9.04,cboe:GVZ_History.csv
2019-05-23,9.47,cboe:GVZ_History.csv
2019-05-24,9.0,cboe:GVZ_History.csv
2019-05-28,9.2,cboe:GVZ_History.csv
2019-05-29,8.88,cboe:GVZ_History.csv
2019-05-30,9.3,cboe:GVZ_History.csv
2019-05-31,10.33,cboe:GVZ_History.csv
2019-06-03,11.79,cboe:GVZ_History.csv
2019-06-04,10.66,cboe:GVZ_History.csv
2019-06-05,11.26,cboe:GVZ_History.csv
2019-06-06,11.62,cboe:GVZ_History.csv
2019-06-07,11.41,cboe:GVZ_History.csv
2019-06-10,10.87,cboe:GVZ_History.csv
2019-06-11,10.52,cboe:GVZ_History.csv
2019-06-12,11.06,cboe:GVZ_History.csv
2019-06-13,11.68,cboe:GVZ_History.csv
2019-06-14,11.9,cboe:GVZ_History.csv
2019-06-17,11.99,cboe:GVZ_History.csv
2019-06-18,12.4,cboe:GVZ_History.csv
2019-06-19,12.41,cboe:GVZ_History.csv
2019-06-20,15.69,cboe:GVZ_History.csv
2019-06-21,15.54,cboe:GVZ_History.csv
2019-06-24,16.8,cboe:GVZ_History.csv
2019-06-25,17.08,cboe:GVZ_History.csv
2019-06-26,15.88,cboe:GVZ_History.csv
2019-06-27,15.57,cboe:GVZ_History.csv
2019-06-28,15.99,cboe:GVZ_History.csv
2019-07-01,14.08,cboe:GVZ_History.csv
2019-07-02,15.8,cboe:GVZ_History.csv
2019-07-03,15.89,cboe:GVZ_History.csv
2019-07-05,15.069999694824219,yahoo:^GVZ
2019-07-08,12.99,cboe:GVZ_History.csv
2019-07-09,13.45,cboe:GVZ_History.csv
2019-07-10,15.01,cboe:GVZ_History.csv
2019-07-11,13.64,cboe:GVZ_History.csv
2019-07-12,14.65,cboe:GVZ_History.csv
2019-07-15,14.9,cboe:GVZ_History.csv
2019-07-16,14.32,cboe:GVZ_History.csv
2019-07-17,16.02,cboe:GVZ_History.csv
2019-07-18,17.45,cboe:GVZ_History.csv
2019-07-19,15.83,cboe:GVZ_History.csv
2019-07-22,14.89,cboe:GVZ_History.csv
2019-07-23,14.28,cboe:GVZ_History.csv
2019-07-24,14.55,cboe:GVZ_History.csv
2019-07-25,13.54,cboe:GVZ_History.csv
2019-07-26,12.31,cboe:GVZ_History.csv
2019-07-29,13.59,cboe:GVZ_History.csv
2019-07-30,14.51,cboe:GVZ_History.csv
2019-07-31,13.21,cboe:GVZ_History.csv
2019-08-01,16.01,cboe:GVZ_History.csv
2019-08-02,15.0,cboe:GVZ_History.csv
2019-08-05,16.91,cboe:GVZ_History.csv
2019-08-06,16.02,cboe:GVZ_History.csv
2019-08-07,18.16,cboe:GVZ_History.csv
2019-08-08,17.53,cboe:GVZ_History.csv
2019-08-09,16.64,cboe:GVZ_History.csv
2019-08-12,18.46,cboe:GVZ_History.csv
2019-08-13,17.92,cboe:GVZ_History.csv
2019-08-14,18.19,cboe:GVZ_History.csv
2019-08-15,18.72,cboe:GVZ_History.csv
2019-08-16,16.86,cboe:GVZ_History.csv
2019-08-19,14.94,cboe:GVZ_History.csv
2019-08-20,15.42,cboe:GVZ_History.csv
2019-08-21,15.13,cboe:GVZ_History.csv
2019-08-22,15.35,cboe:GVZ_History.csv
2019-08-23,18.36,cboe:GVZ_History.csv
2019-08-26,17.54,cboe:GVZ_History.csv
2019-08-27,17.34,cboe:GVZ_History.csv
2019-08-28,16.83,cboe:GVZ_History.csv
2019-08-29,16.31,cboe:GVZ_History.csv
2019-08-30,15.45,cboe:GVZ_History.csv
2019-09-03,16.86,cboe:GVZ_History.csv
2019-09-04,17.27,cboe:GVZ_History.csv
2019-09-05,15.72,cboe:GVZ_History.csv
2019-09-06,14.75,cboe:GVZ_History.csv
2019-09-09,14.76,cboe:GVZ_History.csv
2019-09-10,14.62,cboe:GVZ_History.csv
2019-09-11,14.95,cboe:GVZ_History.csv
2019-09-12,15.07,cboe:GVZ_History.csv
2019-09-13,14.94,cboe:GVZ_History.csv
2019-09-16,16.07,cboe:GVZ_History.csv
2019-09-17,15.91,cboe:GVZ_History.csv
2019-09-18,15.1,cboe:GVZ_History.csv
2019-09-19,15.13,cboe:GVZ_History.csv
2019-09-20,16.79,cboe:GVZ_History.csv
2019-09-23,16.92,cboe:GVZ_History.csv
2019-09-24,17.22,cboe:GVZ_History.csv
2019-09-25,15.62,cboe:GVZ_History.csv
2019-09-26,15.11,cboe:GVZ_History.csv
2019-09-27,14.96,cboe:GVZ_History.csv
2019-09-30,15.37,cboe:GVZ_History.csv
2019-10-01,15.61,cboe:GVZ_History.csv
2019-10-02,15.75,cboe:GVZ_History.csv
2019-10-03,16.33,cboe:GVZ_History.csv
2019-10-04,15.26,cboe:GVZ_History.csv
2019-10-07,15.44,cboe:GVZ_History.csv
2019-10-08,16.21,cboe:GVZ_History.csv
2019-10-09,15.73,cboe:GVZ_History.csv
2019-10-10,15.7,cboe:GVZ_History.csv
2019-10-11,15.72,cboe:GVZ_History.csv
2019-10-14,15.65,cboe:GVZ_History.csv
2019-10-15,15.08,cboe:GVZ_History.csv
2019-10-16,14.94,cboe:GVZ_History.csv
2019-10-17,14.84,cboe:GVZ_History.csv
2019-10-18,14.85,cboe:GVZ_History.csv
2019-10-21,14.05,cboe:GVZ_History.csv
2019-10-22,13.67,cboe:GVZ_History.csv
2019-10-23,13.23,cboe:GVZ_History.csv
2019-10-24,13.97,cboe:GVZ_History.csv
2019-10-25,13.48,cboe:GVZ_History.csv
2019-10-28,13.78,cboe:GVZ_History.csv
2019-10-29,13.46,cboe:GVZ_History.csv
2019-10-30,13.17,cboe:GVZ_History.csv
2019-10-31,13.39,cboe:GVZ_History.csv
2019-11-01,12.86,cboe:GVZ_History.csv
2019-11-04,12.45,cboe:GVZ_History.csv
2019-11-05,12.43,cboe:GVZ_History.csv
2019-11-06,12.04,cboe:GVZ_History.csv
2019-11-07,12.35,cboe:GVZ_History.csv
2019-11-08,12.27,cboe:GVZ_History.csv
2019-11-11,12.87,cboe:GVZ_History.csv
2019-11-12,11.91,cboe:GVZ_History.csv
2019-11-13,11.56,cboe:GVZ_History.csv
2019-11-14,11.83,cboe:GVZ_History.csv
2019-11-15,11.23,cboe:GVZ_History.csv
2019-11-18,11.55,cboe:GVZ_History.csv
2019-11-19,11.5,cboe:GVZ_History.csv
2019-11-20,11.55,cboe:GVZ_History.csv
2019-11-21,11.37,cboe:GVZ_History.csv
2019-11-22,11.32,cboe:GVZ_History.csv
2019-11-25,11.15,cboe:GVZ_History.csv
2019-11-26,10.76,cboe:GVZ_History.csv
2019-11-27,10.3,cboe:GVZ_History.csv
2019-11-29,10.71,cboe:GVZ_History.csv
2019-12-02,10.77,cboe:GVZ_History.csv
2019-12-03,12.15,cboe:GVZ_History.csv
2019-12-04,11.57,cboe:GVZ_History.csv
2019-12-05,11.25,cboe:GVZ_History.csv
2019-12-06,10.73,cboe:GVZ_History.csv
2019-12-09,10.75,cboe:GVZ_History.csv
2019-12-10,10.33,cboe:GVZ_History.csv
2019-12-11,10.81,cboe:GVZ_History.csv
2019-12-12,10.95,cboe:GVZ_History.csv
2019-12-13,10.39,cboe:GVZ_History.csv
2019-12-16,10.39,cboe:GVZ_History.csv
2019-12-17,10.03,cboe:GVZ_History.csv
2019-12-18,10.04,cboe:GVZ_History.csv
2019-12-19,10.39,cboe:GVZ_History.csv
2019-12-20,9.69,cboe:GVZ_History.csv
2019-12-23,10.56,cboe:GVZ_History.csv
2019-12-24,11.93,cboe:GVZ_History.csv
2019-12-26,13.33,cboe:GVZ_History.csv
2019-12-27,12.32,cboe:GVZ_History.csv
2019-12-30,12.56,cboe:GVZ_History.csv
2019-12-31,12.63,cboe:GVZ_History.csv
2020-01-02,12.7,cboe:GVZ_History.csv
2020-01-03,13.46,cboe:GVZ_History.csv
2020-01-06,14.21,cboe:GVZ_History.csv
2020-01-07,14.01,cboe:GVZ_History.csv
2020-01-08,13.67,cboe:GVZ_History.csv
2020-01-09,12.54,cboe:GVZ_History.csv
2020-01-10,12.27,cboe:GVZ_History.csv
2020-01-13,10.91,cboe:GVZ_History.csv
2020-01-14,11.02,cboe:GVZ_History.csv
2020-01-15,11.75,cboe:GVZ_History.csv
2020-01-16,11.38,cboe:GVZ_History.csv
2020-01-17,11.31,cboe:GVZ_History.csv
2020-01-21,11.48,cboe:GVZ_History.csv
2020-01-22,11.16,cboe:GVZ_History.csv
2020-01-23,11.61,cboe:GVZ_History.csv
2020-01-24,12.48,cboe:GVZ_History.csv
2020-01-27,12.9,cboe:GVZ_History.csv
2020-01-28,11.89,cboe:GVZ_History.csv
2020-01-29,12.09,cboe:GVZ_History.csv
2020-01-30,12.23,cboe:GVZ_History.csv
2020-01-31,13.5,cboe:GVZ_History.csv
2020-02-03,12.48,cboe:GVZ_History.csv
2020-02-04,12.01,cboe:GVZ_History.csv
2020-02-05,11.32,cboe:GVZ_History.csv
2020-02-06,11.45,cboe:GVZ_History.csv
2020-02-07,11.3,cboe:GVZ_History.csv
2020-02-10,11.91,cboe:GVZ_History.csv
2020-02-11,11.48,cboe:GVZ_History.csv
2020-02-12,11.07,cboe:GVZ_History.csv
2020-02-13,11.59,cboe:GVZ_History.csv
2020-02-14,11.62,cboe:GVZ_History.csv
2020-02-18,13.02,cboe:GVZ_History.csv
2020-02-19,13.34,cboe:GVZ_History.csv
2020-02-20,13.35,cboe:GVZ_History.csv
2020-02-21,15.79,cboe:GVZ_History.csv
2020-02-24,17.58,cboe:GVZ_History.csv
2020-02-25,18.13,cboe:GVZ_History.csv
2020-02-26,16.48,cboe:GVZ_History.csv
2020-02-27,18.05,cboe:GVZ_History.csv
2020-02-28,21.27,cboe:GVZ_History.csv
2020-03-02,18.98,cboe:GVZ_History.csv
2020-03-03,22.01,cboe:GVZ_History.csv
2020-03-04,18.55,cboe:GVZ_History.csv
2020-03-05,22.43,cboe:GVZ_History.csv
2020-03-06,25.12,cboe:GVZ_History.csv
2020-03-09,31.29,cboe:GVZ_History.csv
2020-03-10,23.99,cboe:GVZ_History.csv
2020-03-11,26.74,cboe:GVZ_History.csv
2020-03-12,30.18,cboe:GVZ_History.csv
2020-03-13,37.43,cboe:GVZ_History.csv
2020-03-16,41.43,cboe:GVZ_History.csv
2020-03-17,45.27,cboe:GVZ_History.csv
2020-03-18,48.98,cboe:GVZ_History.csv
2020-03-19,39.48,cboe:GVZ_History.csv
2020-03-20,36.81,cboe:GVZ_History.csv
2020-03-23,41.16,cboe:GVZ_History.csv
2020-03-24,40.41,cboe:GVZ_History.csv
2020-03-25,40.56,cboe:GVZ_History.csv
2020-03-26,37.48,cboe:GVZ_History.csv
2020-03-27,34.89,cboe:GVZ_History.csv
2020-03-30,30.42,cboe:GVZ_History.csv
2020-03-31,29.19,cboe:GVZ_History.csv
2020-04-01,30.26,cboe:GVZ_History.csv
2020-04-02,31.91,cboe:GVZ_History.csv
2020-04-03,31.85,cboe:GVZ_History.csv
2020-04-06,35.76,cboe:GVZ_History.csv
2020-04-07,34.27,cboe:GVZ_History.csv
2020-04-08,29.98,cboe:GVZ_History.csv
2020-04-09,27.59,cboe:GVZ_History.csv
2020-04-13,28.41,cboe:GVZ_History.csv
2020-04-14,28.87,cboe:GVZ_History.csv
2020-04-15,27.39,cboe:GVZ_History.csv
2020-04-16,27.74,cboe:GVZ_History.csv
2020-04-17,26.96,cboe:GVZ_History.csv
2020-04-20,28.01,cboe:GVZ_History.csv
2020-04-21,30.62,cboe:GVZ_History.csv
2020-04-22,30.44,cboe:GVZ_History.csv
2020-04-23,30.25,cboe:GVZ_History.csv
2020-04-24,29.22,cboe:GVZ_History.csv
2020-04-27,26.75,cboe:GVZ_History.csv
2020-04-28,24.43,cboe:GVZ_History.csv
2020-04-29,24.16,cboe:GVZ_History.csv
2020-04-30,24.24,cboe:GVZ_History.csv
2020-05-01,24.25,cboe:GVZ_History.csv
2020-05-04,23.68,cboe:GVZ_History.csv
2020-05-05,24.97,cboe:GVZ_History.csv
2020-05-06,24.47,cboe:GVZ_History.csv
2020-05-07,26.15,cboe:GVZ_History.csv
2020-05-08,24.89,cboe:GVZ_History.csv
2020-05-11,23.55,cboe:GVZ_History.csv
2020-05-12,22.45,cboe:GVZ_History.csv
2020-05-13,22.71,cboe:GVZ_History.csv
2020-05-14,24.15,cboe:GVZ_History.csv
2020-05-15,23.63,cboe:GVZ_History.csv
2020-05-18,22.81,cboe:GVZ_History.csv
2020-05-19,21.33,cboe:GVZ_History.csv
2020-05-20,20.12,cboe:GVZ_History.csv
2020-05-21,19.74,cboe:GVZ_History.csv
2020-05-22,18.95,cboe:GVZ_History.csv
2020-05-26,18.57,cboe:GVZ_History.csv
2020-05-27,18.51,cboe:GVZ_History.csv
2020-05-28,18.1,cboe:GVZ_History.csv
2020-05-29,18.15,cboe:GVZ_History.csv
2020-06-01,18.06,cboe:GVZ_History.csv
2020-06-02,18.1,cboe:GVZ_History.csv
2020-06-03,18.47,cboe:GVZ_History.csv
2020-06-04,18.05,cboe:GVZ_History.csv
2020-06-05,18.17,cboe:GVZ_History.csv
2020-06-08,17.94,cboe:GVZ_History.csv
2020-06-09,19.0,cboe:GVZ_History.csv
2020-06-10,20.75,cboe:GVZ_History.csv
2020-06-11,23.04,cboe:GVZ_History.csv
2020-06-12,20.39,cboe:GVZ_History.csv
2020-06-15,20.11,cboe:GVZ_History.csv
2020-06-16,19.29,cboe:GVZ_History.csv
2020-06-17,18.88,cboe:GVZ_History.csv
2020-06-18,18.31,cboe:GVZ_History.csv
2020-06-19,18.27,cboe:GVZ_History.csv
2020-06-22,19.55,cboe:GVZ_History.csv
2020-06-23,20.51,cboe:GVZ_History.csv
2020-06-24,20.01,cboe:GVZ_History.csv
2020-06-25,19.73,cboe:GVZ_History.csv
2020-06-26,20.52,cboe:GVZ_History.csv
2020-06-29,19.26,cboe:GVZ_History.csv
2020-06-30,19.65,cboe:GVZ_History.csv
2020-07-01,18.85,cboe:GVZ_History.csv
2020-07-02,17.7,cboe:GVZ_History.csv
2020-07-06,17.42,cboe:GVZ_History.csv
2020-07-07,17.37,cboe:GVZ_History.csv
2020-07-08,17.74,cboe:GVZ_History.csv
2020-07-09,17.39,cboe:GVZ_History.csv
2020-07-10,16.64,cboe:GVZ_History.csv
2020-07-13,16.53,cboe:GVZ_History.csv
2020-07-14,16.0,cboe:GVZ_History.csv
2020-07-15,15.36,cboe:GVZ_History.csv
2020-07-16,15.37,cboe:GVZ_History.csv
2020-07-17,15.09,cboe:GVZ_History.csv
2020-07-20,15.3,cboe:GVZ_History.csv
2020-07-21,16.67,cboe:GVZ_History.csv
2020-07-22,22.45,cboe:GVZ_History.csv
2020-07-23,21.99,cboe:GVZ_History.csv
2020-07-24,21.61,cboe:GVZ_History.csv
2020-07-27,25.52,cboe:GVZ_History.csv
2020-07-28,28.96,cboe:GVZ_History.csv
2020-07-29,26.79,cboe:GVZ_History.csv
2020-07-30,24.13,cboe:GVZ_History.csv
2020-07-31,24.46,cboe:GVZ_History.csv
2020-08-03,23.56,cboe:GVZ_History.csv
2020-08-04,26.3,cboe:GVZ_History.csv
2020-08-05,25.69,cboe:GVZ_History.csv
2020-08-06,27.36,cboe:GVZ_History.csv
2020-08-07,26.22,cboe:GVZ_History.csv
2020-08-10,23.89,cboe:GVZ_History.csv
2020-08-11,27.48,cboe:GVZ_History.csv
2020-08-12,25.85,cboe:GVZ_History.csv
2020-08-13,25.82,cboe:GVZ_History.csv
2020-08-14,23.53,cboe:GVZ_History.csv
2020-08-17,26.35,cboe:GVZ_History.csv
2020-08-18,26.46,cboe:GVZ_History.csv
2020-08-19,28.15,cboe:GVZ_History.csv
2020-08-20,25.91,cboe:GVZ_History.csv
2020-08-21,25.96,cboe:GVZ_History.csv
2020-08-24,23.86,cboe:GVZ_History.csv
2020-08-25,22.76,cboe:GVZ_History.csv
2020-08-26,24.79,cboe:GVZ_History.csv
2020-08-27,23.08,cboe:GVZ_History.csv
2020-08-28,23.19,cboe:GVZ_History.csv
2020-08-31,24.32,cboe:GVZ_History.csv
2020-09-01,23.0,cboe:GVZ_History.csv
2020-09-02,23.57,cboe:GVZ_History.csv
2020-09-03,23.68,cboe:GVZ_History.csv
2020-09-04,21.98,cboe:GVZ_History.csv
2020-09-08,22.49,cboe:GVZ_History.csv
2020-09-09,21.66,cboe:GVZ_History.csv
2020-09-10,21.26,cboe:GVZ_History.csv
2020-09-11,20.2,cboe:GVZ_History.csv
2020-09-14,20.91,cboe:GVZ_History.csv
2020-09-15,20.32,cboe:GVZ_History.csv
2020-09-16,20.08,cboe:GVZ_History.csv
2020-09-17,19.95,cboe:GVZ_History.csv
2020-09-18,20.22,cboe:GVZ_History.csv
2020-09-21,21.6,cboe:GVZ_History.csv
2020-09-22,21.63,cboe:GVZ_History.csv
2020-09-23,23.43,cboe:GVZ_History.csv
2020-09-24,23.41,cboe:GVZ_History.csv
2020-09-25,22.09,cboe:GVZ_History.csv
2020-09-28,22.01,cboe:GVZ_History.csv
2020-09-29,23.28,cboe:GVZ_History.csv
2020-09-30,22.07,cboe:GVZ_History.csv
2020-10-01,22.39,cboe:GVZ_History.csv
2020-10-02,22.59,cboe:GVZ_History.csv
2020-10-05,22.13,cboe:GVZ_History.csv
2020-10-06,22.79,cboe:GVZ_History.csv
2020-10-07,23.28,cboe:GVZ_History.csv
2020-10-08,21.96,cboe:GVZ_History.csv
2020-10-09,22.44,cboe:GVZ_History.csv
2020-10-12,22.66,cboe:GVZ_History.csv
2020-10-13,23.17,cboe:GVZ_History.csv
2020-10-14,21.88,cboe:GVZ_History.csv
2020-10-15,21.73,cboe:GVZ_History.csv
2020-10-16,20.290000915527344,yahoo:^GVZ
2020-10-19,21.33,cboe:GVZ_History.csv
2020-10-20,21.54,cboe:GVZ_History.csv
2020-10-21,22.66,cboe:GVZ_History.csv
2020-10-22,21.38,cboe:GVZ_History.csv
2020-10-23,21.04,cboe:GVZ_History.csv
2020-10-26,20.93,cboe:GVZ_History.csv
2020-10-27,20.41,cboe:GVZ_History.csv
2020-10-28,21.93,cboe:GVZ_History.csv
2020-10-29,21.9,cboe:GVZ_History.csv
2020-10-30,23.26,cboe:GVZ_History.csv
2020-11-02,23.74,cboe:GVZ_History.csv
2020-11-03,23.32,cboe:GVZ_History.csv
2020-11-04,20.49,cboe:GVZ_History.csv
2020-11-05,22.0,cboe:GVZ_History.csv
2020-11-06,21.1,cboe:GVZ_History.csv
2020-11-09,21.86,cboe:GVZ_History.csv
2020-11-10,20.46,cboe:GVZ_History.csv
2020-11-11,19.14,cboe:GVZ_History.csv
2020-11-12,18.98,cboe:GVZ_History.csv
2020-11-13,17.74,cboe:GVZ_History.csv
2020-11-16,18.31,cboe:GVZ_History.csv
2020-11-17,17.54,cboe:GVZ_History.csv
2020-11-18,17.67,cboe:GVZ_History.csv
2020-11-19,17.96,cboe:GVZ_History.csv
2020-11-20,17.72,cboe:GVZ_History.csv
2020-11-23,18.98,cboe:GVZ_History.csv
2020-11-24,20.09,cboe:GVZ_History.csv
2020-11-25,19.75,cboe:GVZ_History.csv
2020-11-27,19.09,cboe:GVZ_History.csv
2020-11-30,19.69,cboe:GVZ_History.csv
2020-12-01,19.61,cboe:GVZ_History.csv
2020-12-02,19.42,cboe:GVZ_History.csv
2020-12-03,19.61,cboe:GVZ_History.csv
2020-12-04,18.95,cboe:GVZ_History.csv
2020-12-07,19.79,cboe:GVZ_History.csv
2020-12-08,19.86,cboe:GVZ_History.csv
2020-12-09,20.26,cboe:GVZ_History.csv
2020-12-10,19.66,cboe:GVZ_History.csv
2020-12-11,19.24,cboe:GVZ_History.csv
2020-12-14,19.43,cboe:GVZ_History.csv
2020-12-15,19.75,cboe:GVZ_History.csv
2020-12-16,19.39,cboe:GVZ_History.csv
2020-12-17,20.1,cboe:GVZ_History.csv
2020-12-18,19.58,cboe:GVZ_History.csv
2020-12-21,19.8,cboe:GVZ_History.csv
2020-12-22,19.5,cboe:GVZ_History.csv
2020-12-23,18.87,cboe:GVZ_History.csv
2020-12-24,18.99,cboe:GVZ_History.csv
2020-12-28,20.2,cboe:GVZ_History.csv
2020-12-29,19.53,cboe:GVZ_History.csv
2020-12-30,20.06,cboe:GVZ_History.csv
2020-12-31,20.79,cboe:GVZ_History.csv
2021-01-04,21.86,cboe:GVZ_History.csv
2021-01-05,22.14,cboe:GVZ_History.csv
2021-01-06,21.7,cboe:GVZ_History.csv
2021-01-07,20.66,cboe:GVZ_History.csv
2021-01-08,22.16,cboe:GVZ_History.csv
2021-01-11,20.65,cboe:GVZ_History.csv
2021-01-12,20.01,cboe:GVZ_History.csv
2021-01-13,18.8,cboe:GVZ_History.csv
2021-01-14,19.21,cboe:GVZ_History.csv
2021-01-15,19.04,cboe:GVZ_History.csv
2021-01-19,18.87,cboe:GVZ_History.csv
2021-01-20,18.95,cboe:GVZ_History.csv
2021-01-21,18.85,cboe:GVZ_History.csv
2021-01-22,18.42,cboe:GVZ_History.csv
2021-01-25,18.51,cboe:GVZ_History.csv
2021-01-26,17.88,cboe:GVZ_History.csv
2021-01-27,18.47,cboe:GVZ_History.csv
2021-01-28,19.38,cboe:GVZ_History.csv
2021-01-29,20.64,cboe:GVZ_History.csv
2021-02-01,21.81,cboe:GVZ_History.csv
2021-02-02,19.61,cboe:GVZ_History.csv
2021-02-03,18.45,cboe:GVZ_History.csv
2021-02-04,19.3,cboe:GVZ_History.csv
2021-02-05,18.7,cboe:GVZ_History.csv
2021-02-08,18.45,cboe:GVZ_History.csv
2021-02-09,18.35,cboe:GVZ_History.csv
2021-02-10,18.57,cboe:GVZ_History.csv
2021-02-11,18.31,cboe:GVZ_History.csv
2021-02-12,18.08,cboe:GVZ_History.csv
2021-02-16,19.57,cboe:GVZ_History.csv
2021-02-17,20.49,cboe:GVZ_History.csv
2021-02-18,19.66,cboe:GVZ_History.csv
2021-02-19,19.26,cboe:GVZ_History.csv
2021-02-22,19.12,cboe:GVZ_History.csv
2021-02-23,18.3,cboe:GVZ_History.csv
2021-02-24,18.31,cboe:GVZ_History.csv
2021-02-25,21.26,cboe:GVZ_History.csv
2021-02-26,21.08,cboe:GVZ_History.csv
2021-03-01,21.33,cboe:GVZ_History.csv
2021-03-02,20.06,cboe:GVZ_History.csv
2021-03-03,20.93,cboe:GVZ_History.csv
2021-03-04,21.61,cboe:GVZ_History.csv
2021-03-05,20.21,cboe:GVZ_History.csv
2021-03-08,20.64,cboe:GVZ_History.csv
2021-03-09,19.54,cboe:GVZ_History.csv
2021-03-10,18.55,cboe:GVZ_History.csv
2021-03-11,18.21,cboe:GVZ_History.csv
2021-03-12,18.36,cboe:GVZ_History.csv
2021-03-15,17.86,cboe:GVZ_History.csv
2021-03-16,17.93,cboe:GVZ_History.csv
2021-03-17,17.24,cboe:GVZ_History.csv
2021-03-18,17.79,cboe:GVZ_History.csv
2021-03-19,16.57,cboe:GVZ_History.csv
2021-03-22,16.47,cboe:GVZ_History.csv
2021-03-23,16.69,cboe:GVZ_History.csv
2021-03-24,15.7,cboe:GVZ_History.csv
2021-03-25,15.58,cboe:GVZ_History.csv
2021-03-26,15.48,cboe:GVZ_History.csv
2021-03-29,17.23,cboe:GVZ_History.csv
2021-03-30,18.3,cboe:GVZ_History.csv
2021-03-31,17.07,cboe:GVZ_History.csv
2021-04-01,16.74,cboe:GVZ_History.csv
2021-04-02,16.74,cboe:GVZ_History.csv
2021-04-05,17.08,cboe:GVZ_History.csv
2021-04-06,16.76,cboe:GVZ_History.csv
2021-04-07,16.11,cboe:GVZ_History.csv
2021-04-08,15.72,cboe:GVZ_History.csv
2021-04-09,15.3,cboe:GVZ_History.csv
2021-04-12,14.88,cboe:GVZ_History.csv
2021-04-13,14.26,cboe:GVZ_History.csv
2021-04-14,14.69,cboe:GVZ_History.csv
2021-04-15,15.36,cboe:GVZ_History.csv
2021-04-16,15.32,cboe:GVZ_History.csv
2021-04-19,16.01,cboe:GVZ_History.csv
2021-04-20,15.59,cboe:GVZ_History.csv
2021-04-21,16.41,cboe:GVZ_History.csv
2021-04-22,16.05,cboe:GVZ_History.csv
2021-04-23,15.74,cboe:GVZ_History.csv
2021-04-26,15.51,cboe:GVZ_History.csv
2021-04-27,14.77,cboe:GVZ_History.csv
2021-04-28,14.79,cboe:GVZ_History.csv
2021-04-29,14.54,cboe:GVZ_History.csv
2021-04-30,14.58,cboe:GVZ_History.csv
2021-05-03,15.65,cboe:GVZ_History.csv
2021-05-04,15.91,cboe:GVZ_History.csv
2021-05-05,15.7,cboe:GVZ_History.csv
2021-05-06,16.57,cboe:GVZ_History.csv
2021-05-07,16.46,cboe:GVZ_History.csv
2021-05-10,17.19,cboe:GVZ_History.csv
2021-05-11,17.17,cboe:GVZ_History.csv
2021-05-12,17.56,cboe:GVZ_History.csv
2021-05-13,17.1,cboe:GVZ_History.csv
2021-05-14,16.75,cboe:GVZ_History.csv
2021-05-17,17.62,cboe:GVZ_History.csv
2021-05-18,17.0,cboe:GVZ_History.csv
2021-05-19,17.79,cboe:GVZ_History.csv
2021-05-20,17.29,cboe:GVZ_History.csv
2021-05-21,16.47,cboe:GVZ_History.csv
2021-05-24,16.91,cboe:GVZ_History.csv
2021-05-25,17.09,cboe:GVZ_History.csv
2021-05-26,16.81,cboe:GVZ_History.csv
2021-05-27,16.15,cboe:GVZ_History.csv
2021-05-28,16.08,cboe:GVZ_History.csv
2021-06-01,16.09,cboe:GVZ_History.csv
2021-06-02,15.65,cboe:GVZ_History.csv
2021-06-03,15.95,cboe:GVZ_History.csv
2021-06-04,15.83,cboe:GVZ_History.csv
2021-06-07,15.57,cboe:GVZ_History.csv
2021-06-08,15.59,cboe:GVZ_History.csv
2021-06-09,15.43,cboe:GVZ_History.csv
2021-06-10,15.5,cboe:GVZ_History.csv
2021-06-11,15.21,cboe:GVZ_History.csv
2021-06-14,16.13,cboe:GVZ_History.csv
2021-06-15,16.26,cboe:GVZ_History.csv
2021-06-16,16.3,cboe:GVZ_History.csv
2021-06-17,17.66,cboe:GVZ_History.csv
2021-06-18,17.9,cboe:GVZ_History.csv
2021-06-21,16.91,cboe:GVZ_History.csv
2021-06-22,16.66,cboe:GVZ_History.csv
2021-06-23,16.2,cboe:GVZ_History.csv
2021-06-24,15.7,cboe:GVZ_History.csv
2021-06-25,15.29,cboe:GVZ_History.csv
2021-06-28,15.36,cboe:GVZ_History.csv
2021-06-29,16.19,cboe:GVZ_History.csv
2021-06-30,15.97,cboe:GVZ_History.csv
2021-07-01,15.8,cboe:GVZ_History.csv
2021-07-02,15.28,cboe:GVZ_History.csv
2021-07-06,15.45,cboe:GVZ_History.csv
2021-07-07,15.21,cboe:GVZ_History.csv
2021-07-08,15.82,cboe:GVZ_History.csv
2021-07-09,15.27,cboe:GVZ_History.csv
2021-07-12,15.04,cboe:GVZ_History.csv
2021-07-13,14.84,cboe:GVZ_History.csv
2021-07-14,14.79,cboe:GVZ_History.csv
2021-07-15,15.01,cboe:GVZ_History.csv
2021-07-16,14.6,cboe:GVZ_History.csv
2021-07-19,15.96,cboe:GVZ_History.csv
2021-07-20,15.01,cboe:GVZ_History.csv
2021-07-21,15.01,cboe:GVZ_History.csv
2021-07-22,14.51,cboe:GVZ_History.csv
2021-07-23,14.53,cboe:GVZ_History.csv
2021-07-26,15.2,cboe:GVZ_History.csv
2021-07-27,15.51,cboe:GVZ_History.csv
2021-07-28,15.61,cboe:GVZ_History.csv
2021-07-29,15.21,cboe:GVZ_History.csv
2021-07-30,15.09,cboe:GVZ_History.csv
2021-08-02,15.23,cboe:GVZ_History.csv
2021-08-03,15.09,cboe:GVZ_History.csv
2021-08-04,14.88,cboe:GVZ_History.csv
2021-08-05,14.84,cboe:GVZ_History.csv
2021-08-06,15.9,cboe:GVZ_History.csv
2021-08-09,17.26,cboe:GVZ_History.csv
2021-08-10,16.93,cboe:GVZ_History.csv
2021-08-11,15.85,cboe:GVZ_History.csv
2021-08-12,15.67,cboe:GVZ_History.csv
2021-08-13,15.15,cboe:GVZ_History.csv
2021-08-16,15.62,cboe:GVZ_History.csv
2021-08-17,16.1,cboe:GVZ_History.csv
2021-08-18,15.8,cboe:GVZ_History.csv
2021-08-19,15.91,cboe:GVZ_History.csv
2021-08-20,15.34,cboe:GVZ_History.csv
2021-08-23,15.84,cboe:GVZ_History.csv
2021-08-24,15.45,cboe:GVZ_History.csv
2021-08-25,15.9,cboe:GVZ_History.csv
2021-08-26,16.44,cboe:GVZ_History.csv
2021-08-27,15.27,cboe:GVZ_History.csv
2021-08-30,15.52,cboe:GVZ_History.csv
2021-08-31,15.47,cboe:GVZ_History.csv
2021-09-01,15.12,cboe:GVZ_History.csv
2021-09-02,14.76,cboe:GVZ_History.csv
2021-09-03,14.95,cboe:GVZ_History.csv
2021-09-07,15.36,cboe:GVZ_History.csv
2021-09-08,15.14,cboe:GVZ_History.csv
2021-09-09,15.1,cboe:GVZ_History.csv
2021-09-10,15.15,cboe:GVZ_History.csv
2021-09-13,15.09,cboe:GVZ_History.csv
2021-09-14,15.02,cboe:GVZ_History.csv
2021-09-15,15.14,cboe:GVZ_History.csv
2021-09-16,15.92,cboe:GVZ_History.csv
2021-09-17,15.92,cboe:GVZ_History.csv
2021-09-20,16.85,cboe:GVZ_History.csv
2021-09-21,16.46,cboe:GVZ_History.csv
2021-09-22,16.41,cboe:GVZ_History.csv
2021-09-23,16.82,cboe:GVZ_History.csv
2021-09-24,16.44,cboe:GVZ_History.csv
2021-09-27,16.2,cboe:GVZ_History.csv
2021-09-28,16.78,cboe:GVZ_History.csv
2021-09-29,17.39,cboe:GVZ_History.csv
2021-09-30,17.16,cboe:GVZ_History.csv
2021-10-01,16.32,cboe:GVZ_History.csv
2021-10-04,16.77,cboe:GVZ_History.csv
2021-10-05,16.56,cboe:GVZ_History.csv
2021-10-06,16.58,cboe:GVZ_History.csv
2021-10-07,16.29,cboe:GVZ_History.csv
2021-10-08,15.67,cboe:GVZ_History.csv
2021-10-11,15.56,cboe:GVZ_History.csv
2021-10-12,15.1,cboe:GVZ_History.csv
2021-10-13,15.51,cboe:GVZ_History.csv
2021-10-14,15.34,cboe:GVZ_History.csv
2021-10-15,15.06,cboe:GVZ_History.csv
2021-10-18,15.53,cboe:GVZ_History.csv
2021-10-19,15.32,cboe:GVZ_History.csv
2021-10-20,15.27,cboe:GVZ_History.csv
2021-10-21,15.15,cboe:GVZ_History.csv
2021-10-22,15.74,cboe:GVZ_History.csv
2021-10-25,16.73,cboe:GVZ_History.csv
2021-10-26,15.96,cboe:GVZ_History.csv
2021-10-27,16.08,cboe:GVZ_History.csv
2021-10-28,15.8,cboe:GVZ_History.csv
2021-10-29,16.07,cboe:GVZ_History.csv
2021-11-01,16.31,cboe:GVZ_History.csv
2021-11-02,16.47,cboe:GVZ_History.csv
2021-11-03,16.28,cboe:GVZ_History.csv
2021-11-04,15.87,cboe:GVZ_History.csv
2021-11-05,16.64,cboe:GVZ_History.csv
2021-11-08,16.66,cboe:GVZ_History.csv
2021-11-09,16.76,cboe:GVZ_History.csv
2021-11-10,16.8,cboe:GVZ_History.csv
2021-11-11,16.95,cboe:GVZ_History.csv
2021-11-12,16.85,cboe:GVZ_History.csv
2021-11-15,17.0,cboe:GVZ_History.csv
2021-11-16,16.67,cboe:GVZ_History.csv
2021-11-17,16.69,cboe:GVZ_History.csv
2021-11-18,16.25,cboe:GVZ_History.csv
2021-11-19,15.99,cboe:GVZ_History.csv
2021-11-22,16.59,cboe:GVZ_History.csv
2021-11-23,16.81,cboe:GVZ_History.csv
2021-11-24,16.75,cboe:GVZ_History.csv
2021-11-26,17.99,cboe:GVZ_History.csv
2021-11-29,17.55,cboe:GVZ_History.csv
2021-11-30,17.99,cboe:GVZ_History.csv
2021-12-01,18.39,cboe:GVZ_History.csv
2021-12-02,18.45,cboe:GVZ_History.csv
2021-12-03,17.92,cboe:GVZ_History.csv
2021-12-06,17.44,cboe:GVZ_History.csv
2021-12-07,17.02,cboe:GVZ_History.csv
2021-12-08,16.48,cboe:GVZ_History.csv
2021-12-09,16.7,cboe:GVZ_History.csv
2021-12-10,15.35,cboe:GVZ_History.csv
2021-12-13,15.97,cboe:GVZ_History.csv
2021-12-14,16.41,cboe:GVZ_History.csv
2021-12-15,15.54,cboe:GVZ_History.csv
2021-12-16,15.22,cboe:GVZ_History.csv
2021-12-17,15.07,cboe:GVZ_History.csv
2021-12-20,15.77,cboe:GVZ_History.csv
2021-12-21,15.42,cboe:GVZ_History.csv
2021-12-22,14.94,cboe:GVZ_History.csv
2021-12-23,14.62,cboe:GVZ_History.csv
2021-12-24,14.62,cboe:GVZ_History.csv
2021-12-27,15.44,cboe:GVZ_History.csv
2021-12-28,15.06,cboe:GVZ_History.csv
2021-12-29,15.13,cboe:GVZ_History.csv
2021-12-30,14.77,cboe:GVZ_History.csv
2021-12-31,14.61,cboe:GVZ_History.csv
2022-01-03,15.34,cboe:GVZ_History.csv
2022-01-04,15.33,cboe:GVZ_History.csv
2022-01-05,16.21,cboe:GVZ_History.csv
2022-01-06,15.87,cboe:GVZ_History.csv
2022-01-07,15.04,cboe:GVZ_History.csv
2022-01-10,15.56,cboe:GVZ_History.csv
2022-01-11,15.21,cboe:GVZ_History.csv
2022-01-12,15.32,cboe:GVZ_History.csv
2022-01-13,15.17,cboe:GVZ_History.csv
2022-01-14,14.73,cboe:GVZ_History.csv
2022-01-18,15.09,cboe:GVZ_History.csv
2022-01-19,15.64,cboe:GVZ_History.csv
2022-01-20,15.09,cboe:GVZ_History.csv
2022-01-21,15.2,cboe:GVZ_History.csv
2022-01-24,16.3,cboe:GVZ_History.csv
2022-01-25,16.47,cboe:GVZ_History.csv
2022-01-26,16.42,cboe:GVZ_History.csv
2022-01-27,17.15,cboe:GVZ_History.csv
2022-01-28,17.12,cboe:GVZ_History.csv
2022-01-31,16.7,cboe:GVZ_History.csv
2022-02-01,16.5,cboe:GVZ_History.csv
2022-02-02,15.66,cboe:GVZ_History.csv
2022-02-03,16.01,cboe:GVZ_History.csv
2022-02-04,15.53,cboe:GVZ_History.csv
2022-02-07,16.15,cboe:GVZ_History.csv
2022-02-08,15.86,cboe:GVZ_History.csv
2022-02-09,15.63,cboe:GVZ_History.csv
2022-02-10,15.92,cboe:GVZ_History.csv
2022-02-11,17.81,cboe:GVZ_History.csv
2022-02-14,18.95,cboe:GVZ_History.csv
2022-02-15,17.7,cboe:GVZ_History.csv
2022-02-16,18.07,cboe:GVZ_History.csv
2022-02-17,19.79,cboe:GVZ_History.csv
2022-02-18,18.54,cboe:GVZ_History.csv
2022-02-22,17.93,cboe:GVZ_History.csv
2022-02-23,17.69,cboe:GVZ_History.csv
2022-02-24,18.12,cboe:GVZ_History.csv
2022-02-25,18.4,cboe:GVZ_History.csv
2022-02-28,20.97,cboe:GVZ_History.csv
2022-03-01,22.7,cboe:GVZ_History.csv
2022-03-02,21.85,cboe:GVZ_History.csv
2022-03-03,22.94,cboe:GVZ_History.csv
2022-03-04,26.29,cboe:GVZ_History.csv
2022-03-07,29.67,cboe:GVZ_History.csv
2022-03-08,31.7,cboe:GVZ_History.csv
2022-03-09,28.01,cboe:GVZ_History.csv
2022-03-10,26.08,cboe:GVZ_History.csv
2022-03-11,24.73,cboe:GVZ_History.csv
2022-03-14,24.08,cboe:GVZ_History.csv
2022-03-15,23.8,cboe:GVZ_History.csv
2022-03-16,22.51,cboe:GVZ_History.csv
2022-03-17,22.23,cboe:GVZ_History.csv
2022-03-18,22.0,cboe:GVZ_History.csv
2022-03-21,21.89,cboe:GVZ_History.csv
2022-03-22,20.58,cboe:GVZ_History.csv
2022-03-23,23.41,cboe:GVZ_History.csv
2022-03-24,24.07,cboe:GVZ_History.csv
2022-03-25,24.68,cboe:GVZ_History.csv
2022-03-28,23.2,cboe:GVZ_History.csv
2022-03-29,21.28,cboe:GVZ_History.csv
2022-03-30,21.08,cboe:GVZ_History.csv
2022-03-31,20.25,cboe:GVZ_History.csv
2022-04-01,19.08,cboe:GVZ_History.csv
2022-04-04,19.22,cboe:GVZ_History.csv
2022-04-05,18.47,cboe:GVZ_History.csv
2022-04-06,18.88,cboe:GVZ_History.csv
2022-04-07,18.43,cboe:GVZ_History.csv
2022-04-08,18.37,cboe:GVZ_History.csv
2022-04-11,19.25,cboe:GVZ_History.csv
2022-04-12,19.37,cboe:GVZ_History.csv
2022-04-13,18.7,cboe:GVZ_History.csv
2022-04-14,17.71,cboe:GVZ_History.csv
2022-04-18,19.07,cboe:GVZ_History.csv
2022-04-19,18.19,cboe:GVZ_History.csv
2022-04-20,18.15,cboe:GVZ_History.csv
2022-04-21,18.22,cboe:GVZ_History.csv
2022-04-22,18.97,cboe:GVZ_History.csv
2022-04-25,19.47,cboe:GVZ_History.csv
2022-04-26,19.23,cboe:GVZ_History.csv
2022-04-27,19.16,cboe:GVZ_History.csv
2022-04-28,19.0,cboe:GVZ_History.csv
2022-04-29,19.83,cboe:GVZ_History.csv
2022-05-02,20.06,cboe:GVZ_History.csv
2022-05-03,19.71,cboe:GVZ_History.csv
2022-05-04,18.81,cboe:GVZ_History.csv
2022-05-05,19.36,cboe:GVZ_History.csv
2022-05-06,18.71,cboe:GVZ_History.csv
2022-05-09,20.49,cboe:GVZ_History.csv
2022-05-10,20.02,cboe:GVZ_History.csv
2022-05-11,20.26,cboe:GVZ_History.csv
2022-05-12,21.51,cboe:GVZ_History.csv
2022-05-13,21.2,cboe:GVZ_History.csv
2022-05-16,21.16,cboe:GVZ_History.csv
2022-05-17,20.05,cboe:GVZ_History.csv
2022-05-18,19.69,cboe:GVZ_History.csv
2022-05-19,20.25,cboe:GVZ_History.csv
2022-05-20,19.31,cboe:GVZ_History.csv
2022-05-23,19.63,cboe:GVZ_History.csv
2022-05-24,19.13,cboe:GVZ_History.csv
2022-05-25,18.27,cboe:GVZ_History.csv
2022-05-26,17.81,cboe:GVZ_History.csv
2022-05-27,17.5,cboe:GVZ_History.csv
2022-05-31,17.19,cboe:GVZ_History.csv
2022-06-01,16.94,cboe:GVZ_History.csv
2022-06-02,17.13,cboe:GVZ_History.csv
2022-06-03,16.51,cboe:GVZ_History.csv
2022-06-06,16.81,cboe:GVZ_History.csv
2022-06-07,16.64,cboe:GVZ_History.csv
2022-06-08,16.04,cboe:GVZ_History.csv
2022-06-09,16.29,cboe:GVZ_History.csv
2022-06-10,17.58,cboe:GVZ_History.csv
2022-06-13,20.84,cboe:GVZ_History.csv
2022-06-14,21.99,cboe:GVZ_History.csv
2022-06-15,19.4,cboe:GVZ_History.csv
2022-06-16,20.65,cboe:GVZ_History.csv
2022-06-17,20.28,cboe:GVZ_History.csv
2022-06-21,18.24,cboe:GVZ_History.csv
2022-06-22,18.29,cboe:GVZ_History.csv
2022-06-23,18.65,cboe:GVZ_History.csv
2022-06-24,17.92,cboe:GVZ_History.csv
2022-06-27,17.88,cboe:GVZ_History.csv
2022-06-28,17.95,cboe:GVZ_History.csv
2022-06-29,18.08,cboe:GVZ_History.csv
2022-06-30,19.61,cboe:GVZ_History.csv
2022-07-01,20.17,cboe:GVZ_History.csv
2022-07-05,21.33,cboe:GVZ_History.csv
2022-07-06,21.91,cboe:GVZ_History.csv
2022-07-07,20.5,cboe:GVZ_History.csv
2022-07-08,19.41,cboe:GVZ_History.csv
2022-07-11,19.72,cboe:GVZ_History.csv
2022-07-12,19.78,cboe:GVZ_History.csv
2022-07-13,18.36,cboe:GVZ_History.csv
2022-07-14,19.6,cboe:GVZ_History.csv
2022-07-15,19.27,cboe:GVZ_History.csv
2022-07-18,19.42,cboe:GVZ_History.csv
2022-07-19,18.63,cboe:GVZ_History.csv
2022-07-20,19.26,cboe:GVZ_History.csv
2022-07-21,18.71,cboe:GVZ_History.csv
2022-07-22,18.3,cboe:GVZ_History.csv
2022-07-25,18.3,cboe:GVZ_History.csv
2022-07-26,18.06,cboe:GVZ_History.csv
2022-07-27,17.39,cboe:GVZ_History.csv
2022-07-28,16.84,cboe:GVZ_History.csv
2022-07-29,16.49,cboe:GVZ_History.csv
2022-08-01,17.52,cboe:GVZ_History.csv
2022-08-02,17.34,cboe:GVZ_History.csv
2022-08-03,16.76,cboe:GVZ_History.csv
2022-08-04,16.95,cboe:GVZ_History.csv
2022-08-05,16.37,cboe:GVZ_History.csv
2022-08-08,16.76,cboe:GVZ_History.csv
2022-08-09,16.69,cboe:GVZ_History.csv
2022-08-10,16.27,cboe:GVZ_History.csv
2022-08-11,15.81,cboe:GVZ_History.csv
2022-08-12,15.22,cboe:GVZ_History.csv
2022-08-15,15.37,cboe:GVZ_History.csv
2022-08-16,15.27,cboe:GVZ_History.csv
2022-08-17,15.32,cboe:GVZ_History.csv
2022-08-18,15.36,cboe:GVZ_History.csv
2022-08-19,15.91,cboe:GVZ_History.csv
2022-08-22,16.57,cboe:GVZ_History.csv
2022-08-23,15.8,cboe:GVZ_History.csv
2022-08-24,15.9,cboe:GVZ_History.csv
2022-08-25,15.57,cboe:GVZ_History.csv
2022-08-26,15.42,cboe:GVZ_History.csv
2022-08-29,16.02,cboe:GVZ_History.csv
2022-08-30,16.52,cboe:GVZ_History.csv
2022-08-31,17.02,cboe:GVZ_History.csv
2022-09-01,17.8,cboe:GVZ_History.csv
2022-09-02,16.88,cboe:GVZ_History.csv
2022-09-06,17.68,cboe:GVZ_History.csv
2022-09-07,16.77,cboe:GVZ_History.csv
2022-09-08,16.4,cboe:GVZ_History.csv
2022-09-09,15.91,cboe:GVZ_History.csv
2022-09-12,15.79,cboe:GVZ_History.csv
2022-09-13,16.93,cboe:GVZ_History.csv
2022-09-14,17.17,cboe:GVZ_History.csv
2022-09-15,19.66,cboe:GVZ_History.csv
2022-09-16,18.31,cboe:GVZ_History.csv
2022-09-19,18.37,cboe:GVZ_History.csv
2022-09-20,18.59,cboe:GVZ_History.csv
2022-09-21,18.48,cboe:GVZ_History.csv
2022-09-22,17.93,cboe:GVZ_History.csv
2022-09-23,19.42,cboe:GVZ_History.csv
2022-09-26,20.26,cboe:GVZ_History.csv
2022-09-27,19.26,cboe:GVZ_History.csv
2022-09-28,19.27,cboe:GVZ_History.csv
2022-09-29,19.78,cboe:GVZ_History.csv
2022-09-30,19.52,cboe:GVZ_History.csv
2022-10-03,20.29,cboe:GVZ_History.csv
2022-10-04,19.55,cboe:GVZ_History.csv
2022-10-05,19.69,cboe:GVZ_History.csv
2022-10-06,19.67,cboe:GVZ_History.csv
2022-10-07,19.66,cboe:GVZ_History.csv
2022-10-10,20.54,cboe:GVZ_History.csv
2022-10-11,20.59,cboe:GVZ_History.csv
2022-10-12,20.4,cboe:GVZ_History.csv
2022-10-13,20.07,cboe:GVZ_History.csv
2022-10-14,20.07,cboe:GVZ_History.csv
2022-10-17,19.96,cboe:GVZ_History.csv
2022-10-18,19.19,cboe:GVZ_History.csv
2022-10-19,19.41,cboe:GVZ_History.csv
2022-10-20,19.23,cboe:GVZ_History.csv
2022-10-21,19.05,cboe:GVZ_History.csv
2022-10-24,19.58,cboe:GVZ_History.csv
2022-10-25,19.33,cboe:GVZ_History.csv
2022-10-26,18.67,cboe:GVZ_History.csv
2022-10-27,18.51,cboe:GVZ_History.csv
2022-10-28,18.01,cboe:GVZ_History.csv
2022-10-31,18.27,cboe:GVZ_History.csv
2022-11-01,18.45,cboe:GVZ_History.csv
2022-11-02,17.84,cboe:GVZ_History.csv
2022-11-03,18.03,cboe:GVZ_History.csv
2022-11-04,18.03,cboe:GVZ_History.csv
2022-11-07,18.12,cboe:GVZ_History.csv
2022-11-08,18.91,cboe:GVZ_History.csv
2022-11-09,18.91,cboe:GVZ_History.csv
2022-11-10,17.69,cboe:GVZ_History.csv
2022-11-11,17.57,cboe:GVZ_History.csv
2022-11-14,17.41,cboe:GVZ_History.csv
2022-11-15,17.72,cboe:GVZ_History.csv
2022-11-16,17.23,cboe:GVZ_History.csv
2022-11-17,16.77,cboe:GVZ_History.csv
2022-11-18,16.51,cboe:GVZ_History.csv
2022-11-21,16.68,cboe:GVZ_History.csv
2022-11-22,16.07,cboe:GVZ_History.csv
2022-11-23,15.84,cboe:GVZ_History.csv
2022-11-25,15.23,cboe:GVZ_History.csv
2022-11-28,15.77,cboe:GVZ_History.csv
2022-11-29,15.71,cboe:GVZ_History.csv
2022-11-30,15.45,cboe:GVZ_History.csv
2022-12-01,15.92,cboe:GVZ_History.csv
2022-12-02,15.42,cboe:GVZ_History.csv
2022-12-05,15.81,cboe:GVZ_History.csv
2022-12-06,16.19,cboe:GVZ_History.csv
2022-12-07,16.55,cboe:GVZ_History.csv
2022-12-08,16.45,cboe:GVZ_History.csv
2022-12-09,16.26,cboe:GVZ_History.csv
2022-12-12,15.51,cboe:GVZ_History.csv
2022-12-13,14.71,cboe:GVZ_History.csv
2022-12-14,14.06,cboe:GVZ_History.csv
2022-12-15,14.39,cboe:GVZ_History.csv
2022-12-16,14.14,cboe:GVZ_History.csv
2022-12-19,14.49,cboe:GVZ_History.csv
2022-12-20,15.03,cboe:GVZ_History.csv
2022-12-21,14.78,cboe:GVZ_History.csv
2022-12-22,14.88,cboe:GVZ_History.csv
2022-12-23,14.86,cboe:GVZ_History.csv
2022-12-27,16.3,cboe:GVZ_History.csv
2022-12-28,15.99,cboe:GVZ_History.csv
2022-12-29,16.18,cboe:GVZ_History.csv
2022-12-30,16.25,cboe:GVZ_History.csv
2023-01-03,17.26,cboe:GVZ_History.csv
2023-01-04,17.35,cboe:GVZ_History.csv
2023-01-05,16.78,cboe:GVZ_History.csv
2023-01-06,16.44,cboe:GVZ_History.csv
2023-01-09,16.92,cboe:GVZ_History.csv
2023-01-10,16.59,cboe:GVZ_History.csv
2023-01-11,16.32,cboe:GVZ_History.csv
2023-01-12,15.95,cboe:GVZ_History.csv
2023-01-13,16.37,cboe:GVZ_History.csv
2023-01-17,16.49,cboe:GVZ_History.csv
2023-01-18,16.19,cboe:GVZ_History.csv
2023-01-19,16.71,cboe:GVZ_History.csv
2023-01-20,16.4,cboe:GVZ_History.csv
2023-01-23,16.2,cboe:GVZ_History.csv
2023-01-24,16.17,cboe:GVZ_History.csv
2023-01-25,16.12,cboe:GVZ_History.csv
2023-01-26,15.59,cboe:GVZ_History.csv
2023-01-27,15.23,cboe:GVZ_History.csv
2023-01-30,15.59,cboe:GVZ_History.csv
2023-01-31,15.75,cboe:GVZ_History.csv
2023-02-01,15.22,cboe:GVZ_History.csv
2023-02-02,15.14,cboe:GVZ_History.csv
2023-02-03,15.06,cboe:GVZ_History.csv
2023-02-06,15.81,cboe:GVZ_History.csv
2023-02-07,15.62,cboe:GVZ_History.csv
2023-02-08,15.46,cboe:GVZ_History.csv
2023-02-09,15.52,cboe:GVZ_History.csv
2023-02-10,15.46,cboe:GVZ_History.csv
2023-02-13,15.58,cboe:GVZ_History.csv
2023-02-14,14.88,cboe:GVZ_History.csv
2023-02-15,14.9,cboe:GVZ_History.csv
2023-02-16,14.92,cboe:GVZ_History.csv
2023-02-17,14.69,cboe:GVZ_History.csv
2023-02-21,15.48,cboe:GVZ_History.csv
2023-02-22,15.05,cboe:GVZ_History.csv
2023-02-23,14.84,cboe:GVZ_History.csv
2023-02-24,14.56,cboe:GVZ_History.csv
2023-02-27,14.35,cboe:GVZ_History.csv
2023-02-28,14.17,cboe:GVZ_History.csv
2023-03-01,14.16,cboe:GVZ_History.csv
2023-03-02,13.94,cboe:GVZ_History.csv
2023-03-03,13.93,cboe:GVZ_History.csv
2023-03-06,14.24,cboe:GVZ_History.csv
2023-03-07,14.2,cboe:GVZ_History.csv
2023-03-08,13.79,cboe:GVZ_History.csv
2023-03-09,14.3,cboe:GVZ_History.csv
2023-03-10,16.57,cboe:GVZ_History.csv
2023-03-13,20.0,cboe:GVZ_History.csv
2023-03-14,17.95,cboe:GVZ_History.csv
2023-03-15,19.75,cboe:GVZ_History.csv
2023-03-16,17.38,cboe:GVZ_History.csv
2023-03-17,22.83,cboe:GVZ_History.csv
2023-03-20,21.4,cboe:GVZ_History.csv
2023-03-21,19.14,cboe:GVZ_History.csv
2023-03-22,19.22,cboe:GVZ_History.csv
2023-03-23,20.95,cboe:GVZ_History.csv
2023-03-24,19.96,cboe:GVZ_History.csv
2023-03-27,19.18,cboe:GVZ_History.csv
2023-03-28,19.03,cboe:GVZ_History.csv
2023-03-29,17.77,cboe:GVZ_History.csv
2023-03-30,18.39,cboe:GVZ_History.csv
2023-03-31,17.31,cboe:GVZ_History.csv
2023-04-03,18.25,cboe:GVZ_History.csv
2023-04-04,19.73,cboe:GVZ_History.csv
2023-04-05,18.98,cboe:GVZ_History.csv
2023-04-06,18.44,cboe:GVZ_History.csv
2023-04-10,18.54,cboe:GVZ_History.csv
2023-04-11,18.33,cboe:GVZ_History.csv
2023-04-12,17.69,cboe:GVZ_History.csv
2023-04-13,18.48,cboe:GVZ_History.csv
2023-04-14,17.16,cboe:GVZ_History.csv
2023-04-17,17.37,cboe:GVZ_History.csv
2023-04-18,17.14,cboe:GVZ_History.csv
2023-04-19,17.21,cboe:GVZ_History.csv
2023-04-20,17.21,cboe:GVZ_History.csv
2023-04-21,16.42,cboe:GVZ_History.csv
2023-04-24,16.88,cboe:GVZ_History.csv
2023-04-25,17.72,cboe:GVZ_History.csv
2023-04-26,17.74,cboe:GVZ_History.csv
2023-04-27,17.28,cboe:GVZ_History.csv
2023-04-28,16.47,cboe:GVZ_History.csv
2023-05-01,16.63,cboe:GVZ_History.csv
2023-05-02,18.69,cboe:GVZ_History.csv
2023-05-03,18.7,cboe:GVZ_History.csv
2023-05-04,20.35,cboe:GVZ_History.csv
2023-05-05,18.5,cboe:GVZ_History.csv
2023-05-08,18.67,cboe:GVZ_History.csv
2023-05-09,18.73,cboe:GVZ_History.csv
2023-05-10,18.37,cboe:GVZ_History.csv
2023-05-11,17.77,cboe:GVZ_History.csv
2023-05-12,17.37,cboe:GVZ_History.csv
2023-05-15,17.52,cboe:GVZ_History.csv
2023-05-16,17.62,cboe:GVZ_History.csv
2023-05-17,16.99,cboe:GVZ_History.csv
2023-05-18,16.95,cboe:GVZ_History.csv
2023-05-19,17.22,cboe:GVZ_History.csv
2023-05-22,17.55,cboe:GVZ_History.csv
2023-05-23,17.66,cboe:GVZ_History.csv
2023-05-24,17.56,cboe:GVZ_History.csv
2023-05-25,16.84,cboe:GVZ_History.csv
2023-05-26,16.3,cboe:GVZ_History.csv
2023-05-30,15.88,cboe:GVZ_History.csv
2023-05-31,15.63,cboe:GVZ_History.csv
2023-06-01,15.5,cboe:GVZ_History.csv
2023-06-02,14.32,cboe:GVZ_History.csv
2023-06-05,14.27,cboe:GVZ_History.csv
2023-06-06,13.94,cboe:GVZ_History.csv
2023-06-07,13.81,cboe:GVZ_History.csv
2023-06-08,13.94,cboe:GVZ_History.csv
2023-06-09,13.69,cboe:GVZ_History.csv
2023-06-12,13.7,cboe:GVZ_History.csv
2023-06-13,13.45,cboe:GVZ_History.csv
2023-06-14,12.84,cboe:GVZ_History.csv
2023-06-15,13.0,cboe:GVZ_History.csv
2023-06-16,12.4,cboe:GVZ_History.csv
2023-06-20,12.73,cboe:GVZ_History.csv
2023-06-21,12.98,cboe:GVZ_History.csv
2023-06-22,12.96,cboe:GVZ_History.csv
2023-06-23,12.73,cboe:GVZ_History.csv
2023-06-26,13.08,cboe:GVZ_History.csv
2023-06-27,12.88,cboe:GVZ_History.csv
2023-06-28,12.53,cboe:GVZ_History.csv
2023-06-29,12.21,cboe:GVZ_History.csv
2023-06-30,12.04,cboe:GVZ_History.csv
2023-07-03,12.22,cboe:GVZ_History.csv
2023-07-05,12.46,cboe:GVZ_History.csv
2023-07-06,12.25,cboe:GVZ_History.csv
2023-07-07,12.12,cboe:GVZ_History.csv
2023-07-10,12.41,cboe:GVZ_History.csv
2023-07-11,12.64,cboe:GVZ_History.csv
2023-07-12,13.12,cboe:GVZ_History.csv
2023-07-13,12.73,cboe:GVZ_History.csv
2023-07-14,12.05,cboe:GVZ_History.csv
2023-07-17,12.34,cboe:GVZ_History.csv
2023-07-18,12.62,cboe:GVZ_History.csv
2023-07-19,12.89,cboe:GVZ_History.csv
2023-07-20,12.67,cboe:GVZ_History.csv
2023-07-21,12.23,cboe:GVZ_History.csv
2023-07-24,12.35,cboe:GVZ_History.csv
2023-07-25,12.42,cboe:GVZ_History.csv
2023-07-26,12.11,cboe:GVZ_History.csv
2023-07-27,12.29,cboe:GVZ_History.csv
2023-07-28,11.78,cboe:GVZ_History.csv
2023-07-31,12.16,cboe:GVZ_History.csv
2023-08-01,11.83,cboe:GVZ_History.csv
2023-08-02,12.45,cboe:GVZ_History.csv
2023-08-03,12.79,cboe:GVZ_History.csv
2023-08-04,12.22,cboe:GVZ_History.csv
2023-08-07,12.24,cboe:GVZ_History.csv
2023-08-08,12.21,cboe:GVZ_History.csv
2023-08-09,12.33,cboe:GVZ_History.csv
2023-08-10,11.84,cboe:GVZ_History.csv
2023-08-11,11.54,cboe:GVZ_History.csv
2023-08-14,11.97,cboe:GVZ_History.csv
2023-08-15,12.11,cboe:GVZ_History.csv
2023-08-16,12.43,cboe:GVZ_History.csv
2023-08-17,12.89,cboe:GVZ_History.csv
2023-08-18,12.63,cboe:GVZ_History.csv
2023-08-21,12.91,cboe:GVZ_History.csv
2023-08-22,12.58,cboe:GVZ_History.csv
2023-08-23,12.67,cboe:GVZ_History.csv
2023-08-24,12.53,cboe:GVZ_History.csv
2023-08-25,12.09,cboe:GVZ_History.csv
2023-08-28,12.21,cboe:GVZ_History.csv
2023-08-29,12.5,cboe:GVZ_History.csv
2023-08-30,12.39,cboe:GVZ_History.csv
2023-08-31,11.78,cboe:GVZ_History.csv
2023-09-01,11.28,cboe:GVZ_History.csv
2023-09-05,11.36,cboe:GVZ_History.csv
2023-09-06,11.31,cboe:GVZ_History.csv
2023-09-07,11.11,cboe:GVZ_History.csv
2023-09-08,10.99,cboe:GVZ_History.csv
2023-09-11,10.75,cboe:GVZ_History.csv
2023-09-12,10.82,cboe:GVZ_History.csv
2023-09-13,10.33,cboe:GVZ_History.csv
2023-09-14,10.22,cboe:GVZ_History.csv
2023-09-15,10.34,cboe:GVZ_History.csv
2023-09-18,11.1,cboe:GVZ_History.csv
2023-09-19,11.09,cboe:GVZ_History.csv
2023-09-20,10.96,cboe:GVZ_History.csv
2023-09-21,11.11,cboe:GVZ_History.csv
2023-09-22,10.87,cboe:GVZ_History.csv
2023-09-25,11.43,cboe:GVZ_History.csv
2023-09-26,13.63,cboe:GVZ_History.csv
2023-09-27,13.86,cboe:GVZ_History.csv
2023-09-28,13.09,cboe:GVZ_History.csv
2023-09-29,12.94,cboe:GVZ_History.csv
2023-10-02,14.13,cboe:GVZ_History.csv
2023-10-03,15.31,cboe:GVZ_History.csv
2023-10-04,14.58,cboe:GVZ_History.csv
2023-10-05,14.7,cboe:GVZ_History.csv
2023-10-06,14.03,cboe:GVZ_History.csv
2023-10-09,15.18,cboe:GVZ_History.csv
2023-10-10,14.49,cboe:GVZ_History.csv
2023-10-11,14.38,cboe:GVZ_History.csv
2023-10-12,13.98,cboe:GVZ_History.csv
2023-10-13,18.91,cboe:GVZ_History.csv
2023-10-16,16.22,cboe:GVZ_History.csv
2023-10-17,16.59,cboe:GVZ_History.csv
2023-10-18,17.38,cboe:GVZ_History.csv
2023-10-19,19.4,cboe:GVZ_History.csv
2023-10-20,18.56,cboe:GVZ_History.csv
2023-10-23,17.28,cboe:GVZ_History.csv
2023-10-24,16.05,cboe:GVZ_History.csv
2023-10-25,16.76,cboe:GVZ_History.csv
2023-10-26,16.53,cboe:GVZ_History.csv
2023-10-27,17.69,cboe:GVZ_History.csv
2023-10-30,16.84,cboe:GVZ_History.csv
2023-10-31,16.23,cboe:GVZ_History.csv
2023-11-01,15.36,cboe:GVZ_History.csv
2023-11-02,14.76,cboe:GVZ_History.csv
2023-11-03,14.04,cboe:GVZ_History.csv
2023-11-06,13.25,cboe:GVZ_History.csv
2023-11-07,13.33,cboe:GVZ_History.csv
2023-11-08,14.07,cboe:GVZ_History.csv
2023-11-09,14.06,cboe:GVZ_History.csv
2023-11-10,13.96,cboe:GVZ_History.csv
2023-11-13,13.92,cboe:GVZ_History.csv
2023-11-14,13.73,cboe:GVZ_History.csv
2023-11-15,12.98,cboe:GVZ_History.csv
2023-11-16,13.04,cboe:GVZ_History.csv
2023-11-17,12.97,cboe:GVZ_History.csv
2023-11-20,12.59,cboe:GVZ_History.csv
2023-11-21,14.09,cboe:GVZ_History.csv
2023-11-22,13.35,cboe:GVZ_History.csv
2023-11-24,13.05,cboe:GVZ_History.csv
2023-11-27,13.31,cboe:GVZ_History.csv
2023-11-28,15.54,cboe:GVZ_History.csv
2023-11-29,15.04,cboe:GVZ_History.csv
2023-11-30,14.22,cboe:GVZ_History.csv
2023-12-01,16.96,cboe:GVZ_History.csv
2023-12-04,17.13,cboe:GVZ_History.csv
2023-12-05,15.46,cboe:GVZ_History.csv
2023-12-06,15.4,cboe:GVZ_History.csv
2023-12-07,14.93,cboe:GVZ_History.csv
2023-12-08,14.14,cboe:GVZ_History.csv
2023-12-11,13.99,cboe:GVZ_History.csv
2023-12-12,12.82,cboe:GVZ_History.csv
2023-12-13,13.67,cboe:GVZ_History.csv
2023-12-14,13.96,cboe:GVZ_History.csv
2023-12-15,13.49,cboe:GVZ_History.csv
2023-12-18,13.79,cboe:GVZ_History.csv
2023-12-19,13.75,cboe:GVZ_History.csv
2023-12-20,13.82,cboe:GVZ_History.csv
2023-12-21,14.27,cboe:GVZ_History.csv
2023-12-22,15.25,cboe:GVZ_History.csv
2023-12-26,15.83,cboe:GVZ_History.csv
2023-12-27,16.96,cboe:GVZ_History.csv
2023-12-28,16.05,cboe:GVZ_History.csv
2023-12-29,15.85,cboe:GVZ_History.csv
2024-01-02,15.73,cboe:GVZ_History.csv
2024-01-03,14.85,cboe:GVZ_History.csv
2024-01-04,14.2,cboe:GVZ_History.csv
2024-01-05,13.81,cboe:GVZ_History.csv
2024-01-08,13.56,cboe:GVZ_History.csv
2024-01-09,13.16,cboe:GVZ_History.csv
2024-01-10,13.26,cboe:GVZ_History.csv
2024-01-11,12.8,cboe:GVZ_History.csv
2024-01-12,13.49,cboe:GVZ_History.csv
2024-01-16,13.55,cboe:GVZ_History.csv
2024-01-17,13.53,cboe:GVZ_History.csv
2024-01-18,13.09,cboe:GVZ_History.csv
2024-01-19,12.95,cboe:GVZ_History.csv
2024-01-22,12.83,cboe:GVZ_History.csv
2024-01-23,12.73,cboe:GVZ_History.csv
2024-01-24,12.7,cboe:GVZ_History.csv
2024-01-25,12.79,cboe:GVZ_History.csv
2024-01-26,11.91,cboe:GVZ_History.csv
2024-01-29,13.08,cboe:GVZ_History.csv
2024-01-30,13.05,cboe:GVZ_History.csv
2024-01-31,13.16,cboe:GVZ_History.csv
2024-02-01,13.72,cboe:GVZ_History.csv
2024-02-02,12.66,cboe:GVZ_History.csv
2024-02-05,12.49,cboe:GVZ_History.csv
2024-02-06,12.31,cboe:GVZ_History.csv
2024-02-07,11.84,cboe:GVZ_History.csv
2024-02-08,11.71,cboe:GVZ_History.csv
2024-02-09,11.2,cboe:GVZ_History.csv
2024-02-12,11.81,cboe:GVZ_History.csv
2024-02-13,12.15,cboe:GVZ_History.csv
2024-02-14,12.02,cboe:GVZ_History.csv
2024-02-15,11.79,cboe:GVZ_History.csv
2024-02-16,11.75,cboe:GVZ_History.csv
2024-02-20,11.81,cboe:GVZ_History.csv
2024-02-21,11.46,cboe:GVZ_History.csv
2024-02-22,11.19,cboe:GVZ_History.csv
2024-02-23,11.5,cboe:GVZ_History.csv
2024-02-26,11.29,cboe:GVZ_History.csv
2024-02-27,10.95,cboe:GVZ_History.csv
2024-02-28,10.93,cboe:GVZ_History.csv
2024-02-29,11.16,cboe:GVZ_History.csv
2024-03-01,13.47,cboe:GVZ_History.csv
2024-03-04,14.61,cboe:GVZ_History.csv
2024-03-05,14.54,cboe:GVZ_History.csv
2024-03-06,15.17,cboe:GVZ_History.csv
2024-03-07,15.09,cboe:GVZ_History.csv
2024-03-08,15.47,cboe:GVZ_History.csv
2024-03-11,15.5,cboe:GVZ_History.csv
2024-03-12,14.1,cboe:GVZ_History.csv
2024-03-13,14.09,cboe:GVZ_History.csv
2024-03-14,13.3,cboe:GVZ_History.csv
2024-03-15,13.54,cboe:GVZ_History.csv
2024-03-18,13.83,cboe:GVZ_History.csv
2024-03-19,13.48,cboe:GVZ_History.csv
2024-03-20,13.62,cboe:GVZ_History.csv
2024-03-21,13.42,cboe:GVZ_History.csv
2024-03-22,12.53,cboe:GVZ_History.csv
2024-03-25,12.09,cboe:GVZ_History.csv
2024-03-26,12.57,cboe:GVZ_History.csv
2024-03-27,13.58,cboe:GVZ_History.csv
2024-03-28,15.44,cboe:GVZ_History.csv
2024-04-01,16.25,cboe:GVZ_History.csv
2024-04-02,17.13,cboe:GVZ_History.csv
2024-04-03,17.49,cboe:GVZ_History.csv
2024-04-04,17.29,cboe:GVZ_History.csv
2024-04-05,16.92,cboe:GVZ_History.csv
2024-04-08,18.17,cboe:GVZ_History.csv
2024-04-09,18.3,cboe:GVZ_History.csv
2024-04-10,18.67,cboe:GVZ_History.csv
2024-04-11,18.97,cboe:GVZ_History.csv
2024-04-12,20.21,cboe:GVZ_History.csv
2024-04-15,22.25,cboe:GVZ_History.csv
2024-04-16,20.56,cboe:GVZ_History.csv
2024-04-17,19.01,cboe:GVZ_History.csv
2024-04-18,18.65,cboe:GVZ_History.csv
2024-04-19,18.51,cboe:GVZ_History.csv
2024-04-22,17.76,cboe:GVZ_History.csv
2024-04-23,17.73,cboe:GVZ_History.csv
2024-04-24,17.45,cboe:GVZ_History.csv
2024-04-25,17.32,cboe:GVZ_History.csv
2024-04-26,16.92,cboe:GVZ_History.csv
2024-04-29,16.92,cboe:GVZ_History.csv
2024-04-30,16.54,cboe:GVZ_History.csv
2024-05-01,16.25,cboe:GVZ_History.csv
2024-05-02,16.05,cboe:GVZ_History.csv
2024-05-03,15.83,cboe:GVZ_History.csv
2024-05-06,16.23,cboe:GVZ_History.csv
2024-05-07,15.75,cboe:GVZ_History.csv
2024-05-08,15.29,cboe:GVZ_History.csv
2024-05-09,16.27,cboe:GVZ_History.csv
2024-05-10,16.2,cboe:GVZ_History.csv
2024-05-13,16.52,cboe:GVZ_History.csv
2024-05-14,16.61,cboe:GVZ_History.csv
2024-05-15,16.99,cboe:GVZ_History.csv
2024-05-16,16.26,cboe:GVZ_History.csv
2024-05-17,17.4,cboe:GVZ_History.csv
2024-05-20,17.58,cboe:GVZ_History.csv
2024-05-21,16.76,cboe:GVZ_History.csv
2024-05-22,16.45,cboe:GVZ_History.csv
2024-05-23,16.03,cboe:GVZ_History.csv
2024-05-24,15.26,cboe:GVZ_History.csv
2024-05-28,15.92,cboe:GVZ_History.csv
2024-05-29,15.83,cboe:GVZ_History.csv
2024-05-30,15.74,cboe:GVZ_History.csv
2024-05-31,15.26,cboe:GVZ_History.csv
2024-06-03,16.0,cboe:GVZ_History.csv
2024-06-04,16.22,cboe:GVZ_History.csv
2024-06-05,16.5,cboe:GVZ_History.csv
2024-06-06,16.85,cboe:GVZ_History.csv
2024-06-07,17.13,cboe:GVZ_History.csv
2024-06-10,16.66,cboe:GVZ_History.csv
2024-06-11,16.45,cboe:GVZ_History.csv
2024-06-12,15.92,cboe:GVZ_History.csv
2024-06-13,15.71,cboe:GVZ_History.csv
2024-06-14,16.07,cboe:GVZ_History.csv
2024-06-17,15.63,cboe:GVZ_History.csv
2024-06-18,15.64,cboe:GVZ_History.csv
2024-06-20,16.4,cboe:GVZ_History.csv
2024-06-21,15.86,cboe:GVZ_History.csv
2024-06-24,15.49,cboe:GVZ_History.csv
2024-06-25,14.88,cboe:GVZ_History.csv
2024-06-26,14.88,cboe:GVZ_History.csv
2024-06-27,15.01,cboe:GVZ_History.csv
2024-06-28,14.72,cboe:GVZ_History.csv
2024-07-01,14.86,cboe:GVZ_History.csv
2024-07-02,14.35,cboe:GVZ_History.csv
2024-07-03,14.89,cboe:GVZ_History.csv
2024-07-05,15.62,cboe:GVZ_History.csv
2024-07-08,15.13,cboe:GVZ_History.csv
2024-07-09,14.64,cboe:GVZ_History.csv
2024-07-10,14.89,cboe:GVZ_History.csv
2024-07-11,15.74,cboe:GVZ_History.csv
2024-07-12,15.12,cboe:GVZ_History.csv
2024-07-15,15.98,cboe:GVZ_History.csv
2024-07-16,17.15,cboe:GVZ_History.csv
2024-07-17,16.7,cboe:GVZ_History.csv
2024-07-18,16.25,cboe:GVZ_History.csv
2024-07-19,16.34,cboe:GVZ_History.csv
2024-07-22,15.74,cboe:GVZ_History.csv
2024-07-23,15.44,cboe:GVZ_History.csv
2024-07-24,15.98,cboe:GVZ_History.csv
2024-07-25,15.54,cboe:GVZ_History.csv
2024-07-26,15.2,cboe:GVZ_History.csv
2024-07-29,15.64,cboe:GVZ_History.csv
2024-07-30,16.3,cboe:GVZ_History.csv
2024-07-31,17.88,cboe:GVZ_History.csv
2024-08-01,17.61,cboe:GVZ_History.csv
2024-08-02,18.7,cboe:GVZ_History.csv
2024-08-05,21.95,cboe:GVZ_History.csv
2024-08-06,19.1,cboe:GVZ_History.csv
2024-08-07,18.12,cboe:GVZ_History.csv
2024-08-08,18.45,cboe:GVZ_History.csv
2024-08-09,17.8,cboe:GVZ_History.csv
2024-08-12,20.61,cboe:GVZ_History.csv
2024-08-13,19.18,cboe:GVZ_History.csv
2024-08-14,18.49,cboe:GVZ_History.csv
2024-08-15,18.16,cboe:GVZ_History.csv
2024-08-16,20.09,cboe:GVZ_History.csv
2024-08-19,18.77,cboe:GVZ_History.csv
2024-08-20,18.47,cboe:GVZ_History.csv
2024-08-21,18.63,cboe:GVZ_History.csv
2024-08-22,17.89,cboe:GVZ_History.csv
2024-08-23,17.49,cboe:GVZ_History.csv
2024-08-26,17.9,cboe:GVZ_History.csv
2024-08-27,17.69,cboe:GVZ_History.csv
2024-08-28,17.18,cboe:GVZ_History.csv
2024-08-29,17.22,cboe:GVZ_History.csv
2024-08-30,16.4,cboe:GVZ_History.csv
2024-09-03,16.55,cboe:GVZ_History.csv
2024-09-04,16.19,cboe:GVZ_History.csv
2024-09-05,16.48,cboe:GVZ_History.csv
2024-09-06,16.49,cboe:GVZ_History.csv
2024-09-09,16.16,cboe:GVZ_History.csv
2024-09-10,16.08,cboe:GVZ_History.csv
2024-09-11,15.52,cboe:GVZ_History.csv
2024-09-12,16.74,cboe:GVZ_History.csv
2024-09-13,16.88,cboe:GVZ_History.csv
2024-09-16,17.03,cboe:GVZ_History.csv
2024-09-17,17.49,cboe:GVZ_History.csv
2024-09-18,17.13,cboe:GVZ_History.csv
2024-09-19,16.76,cboe:GVZ_History.csv
2024-09-20,17.08,cboe:GVZ_History.csv
2024-09-23,17.72,cboe:GVZ_History.csv
2024-09-24,19.26,cboe:GVZ_History.csv
2024-09-25,19.13,cboe:GVZ_History.csv
2024-09-26,18.82,cboe:GVZ_History.csv
2024-09-27,18.59,cboe:GVZ_History.csv
2024-09-30,18.08,cboe:GVZ_History.csv
2024-10-01,18.57,cboe:GVZ_History.csv
2024-10-02,18.07,cboe:GVZ_History.csv
2024-10-03,18.28,cboe:GVZ_History.csv
2024-10-04,17.48,cboe:GVZ_History.csv
2024-10-07,17.71,cboe:GVZ_History.csv
2024-10-08,17.64,cboe:GVZ_History.csv
2024-10-09,17.62,cboe:GVZ_History.csv
2024-10-10,17.27,cboe:GVZ_History.csv
2024-10-11,17.27,cboe:GVZ_History.csv
2024-10-14,17.47,cboe:GVZ_History.csv
2024-10-15,17.38,cboe:GVZ_History.csv
2024-10-16,17.31,cboe:GVZ_History.csv
2024-10-17,17.57,cboe:GVZ_History.csv
2024-10-18,17.77,cboe:GVZ_History.csv
2024-10-21,18.19,cboe:GVZ_History.csv
2024-10-22,18.73,cboe:GVZ_History.csv
2024-10-23,18.98,cboe:GVZ_History.csv
2024-10-24,18.66,cboe:GVZ_History.csv
2024-10-25,18.88,cboe:GVZ_History.csv
2024-10-28,18.34,cboe:GVZ_History.csv
2024-10-29,18.51,cboe:GVZ_History.csv
2024-10-30,18.68,cboe:GVZ_History.csv
2024-10-31,19.46,cboe:GVZ_History.csv
2024-11-01,19.29,cboe:GVZ_History.csv
2024-11-04,19.91,cboe:GVZ_History.csv
2024-11-05,19.59,cboe:GVZ_History.csv
2024-11-06,17.63,cboe:GVZ_History.csv
2024-11-07,17.37,cboe:GVZ_History.csv
2024-11-08,15.91,cboe:GVZ_History.csv
2024-11-11,16.02,cboe:GVZ_History.csv
2024-11-12,16.25,cboe:GVZ_History.csv
2024-11-13,17.05,cboe:GVZ_History.csv
2024-11-14,17.39,cboe:GVZ_History.csv
2024-11-15,17.17,cboe:GVZ_History.csv
2024-11-18,16.97,cboe:GVZ_History.csv
2024-11-19,17.85,cboe:GVZ_History.csv
2024-11-20,18.34,cboe:GVZ_History.csv
2024-11-21,17.59,cboe:GVZ_History.csv
2024-11-22,17.54,cboe:GVZ_History.csv
2024-11-25,17.8,cboe:GVZ_History.csv
2024-11-26,17.0,cboe:GVZ_History.csv
2024-11-27,16.54,cboe:GVZ_History.csv
2024-11-29,16.37,cboe:GVZ_History.csv
2024-12-02,16.33,cboe:GVZ_History.csv
2024-12-03,16.21,cboe:GVZ_History.csv
2024-12-04,15.92,cboe:GVZ_History.csv
2024-12-05,15.93,cboe:GVZ_History.csv
2024-12-06,15.04,cboe:GVZ_History.csv
2024-12-09,15.75,cboe:GVZ_History.csv
2024-12-10,16.34,cboe:GVZ_History.csv
2024-12-11,16.86,cboe:GVZ_History.csv
2024-12-12,15.43,cboe:GVZ_History.csv
2024-12-13,15.63,cboe:GVZ_History.csv
2024-12-16,15.38,cboe:GVZ_History.csv
2024-12-17,15.64,cboe:GVZ_History.csv
2024-12-18,16.54,cboe:GVZ_History.csv
2024-12-19,15.83,cboe:GVZ_History.csv
2024-12-20,15.73,cboe:GVZ_History.csv
2024-12-23,15.54,cboe:GVZ_History.csv
2024-12-24,14.71,cboe:GVZ_History.csv
2024-12-26,15.19,cboe:GVZ_History.csv
2024-12-27,14.67,cboe:GVZ_History.csv
2024-12-30,15.02,cboe:GVZ_History.csv
2024-12-31,14.62,cboe:GVZ_History.csv
2025-01-02,15.07,cboe:GVZ_History.csv
2025-01-03,14.49,cboe:GVZ_History.csv
2025-01-06,14.76,cboe:GVZ_History.csv
2025-01-07,14.68,cboe:GVZ_History.csv
2025-01-08,14.82,cboe:GVZ_History.csv
2025-01-10,15.77,cboe:GVZ_History.csv
2025-01-13,15.27,cboe:GVZ_History.csv
2025-01-14,15.0,cboe:GVZ_History.csv
2025-01-15,15.23,cboe:GVZ_History.csv
2025-01-16,15.4,cboe:GVZ_History.csv
2025-01-17,14.98,cboe:GVZ_History.csv
2025-01-21,15.5,cboe:GVZ_History.csv
2025-01-22,15.24,cboe:GVZ_History.csv
2025-01-23,14.95,cboe:GVZ_History.csv
2025-01-24,14.85,cboe:GVZ_History.csv
2025-01-27,15.23,cboe:GVZ_History.csv
2025-01-28,15.46,cboe:GVZ_History.csv
2025-01-29,14.84,cboe:GVZ_History.csv
2025-01-30,16.09,cboe:GVZ_History.csv
2025-01-31,15.82,cboe:GVZ_History.csv
2025-02-03,16.81,cboe:GVZ_History.csv
2025-02-04,17.11,cboe:GVZ_History.csv
2025-02-05,17.19,cboe:GVZ_History.csv
2025-02-06,16.27,cboe:GVZ_History.csv
2025-02-07,16.23,cboe:GVZ_History.csv
2025-02-10,17.59,cboe:GVZ_History.csv
2025-02-11,17.48,cboe:GVZ_History.csv
2025-02-12,17.34,cboe:GVZ_History.csv
2025-02-13,17.13,cboe:GVZ_History.csv
2025-02-14,17.23,cboe:GVZ_History.csv
2025-02-18,18.03,cboe:GVZ_History.csv
2025-02-19,16.76,cboe:GVZ_History.csv
2025-02-20,16.45,cboe:GVZ_History.csv
2025-02-21,16.55,cboe:GVZ_History.csv
2025-02-24,16.73,cboe:GVZ_History.csv
2025-02-25,16.72,cboe:GVZ_History.csv
2025-02-26,16.36,cboe:GVZ_History.csv
2025-02-27,16.45,cboe:GVZ_History.csv
2025-02-28,15.82,cboe:GVZ_History.csv
2025-03-03,16.81,cboe:GVZ_History.csv
2025-03-04,17.25,cboe:GVZ_History.csv
2025-03-05,16.92,cboe:GVZ_History.csv
2025-03-06,16.83,cboe:GVZ_History.csv
2025-03-07,16.19,cboe:GVZ_History.csv
2025-03-10,17.06,cboe:GVZ_History.csv
2025-03-11,17.14,cboe:GVZ_History.csv
2025-03-12,16.82,cboe:GVZ_History.csv
2025-03-13,17.41,cboe:GVZ_History.csv
2025-03-14,17.13,cboe:GVZ_History.csv
2025-03-17,17.6,cboe:GVZ_History.csv
2025-03-18,17.53,cboe:GVZ_History.csv
2025-03-19,16.74,cboe:GVZ_History.csv
2025-03-20,16.45,cboe:GVZ_History.csv
2025-03-21,15.98,cboe:GVZ_History.csv
2025-03-24,15.8,cboe:GVZ_History.csv
2025-03-25,15.23,cboe:GVZ_History.csv
2025-03-26,15.04,cboe:GVZ_History.csv
2025-03-27,16.08,cboe:GVZ_History.csv
2025-03-28,16.45,cboe:GVZ_History.csv
2025-03-31,17.84,cboe:GVZ_History.csv
2025-04-01,17.95,cboe:GVZ_History.csv
2025-04-02,17.92,cboe:GVZ_History.csv
2025-04-03,18.36,cboe:GVZ_History.csv
2025-04-04,22.03,cboe:GVZ_History.csv
2025-04-07,19.68,cboe:GVZ_History.csv
2025-04-08,23.73,cboe:GVZ_History.csv
2025-04-09,24.53,cboe:GVZ_History.csv
2025-04-10,26.59,cboe:GVZ_History.csv
2025-04-11,28.44,cboe:GVZ_History.csv
2025-04-14,23.8,cboe:GVZ_History.csv
2025-04-15,21.54,cboe:GVZ_History.csv
2025-04-16,26.73,cboe:GVZ_History.csv
2025-04-17,24.14,cboe:GVZ_History.csv
2025-04-21,28.14,cboe:GVZ_History.csv
2025-04-22,28.44,cboe:GVZ_History.csv
2025-04-23,25.23,cboe:GVZ_History.csv
2025-04-24,24.93,cboe:GVZ_History.csv
2025-04-25,23.36,cboe:GVZ_History.csv
2025-04-28,23.25,cboe:GVZ_History.csv
2025-04-29,22.1,cboe:GVZ_History.csv
2025-04-30,21.52,cboe:GVZ_History.csv
2025-05-01,21.51,cboe:GVZ_History.csv
2025-05-02,21.35,cboe:GVZ_History.csv
2025-05-05,23.2,cboe:GVZ_History.csv
2025-05-06,24.72,cboe:GVZ_History.csv
2025-05-07,22.99,cboe:GVZ_History.csv
2025-05-08,22.58,cboe:GVZ_History.csv
2025-05-09,21.86,cboe:GVZ_History.csv
2025-05-12,21.38,cboe:GVZ_History.csv
2025-05-13,19.58,cboe:GVZ_History.csv
2025-05-14,20.78,cboe:GVZ_History.csv
2025-05-15,21.63,cboe:GVZ_History.csv
2025-05-16,21.47,cboe:GVZ_History.csv
2025-05-19,21.37,cboe:GVZ_History.csv
2025-05-20,21.95,cboe:GVZ_History.csv
2025-05-21,22.23,cboe:GVZ_History.csv
2025-05-22,21.55,cboe:GVZ_History.csv
2025-05-23,22.28,cboe:GVZ_History.csv
2025-05-27,21.12,cboe:GVZ_History.csv
2025-05-28,19.69,cboe:GVZ_History.csv
2025-05-29,19.65,cboe:GVZ_History.csv
2025-05-30,19.1,cboe:GVZ_History.csv
2025-06-02,20.6,cboe:GVZ_History.csv
2025-06-03,20.1,cboe:GVZ_History.csv
2025-06-04,19.82,cboe:GVZ_History.csv
2025-06-05,19.69,cboe:GVZ_History.csv
2025-06-06,19.16,cboe:GVZ_History.csv
2025-06-09,19.45,cboe:GVZ_History.csv
2025-06-10,19.0,cboe:GVZ_History.csv
2025-06-11,19.16,cboe:GVZ_History.csv
2025-06-12,19.7,cboe:GVZ_History.csv
2025-06-13,21.16,cboe:GVZ_History.csv
2025-06-16,19.87,cboe:GVZ_History.csv
2025-06-17,20.41,cboe:GVZ_History.csv
2025-06-18,19.58,cboe:GVZ_History.csv
2025-06-20,19.27,cboe:GVZ_History.csv
2025-06-23,19.02,cboe:GVZ_History.csv
2025-06-24,18.28,cboe:GVZ_History.csv
2025-06-25,17.33,cboe:GVZ_History.csv
2025-06-26,16.65,cboe:GVZ_History.csv
2025-06-27,16.49,cboe:GVZ_History.csv
2025-06-30,17.31,cboe:GVZ_History.csv
2025-07-01,16.76,cboe:GVZ_History.csv
2025-07-02,16.87,cboe:GVZ_History.csv
2025-07-03,16.19,cboe:GVZ_History.csv
2025-07-07,16.91,cboe:GVZ_History.csv
2025-07-08,16.2,cboe:GVZ_History.csv
2025-07-09,15.86,cboe:GVZ_History.csv
2025-07-10,16.04,cboe:GVZ_History.csv
2025-07-11,16.94,cboe:GVZ_History.csv
2025-07-14,16.99,cboe:GVZ_History.csv
2025-07-15,16.37,cboe:GVZ_History.csv
2025-07-16,17.27,cboe:GVZ_History.csv
2025-07-17,16.91,cboe:GVZ_History.csv
2025-07-18,16.73,cboe:GVZ_History.csv
2025-07-21,17.78,cboe:GVZ_History.csv
2025-07-22,19.08,cboe:GVZ_History.csv
2025-07-23,18.44,cboe:GVZ_History.csv
2025-07-24,17.82,cboe:GVZ_History.csv
2025-07-25,17.05,cboe:GVZ_History.csv
2025-07-28,16.79,cboe:GVZ_History.csv
2025-07-29,16.61,cboe:GVZ_History.csv
2025-07-30,16.48,cboe:GVZ_History.csv
2025-07-31,16.04,cboe:GVZ_History.csv
2025-08-01,17.3,cboe:GVZ_History.csv
2025-08-04,17.07,cboe:GVZ_History.csv
2025-08-05,16.68,cboe:GVZ_History.csv
2025-08-06,16.42,cboe:GVZ_History.csv
2025-08-07,16.95,cboe:GVZ_History.csv
2025-08-08,16.36,cboe:GVZ_History.csv
2025-08-11,16.94,cboe:GVZ_History.csv
2025-08-12,16.35,cboe:GVZ_History.csv
2025-08-13,15.95,cboe:GVZ_History.csv
2025-08-14,15.33,cboe:GVZ_History.csv
2025-08-15,15.22,cboe:GVZ_History.csv
2025-08-18,14.9,cboe:GVZ_History.csv
2025-08-19,14.82,cboe:GVZ_History.csv
2025-08-20,15.4,cboe:GVZ_History.csv
2025-08-21,15.44,cboe:GVZ_History.csv
2025-08-22,15.15,cboe:GVZ_History.csv
2025-08-25,15.09,cboe:GVZ_History.csv
2025-08-26,15.88,cboe:GVZ_History.csv
2025-08-27,15.9,cboe:GVZ_History.csv
2025-08-28,16.34,cboe:GVZ_History.csv
2025-08-29,17.39,cboe:GVZ_History.csv
2025-09-02,19.81,cboe:GVZ_History.csv
2025-09-03,19.53,cboe:GVZ_History.csv
2025-09-04,18.33,cboe:GVZ_History.csv
2025-09-05,18.3,cboe:GVZ_History.csv
2025-09-08,19.09,cboe:GVZ_History.csv
2025-09-09,17.99,cboe:GVZ_History.csv
2025-09-10,17.37,cboe:GVZ_History.csv
2025-09-11,16.48,cboe:GVZ_History.csv
2025-09-12,16.38,cboe:GVZ_History.csv
2025-09-15,17.9,cboe:GVZ_History.csv
2025-09-16,18.37,cboe:GVZ_History.csv
2025-09-17,17.41,cboe:GVZ_History.csv
2025-09-18,16.45,cboe:GVZ_History.csv
2025-09-19,16.76,cboe:GVZ_History.csv
2025-09-22,18.43,cboe:GVZ_History.csv
2025-09-23,19.06,cboe:GVZ_History.csv
2025-09-24,18.3,cboe:GVZ_History.csv
2025-09-25,19.07,cboe:GVZ_History.csv
2025-09-26,18.59,cboe:GVZ_History.csv
2025-09-29,19.19,cboe:GVZ_History.csv
2025-09-30,19.95,cboe:GVZ_History.csv
2025-10-01,19.05,cboe:GVZ_History.csv
2025-10-02,18.05,cboe:GVZ_History.csv
2025-10-03,17.66,cboe:GVZ_History.csv
2025-10-06,19.51,cboe:GVZ_History.csv
2025-10-07,19.94,cboe:GVZ_History.csv
2025-10-08,21.81,cboe:GVZ_History.csv
2025-10-09,21.85,cboe:GVZ_History.csv
2025-10-10,23.78,cboe:GVZ_History.csv
2025-10-13,24.53,cboe:GVZ_History.csv
2025-10-14,26.11,cboe:GVZ_History.csv
2025-10-15,27.12,cboe:GVZ_History.csv
2025-10-16,32.78,cboe:GVZ_History.csv
2025-10-17,31.2,cboe:GVZ_History.csv
2025-10-20,31.43,cboe:GVZ_History.csv
2025-10-21,29.82,cboe:GVZ_History.csv
2025-10-22,27.19,cboe:GVZ_History.csv
2025-10-23,26.68,cboe:GVZ_History.csv
2025-10-24,24.75,cboe:GVZ_History.csv
2025-10-27,23.94,cboe:GVZ_History.csv
2025-10-28,24.03,cboe:GVZ_History.csv
2025-10-29,24.7,cboe:GVZ_History.csv
2025-10-30,24.82,cboe:GVZ_History.csv
2025-10-31,22.66,cboe:GVZ_History.csv
2025-11-03,21.38,cboe:GVZ_History.csv
2025-11-04,21.43,cboe:GVZ_History.csv
2025-11-05,20.15,cboe:GVZ_History.csv
2025-11-06,20.13,cboe:GVZ_History.csv
2025-11-07,20.36,cboe:GVZ_History.csv
2025-11-10,23.34,cboe:GVZ_History.csv
2025-11-11,23.33,cboe:GVZ_History.csv
2025-11-12,25.82,cboe:GVZ_History.csv
2025-11-13,24.82,cboe:GVZ_History.csv
2025-11-14,24.13,cboe:GVZ_History.csv
2025-11-17,24.07,cboe:GVZ_History.csv
2025-11-18,23.9,cboe:GVZ_History.csv
2025-11-19,23.89,cboe:GVZ_History.csv
2025-11-20,22.93,cboe:GVZ_History.csv
2025-11-21,21.93,cboe:GVZ_History.csv
2025-11-24,22.55,cboe:GVZ_History.csv
2025-11-25,22.4,cboe:GVZ_History.csv
2025-11-26,21.95,cboe:GVZ_History.csv
2025-11-28,22.87,cboe:GVZ_History.csv
2025-12-01,23.34,cboe:GVZ_History.csv
2025-12-02,22.49,cboe:GVZ_History.csv
2025-12-03,21.96,cboe:GVZ_History.csv
2025-12-04,20.57,cboe:GVZ_History.csv
2025-12-05,19.92,cboe:GVZ_History.csv
2025-12-08,19.58,cboe:GVZ_History.csv
2025-12-09,20.35,cboe:GVZ_History.csv
2025-12-10,20.2,cboe:GVZ_History.csv
2025-12-11,20.97,cboe:GVZ_History.csv
2025-12-12,21.46,cboe:GVZ_History.csv
2025-12-15,21.2,cboe:GVZ_History.csv
2025-12-16,20.18,cboe:GVZ_History.csv
2025-12-17,21.22,cboe:GVZ_History.csv
2025-12-18,21.31,cboe:GVZ_History.csv
2025-12-19,20.72,cboe:GVZ_History.csv
2025-12-22,23.8,cboe:GVZ_History.csv
2025-12-23,24.53,cboe:GVZ_History.csv
2025-12-24,23.81,cboe:GVZ_History.csv
2025-12-26,25.78,cboe:GVZ_History.csv
2025-12-29,25.71,cboe:GVZ_History.csv
2025-12-30,24.83,cboe:GVZ_History.csv
2025-12-31,23.92,cboe:GVZ_History.csv
2026-01-02,23.8,cboe:GVZ_History.csv
2026-01-05,24.25,cboe:GVZ_History.csv
2026-01-06,24.82,cboe:GVZ_History.csv
2026-01-07,24.13,cboe:GVZ_History.csv
2026-01-08,24.07,cboe:GVZ_History.csv
2026-01-09,23.43,cboe:GVZ_History.csv
2026-01-12,25.03,cboe:GVZ_History.csv
2026-01-13,23.76,cboe:GVZ_History.csv
2026-01-14,23.57,cboe:GVZ_History.csv
2026-01-15,22.06,cboe:GVZ_History.csv
2026-01-16,22.23,cboe:GVZ_History.csv
2026-01-20,24.79,cboe:GVZ_History.csv
2026-01-21,26.27,cboe:GVZ_History.csv
2026-01-22,28.11,cboe:GVZ_History.csv
2026-01-23,30.01,cboe:GVZ_History.csv
2026-01-26,32.7,cboe:GVZ_History.csv
2026-01-27,33.13,cboe:GVZ_History.csv
2026-01-28,39.67,cboe:GVZ_History.csv
2026-01-29,46.02,cboe:GVZ_History.csv
2026-01-30,44.08,cboe:GVZ_History.csv
2026-02-02,37.38,cboe:GVZ_History.csv
2026-02-03,41.04,cboe:GVZ_History.csv
2026-02-04,36.93,cboe:GVZ_History.csv
2026-02-05,35.53,cboe:GVZ_History.csv
2026-02-06,33.96,cboe:GVZ_History.csv
2026-02-09,32.84,cboe:GVZ_History.csv
2026-02-10,28.86,cboe:GVZ_History.csv
2026-02-11,29.38,cboe:GVZ_History.csv
2026-02-12,30.23,cboe:GVZ_History.csv
2026-02-13,30.84,cboe:GVZ_History.csv
2026-02-17,33.24,cboe:GVZ_History.csv
2026-02-18,33.75,cboe:GVZ_History.csv
2026-02-19,33.56,cboe:GVZ_History.csv
2026-02-20,36.44,cboe:GVZ_History.csv
2026-02-23,38.46,cboe:GVZ_History.csv
2026-02-24,37.55,cboe:GVZ_History.csv
2026-02-25,34.96,cboe:GVZ_History.csv
2026-02-26,33.07,cboe:GVZ_History.csv
2026-02-27,33.23,cboe:GVZ_History.csv
2026-03-02,34.83,cboe:GVZ_History.csv
2026-03-03,38.77,cboe:GVZ_History.csv
2026-03-04,36.48,cboe:GVZ_History.csv
2026-03-05,35.31,cboe:GVZ_History.csv
2026-03-06,34.26,cboe:GVZ_History.csv
2026-03-09,33.52,cboe:GVZ_History.csv
2026-03-10,32.11,cboe:GVZ_History.csv
2026-03-11,30.68,cboe:GVZ_History.csv
2026-03-12,31.09,cboe:GVZ_History.csv
2026-03-13,32.31,cboe:GVZ_History.csv
2026-03-16,30.56,cboe:GVZ_History.csv
2026-03-17,27.98,cboe:GVZ_History.csv
2026-03-18,29.42,cboe:GVZ_History.csv
2026-03-19,31.05,cboe:GVZ_History.csv
2026-03-20,35.25,cboe:GVZ_History.csv
2026-03-23,43.36,cboe:GVZ_History.csv
2026-03-24,41.9,cboe:GVZ_History.csv
2026-03-25,38.65,cboe:GVZ_History.csv
2026-03-26,45.07,cboe:GVZ_History.csv
2026-03-27,45.51,cboe:GVZ_History.csv
2026-03-30,42.71,cboe:GVZ_History.csv
2026-03-31,38.89,cboe:GVZ_History.csv
2026-04-01,36.11,cboe:GVZ_History.csv
2026-04-02,37.85,cboe:GVZ_History.csv
2026-04-06,37.04,cboe:GVZ_History.csv
2026-04-07,37.43,cboe:GVZ_History.csv
2026-04-08,34.21,cboe:GVZ_History.csv
2026-04-09,31.66,cboe:GVZ_History.csv
2026-04-10,30.46,cboe:GVZ_History.csv
2026-04-13,30.0,cboe:GVZ_History.csv
2026-04-14,31.04,cboe:GVZ_History.csv
2026-04-15,29.97,cboe:GVZ_History.csv
2026-04-16,28.65,cboe:GVZ_History.csv
2026-04-17,28.95,cboe:GVZ_History.csv
2026-04-20,28.46,cboe:GVZ_History.csv
2026-04-21,29.31,cboe:GVZ_History.csv
2026-04-22,27.09,cboe:GVZ_History.csv
2026-04-23,27.87,cboe:GVZ_History.csv
2026-04-24,25.88,cboe:GVZ_History.csv
2026-04-27,25.37,cboe:GVZ_History.csv
2026-04-28,26.19,cboe:GVZ_History.csv
2026-04-29,27.77,cboe:GVZ_History.csv
2026-04-30,26.64,cboe:GVZ_History.csv
2026-05-01,26.43,cboe:GVZ_History.csv
2026-05-04,27.92,cboe:GVZ_History.csv
2026-05-05,26.61,cboe:GVZ_History.csv
2026-05-06,26.34,cboe:GVZ_History.csv
2026-05-07,27.03,cboe:GVZ_History.csv
2026-05-08,26.48,cboe:GVZ_History.csv
2026-05-11,27.48,cboe:GVZ_History.csv
2026-05-12,27.16,cboe:GVZ_History.csv
2026-05-13,26.56,cboe:GVZ_History.csv
2026-05-14,25.79,cboe:GVZ_History.csv
2026-05-15,26.34,cboe:GVZ_History.csv
2026-05-18,26.2,cboe:GVZ_History.csv
2026-05-19,26.63,cboe:GVZ_History.csv
2026-05-20,25.17,cboe:GVZ_History.csv
2026-05-21,24.59,cboe:GVZ_History.csv
2026-05-22,23.86,cboe:GVZ_History.csv
2026-05-26,24.27,cboe:GVZ_History.csv
2026-05-27,24.47,cboe:GVZ_History.csv
2026-05-28,24.83,cboe:GVZ_History.csv
2026-05-29,24.91,cboe:GVZ_History.csv
2026-06-01,25.64,cboe:GVZ_History.csv
2026-06-02,24.44,cboe:GVZ_History.csv
2026-06-03,24.49,cboe:GVZ_History.csv
2026-06-04,23.87,cboe:GVZ_History.csv
2026-06-05,28.89,cboe:GVZ_History.csv
2026-06-08,27.17,cboe:GVZ_History.csv
2026-06-09,28.04,cboe:GVZ_History.csv
2026-06-10,32.18,cboe:GVZ_History.csv
2026-06-11,28.33,cboe:GVZ_History.csv
2026-06-12,26.85,cboe:GVZ_History.csv
2026-06-15,26.47,cboe:GVZ_History.csv
2026-06-16,25.18,cboe:GVZ_History.csv
2026-06-17,28.45,cboe:GVZ_History.csv
2026-06-18,27.9,cboe:GVZ_History.csv
2026-06-22,26.15,cboe:GVZ_History.csv
2026-06-23,27.41,cboe:GVZ_History.csv
2026-06-24,31.6,cboe:GVZ_History.csv
2026-06-25,29.58,cboe:GVZ_History.csv
2026-06-26,27.18,cboe:GVZ_History.csv
2026-06-29,27.7,cboe:GVZ_History.csv
2026-06-30,27.2,cboe:GVZ_History.csv
