date,value,source
1990-01-02,126.09,cboe:SKEW_History.csv
1990-01-03,123.34,cboe:SKEW_History.csv
1990-01-04,122.62,cboe:SKEW_History.csv
1990-01-05,121.27,cboe:SKEW_History.csv
1990-01-08,124.12,cboe:SKEW_History.csv
1990-01-09,119.82,cboe:SKEW_History.csv
1990-01-10,120.82,cboe:SKEW_History.csv
1990-01-11,107.48,cboe:SKEW_History.csv
1990-01-12,116.78,cboe:SKEW_History.csv
1990-01-15,116.16,cboe:SKEW_History.csv
1990-01-16,120.62,cboe:SKEW_History.csv
1990-01-17,123.03,cboe:SKEW_History.csv
1990-01-18,131.14,cboe:SKEW_History.csv
1990-01-19,129.31,cboe:SKEW_History.csv
1990-01-22,118.95,cboe:SKEW_History.csv
1990-01-23,117.94,cboe:SKEW_History.csv
1990-01-24,128.75,cboe:SKEW_History.csv
1990-01-25,124.33,cboe:SKEW_History.csv
1990-01-26,122.76,cboe:SKEW_History.csv
1990-01-29,124.6,cboe:SKEW_History.csv
1990-01-30,120.91,cboe:SKEW_History.csv
1990-01-31,128.22,cboe:SKEW_History.csv
1990-02-01,129.53,cboe:SKEW_History.csv
1990-02-02,132.53,cboe:SKEW_History.csv
1990-02-05,121.22,cboe:SKEW_History.csv
1990-02-06,120.3,cboe:SKEW_History.csv
1990-02-07,123.35,cboe:SKEW_History.csv
1990-02-08,124.87,cboe:SKEW_History.csv
1990-02-09,126.06,cboe:SKEW_History.csv
1990-02-12,126.99,cboe:SKEW_History.csv
1990-02-13,133.06,cboe:SKEW_History.csv
1990-02-14,131.55,cboe:SKEW_History.csv
1990-02-15,139.07,cboe:SKEW_History.csv
1990-02-16,136.61,cboe:SKEW_History.csv
1990-02-20,126.47,cboe:SKEW_History.csv
1990-02-21,129.17,cboe:SKEW_History.csv
1990-02-22,124.8,cboe:SKEW_History.csv
1990-02-23,125.82,cboe:SKEW_History.csv
1990-02-26,130.69,cboe:SKEW_History.csv
1990-02-27,131.45,cboe:SKEW_History.csv
1990-02-28,123.1,cboe:SKEW_History.csv
1990-03-01,123.96,cboe:SKEW_History.csv
1990-03-02,126.44,cboe:SKEW_History.csv
1990-03-05,124.24,cboe:SKEW_History.csv
1990-03-06,124.86,cboe:SKEW_History.csv
1990-03-07,121.08,cboe:SKEW_History.csv
1990-03-08,124.46,cboe:SKEW_History.csv
1990-03-09,125.6,cboe:SKEW_History.csv
1990-03-12,129.69,cboe:SKEW_History.csv
1990-03-13,128.07,cboe:SKEW_History.csv
1990-03-14,131.82,cboe:SKEW_History.csv
1990-03-15,133.02,cboe:SKEW_History.csv
1990-03-16,136.73,cboe:SKEW_History.csv
1990-03-19,138.69,cboe:SKEW_History.csv
1990-03-20,134.2,cboe:SKEW_History.csv
1990-03-21,132.58,cboe:SKEW_History.csv
1990-03-22,129.8,cboe:SKEW_History.csv
1990-03-23,130.76,cboe:SKEW_History.csv
1990-03-26,129.9,cboe:SKEW_History.csv
1990-03-27,135.33,cboe:SKEW_History.csv
1990-03-28,133.51,cboe:SKEW_History.csv
1990-03-29,131.2,cboe:SKEW_History.csv
1990-03-30,111.33,cboe:SKEW_History.csv
1990-04-02,126.46,cboe:SKEW_History.csv
1990-04-03,117.63,cboe:SKEW_History.csv
1990-04-04,114.13,cboe:SKEW_History.csv
1990-04-05,114.42,cboe:SKEW_History.csv
1990-04-06,114.91,cboe:SKEW_History.csv
1990-04-09,117.6,cboe:SKEW_History.csv
1990-04-10,119.09,cboe:SKEW_History.csv
1990-04-11,108.87,cboe:SKEW_History.csv
1990-04-12,121.52,cboe:SKEW_History.csv
1990-04-16,126.05,cboe:SKEW_History.csv
1990-04-17,131.24,cboe:SKEW_History.csv
1990-04-18,122.74,cboe:SKEW_History.csv
1990-04-19,120.77,cboe:SKEW_History.csv
1990-04-20,120.88,cboe:SKEW_History.csv
1990-04-23,120.03,cboe:SKEW_History.csv
1990-04-24,124.56,cboe:SKEW_History.csv
1990-04-25,127.03,cboe:SKEW_History.csv
1990-04-26,124.51,cboe:SKEW_History.csv
1990-04-27,118.84,cboe:SKEW_History.csv
1990-04-30,110.49,cboe:SKEW_History.csv
1990-05-01,111.99,cboe:SKEW_History.csv
1990-05-02,128.49,cboe:SKEW_History.csv
1990-05-03,114.27,cboe:SKEW_History.csv
1990-05-04,116.35,cboe:SKEW_History.csv
1990-05-07,117.22,cboe:SKEW_History.csv
1990-05-08,117.83,cboe:SKEW_History.csv
1990-05-09,117.27,cboe:SKEW_History.csv
1990-05-10,119.5,cboe:SKEW_History.csv
1990-05-11,119.51,cboe:SKEW_History.csv
1990-05-14,123.12,cboe:SKEW_History.csv
1990-05-15,125.1,cboe:SKEW_History.csv
1990-05-16,125.7,cboe:SKEW_History.csv
1990-05-17,121.95,cboe:SKEW_History.csv
1990-05-18,124.68,cboe:SKEW_History.csv
1990-05-21,127.35,cboe:SKEW_History.csv
1990-05-22,124.88,cboe:SKEW_History.csv
1990-05-23,118.8,cboe:SKEW_History.csv
1990-05-24,117.3,cboe:SKEW_History.csv
1990-05-25,111.93,cboe:SKEW_History.csv
1990-05-29,122.18,cboe:SKEW_History.csv
1990-05-30,119.88,cboe:SKEW_History.csv
1990-05-31,120.21,cboe:SKEW_History.csv
1990-06-01,119.33,cboe:SKEW_History.csv
1990-06-04,122.78,cboe:SKEW_History.csv
1990-06-05,121.22,cboe:SKEW_History.csv
1990-06-06,121.45,cboe:SKEW_History.csv
1990-06-07,123.99,cboe:SKEW_History.csv
1990-06-08,122.13,cboe:SKEW_History.csv
1990-06-11,132.14,cboe:SKEW_History.csv
1990-06-12,132.61,cboe:SKEW_History.csv
1990-06-13,131.51,cboe:SKEW_History.csv
1990-06-14,132.45,cboe:SKEW_History.csv
1990-06-15,138.31,cboe:SKEW_History.csv
1990-06-18,133.31,cboe:SKEW_History.csv
1990-06-19,136.21,cboe:SKEW_History.csv
1990-06-20,139.12,cboe:SKEW_History.csv
1990-06-21,142.57,cboe:SKEW_History.csv
1990-06-22,139.62,cboe:SKEW_History.csv
1990-06-25,106.8,cboe:SKEW_History.csv
1990-06-26,104.65,cboe:SKEW_History.csv
1990-06-27,106.54,cboe:SKEW_History.csv
1990-06-28,107.42,cboe:SKEW_History.csv
1990-06-29,107.31,cboe:SKEW_History.csv
1990-07-02,108.16,cboe:SKEW_History.csv
1990-07-03,107.62,cboe:SKEW_History.csv
1990-07-05,105.08,cboe:SKEW_History.csv
1990-07-06,107.27,cboe:SKEW_History.csv
1990-07-09,106.5,cboe:SKEW_History.csv
1990-07-10,105.19,cboe:SKEW_History.csv
1990-07-11,107.84,cboe:SKEW_History.csv
1990-07-12,109.71,cboe:SKEW_History.csv
1990-07-13,109.33,cboe:SKEW_History.csv
1990-07-16,108.65,cboe:SKEW_History.csv
1990-07-17,107.65,cboe:SKEW_History.csv
1990-07-18,133.75,cboe:SKEW_History.csv
1990-07-19,137.94,cboe:SKEW_History.csv
1990-07-20,109.71,cboe:SKEW_History.csv
1990-07-23,127.13,cboe:SKEW_History.csv
1990-07-24,127.61,cboe:SKEW_History.csv
1990-07-25,130.85,cboe:SKEW_History.csv
1990-07-26,131.0,cboe:SKEW_History.csv
1990-07-27,127.62,cboe:SKEW_History.csv
1990-07-30,132.44,cboe:SKEW_History.csv
1990-07-31,132.07,cboe:SKEW_History.csv
1990-08-01,131.01,cboe:SKEW_History.csv
1990-08-02,110.08,cboe:SKEW_History.csv
1990-08-03,119.6,cboe:SKEW_History.csv
1990-08-06,114.65,cboe:SKEW_History.csv
1990-08-07,119.09,cboe:SKEW_History.csv
1990-08-08,125.19,cboe:SKEW_History.csv
1990-08-09,128.9,cboe:SKEW_History.csv
1990-08-10,123.01,cboe:SKEW_History.csv
1990-08-13,119.34,cboe:SKEW_History.csv
1990-08-14,120.52,cboe:SKEW_History.csv
1990-08-15,120.04,cboe:SKEW_History.csv
1990-08-16,117.18,cboe:SKEW_History.csv
1990-08-17,117.36,cboe:SKEW_History.csv
1990-08-20,118.36,cboe:SKEW_History.csv
1990-08-21,114.52,cboe:SKEW_History.csv
1990-08-22,112.49,cboe:SKEW_History.csv
1990-08-23,110.92,cboe:SKEW_History.csv
1990-08-24,113.42,cboe:SKEW_History.csv
1990-08-27,117.69,cboe:SKEW_History.csv
1990-08-28,117.9,cboe:SKEW_History.csv
1990-08-29,118.63,cboe:SKEW_History.csv
1990-08-30,116.74,cboe:SKEW_History.csv
1990-08-31,119.48,cboe:SKEW_History.csv
1990-09-04,119.92,cboe:SKEW_History.csv
1990-09-05,119.88,cboe:SKEW_History.csv
1990-09-06,116.98,cboe:SKEW_History.csv
1990-09-07,117.82,cboe:SKEW_History.csv
1990-09-10,118.77,cboe:SKEW_History.csv
1990-09-11,119.16,cboe:SKEW_History.csv
1990-09-12,118.28,cboe:SKEW_History.csv
1990-09-13,116.91,cboe:SKEW_History.csv
1990-09-14,119.03,cboe:SKEW_History.csv
1990-09-17,116.8,cboe:SKEW_History.csv
1990-09-18,117.49,cboe:SKEW_History.csv
1990-09-19,116.48,cboe:SKEW_History.csv
1990-09-20,115.88,cboe:SKEW_History.csv
1990-09-21,118.22,cboe:SKEW_History.csv
1990-09-24,111.3,cboe:SKEW_History.csv
1990-09-25,115.72,cboe:SKEW_History.csv
1990-09-26,114.76,cboe:SKEW_History.csv
1990-09-27,112.85,cboe:SKEW_History.csv
1990-09-28,113.24,cboe:SKEW_History.csv
1990-10-01,116.56,cboe:SKEW_History.csv
1990-10-02,116.81,cboe:SKEW_History.csv
1990-10-03,115.6,cboe:SKEW_History.csv
1990-10-04,116.16,cboe:SKEW_History.csv
1990-10-05,117.23,cboe:SKEW_History.csv
1990-10-08,116.49,cboe:SKEW_History.csv
1990-10-09,112.8,cboe:SKEW_History.csv
1990-10-10,110.65,cboe:SKEW_History.csv
1990-10-11,109.78,cboe:SKEW_History.csv
1990-10-12,111.92,cboe:SKEW_History.csv
1990-10-15,112.35,cboe:SKEW_History.csv
1990-10-16,111.07,cboe:SKEW_History.csv
1990-10-17,111.74,cboe:SKEW_History.csv
1990-10-18,114.65,cboe:SKEW_History.csv
1990-10-19,117.56,cboe:SKEW_History.csv
1990-10-22,116.11,cboe:SKEW_History.csv
1990-10-23,115.13,cboe:SKEW_History.csv
1990-10-24,116.17,cboe:SKEW_History.csv
1990-10-25,114.75,cboe:SKEW_History.csv
1990-10-26,111.79,cboe:SKEW_History.csv
1990-10-29,112.35,cboe:SKEW_History.csv
1990-10-30,113.42,cboe:SKEW_History.csv
1990-10-31,113.97,cboe:SKEW_History.csv
1990-11-01,112.53,cboe:SKEW_History.csv
1990-11-02,115.29,cboe:SKEW_History.csv
1990-11-05,114.48,cboe:SKEW_History.csv
1990-11-06,114.47,cboe:SKEW_History.csv
1990-11-07,114.59,cboe:SKEW_History.csv
1990-11-08,114.66,cboe:SKEW_History.csv
1990-11-09,117.11,cboe:SKEW_History.csv
1990-11-12,115.57,cboe:SKEW_History.csv
1990-11-13,116.1,cboe:SKEW_History.csv
1990-11-14,117.02,cboe:SKEW_History.csv
1990-11-15,116.97,cboe:SKEW_History.csv
1990-11-16,119.97,cboe:SKEW_History.csv
1990-11-19,121.28,cboe:SKEW_History.csv
1990-11-20,118.28,cboe:SKEW_History.csv
1990-11-21,119.28,cboe:SKEW_History.csv
1990-11-23,116.37,cboe:SKEW_History.csv
1990-11-26,118.33,cboe:SKEW_History.csv
1990-11-27,119.45,cboe:SKEW_History.csv
1990-11-28,120.15,cboe:SKEW_History.csv
1990-11-29,117.71,cboe:SKEW_History.csv
1990-11-30,122.65,cboe:SKEW_History.csv
1990-12-03,122.24,cboe:SKEW_History.csv
1990-12-04,124.37,cboe:SKEW_History.csv
1990-12-05,127.38,cboe:SKEW_History.csv
1990-12-06,126.31,cboe:SKEW_History.csv
1990-12-07,124.43,cboe:SKEW_History.csv
1990-12-10,125.1,cboe:SKEW_History.csv
1990-12-11,125.98,cboe:SKEW_History.csv
1990-12-12,128.57,cboe:SKEW_History.csv
1990-12-13,122.57,cboe:SKEW_History.csv
1990-12-14,122.14,cboe:SKEW_History.csv
1990-12-17,120.45,cboe:SKEW_History.csv
1990-12-18,123.99,cboe:SKEW_History.csv
1990-12-19,126.31,cboe:SKEW_History.csv
1990-12-20,122.35,cboe:SKEW_History.csv
1990-12-21,129.61,cboe:SKEW_History.csv
1990-12-24,121.29,cboe:SKEW_History.csv
1990-12-26,127.3,cboe:SKEW_History.csv
1990-12-27,124.79,cboe:SKEW_History.csv
1990-12-28,127.59,cboe:SKEW_History.csv
1990-12-31,126.57,cboe:SKEW_History.csv
1991-01-02,121.35,cboe:SKEW_History.csv
1991-01-03,122.76,cboe:SKEW_History.csv
1991-01-04,121.95,cboe:SKEW_History.csv
1991-01-07,118.12,cboe:SKEW_History.csv
1991-01-08,116.76,cboe:SKEW_History.csv
1991-01-09,114.26,cboe:SKEW_History.csv
1991-01-10,117.28,cboe:SKEW_History.csv
1991-01-11,114.58,cboe:SKEW_History.csv
1991-01-14,112.38,cboe:SKEW_History.csv
1991-01-15,112.71,cboe:SKEW_History.csv
1991-01-16,115.85,cboe:SKEW_History.csv
1991-01-17,121.72,cboe:SKEW_History.csv
1991-01-18,125.61,cboe:SKEW_History.csv
1991-01-21,122.41,cboe:SKEW_History.csv
1991-01-22,117.94,cboe:SKEW_History.csv
1991-01-23,118.15,cboe:SKEW_History.csv
1991-01-24,121.9,cboe:SKEW_History.csv
1991-01-25,124.2,cboe:SKEW_History.csv
1991-01-28,122.91,cboe:SKEW_History.csv
1991-01-29,122.53,cboe:SKEW_History.csv
1991-01-30,127.44,cboe:SKEW_History.csv
1991-01-31,121.65,cboe:SKEW_History.csv
1991-02-01,121.25,cboe:SKEW_History.csv
1991-02-04,123.21,cboe:SKEW_History.csv
1991-02-05,123.92,cboe:SKEW_History.csv
1991-02-06,121.1,cboe:SKEW_History.csv
1991-02-07,121.24,cboe:SKEW_History.csv
1991-02-08,121.05,cboe:SKEW_History.csv
1991-02-11,121.53,cboe:SKEW_History.csv
1991-02-12,121.19,cboe:SKEW_History.csv
1991-02-13,123.69,cboe:SKEW_History.csv
1991-02-14,120.58,cboe:SKEW_History.csv
1991-02-15,118.94,cboe:SKEW_History.csv
1991-02-19,112.38,cboe:SKEW_History.csv
1991-02-20,114.96,cboe:SKEW_History.csv
1991-02-21,113.82,cboe:SKEW_History.csv
1991-02-22,114.92,cboe:SKEW_History.csv
1991-02-25,114.76,cboe:SKEW_History.csv
1991-02-26,108.57,cboe:SKEW_History.csv
1991-02-27,117.38,cboe:SKEW_History.csv
1991-02-28,116.37,cboe:SKEW_History.csv
1991-03-01,116.36,cboe:SKEW_History.csv
1991-03-04,117.93,cboe:SKEW_History.csv
1991-03-05,122.89,cboe:SKEW_History.csv
1991-03-06,119.4,cboe:SKEW_History.csv
1991-03-07,118.56,cboe:SKEW_History.csv
1991-03-08,118.51,cboe:SKEW_History.csv
1991-03-11,123.92,cboe:SKEW_History.csv
1991-03-12,125.66,cboe:SKEW_History.csv
1991-03-13,131.94,cboe:SKEW_History.csv
1991-03-14,101.79,cboe:SKEW_History.csv
1991-03-15,102.73,cboe:SKEW_History.csv
1991-03-18,103.53,cboe:SKEW_History.csv
1991-03-19,101.23,cboe:SKEW_History.csv
1991-03-20,102.81,cboe:SKEW_History.csv
1991-03-21,101.31,cboe:SKEW_History.csv
1991-03-22,103.4,cboe:SKEW_History.csv
1991-03-25,104.07,cboe:SKEW_History.csv
1991-03-26,106.65,cboe:SKEW_History.csv
1991-03-27,103.53,cboe:SKEW_History.csv
1991-03-28,105.67,cboe:SKEW_History.csv
1991-04-01,105.75,cboe:SKEW_History.csv
1991-04-02,109.35,cboe:SKEW_History.csv
1991-04-03,108.82,cboe:SKEW_History.csv
1991-04-04,109.35,cboe:SKEW_History.csv
1991-04-05,108.51,cboe:SKEW_History.csv
1991-04-08,104.12,cboe:SKEW_History.csv
1991-04-09,109.05,cboe:SKEW_History.csv
1991-04-10,109.56,cboe:SKEW_History.csv
1991-04-11,105.74,cboe:SKEW_History.csv
1991-04-12,116.64,cboe:SKEW_History.csv
1991-04-15,118.66,cboe:SKEW_History.csv
1991-04-16,122.71,cboe:SKEW_History.csv
1991-04-17,123.42,cboe:SKEW_History.csv
1991-04-18,106.57,cboe:SKEW_History.csv
1991-04-19,105.7,cboe:SKEW_History.csv
1991-04-22,105.82,cboe:SKEW_History.csv
1991-04-23,106.68,cboe:SKEW_History.csv
1991-04-24,107.09,cboe:SKEW_History.csv
1991-04-25,107.9,cboe:SKEW_History.csv
1991-04-26,108.51,cboe:SKEW_History.csv
1991-04-29,108.57,cboe:SKEW_History.csv
1991-04-30,109.06,cboe:SKEW_History.csv
1991-05-01,110.9,cboe:SKEW_History.csv
1991-05-02,111.43,cboe:SKEW_History.csv
1991-05-03,110.58,cboe:SKEW_History.csv
1991-05-06,112.86,cboe:SKEW_History.csv
1991-05-07,111.53,cboe:SKEW_History.csv
1991-05-08,113.96,cboe:SKEW_History.csv
1991-05-09,114.01,cboe:SKEW_History.csv
1991-05-10,113.66,cboe:SKEW_History.csv
1991-05-13,117.42,cboe:SKEW_History.csv
1991-05-14,115.69,cboe:SKEW_History.csv
1991-05-15,116.98,cboe:SKEW_History.csv
1991-05-16,117.07,cboe:SKEW_History.csv
1991-05-17,117.32,cboe:SKEW_History.csv
1991-05-20,116.42,cboe:SKEW_History.csv
1991-05-21,116.61,cboe:SKEW_History.csv
1991-05-22,116.29,cboe:SKEW_History.csv
1991-05-23,115.98,cboe:SKEW_History.csv
1991-05-24,116.19,cboe:SKEW_History.csv
1991-05-28,122.33,cboe:SKEW_History.csv
1991-05-29,120.96,cboe:SKEW_History.csv
1991-05-30,116.11,cboe:SKEW_History.csv
1991-05-31,117.2,cboe:SKEW_History.csv
1991-06-03,115.62,cboe:SKEW_History.csv
1991-06-04,114.51,cboe:SKEW_History.csv
1991-06-05,111.76,cboe:SKEW_History.csv
1991-06-06,112.28,cboe:SKEW_History.csv
1991-06-07,113.52,cboe:SKEW_History.csv
1991-06-10,112.37,cboe:SKEW_History.csv
1991-06-11,113.45,cboe:SKEW_History.csv
1991-06-12,115.11,cboe:SKEW_History.csv
1991-06-13,116.36,cboe:SKEW_History.csv
1991-06-14,121.08,cboe:SKEW_History.csv
1991-06-17,116.07,cboe:SKEW_History.csv
1991-06-18,116.71,cboe:SKEW_History.csv
1991-06-19,118.7,cboe:SKEW_History.csv
1991-06-20,119.72,cboe:SKEW_History.csv
1991-06-21,124.86,cboe:SKEW_History.csv
1991-06-24,115.96,cboe:SKEW_History.csv
1991-06-25,117.0,cboe:SKEW_History.csv
1991-06-26,116.36,cboe:SKEW_History.csv
1991-06-27,118.29,cboe:SKEW_History.csv
1991-06-28,114.98,cboe:SKEW_History.csv
1991-07-01,112.49,cboe:SKEW_History.csv
1991-07-02,112.56,cboe:SKEW_History.csv
1991-07-03,110.56,cboe:SKEW_History.csv
1991-07-05,118.18,cboe:SKEW_History.csv
1991-07-08,120.97,cboe:SKEW_History.csv
1991-07-09,113.87,cboe:SKEW_History.csv
1991-07-10,113.36,cboe:SKEW_History.csv
1991-07-11,116.53,cboe:SKEW_History.csv
1991-07-12,119.14,cboe:SKEW_History.csv
1991-07-15,122.07,cboe:SKEW_History.csv
1991-07-16,119.81,cboe:SKEW_History.csv
1991-07-17,119.25,cboe:SKEW_History.csv
1991-07-18,121.07,cboe:SKEW_History.csv
1991-07-19,123.06,cboe:SKEW_History.csv
1991-07-22,123.02,cboe:SKEW_History.csv
1991-07-23,120.08,cboe:SKEW_History.csv
1991-07-24,110.45,cboe:SKEW_History.csv
1991-07-25,111.61,cboe:SKEW_History.csv
1991-07-26,111.76,cboe:SKEW_History.csv
1991-07-29,114.3,cboe:SKEW_History.csv
1991-07-30,112.31,cboe:SKEW_History.csv
1991-07-31,111.5,cboe:SKEW_History.csv
1991-08-01,107.71,cboe:SKEW_History.csv
1991-08-02,109.76,cboe:SKEW_History.csv
1991-08-05,109.02,cboe:SKEW_History.csv
1991-08-06,108.92,cboe:SKEW_History.csv
1991-08-07,109.92,cboe:SKEW_History.csv
1991-08-08,109.62,cboe:SKEW_History.csv
1991-08-09,108.84,cboe:SKEW_History.csv
1991-08-12,109.6,cboe:SKEW_History.csv
1991-08-13,111.26,cboe:SKEW_History.csv
1991-08-14,110.7,cboe:SKEW_History.csv
1991-08-15,110.86,cboe:SKEW_History.csv
1991-08-16,112.48,cboe:SKEW_History.csv
1991-08-19,119.37,cboe:SKEW_History.csv
1991-08-20,117.23,cboe:SKEW_History.csv
1991-08-21,114.03,cboe:SKEW_History.csv
1991-08-22,110.41,cboe:SKEW_History.csv
1991-08-23,111.17,cboe:SKEW_History.csv
1991-08-26,112.74,cboe:SKEW_History.csv
1991-08-27,113.32,cboe:SKEW_History.csv
1991-08-28,114.6,cboe:SKEW_History.csv
1991-08-29,114.69,cboe:SKEW_History.csv
1991-08-30,115.36,cboe:SKEW_History.csv
1991-09-03,114.62,cboe:SKEW_History.csv
1991-09-04,114.14,cboe:SKEW_History.csv
1991-09-05,114.61,cboe:SKEW_History.csv
1991-09-06,114.5,cboe:SKEW_History.csv
1991-09-09,114.78,cboe:SKEW_History.csv
1991-09-10,114.59,cboe:SKEW_History.csv
1991-09-11,114.72,cboe:SKEW_History.csv
1991-09-12,115.24,cboe:SKEW_History.csv
1991-09-13,115.25,cboe:SKEW_History.csv
1991-09-16,109.18,cboe:SKEW_History.csv
1991-09-17,116.36,cboe:SKEW_History.csv
1991-09-18,117.85,cboe:SKEW_History.csv
1991-09-19,107.99,cboe:SKEW_History.csv
1991-09-20,120.99,cboe:SKEW_History.csv
1991-09-23,108.5,cboe:SKEW_History.csv
1991-09-24,109.78,cboe:SKEW_History.csv
1991-09-25,110.82,cboe:SKEW_History.csv
1991-09-26,108.89,cboe:SKEW_History.csv
1991-09-27,108.36,cboe:SKEW_History.csv
1991-09-30,112.13,cboe:SKEW_History.csv
1991-10-01,112.65,cboe:SKEW_History.csv
1991-10-02,111.58,cboe:SKEW_History.csv
1991-10-03,105.71,cboe:SKEW_History.csv
1991-10-04,103.93,cboe:SKEW_History.csv
1991-10-07,109.8,cboe:SKEW_History.csv
1991-10-08,111.17,cboe:SKEW_History.csv
1991-10-09,109.44,cboe:SKEW_History.csv
1991-10-10,103.82,cboe:SKEW_History.csv
1991-10-11,104.66,cboe:SKEW_History.csv
1991-10-14,107.26,cboe:SKEW_History.csv
1991-10-15,106.99,cboe:SKEW_History.csv
1991-10-16,106.17,cboe:SKEW_History.csv
1991-10-17,107.81,cboe:SKEW_History.csv
1991-10-18,110.28,cboe:SKEW_History.csv
1991-10-21,108.97,cboe:SKEW_History.csv
1991-10-22,107.68,cboe:SKEW_History.csv
1991-10-23,108.42,cboe:SKEW_History.csv
1991-10-24,107.0,cboe:SKEW_History.csv
1991-10-25,107.45,cboe:SKEW_History.csv
1991-10-28,107.96,cboe:SKEW_History.csv
1991-10-29,109.14,cboe:SKEW_History.csv
1991-10-30,110.2,cboe:SKEW_History.csv
1991-10-31,109.63,cboe:SKEW_History.csv
1991-11-01,110.19,cboe:SKEW_History.csv
1991-11-04,110.87,cboe:SKEW_History.csv
1991-11-05,110.11,cboe:SKEW_History.csv
1991-11-06,110.91,cboe:SKEW_History.csv
1991-11-07,110.4,cboe:SKEW_History.csv
1991-11-08,110.37,cboe:SKEW_History.csv
1991-11-11,109.45,cboe:SKEW_History.csv
1991-11-12,109.91,cboe:SKEW_History.csv
1991-11-13,109.81,cboe:SKEW_History.csv
1991-11-14,110.23,cboe:SKEW_History.csv
1991-11-15,114.77,cboe:SKEW_History.csv
1991-11-18,116.46,cboe:SKEW_History.csv
1991-11-19,119.79,cboe:SKEW_History.csv
1991-11-20,115.57,cboe:SKEW_History.csv
1991-11-21,114.38,cboe:SKEW_History.csv
1991-11-22,111.76,cboe:SKEW_History.csv
1991-11-25,115.37,cboe:SKEW_History.csv
1991-11-26,117.42,cboe:SKEW_History.csv
1991-11-27,115.38,cboe:SKEW_History.csv
1991-11-29,110.22,cboe:SKEW_History.csv
1991-12-02,115.39,cboe:SKEW_History.csv
1991-12-03,114.43,cboe:SKEW_History.csv
1991-12-04,114.97,cboe:SKEW_History.csv
1991-12-05,113.28,cboe:SKEW_History.csv
1991-12-06,115.49,cboe:SKEW_History.csv
1991-12-09,113.94,cboe:SKEW_History.csv
1991-12-10,113.16,cboe:SKEW_History.csv
1991-12-11,113.39,cboe:SKEW_History.csv
1991-12-12,115.94,cboe:SKEW_History.csv
1991-12-13,116.11,cboe:SKEW_History.csv
1991-12-16,116.96,cboe:SKEW_History.csv
1991-12-17,118.88,cboe:SKEW_History.csv
1991-12-18,119.46,cboe:SKEW_History.csv
1991-12-19,120.35,cboe:SKEW_History.csv
1991-12-20,122.39,cboe:SKEW_History.csv
1991-12-23,125.9,cboe:SKEW_History.csv
1991-12-24,127.03,cboe:SKEW_History.csv
1991-12-26,115.19,cboe:SKEW_History.csv
1991-12-27,114.23,cboe:SKEW_History.csv
1991-12-30,114.25,cboe:SKEW_History.csv
1991-12-31,113.55,cboe:SKEW_History.csv
1992-01-02,116.06,cboe:SKEW_History.csv
1992-01-03,116.28,cboe:SKEW_History.csv
1992-01-06,115.67,cboe:SKEW_History.csv
1992-01-07,116.35,cboe:SKEW_History.csv
1992-01-08,115.53,cboe:SKEW_History.csv
1992-01-09,116.48,cboe:SKEW_History.csv
1992-01-10,116.82,cboe:SKEW_History.csv
1992-01-13,118.2,cboe:SKEW_History.csv
1992-01-14,121.46,cboe:SKEW_History.csv
1992-01-15,121.98,cboe:SKEW_History.csv
1992-01-16,110.85,cboe:SKEW_History.csv
1992-01-17,109.7,cboe:SKEW_History.csv
1992-01-20,110.9,cboe:SKEW_History.csv
1992-01-21,110.2,cboe:SKEW_History.csv
1992-01-22,111.8,cboe:SKEW_History.csv
1992-01-23,109.78,cboe:SKEW_History.csv
1992-01-24,110.29,cboe:SKEW_History.csv
1992-01-27,110.34,cboe:SKEW_History.csv
1992-01-28,110.66,cboe:SKEW_History.csv
1992-01-29,110.73,cboe:SKEW_History.csv
1992-01-30,111.67,cboe:SKEW_History.csv
1992-01-31,110.93,cboe:SKEW_History.csv
1992-02-03,112.16,cboe:SKEW_History.csv
1992-02-04,112.85,cboe:SKEW_History.csv
1992-02-05,112.65,cboe:SKEW_History.csv
1992-02-06,113.77,cboe:SKEW_History.csv
1992-02-07,112.3,cboe:SKEW_History.csv
1992-02-10,113.68,cboe:SKEW_History.csv
1992-02-11,112.85,cboe:SKEW_History.csv
1992-02-12,112.02,cboe:SKEW_History.csv
1992-02-13,113.71,cboe:SKEW_History.csv
1992-02-14,112.84,cboe:SKEW_History.csv
1992-02-18,113.39,cboe:SKEW_History.csv
1992-02-19,110.76,cboe:SKEW_History.csv
1992-02-20,111.02,cboe:SKEW_History.csv
1992-02-21,114.47,cboe:SKEW_History.csv
1992-02-24,111.1,cboe:SKEW_History.csv
1992-02-25,110.69,cboe:SKEW_History.csv
1992-02-26,110.07,cboe:SKEW_History.csv
1992-02-27,112.67,cboe:SKEW_History.csv
1992-02-28,109.06,cboe:SKEW_History.csv
1992-03-02,108.33,cboe:SKEW_History.csv
1992-03-03,112.48,cboe:SKEW_History.csv
1992-03-04,106.06,cboe:SKEW_History.csv
1992-03-05,111.85,cboe:SKEW_History.csv
1992-03-06,110.92,cboe:SKEW_History.csv
1992-03-09,111.23,cboe:SKEW_History.csv
1992-03-10,112.8,cboe:SKEW_History.csv
1992-03-11,112.0,cboe:SKEW_History.csv
1992-03-12,112.35,cboe:SKEW_History.csv
1992-03-13,114.84,cboe:SKEW_History.csv
1992-03-16,118.57,cboe:SKEW_History.csv
1992-03-17,107.29,cboe:SKEW_History.csv
1992-03-18,107.72,cboe:SKEW_History.csv
1992-03-19,107.85,cboe:SKEW_History.csv
1992-03-20,109.36,cboe:SKEW_History.csv
1992-03-23,108.79,cboe:SKEW_History.csv
1992-03-24,106.79,cboe:SKEW_History.csv
1992-03-25,106.65,cboe:SKEW_History.csv
1992-03-26,106.61,cboe:SKEW_History.csv
1992-03-27,107.27,cboe:SKEW_History.csv
1992-03-30,109.43,cboe:SKEW_History.csv
1992-03-31,109.86,cboe:SKEW_History.csv
1992-04-01,112.56,cboe:SKEW_History.csv
1992-04-02,110.56,cboe:SKEW_History.csv
1992-04-03,111.51,cboe:SKEW_History.csv
1992-04-06,108.93,cboe:SKEW_History.csv
1992-04-07,111.24,cboe:SKEW_History.csv
1992-04-08,110.67,cboe:SKEW_History.csv
1992-04-09,115.88,cboe:SKEW_History.csv
1992-04-10,117.1,cboe:SKEW_History.csv
1992-04-13,108.36,cboe:SKEW_History.csv
1992-04-14,108.62,cboe:SKEW_History.csv
1992-04-15,111.79,cboe:SKEW_History.csv
1992-04-16,112.08,cboe:SKEW_History.csv
1992-04-20,110.88,cboe:SKEW_History.csv
1992-04-21,111.26,cboe:SKEW_History.csv
1992-04-22,109.41,cboe:SKEW_History.csv
1992-04-23,110.62,cboe:SKEW_History.csv
1992-04-24,109.72,cboe:SKEW_History.csv
1992-04-27,110.4,cboe:SKEW_History.csv
1992-04-28,110.91,cboe:SKEW_History.csv
1992-04-29,112.49,cboe:SKEW_History.csv
1992-04-30,113.24,cboe:SKEW_History.csv
1992-05-01,113.25,cboe:SKEW_History.csv
1992-05-04,114.51,cboe:SKEW_History.csv
1992-05-05,114.56,cboe:SKEW_History.csv
1992-05-06,112.81,cboe:SKEW_History.csv
1992-05-07,111.48,cboe:SKEW_History.csv
1992-05-08,113.06,cboe:SKEW_History.csv
1992-05-11,112.96,cboe:SKEW_History.csv
1992-05-12,116.52,cboe:SKEW_History.csv
1992-05-13,114.28,cboe:SKEW_History.csv
1992-05-14,112.96,cboe:SKEW_History.csv
1992-05-15,112.88,cboe:SKEW_History.csv
1992-05-18,115.72,cboe:SKEW_History.csv
1992-05-19,114.43,cboe:SKEW_History.csv
1992-05-20,114.2,cboe:SKEW_History.csv
1992-05-21,113.44,cboe:SKEW_History.csv
1992-05-22,112.23,cboe:SKEW_History.csv
1992-05-26,114.71,cboe:SKEW_History.csv
1992-05-27,110.9,cboe:SKEW_History.csv
1992-05-28,111.27,cboe:SKEW_History.csv
1992-05-29,109.47,cboe:SKEW_History.csv
1992-06-01,111.82,cboe:SKEW_History.csv
1992-06-02,110.72,cboe:SKEW_History.csv
1992-06-03,109.62,cboe:SKEW_History.csv
1992-06-04,108.96,cboe:SKEW_History.csv
1992-06-05,110.07,cboe:SKEW_History.csv
1992-06-08,109.64,cboe:SKEW_History.csv
1992-06-09,107.85,cboe:SKEW_History.csv
1992-06-10,108.58,cboe:SKEW_History.csv
1992-06-11,108.02,cboe:SKEW_History.csv
1992-06-12,108.39,cboe:SKEW_History.csv
1992-06-15,106.1,cboe:SKEW_History.csv
1992-06-16,107.85,cboe:SKEW_History.csv
1992-06-17,104.34,cboe:SKEW_History.csv
1992-06-18,105.05,cboe:SKEW_History.csv
1992-06-19,107.85,cboe:SKEW_History.csv
1992-06-22,108.18,cboe:SKEW_History.csv
1992-06-23,109.14,cboe:SKEW_History.csv
1992-06-24,108.41,cboe:SKEW_History.csv
1992-06-25,106.68,cboe:SKEW_History.csv
1992-06-26,108.28,cboe:SKEW_History.csv
1992-06-29,111.74,cboe:SKEW_History.csv
1992-06-30,111.88,cboe:SKEW_History.csv
1992-07-01,110.34,cboe:SKEW_History.csv
1992-07-02,112.05,cboe:SKEW_History.csv
1992-07-06,115.52,cboe:SKEW_History.csv
1992-07-07,109.36,cboe:SKEW_History.csv
1992-07-08,109.79,cboe:SKEW_History.csv
1992-07-09,111.12,cboe:SKEW_History.csv
1992-07-10,111.7,cboe:SKEW_History.csv
1992-07-13,111.04,cboe:SKEW_History.csv
1992-07-14,112.67,cboe:SKEW_History.csv
1992-07-15,111.15,cboe:SKEW_History.csv
1992-07-16,112.53,cboe:SKEW_History.csv
1992-07-17,112.94,cboe:SKEW_History.csv
1992-07-20,111.44,cboe:SKEW_History.csv
1992-07-21,109.78,cboe:SKEW_History.csv
1992-07-22,111.81,cboe:SKEW_History.csv
1992-07-23,111.86,cboe:SKEW_History.csv
1992-07-24,113.31,cboe:SKEW_History.csv
1992-07-27,112.7,cboe:SKEW_History.csv
1992-07-28,112.95,cboe:SKEW_History.csv
1992-07-29,111.85,cboe:SKEW_History.csv
1992-07-30,110.95,cboe:SKEW_History.csv
1992-07-31,111.55,cboe:SKEW_History.csv
1992-08-03,113.44,cboe:SKEW_History.csv
1992-08-04,114.15,cboe:SKEW_History.csv
1992-08-05,112.0,cboe:SKEW_History.csv
1992-08-06,112.27,cboe:SKEW_History.csv
1992-08-07,113.08,cboe:SKEW_History.csv
1992-08-10,113.97,cboe:SKEW_History.csv
1992-08-11,112.9,cboe:SKEW_History.csv
1992-08-12,114.15,cboe:SKEW_History.csv
1992-08-13,112.25,cboe:SKEW_History.csv
1992-08-14,112.78,cboe:SKEW_History.csv
1992-08-17,114.96,cboe:SKEW_History.csv
1992-08-18,110.0,cboe:SKEW_History.csv
1992-08-19,110.57,cboe:SKEW_History.csv
1992-08-20,111.53,cboe:SKEW_History.csv
1992-08-21,114.33,cboe:SKEW_History.csv
1992-08-24,109.49,cboe:SKEW_History.csv
1992-08-25,109.44,cboe:SKEW_History.csv
1992-08-26,111.2,cboe:SKEW_History.csv
1992-08-27,110.26,cboe:SKEW_History.csv
1992-08-28,110.99,cboe:SKEW_History.csv
1992-08-31,112.17,cboe:SKEW_History.csv
1992-09-01,111.53,cboe:SKEW_History.csv
1992-09-02,110.69,cboe:SKEW_History.csv
1992-09-03,111.54,cboe:SKEW_History.csv
1992-09-04,110.7,cboe:SKEW_History.csv
1992-09-08,110.54,cboe:SKEW_History.csv
1992-09-09,109.66,cboe:SKEW_History.csv
1992-09-10,113.57,cboe:SKEW_History.csv
1992-09-11,114.0,cboe:SKEW_History.csv
1992-09-14,116.34,cboe:SKEW_History.csv
1992-09-15,112.69,cboe:SKEW_History.csv
1992-09-16,111.56,cboe:SKEW_History.csv
1992-09-17,110.85,cboe:SKEW_History.csv
1992-09-18,117.2,cboe:SKEW_History.csv
1992-09-21,113.96,cboe:SKEW_History.csv
1992-09-22,113.5,cboe:SKEW_History.csv
1992-09-23,114.29,cboe:SKEW_History.csv
1992-09-24,115.88,cboe:SKEW_History.csv
1992-09-25,114.25,cboe:SKEW_History.csv
1992-09-28,116.18,cboe:SKEW_History.csv
1992-09-29,116.31,cboe:SKEW_History.csv
1992-09-30,115.16,cboe:SKEW_History.csv
1992-10-01,113.97,cboe:SKEW_History.csv
1992-10-02,111.35,cboe:SKEW_History.csv
1992-10-05,111.35,cboe:SKEW_History.csv
1992-10-06,109.52,cboe:SKEW_History.csv
1992-10-07,109.25,cboe:SKEW_History.csv
1992-10-08,112.21,cboe:SKEW_History.csv
1992-10-09,112.14,cboe:SKEW_History.csv
1992-10-12,112.4,cboe:SKEW_History.csv
1992-10-13,113.75,cboe:SKEW_History.csv
1992-10-14,114.58,cboe:SKEW_History.csv
1992-10-15,115.13,cboe:SKEW_History.csv
1992-10-16,114.66,cboe:SKEW_History.csv
1992-10-19,117.35,cboe:SKEW_History.csv
1992-10-20,115.04,cboe:SKEW_History.csv
1992-10-21,115.91,cboe:SKEW_History.csv
1992-10-22,113.56,cboe:SKEW_History.csv
1992-10-23,113.51,cboe:SKEW_History.csv
1992-10-26,115.51,cboe:SKEW_History.csv
1992-10-27,114.51,cboe:SKEW_History.csv
1992-10-28,110.24,cboe:SKEW_History.csv
1992-10-29,111.25,cboe:SKEW_History.csv
1992-10-30,110.28,cboe:SKEW_History.csv
1992-11-02,111.26,cboe:SKEW_History.csv
1992-11-03,111.62,cboe:SKEW_History.csv
1992-11-04,111.28,cboe:SKEW_History.csv
1992-11-05,112.77,cboe:SKEW_History.csv
1992-11-06,112.63,cboe:SKEW_History.csv
1992-11-09,113.39,cboe:SKEW_History.csv
1992-11-10,113.66,cboe:SKEW_History.csv
1992-11-11,114.22,cboe:SKEW_History.csv
1992-11-12,115.63,cboe:SKEW_History.csv
1992-11-13,116.21,cboe:SKEW_History.csv
1992-11-16,114.31,cboe:SKEW_History.csv
1992-11-17,113.86,cboe:SKEW_History.csv
1992-11-18,117.03,cboe:SKEW_History.csv
1992-11-19,114.15,cboe:SKEW_History.csv
1992-11-20,115.38,cboe:SKEW_History.csv
1992-11-23,110.38,cboe:SKEW_History.csv
1992-11-24,112.81,cboe:SKEW_History.csv
1992-11-25,111.69,cboe:SKEW_History.csv
1992-11-27,110.53,cboe:SKEW_History.csv
1992-11-30,112.1,cboe:SKEW_History.csv
1992-12-01,112.99,cboe:SKEW_History.csv
1992-12-02,111.64,cboe:SKEW_History.csv
1992-12-03,112.11,cboe:SKEW_History.csv
1992-12-04,112.22,cboe:SKEW_History.csv
1992-12-07,113.12,cboe:SKEW_History.csv
1992-12-08,113.33,cboe:SKEW_History.csv
1992-12-09,111.38,cboe:SKEW_History.csv
1992-12-10,114.24,cboe:SKEW_History.csv
1992-12-11,113.45,cboe:SKEW_History.csv
1992-12-14,110.77,cboe:SKEW_History.csv
1992-12-15,109.85,cboe:SKEW_History.csv
1992-12-16,109.53,cboe:SKEW_History.csv
1992-12-17,110.53,cboe:SKEW_History.csv
1992-12-18,114.84,cboe:SKEW_History.csv
1992-12-21,112.93,cboe:SKEW_History.csv
1992-12-22,113.88,cboe:SKEW_History.csv
1992-12-23,110.59,cboe:SKEW_History.csv
1992-12-24,110.24,cboe:SKEW_History.csv
1992-12-28,111.01,cboe:SKEW_History.csv
1992-12-29,110.97,cboe:SKEW_History.csv
1992-12-30,112.22,cboe:SKEW_History.csv
1992-12-31,110.83,cboe:SKEW_History.csv
1993-01-04,109.16,cboe:SKEW_History.csv
1993-01-05,111.71,cboe:SKEW_History.csv
1993-01-06,112.42,cboe:SKEW_History.csv
1993-01-07,111.94,cboe:SKEW_History.csv
1993-01-08,113.23,cboe:SKEW_History.csv
1993-01-11,111.07,cboe:SKEW_History.csv
1993-01-12,111.2,cboe:SKEW_History.csv
1993-01-13,111.93,cboe:SKEW_History.csv
1993-01-14,112.81,cboe:SKEW_History.csv
1993-01-15,115.07,cboe:SKEW_History.csv
1993-01-18,114.26,cboe:SKEW_History.csv
1993-01-19,113.25,cboe:SKEW_History.csv
1993-01-20,113.12,cboe:SKEW_History.csv
1993-01-21,115.33,cboe:SKEW_History.csv
1993-01-22,113.75,cboe:SKEW_History.csv
1993-01-25,115.47,cboe:SKEW_History.csv
1993-01-26,114.4,cboe:SKEW_History.csv
1993-01-27,114.24,cboe:SKEW_History.csv
1993-01-28,114.2,cboe:SKEW_History.csv
1993-01-29,113.9,cboe:SKEW_History.csv
1993-02-01,117.84,cboe:SKEW_History.csv
1993-02-02,115.46,cboe:SKEW_History.csv
1993-02-03,116.06,cboe:SKEW_History.csv
1993-02-04,115.81,cboe:SKEW_History.csv
1993-02-05,115.09,cboe:SKEW_History.csv
1993-02-08,117.12,cboe:SKEW_History.csv
1993-02-09,115.67,cboe:SKEW_History.csv
1993-02-10,116.62,cboe:SKEW_History.csv
1993-02-11,116.24,cboe:SKEW_History.csv
1993-02-12,116.49,cboe:SKEW_History.csv
1993-02-16,112.75,cboe:SKEW_History.csv
1993-02-17,113.97,cboe:SKEW_History.csv
1993-02-18,114.69,cboe:SKEW_History.csv
1993-02-19,116.44,cboe:SKEW_History.csv
1993-02-22,116.32,cboe:SKEW_History.csv
1993-02-23,116.2,cboe:SKEW_History.csv
1993-02-24,118.2,cboe:SKEW_History.csv
1993-02-25,115.66,cboe:SKEW_History.csv
1993-02-26,117.11,cboe:SKEW_History.csv
1993-03-01,114.16,cboe:SKEW_History.csv
1993-03-02,118.93,cboe:SKEW_History.csv
1993-03-03,125.28,cboe:SKEW_History.csv
1993-03-04,115.29,cboe:SKEW_History.csv
1993-03-05,114.74,cboe:SKEW_History.csv
1993-03-08,113.78,cboe:SKEW_History.csv
1993-03-09,115.91,cboe:SKEW_History.csv
1993-03-10,116.75,cboe:SKEW_History.csv
1993-03-11,115.2,cboe:SKEW_History.csv
1993-03-12,116.37,cboe:SKEW_History.csv
1993-03-15,114.14,cboe:SKEW_History.csv
1993-03-16,113.72,cboe:SKEW_History.csv
1993-03-17,110.61,cboe:SKEW_History.csv
1993-03-18,114.05,cboe:SKEW_History.csv
1993-03-19,111.15,cboe:SKEW_History.csv
1993-03-22,111.9,cboe:SKEW_History.csv
1993-03-23,112.81,cboe:SKEW_History.csv
1993-03-24,112.06,cboe:SKEW_History.csv
1993-03-25,112.59,cboe:SKEW_History.csv
1993-03-26,112.82,cboe:SKEW_History.csv
1993-03-29,113.22,cboe:SKEW_History.csv
1993-03-30,111.51,cboe:SKEW_History.csv
1993-03-31,110.83,cboe:SKEW_History.csv
1993-04-01,110.96,cboe:SKEW_History.csv
1993-04-02,110.6,cboe:SKEW_History.csv
1993-04-05,110.46,cboe:SKEW_History.csv
1993-04-06,110.01,cboe:SKEW_History.csv
1993-04-07,111.14,cboe:SKEW_History.csv
1993-04-08,111.88,cboe:SKEW_History.csv
1993-04-12,112.55,cboe:SKEW_History.csv
1993-04-13,113.08,cboe:SKEW_History.csv
1993-04-14,112.44,cboe:SKEW_History.csv
1993-04-15,112.47,cboe:SKEW_History.csv
1993-04-16,112.9,cboe:SKEW_History.csv
1993-04-19,110.83,cboe:SKEW_History.csv
1993-04-20,113.16,cboe:SKEW_History.csv
1993-04-21,111.54,cboe:SKEW_History.csv
1993-04-22,110.19,cboe:SKEW_History.csv
1993-04-23,109.8,cboe:SKEW_History.csv
1993-04-26,110.67,cboe:SKEW_History.csv
1993-04-27,113.41,cboe:SKEW_History.csv
1993-04-28,112.18,cboe:SKEW_History.csv
1993-04-29,114.65,cboe:SKEW_History.csv
1993-04-30,112.33,cboe:SKEW_History.csv
1993-05-03,112.11,cboe:SKEW_History.csv
1993-05-04,109.97,cboe:SKEW_History.csv
1993-05-05,111.1,cboe:SKEW_History.csv
1993-05-06,111.68,cboe:SKEW_History.csv
1993-05-07,113.32,cboe:SKEW_History.csv
1993-05-10,112.99,cboe:SKEW_History.csv
1993-05-11,112.76,cboe:SKEW_History.csv
1993-05-12,114.83,cboe:SKEW_History.csv
1993-05-13,112.94,cboe:SKEW_History.csv
1993-05-14,116.03,cboe:SKEW_History.csv
1993-05-17,115.07,cboe:SKEW_History.csv
1993-05-18,115.42,cboe:SKEW_History.csv
1993-05-19,117.58,cboe:SKEW_History.csv
1993-05-20,120.27,cboe:SKEW_History.csv
1993-05-21,118.02,cboe:SKEW_History.csv
1993-05-24,117.76,cboe:SKEW_History.csv
1993-05-25,118.56,cboe:SKEW_History.csv
1993-05-26,117.1,cboe:SKEW_History.csv
1993-05-27,115.06,cboe:SKEW_History.csv
1993-05-28,122.04,cboe:SKEW_History.csv
1993-06-01,120.77,cboe:SKEW_History.csv
1993-06-02,115.38,cboe:SKEW_History.csv
1993-06-03,114.62,cboe:SKEW_History.csv
1993-06-04,114.59,cboe:SKEW_History.csv
1993-06-07,111.22,cboe:SKEW_History.csv
1993-06-08,119.48,cboe:SKEW_History.csv
1993-06-09,111.47,cboe:SKEW_History.csv
1993-06-10,121.28,cboe:SKEW_History.csv
1993-06-11,113.32,cboe:SKEW_History.csv
1993-06-14,111.84,cboe:SKEW_History.csv
1993-06-15,110.13,cboe:SKEW_History.csv
1993-06-16,111.89,cboe:SKEW_History.csv
1993-06-17,112.34,cboe:SKEW_History.csv
1993-06-18,111.05,cboe:SKEW_History.csv
1993-06-21,113.83,cboe:SKEW_History.csv
1993-06-22,109.13,cboe:SKEW_History.csv
1993-06-23,112.13,cboe:SKEW_History.csv
1993-06-24,115.26,cboe:SKEW_History.csv
1993-06-25,111.53,cboe:SKEW_History.csv
1993-06-28,112.52,cboe:SKEW_History.csv
1993-06-29,110.07,cboe:SKEW_History.csv
1993-06-30,110.55,cboe:SKEW_History.csv
1993-07-01,109.14,cboe:SKEW_History.csv
1993-07-02,108.63,cboe:SKEW_History.csv
1993-07-06,108.43,cboe:SKEW_History.csv
1993-07-07,109.46,cboe:SKEW_History.csv
1993-07-08,110.47,cboe:SKEW_History.csv
1993-07-09,111.3,cboe:SKEW_History.csv
1993-07-12,110.25,cboe:SKEW_History.csv
1993-07-13,110.07,cboe:SKEW_History.csv
1993-07-14,110.44,cboe:SKEW_History.csv
1993-07-15,111.69,cboe:SKEW_History.csv
1993-07-16,112.45,cboe:SKEW_History.csv
1993-07-19,111.27,cboe:SKEW_History.csv
1993-07-20,110.16,cboe:SKEW_History.csv
1993-07-21,111.12,cboe:SKEW_History.csv
1993-07-22,110.22,cboe:SKEW_History.csv
1993-07-23,113.03,cboe:SKEW_History.csv
1993-07-26,112.1,cboe:SKEW_History.csv
1993-07-27,111.49,cboe:SKEW_History.csv
1993-07-28,111.15,cboe:SKEW_History.csv
1993-07-29,110.87,cboe:SKEW_History.csv
1993-07-30,112.89,cboe:SKEW_History.csv
1993-08-02,111.93,cboe:SKEW_History.csv
1993-08-03,110.98,cboe:SKEW_History.csv
1993-08-04,110.74,cboe:SKEW_History.csv
1993-08-05,110.05,cboe:SKEW_History.csv
1993-08-06,113.24,cboe:SKEW_History.csv
1993-08-09,111.59,cboe:SKEW_History.csv
1993-08-10,111.35,cboe:SKEW_History.csv
1993-08-11,112.07,cboe:SKEW_History.csv
1993-08-12,113.49,cboe:SKEW_History.csv
1993-08-13,116.73,cboe:SKEW_History.csv
1993-08-16,111.14,cboe:SKEW_History.csv
1993-08-17,113.88,cboe:SKEW_History.csv
1993-08-18,113.08,cboe:SKEW_History.csv
1993-08-19,113.81,cboe:SKEW_History.csv
1993-08-20,115.05,cboe:SKEW_History.csv
1993-08-23,114.24,cboe:SKEW_History.csv
1993-08-24,115.17,cboe:SKEW_History.csv
1993-08-25,116.05,cboe:SKEW_History.csv
1993-08-26,112.85,cboe:SKEW_History.csv
1993-08-27,114.5,cboe:SKEW_History.csv
1993-08-30,115.29,cboe:SKEW_History.csv
1993-08-31,114.28,cboe:SKEW_History.csv
1993-09-01,116.1,cboe:SKEW_History.csv
1993-09-02,115.01,cboe:SKEW_History.csv
1993-09-03,115.82,cboe:SKEW_History.csv
1993-09-07,114.1,cboe:SKEW_History.csv
1993-09-08,116.16,cboe:SKEW_History.csv
1993-09-09,116.02,cboe:SKEW_History.csv
1993-09-10,115.9,cboe:SKEW_History.csv
1993-09-13,113.78,cboe:SKEW_History.csv
1993-09-14,117.39,cboe:SKEW_History.csv
1993-09-15,119.11,cboe:SKEW_History.csv
1993-09-16,118.46,cboe:SKEW_History.csv
1993-09-17,118.4,cboe:SKEW_History.csv
1993-09-20,117.62,cboe:SKEW_History.csv
1993-09-21,118.14,cboe:SKEW_History.csv
1993-09-22,116.46,cboe:SKEW_History.csv
1993-09-23,120.39,cboe:SKEW_History.csv
1993-09-24,118.26,cboe:SKEW_History.csv
1993-09-27,119.73,cboe:SKEW_History.csv
1993-09-28,115.58,cboe:SKEW_History.csv
1993-09-29,115.4,cboe:SKEW_History.csv
1993-09-30,114.97,cboe:SKEW_History.csv
1993-10-01,117.13,cboe:SKEW_History.csv
1993-10-04,117.69,cboe:SKEW_History.csv
1993-10-05,116.99,cboe:SKEW_History.csv
1993-10-06,116.16,cboe:SKEW_History.csv
1993-10-07,116.09,cboe:SKEW_History.csv
1993-10-08,116.57,cboe:SKEW_History.csv
1993-10-11,116.26,cboe:SKEW_History.csv
1993-10-12,118.24,cboe:SKEW_History.csv
1993-10-13,117.96,cboe:SKEW_History.csv
1993-10-14,119.85,cboe:SKEW_History.csv
1993-10-15,114.12,cboe:SKEW_History.csv
1993-10-18,113.5,cboe:SKEW_History.csv
1993-10-19,112.92,cboe:SKEW_History.csv
1993-10-20,113.59,cboe:SKEW_History.csv
1993-10-21,113.54,cboe:SKEW_History.csv
1993-10-22,113.02,cboe:SKEW_History.csv
1993-10-25,115.39,cboe:SKEW_History.csv
1993-10-26,115.21,cboe:SKEW_History.csv
1993-10-27,114.92,cboe:SKEW_History.csv
1993-10-28,115.07,cboe:SKEW_History.csv
1993-10-29,113.73,cboe:SKEW_History.csv
1993-11-01,114.54,cboe:SKEW_History.csv
1993-11-02,114.18,cboe:SKEW_History.csv
1993-11-03,113.69,cboe:SKEW_History.csv
1993-11-04,114.64,cboe:SKEW_History.csv
1993-11-05,116.07,cboe:SKEW_History.csv
1993-11-08,115.73,cboe:SKEW_History.csv
1993-11-09,113.94,cboe:SKEW_History.csv
1993-11-10,115.82,cboe:SKEW_History.csv
1993-11-11,116.2,cboe:SKEW_History.csv
1993-11-12,116.13,cboe:SKEW_History.csv
1993-11-15,117.5,cboe:SKEW_History.csv
1993-11-16,121.47,cboe:SKEW_History.csv
1993-11-17,117.05,cboe:SKEW_History.csv
1993-11-18,117.78,cboe:SKEW_History.csv
1993-11-19,116.81,cboe:SKEW_History.csv
1993-11-22,117.46,cboe:SKEW_History.csv
1993-11-23,118.86,cboe:SKEW_History.csv
1993-11-24,119.16,cboe:SKEW_History.csv
1993-11-26,120.85,cboe:SKEW_History.csv
1993-11-29,117.24,cboe:SKEW_History.csv
1993-11-30,118.45,cboe:SKEW_History.csv
1993-12-01,119.17,cboe:SKEW_History.csv
1993-12-02,120.71,cboe:SKEW_History.csv
1993-12-03,121.48,cboe:SKEW_History.csv
1993-12-06,117.29,cboe:SKEW_History.csv
1993-12-07,117.35,cboe:SKEW_History.csv
1993-12-08,115.23,cboe:SKEW_History.csv
1993-12-09,115.47,cboe:SKEW_History.csv
1993-12-10,117.04,cboe:SKEW_History.csv
1993-12-13,121.06,cboe:SKEW_History.csv
1993-12-14,115.57,cboe:SKEW_History.csv
1993-12-15,116.08,cboe:SKEW_History.csv
1993-12-16,116.75,cboe:SKEW_History.csv
1993-12-17,119.28,cboe:SKEW_History.csv
1993-12-20,115.69,cboe:SKEW_History.csv
1993-12-21,118.79,cboe:SKEW_History.csv
1993-12-22,117.1,cboe:SKEW_History.csv
1993-12-23,113.43,cboe:SKEW_History.csv
1993-12-27,114.07,cboe:SKEW_History.csv
1993-12-28,115.78,cboe:SKEW_History.csv
1993-12-29,113.11,cboe:SKEW_History.csv
1993-12-30,114.26,cboe:SKEW_History.csv
1993-12-31,114.16,cboe:SKEW_History.csv
1994-01-03,115.89,cboe:SKEW_History.csv
1994-01-04,118.42,cboe:SKEW_History.csv
1994-01-05,117.12,cboe:SKEW_History.csv
1994-01-06,116.08,cboe:SKEW_History.csv
1994-01-07,116.67,cboe:SKEW_History.csv
1994-01-10,118.5,cboe:SKEW_History.csv
1994-01-11,120.53,cboe:SKEW_History.csv
1994-01-12,119.17,cboe:SKEW_History.csv
1994-01-13,119.43,cboe:SKEW_History.csv
1994-01-14,121.85,cboe:SKEW_History.csv
1994-01-17,119.41,cboe:SKEW_History.csv
1994-01-18,120.25,cboe:SKEW_History.csv
1994-01-19,115.53,cboe:SKEW_History.csv
1994-01-20,114.37,cboe:SKEW_History.csv
1994-01-21,114.36,cboe:SKEW_History.csv
1994-01-24,117.47,cboe:SKEW_History.csv
1994-01-25,116.21,cboe:SKEW_History.csv
1994-01-26,117.69,cboe:SKEW_History.csv
1994-01-27,116.28,cboe:SKEW_History.csv
1994-01-28,115.42,cboe:SKEW_History.csv
1994-01-31,115.44,cboe:SKEW_History.csv
1994-02-01,117.18,cboe:SKEW_History.csv
1994-02-02,115.96,cboe:SKEW_History.csv
1994-02-03,117.56,cboe:SKEW_History.csv
1994-02-04,117.87,cboe:SKEW_History.csv
1994-02-07,120.2,cboe:SKEW_History.csv
1994-02-08,119.01,cboe:SKEW_History.csv
1994-02-09,117.16,cboe:SKEW_History.csv
1994-02-10,115.16,cboe:SKEW_History.csv
1994-02-11,119.63,cboe:SKEW_History.csv
1994-02-14,116.59,cboe:SKEW_History.csv
1994-02-15,116.86,cboe:SKEW_History.csv
1994-02-16,117.0,cboe:SKEW_History.csv
1994-02-17,116.52,cboe:SKEW_History.csv
1994-02-18,117.91,cboe:SKEW_History.csv
1994-02-22,119.08,cboe:SKEW_History.csv
1994-02-23,119.1,cboe:SKEW_History.csv
1994-02-24,118.47,cboe:SKEW_History.csv
1994-02-25,119.59,cboe:SKEW_History.csv
1994-02-28,116.35,cboe:SKEW_History.csv
1994-03-01,117.71,cboe:SKEW_History.csv
1994-03-02,119.38,cboe:SKEW_History.csv
1994-03-03,117.32,cboe:SKEW_History.csv
1994-03-04,118.07,cboe:SKEW_History.csv
1994-03-07,119.64,cboe:SKEW_History.csv
1994-03-08,120.78,cboe:SKEW_History.csv
1994-03-09,114.55,cboe:SKEW_History.csv
1994-03-10,119.78,cboe:SKEW_History.csv
1994-03-11,123.36,cboe:SKEW_History.csv
1994-03-14,115.41,cboe:SKEW_History.csv
1994-03-15,114.54,cboe:SKEW_History.csv
1994-03-16,117.92,cboe:SKEW_History.csv
1994-03-17,118.85,cboe:SKEW_History.csv
1994-03-18,118.11,cboe:SKEW_History.csv
1994-03-21,117.4,cboe:SKEW_History.csv
1994-03-22,118.62,cboe:SKEW_History.csv
1994-03-23,117.86,cboe:SKEW_History.csv
1994-03-24,116.28,cboe:SKEW_History.csv
1994-03-25,114.57,cboe:SKEW_History.csv
1994-03-28,118.38,cboe:SKEW_History.csv
1994-03-29,113.52,cboe:SKEW_History.csv
1994-03-30,114.07,cboe:SKEW_History.csv
1994-03-31,123.0,cboe:SKEW_History.csv
1994-04-04,121.03,cboe:SKEW_History.csv
1994-04-05,118.46,cboe:SKEW_History.csv
1994-04-06,117.36,cboe:SKEW_History.csv
1994-04-07,120.13,cboe:SKEW_History.csv
1994-04-08,119.18,cboe:SKEW_History.csv
1994-04-11,123.18,cboe:SKEW_History.csv
1994-04-12,121.5,cboe:SKEW_History.csv
1994-04-13,122.39,cboe:SKEW_History.csv
1994-04-14,122.7,cboe:SKEW_History.csv
1994-04-15,122.07,cboe:SKEW_History.csv
1994-04-18,121.84,cboe:SKEW_History.csv
1994-04-19,121.95,cboe:SKEW_History.csv
1994-04-20,121.08,cboe:SKEW_History.csv
1994-04-21,119.34,cboe:SKEW_History.csv
1994-04-22,119.19,cboe:SKEW_History.csv
1994-04-25,124.03,cboe:SKEW_History.csv
1994-04-26,123.19,cboe:SKEW_History.csv
1994-04-28,118.16,cboe:SKEW_History.csv
1994-04-29,118.04,cboe:SKEW_History.csv
1994-05-02,118.92,cboe:SKEW_History.csv
1994-05-03,120.72,cboe:SKEW_History.csv
1994-05-04,119.37,cboe:SKEW_History.csv
1994-05-05,116.86,cboe:SKEW_History.csv
1994-05-06,119.15,cboe:SKEW_History.csv
1994-05-09,116.46,cboe:SKEW_History.csv
1994-05-10,117.65,cboe:SKEW_History.csv
1994-05-11,117.63,cboe:SKEW_History.csv
1994-05-12,117.76,cboe:SKEW_History.csv
1994-05-13,117.9,cboe:SKEW_History.csv
1994-05-16,117.05,cboe:SKEW_History.csv
1994-05-17,120.58,cboe:SKEW_History.csv
1994-05-18,122.31,cboe:SKEW_History.csv
1994-05-19,115.0,cboe:SKEW_History.csv
1994-05-20,116.29,cboe:SKEW_History.csv
1994-05-23,116.46,cboe:SKEW_History.csv
1994-05-24,116.91,cboe:SKEW_History.csv
1994-05-25,119.17,cboe:SKEW_History.csv
1994-05-26,119.66,cboe:SKEW_History.csv
1994-05-27,121.08,cboe:SKEW_History.csv
1994-05-31,122.1,cboe:SKEW_History.csv
1994-06-01,116.94,cboe:SKEW_History.csv
1994-06-02,120.18,cboe:SKEW_History.csv
1994-06-03,120.89,cboe:SKEW_History.csv
1994-06-06,120.65,cboe:SKEW_History.csv
1994-06-07,118.7,cboe:SKEW_History.csv
1994-06-08,120.03,cboe:SKEW_History.csv
1994-06-09,122.18,cboe:SKEW_History.csv
1994-06-10,123.24,cboe:SKEW_History.csv
1994-06-13,126.28,cboe:SKEW_History.csv
1994-06-14,117.36,cboe:SKEW_History.csv
1994-06-15,116.66,cboe:SKEW_History.csv
1994-06-16,120.35,cboe:SKEW_History.csv
1994-06-17,116.78,cboe:SKEW_History.csv
1994-06-20,115.8,cboe:SKEW_History.csv
1994-06-21,115.15,cboe:SKEW_History.csv
1994-06-22,122.98,cboe:SKEW_History.csv
1994-06-23,115.21,cboe:SKEW_History.csv
1994-06-24,112.32,cboe:SKEW_History.csv
1994-06-27,122.76,cboe:SKEW_History.csv
1994-06-28,114.96,cboe:SKEW_History.csv
1994-06-29,115.77,cboe:SKEW_History.csv
1994-06-30,116.34,cboe:SKEW_History.csv
1994-07-01,115.47,cboe:SKEW_History.csv
1994-07-05,112.44,cboe:SKEW_History.csv
1994-07-06,112.43,cboe:SKEW_History.csv
1994-07-07,114.29,cboe:SKEW_History.csv
1994-07-08,114.84,cboe:SKEW_History.csv
1994-07-11,116.59,cboe:SKEW_History.csv
1994-07-12,116.64,cboe:SKEW_History.csv
1994-07-13,117.9,cboe:SKEW_History.csv
1994-07-14,119.37,cboe:SKEW_History.csv
1994-07-15,114.5,cboe:SKEW_History.csv
1994-07-18,115.43,cboe:SKEW_History.csv
1994-07-19,115.1,cboe:SKEW_History.csv
1994-07-20,115.9,cboe:SKEW_History.csv
1994-07-21,117.7,cboe:SKEW_History.csv
1994-07-22,116.21,cboe:SKEW_History.csv
1994-07-25,118.68,cboe:SKEW_History.csv
1994-07-26,117.57,cboe:SKEW_History.csv
1994-07-27,116.76,cboe:SKEW_History.csv
1994-07-28,119.35,cboe:SKEW_History.csv
1994-07-29,117.62,cboe:SKEW_History.csv
1994-08-01,117.2,cboe:SKEW_History.csv
1994-08-02,115.7,cboe:SKEW_History.csv
1994-08-03,114.78,cboe:SKEW_History.csv
1994-08-04,114.62,cboe:SKEW_History.csv
1994-08-05,115.09,cboe:SKEW_History.csv
1994-08-08,114.55,cboe:SKEW_History.csv
1994-08-09,116.42,cboe:SKEW_History.csv
1994-08-10,116.87,cboe:SKEW_History.csv
1994-08-11,114.74,cboe:SKEW_History.csv
1994-08-12,119.19,cboe:SKEW_History.csv
1994-08-15,119.07,cboe:SKEW_History.csv
1994-08-16,118.52,cboe:SKEW_History.csv
1994-08-17,118.11,cboe:SKEW_History.csv
1994-08-18,119.52,cboe:SKEW_History.csv
1994-08-19,120.32,cboe:SKEW_History.csv
1994-08-22,118.8,cboe:SKEW_History.csv
1994-08-23,118.5,cboe:SKEW_History.csv
1994-08-24,118.82,cboe:SKEW_History.csv
1994-08-25,116.33,cboe:SKEW_History.csv
1994-08-26,112.35,cboe:SKEW_History.csv
1994-08-29,120.85,cboe:SKEW_History.csv
1994-08-30,115.14,cboe:SKEW_History.csv
1994-08-31,112.19,cboe:SKEW_History.csv
1994-09-01,114.01,cboe:SKEW_History.csv
1994-09-02,115.12,cboe:SKEW_History.csv
1994-09-06,115.51,cboe:SKEW_History.csv
1994-09-07,116.51,cboe:SKEW_History.csv
1994-09-08,116.57,cboe:SKEW_History.csv
1994-09-09,117.34,cboe:SKEW_History.csv
1994-09-12,116.23,cboe:SKEW_History.csv
1994-09-13,117.56,cboe:SKEW_History.csv
1994-09-14,117.88,cboe:SKEW_History.csv
1994-09-15,123.29,cboe:SKEW_History.csv
1994-09-16,119.94,cboe:SKEW_History.csv
1994-09-19,117.65,cboe:SKEW_History.csv
1994-09-20,118.1,cboe:SKEW_History.csv
1994-09-21,116.1,cboe:SKEW_History.csv
1994-09-22,114.98,cboe:SKEW_History.csv
1994-09-23,114.79,cboe:SKEW_History.csv
1994-09-26,114.53,cboe:SKEW_History.csv
1994-09-27,113.03,cboe:SKEW_History.csv
1994-09-28,114.38,cboe:SKEW_History.csv
1994-09-29,113.57,cboe:SKEW_History.csv
1994-09-30,113.81,cboe:SKEW_History.csv
1994-10-03,115.81,cboe:SKEW_History.csv
1994-10-04,113.6,cboe:SKEW_History.csv
1994-10-05,115.93,cboe:SKEW_History.csv
1994-10-06,116.57,cboe:SKEW_History.csv
1994-10-07,114.39,cboe:SKEW_History.csv
1994-10-10,117.6,cboe:SKEW_History.csv
1994-10-11,115.85,cboe:SKEW_History.csv
1994-10-12,116.61,cboe:SKEW_History.csv
1994-10-13,118.82,cboe:SKEW_History.csv
1994-10-14,116.93,cboe:SKEW_History.csv
1994-10-17,116.38,cboe:SKEW_History.csv
1994-10-18,116.56,cboe:SKEW_History.csv
1994-10-19,117.53,cboe:SKEW_History.csv
1994-10-20,116.83,cboe:SKEW_History.csv
1994-10-21,116.1,cboe:SKEW_History.csv
1994-10-24,115.16,cboe:SKEW_History.csv
1994-10-25,115.28,cboe:SKEW_History.csv
1994-10-26,114.91,cboe:SKEW_History.csv
1994-10-27,115.56,cboe:SKEW_History.csv
1994-10-28,116.94,cboe:SKEW_History.csv
1994-10-31,113.87,cboe:SKEW_History.csv
1994-11-01,115.96,cboe:SKEW_History.csv
1994-11-02,113.48,cboe:SKEW_History.csv
1994-11-03,115.63,cboe:SKEW_History.csv
1994-11-04,113.46,cboe:SKEW_History.csv
1994-11-07,115.1,cboe:SKEW_History.csv
1994-11-08,114.03,cboe:SKEW_History.csv
1994-11-09,113.97,cboe:SKEW_History.csv
1994-11-10,114.51,cboe:SKEW_History.csv
1994-11-11,113.8,cboe:SKEW_History.csv
1994-11-14,116.23,cboe:SKEW_History.csv
1994-11-15,116.5,cboe:SKEW_History.csv
1994-11-16,115.54,cboe:SKEW_History.csv
1994-11-17,113.8,cboe:SKEW_History.csv
1994-11-18,115.46,cboe:SKEW_History.csv
1994-11-21,112.44,cboe:SKEW_History.csv
1994-11-22,108.47,cboe:SKEW_History.csv
1994-11-23,114.43,cboe:SKEW_History.csv
1994-11-25,113.34,cboe:SKEW_History.csv
1994-11-28,114.65,cboe:SKEW_History.csv
1994-11-29,113.42,cboe:SKEW_History.csv
1994-11-30,112.99,cboe:SKEW_History.csv
1994-12-01,113.89,cboe:SKEW_History.csv
1994-12-02,115.73,cboe:SKEW_History.csv
1994-12-05,115.3,cboe:SKEW_History.csv
1994-12-06,114.25,cboe:SKEW_History.csv
1994-12-07,113.73,cboe:SKEW_History.csv
1994-12-08,114.74,cboe:SKEW_History.csv
1994-12-09,115.06,cboe:SKEW_History.csv
1994-12-12,113.84,cboe:SKEW_History.csv
1994-12-13,114.76,cboe:SKEW_History.csv
1994-12-14,116.75,cboe:SKEW_History.csv
1994-12-15,117.66,cboe:SKEW_History.csv
1994-12-16,115.63,cboe:SKEW_History.csv
1994-12-19,121.02,cboe:SKEW_History.csv
1994-12-20,116.62,cboe:SKEW_History.csv
1994-12-21,117.7,cboe:SKEW_History.csv
1994-12-22,117.88,cboe:SKEW_History.csv
1994-12-23,118.4,cboe:SKEW_History.csv
1994-12-27,117.58,cboe:SKEW_History.csv
1994-12-28,119.13,cboe:SKEW_History.csv
1994-12-29,116.89,cboe:SKEW_History.csv
1994-12-30,115.53,cboe:SKEW_History.csv
1995-01-03,116.76,cboe:SKEW_History.csv
1995-01-04,118.04,cboe:SKEW_History.csv
1995-01-05,116.94,cboe:SKEW_History.csv
1995-01-06,117.38,cboe:SKEW_History.csv
1995-01-09,115.93,cboe:SKEW_History.csv
1995-01-10,118.67,cboe:SKEW_History.csv
1995-01-11,116.07,cboe:SKEW_History.csv
1995-01-12,115.12,cboe:SKEW_History.csv
1995-01-13,115.5,cboe:SKEW_History.csv
1995-01-16,117.66,cboe:SKEW_History.csv
1995-01-17,117.52,cboe:SKEW_History.csv
1995-01-18,118.65,cboe:SKEW_History.csv
1995-01-19,116.76,cboe:SKEW_History.csv
1995-01-20,116.55,cboe:SKEW_History.csv
1995-01-23,118.83,cboe:SKEW_History.csv
1995-01-24,117.5,cboe:SKEW_History.csv
1995-01-25,117.61,cboe:SKEW_History.csv
1995-01-26,116.56,cboe:SKEW_History.csv
1995-01-27,114.23,cboe:SKEW_History.csv
1995-01-30,115.89,cboe:SKEW_History.csv
1995-01-31,115.43,cboe:SKEW_History.csv
1995-02-01,115.72,cboe:SKEW_History.csv
1995-02-02,115.94,cboe:SKEW_History.csv
1995-02-03,115.19,cboe:SKEW_History.csv
1995-02-06,114.26,cboe:SKEW_History.csv
1995-02-07,114.3,cboe:SKEW_History.csv
1995-02-08,111.1,cboe:SKEW_History.csv
1995-02-09,112.69,cboe:SKEW_History.csv
1995-02-10,113.04,cboe:SKEW_History.csv
1995-02-13,114.16,cboe:SKEW_History.csv
1995-02-14,114.05,cboe:SKEW_History.csv
1995-02-15,113.92,cboe:SKEW_History.csv
1995-02-16,114.95,cboe:SKEW_History.csv
1995-02-17,114.68,cboe:SKEW_History.csv
1995-02-21,114.98,cboe:SKEW_History.csv
1995-02-22,113.87,cboe:SKEW_History.csv
1995-02-23,113.47,cboe:SKEW_History.csv
1995-02-24,113.21,cboe:SKEW_History.csv
1995-02-27,114.73,cboe:SKEW_History.csv
1995-02-28,113.05,cboe:SKEW_History.csv
1995-03-01,112.4,cboe:SKEW_History.csv
1995-03-02,112.04,cboe:SKEW_History.csv
1995-03-03,110.66,cboe:SKEW_History.csv
1995-03-06,112.36,cboe:SKEW_History.csv
1995-03-07,122.24,cboe:SKEW_History.csv
1995-03-08,119.08,cboe:SKEW_History.csv
1995-03-09,119.94,cboe:SKEW_History.csv
1995-03-10,114.32,cboe:SKEW_History.csv
1995-03-13,116.5,cboe:SKEW_History.csv
1995-03-14,110.32,cboe:SKEW_History.csv
1995-03-15,108.74,cboe:SKEW_History.csv
1995-03-16,110.13,cboe:SKEW_History.csv
1995-03-17,111.18,cboe:SKEW_History.csv
1995-03-20,112.09,cboe:SKEW_History.csv
1995-03-21,112.12,cboe:SKEW_History.csv
1995-03-22,112.76,cboe:SKEW_History.csv
1995-03-23,113.9,cboe:SKEW_History.csv
1995-03-24,115.62,cboe:SKEW_History.csv
1995-03-27,116.15,cboe:SKEW_History.csv
1995-03-28,116.31,cboe:SKEW_History.csv
1995-03-29,115.68,cboe:SKEW_History.csv
1995-03-30,116.27,cboe:SKEW_History.csv
1995-03-31,115.88,cboe:SKEW_History.csv
1995-04-03,116.13,cboe:SKEW_History.csv
1995-04-04,117.01,cboe:SKEW_History.csv
1995-04-05,116.87,cboe:SKEW_History.csv
1995-04-06,116.63,cboe:SKEW_History.csv
1995-04-07,115.64,cboe:SKEW_History.csv
1995-04-10,116.6,cboe:SKEW_History.csv
1995-04-11,114.68,cboe:SKEW_History.csv
1995-04-12,116.54,cboe:SKEW_History.csv
1995-04-13,121.17,cboe:SKEW_History.csv
1995-04-17,113.62,cboe:SKEW_History.csv
1995-04-18,115.27,cboe:SKEW_History.csv
1995-04-19,117.85,cboe:SKEW_History.csv
1995-04-20,115.29,cboe:SKEW_History.csv
1995-04-21,117.74,cboe:SKEW_History.csv
1995-04-24,116.73,cboe:SKEW_History.csv
1995-04-25,114.23,cboe:SKEW_History.csv
1995-04-26,113.18,cboe:SKEW_History.csv
1995-04-27,112.47,cboe:SKEW_History.csv
1995-04-28,115.53,cboe:SKEW_History.csv
1995-05-01,113.88,cboe:SKEW_History.csv
1995-05-02,113.62,cboe:SKEW_History.csv
1995-05-03,115.43,cboe:SKEW_History.csv
1995-05-04,117.02,cboe:SKEW_History.csv
1995-05-05,118.13,cboe:SKEW_History.csv
1995-05-08,115.06,cboe:SKEW_History.csv
1995-05-09,114.97,cboe:SKEW_History.csv
1995-05-10,115.52,cboe:SKEW_History.csv
1995-05-11,115.4,cboe:SKEW_History.csv
1995-05-12,116.95,cboe:SKEW_History.csv
1995-05-15,116.22,cboe:SKEW_History.csv
1995-05-16,115.62,cboe:SKEW_History.csv
1995-05-17,116.83,cboe:SKEW_History.csv
1995-05-18,116.04,cboe:SKEW_History.csv
1995-05-19,117.92,cboe:SKEW_History.csv
1995-05-22,114.07,cboe:SKEW_History.csv
1995-05-23,113.36,cboe:SKEW_History.csv
1995-05-24,112.92,cboe:SKEW_History.csv
1995-05-25,115.03,cboe:SKEW_History.csv
1995-05-26,114.53,cboe:SKEW_History.csv
1995-05-30,112.91,cboe:SKEW_History.csv
1995-05-31,110.6,cboe:SKEW_History.csv
1995-06-01,111.8,cboe:SKEW_History.csv
1995-06-02,114.03,cboe:SKEW_History.csv
1995-06-05,112.34,cboe:SKEW_History.csv
1995-06-06,112.54,cboe:SKEW_History.csv
1995-06-07,112.84,cboe:SKEW_History.csv
1995-06-08,111.94,cboe:SKEW_History.csv
1995-06-09,114.43,cboe:SKEW_History.csv
1995-06-12,116.41,cboe:SKEW_History.csv
1995-06-13,115.53,cboe:SKEW_History.csv
1995-06-14,113.27,cboe:SKEW_History.csv
1995-06-15,114.04,cboe:SKEW_History.csv
1995-06-16,111.98,cboe:SKEW_History.csv
1995-06-19,110.37,cboe:SKEW_History.csv
1995-06-20,111.27,cboe:SKEW_History.csv
1995-06-21,108.04,cboe:SKEW_History.csv
1995-06-22,107.64,cboe:SKEW_History.csv
1995-06-23,109.42,cboe:SKEW_History.csv
1995-06-26,109.23,cboe:SKEW_History.csv
1995-06-27,108.01,cboe:SKEW_History.csv
1995-06-28,108.97,cboe:SKEW_History.csv
1995-06-29,110.99,cboe:SKEW_History.csv
1995-06-30,108.94,cboe:SKEW_History.csv
1995-07-03,111.7,cboe:SKEW_History.csv
1995-07-05,110.53,cboe:SKEW_History.csv
1995-07-06,109.36,cboe:SKEW_History.csv
1995-07-07,111.21,cboe:SKEW_History.csv
1995-07-10,108.99,cboe:SKEW_History.csv
1995-07-11,108.84,cboe:SKEW_History.csv
1995-07-12,108.23,cboe:SKEW_History.csv
1995-07-13,107.79,cboe:SKEW_History.csv
1995-07-14,107.39,cboe:SKEW_History.csv
1995-07-17,107.23,cboe:SKEW_History.csv
1995-07-18,106.94,cboe:SKEW_History.csv
1995-07-19,107.98,cboe:SKEW_History.csv
1995-07-20,108.3,cboe:SKEW_History.csv
1995-07-21,108.42,cboe:SKEW_History.csv
1995-07-24,109.74,cboe:SKEW_History.csv
1995-07-25,109.11,cboe:SKEW_History.csv
1995-07-26,108.71,cboe:SKEW_History.csv
1995-07-27,112.39,cboe:SKEW_History.csv
1995-07-28,113.06,cboe:SKEW_History.csv
1995-07-31,109.51,cboe:SKEW_History.csv
1995-08-01,111.28,cboe:SKEW_History.csv
1995-08-02,109.25,cboe:SKEW_History.csv
1995-08-03,110.84,cboe:SKEW_History.csv
1995-08-04,110.91,cboe:SKEW_History.csv
1995-08-07,109.11,cboe:SKEW_History.csv
1995-08-08,111.08,cboe:SKEW_History.csv
1995-08-09,109.13,cboe:SKEW_History.csv
1995-08-10,110.66,cboe:SKEW_History.csv
1995-08-11,112.64,cboe:SKEW_History.csv
1995-08-14,113.8,cboe:SKEW_History.csv
1995-08-15,111.85,cboe:SKEW_History.csv
1995-08-16,113.6,cboe:SKEW_History.csv
1995-08-17,112.49,cboe:SKEW_History.csv
1995-08-18,113.78,cboe:SKEW_History.csv
1995-08-21,114.17,cboe:SKEW_History.csv
1995-08-22,114.5,cboe:SKEW_History.csv
1995-08-23,113.59,cboe:SKEW_History.csv
1995-08-24,114.68,cboe:SKEW_History.csv
1995-08-25,114.34,cboe:SKEW_History.csv
1995-08-28,113.06,cboe:SKEW_History.csv
1995-08-29,114.44,cboe:SKEW_History.csv
1995-08-30,114.22,cboe:SKEW_History.csv
1995-08-31,112.51,cboe:SKEW_History.csv
1995-09-01,113.62,cboe:SKEW_History.csv
1995-09-05,112.09,cboe:SKEW_History.csv
1995-09-06,114.57,cboe:SKEW_History.csv
1995-09-07,113.6,cboe:SKEW_History.csv
1995-09-08,115.02,cboe:SKEW_History.csv
1995-09-11,115.81,cboe:SKEW_History.csv
1995-09-12,116.36,cboe:SKEW_History.csv
1995-09-13,117.41,cboe:SKEW_History.csv
1995-09-14,117.23,cboe:SKEW_History.csv
1995-09-15,119.04,cboe:SKEW_History.csv
1995-09-18,119.53,cboe:SKEW_History.csv
1995-09-19,119.21,cboe:SKEW_History.csv
1995-09-20,118.99,cboe:SKEW_History.csv
1995-09-21,116.15,cboe:SKEW_History.csv
1995-09-22,118.63,cboe:SKEW_History.csv
1995-09-25,117.4,cboe:SKEW_History.csv
1995-09-26,117.36,cboe:SKEW_History.csv
1995-09-27,119.39,cboe:SKEW_History.csv
1995-09-28,117.91,cboe:SKEW_History.csv
1995-09-29,115.35,cboe:SKEW_History.csv
1995-10-02,117.48,cboe:SKEW_History.csv
1995-10-03,118.99,cboe:SKEW_History.csv
1995-10-04,118.29,cboe:SKEW_History.csv
1995-10-05,118.56,cboe:SKEW_History.csv
1995-10-06,118.2,cboe:SKEW_History.csv
1995-10-09,117.52,cboe:SKEW_History.csv
1995-10-10,119.15,cboe:SKEW_History.csv
1995-10-11,118.84,cboe:SKEW_History.csv
1995-10-12,119.95,cboe:SKEW_History.csv
1995-10-13,118.0,cboe:SKEW_History.csv
1995-10-16,119.47,cboe:SKEW_History.csv
1995-10-17,121.64,cboe:SKEW_History.csv
1995-10-18,120.11,cboe:SKEW_History.csv
1995-10-19,121.68,cboe:SKEW_History.csv
1995-10-20,119.72,cboe:SKEW_History.csv
1995-10-23,117.78,cboe:SKEW_History.csv
1995-10-24,117.09,cboe:SKEW_History.csv
1995-10-25,116.36,cboe:SKEW_History.csv
1995-10-26,115.43,cboe:SKEW_History.csv
1995-10-27,116.83,cboe:SKEW_History.csv
1995-10-30,114.1,cboe:SKEW_History.csv
1995-10-31,112.64,cboe:SKEW_History.csv
1995-11-01,113.56,cboe:SKEW_History.csv
1995-11-02,113.38,cboe:SKEW_History.csv
1995-11-03,111.61,cboe:SKEW_History.csv
1995-11-06,113.16,cboe:SKEW_History.csv
1995-11-07,112.32,cboe:SKEW_History.csv
1995-11-08,112.75,cboe:SKEW_History.csv
1995-11-09,112.45,cboe:SKEW_History.csv
1995-11-10,114.36,cboe:SKEW_History.csv
1995-11-13,113.6,cboe:SKEW_History.csv
1995-11-14,112.78,cboe:SKEW_History.csv
1995-11-15,112.48,cboe:SKEW_History.csv
1995-11-16,113.2,cboe:SKEW_History.csv
1995-11-17,115.38,cboe:SKEW_History.csv
1995-11-20,115.06,cboe:SKEW_History.csv
1995-11-21,115.82,cboe:SKEW_History.csv
1995-11-22,116.66,cboe:SKEW_History.csv
1995-11-24,115.96,cboe:SKEW_History.csv
1995-11-27,117.5,cboe:SKEW_History.csv
1995-11-28,119.06,cboe:SKEW_History.csv
1995-11-29,118.62,cboe:SKEW_History.csv
1995-11-30,117.29,cboe:SKEW_History.csv
1995-12-01,116.65,cboe:SKEW_History.csv
1995-12-04,116.28,cboe:SKEW_History.csv
1995-12-05,120.18,cboe:SKEW_History.csv
1995-12-06,121.85,cboe:SKEW_History.csv
1995-12-07,120.53,cboe:SKEW_History.csv
1995-12-08,119.68,cboe:SKEW_History.csv
1995-12-11,119.57,cboe:SKEW_History.csv
1995-12-12,118.44,cboe:SKEW_History.csv
1995-12-13,118.29,cboe:SKEW_History.csv
1995-12-14,115.99,cboe:SKEW_History.csv
1995-12-15,118.76,cboe:SKEW_History.csv
1995-12-18,117.83,cboe:SKEW_History.csv
1995-12-19,115.02,cboe:SKEW_History.csv
1995-12-20,115.07,cboe:SKEW_History.csv
1995-12-21,114.28,cboe:SKEW_History.csv
1995-12-22,113.67,cboe:SKEW_History.csv
1995-12-26,114.04,cboe:SKEW_History.csv
1995-12-27,113.46,cboe:SKEW_History.csv
1995-12-28,113.11,cboe:SKEW_History.csv
1995-12-29,112.0,cboe:SKEW_History.csv
1996-01-02,113.21,cboe:SKEW_History.csv
1996-01-03,113.12,cboe:SKEW_History.csv
1996-01-04,112.27,cboe:SKEW_History.csv
1996-01-05,113.26,cboe:SKEW_History.csv
1996-01-08,112.93,cboe:SKEW_History.csv
1996-01-09,111.19,cboe:SKEW_History.csv
1996-01-10,116.0,cboe:SKEW_History.csv
1996-01-11,113.74,cboe:SKEW_History.csv
1996-01-12,115.09,cboe:SKEW_History.csv
1996-01-15,116.0,cboe:SKEW_History.csv
1996-01-16,115.96,cboe:SKEW_History.csv
1996-01-17,113.36,cboe:SKEW_History.csv
1996-01-18,113.26,cboe:SKEW_History.csv
1996-01-19,114.03,cboe:SKEW_History.csv
1996-01-22,113.68,cboe:SKEW_History.csv
1996-01-23,114.34,cboe:SKEW_History.csv
1996-01-24,110.77,cboe:SKEW_History.csv
1996-01-25,112.46,cboe:SKEW_History.csv
1996-01-26,113.27,cboe:SKEW_History.csv
1996-01-29,110.74,cboe:SKEW_History.csv
1996-01-30,112.12,cboe:SKEW_History.csv
1996-01-31,113.75,cboe:SKEW_History.csv
1996-02-01,113.0,cboe:SKEW_History.csv
1996-02-02,115.19,cboe:SKEW_History.csv
1996-02-05,115.81,cboe:SKEW_History.csv
1996-02-06,112.96,cboe:SKEW_History.csv
1996-02-07,117.01,cboe:SKEW_History.csv
1996-02-08,116.98,cboe:SKEW_History.csv
1996-02-09,115.64,cboe:SKEW_History.csv
1996-02-12,113.61,cboe:SKEW_History.csv
1996-02-13,113.1,cboe:SKEW_History.csv
1996-02-14,109.41,cboe:SKEW_History.csv
1996-02-15,109.54,cboe:SKEW_History.csv
1996-02-16,110.1,cboe:SKEW_History.csv
1996-02-20,111.57,cboe:SKEW_History.csv
1996-02-21,109.97,cboe:SKEW_History.csv
1996-02-22,108.81,cboe:SKEW_History.csv
1996-02-23,110.07,cboe:SKEW_History.csv
1996-02-26,109.33,cboe:SKEW_History.csv
1996-02-27,108.94,cboe:SKEW_History.csv
1996-02-28,109.12,cboe:SKEW_History.csv
1996-02-29,107.11,cboe:SKEW_History.csv
1996-03-01,109.3,cboe:SKEW_History.csv
1996-03-04,108.94,cboe:SKEW_History.csv
1996-03-05,110.48,cboe:SKEW_History.csv
1996-03-06,111.42,cboe:SKEW_History.csv
1996-03-07,110.25,cboe:SKEW_History.csv
1996-03-08,111.15,cboe:SKEW_History.csv
1996-03-11,114.29,cboe:SKEW_History.csv
1996-03-12,110.35,cboe:SKEW_History.csv
1996-03-13,113.47,cboe:SKEW_History.csv
1996-03-14,114.37,cboe:SKEW_History.csv
1996-03-15,114.47,cboe:SKEW_History.csv
1996-03-18,112.29,cboe:SKEW_History.csv
1996-03-19,113.24,cboe:SKEW_History.csv
1996-03-20,113.24,cboe:SKEW_History.csv
1996-03-21,111.69,cboe:SKEW_History.csv
1996-03-22,113.84,cboe:SKEW_History.csv
1996-03-25,113.28,cboe:SKEW_History.csv
1996-03-26,113.81,cboe:SKEW_History.csv
1996-03-27,111.82,cboe:SKEW_History.csv
1996-03-28,112.97,cboe:SKEW_History.csv
1996-03-29,114.26,cboe:SKEW_History.csv
1996-04-01,115.65,cboe:SKEW_History.csv
1996-04-02,114.11,cboe:SKEW_History.csv
1996-04-03,114.75,cboe:SKEW_History.csv
1996-04-04,114.45,cboe:SKEW_History.csv
1996-04-08,117.61,cboe:SKEW_History.csv
1996-04-09,114.41,cboe:SKEW_History.csv
1996-04-10,113.06,cboe:SKEW_History.csv
1996-04-11,112.95,cboe:SKEW_History.csv
1996-04-12,114.4,cboe:SKEW_History.csv
1996-04-15,114.51,cboe:SKEW_History.csv
1996-04-16,114.44,cboe:SKEW_History.csv
1996-04-17,114.38,cboe:SKEW_History.csv
1996-04-18,113.79,cboe:SKEW_History.csv
1996-04-19,116.11,cboe:SKEW_History.csv
1996-04-22,117.1,cboe:SKEW_History.csv
1996-04-23,113.12,cboe:SKEW_History.csv
1996-04-24,112.9,cboe:SKEW_History.csv
1996-04-25,112.68,cboe:SKEW_History.csv
1996-04-26,112.94,cboe:SKEW_History.csv
1996-04-29,113.07,cboe:SKEW_History.csv
1996-04-30,113.96,cboe:SKEW_History.csv
1996-05-01,112.75,cboe:SKEW_History.csv
1996-05-02,114.82,cboe:SKEW_History.csv
1996-05-03,114.97,cboe:SKEW_History.csv
1996-05-06,113.71,cboe:SKEW_History.csv
1996-05-07,111.87,cboe:SKEW_History.csv
1996-05-08,113.2,cboe:SKEW_History.csv
1996-05-09,112.03,cboe:SKEW_History.csv
1996-05-10,113.43,cboe:SKEW_History.csv
1996-05-13,115.8,cboe:SKEW_History.csv
1996-05-14,114.6,cboe:SKEW_History.csv
1996-05-15,113.91,cboe:SKEW_History.csv
1996-05-16,115.08,cboe:SKEW_History.csv
1996-05-17,113.16,cboe:SKEW_History.csv
1996-05-20,113.17,cboe:SKEW_History.csv
1996-05-21,114.21,cboe:SKEW_History.csv
1996-05-22,114.83,cboe:SKEW_History.csv
1996-05-23,113.57,cboe:SKEW_History.csv
1996-05-24,113.82,cboe:SKEW_History.csv
1996-05-28,112.05,cboe:SKEW_History.csv
1996-05-29,112.86,cboe:SKEW_History.csv
1996-05-30,113.17,cboe:SKEW_History.csv
1996-05-31,111.71,cboe:SKEW_History.csv
1996-06-03,112.59,cboe:SKEW_History.csv
1996-06-04,112.18,cboe:SKEW_History.csv
1996-06-05,112.59,cboe:SKEW_History.csv
1996-06-06,111.74,cboe:SKEW_History.csv
1996-06-07,111.79,cboe:SKEW_History.csv
1996-06-10,111.09,cboe:SKEW_History.csv
1996-06-11,112.44,cboe:SKEW_History.csv
1996-06-12,112.01,cboe:SKEW_History.csv
1996-06-13,112.11,cboe:SKEW_History.csv
1996-06-14,111.38,cboe:SKEW_History.csv
1996-06-17,112.55,cboe:SKEW_History.csv
1996-06-18,110.95,cboe:SKEW_History.csv
1996-06-19,112.66,cboe:SKEW_History.csv
1996-06-20,112.58,cboe:SKEW_History.csv
1996-06-21,112.44,cboe:SKEW_History.csv
1996-06-24,110.76,cboe:SKEW_History.csv
1996-06-25,110.46,cboe:SKEW_History.csv
1996-06-26,110.26,cboe:SKEW_History.csv
1996-06-27,109.02,cboe:SKEW_History.csv
1996-06-28,108.3,cboe:SKEW_History.csv
1996-07-01,108.97,cboe:SKEW_History.csv
1996-07-02,109.67,cboe:SKEW_History.csv
1996-07-03,108.97,cboe:SKEW_History.csv
1996-07-05,109.45,cboe:SKEW_History.csv
1996-07-08,108.23,cboe:SKEW_History.csv
1996-07-09,107.92,cboe:SKEW_History.csv
1996-07-10,110.82,cboe:SKEW_History.csv
1996-07-11,111.24,cboe:SKEW_History.csv
1996-07-12,110.88,cboe:SKEW_History.csv
1996-07-15,109.02,cboe:SKEW_History.csv
1996-07-16,109.26,cboe:SKEW_History.csv
1996-07-17,110.93,cboe:SKEW_History.csv
1996-07-18,113.23,cboe:SKEW_History.csv
1996-07-19,112.9,cboe:SKEW_History.csv
1996-07-22,112.93,cboe:SKEW_History.csv
1996-07-23,110.92,cboe:SKEW_History.csv
1996-07-24,111.8,cboe:SKEW_History.csv
1996-07-25,113.94,cboe:SKEW_History.csv
1996-07-26,114.67,cboe:SKEW_History.csv
1996-07-29,113.21,cboe:SKEW_History.csv
1996-07-30,114.54,cboe:SKEW_History.csv
1996-07-31,116.61,cboe:SKEW_History.csv
1996-08-01,116.21,cboe:SKEW_History.csv
1996-08-02,114.13,cboe:SKEW_History.csv
1996-08-05,114.43,cboe:SKEW_History.csv
1996-08-06,114.55,cboe:SKEW_History.csv
1996-08-07,114.69,cboe:SKEW_History.csv
1996-08-08,113.92,cboe:SKEW_History.csv
1996-08-09,112.57,cboe:SKEW_History.csv
1996-08-12,114.21,cboe:SKEW_History.csv
1996-08-13,114.08,cboe:SKEW_History.csv
1996-08-14,114.72,cboe:SKEW_History.csv
1996-08-15,114.33,cboe:SKEW_History.csv
1996-08-16,114.57,cboe:SKEW_History.csv
1996-08-19,114.83,cboe:SKEW_History.csv
1996-08-20,113.3,cboe:SKEW_History.csv
1996-08-21,114.63,cboe:SKEW_History.csv
1996-08-22,113.04,cboe:SKEW_History.csv
1996-08-23,113.78,cboe:SKEW_History.csv
1996-08-26,113.06,cboe:SKEW_History.csv
1996-08-27,113.48,cboe:SKEW_History.csv
1996-08-28,112.93,cboe:SKEW_History.csv
1996-08-29,113.36,cboe:SKEW_History.csv
1996-08-30,114.32,cboe:SKEW_History.csv
1996-09-03,115.18,cboe:SKEW_History.csv
1996-09-04,115.33,cboe:SKEW_History.csv
1996-09-05,115.9,cboe:SKEW_History.csv
1996-09-06,115.85,cboe:SKEW_History.csv
1996-09-09,114.32,cboe:SKEW_History.csv
1996-09-10,115.14,cboe:SKEW_History.csv
1996-09-11,115.34,cboe:SKEW_History.csv
1996-09-12,115.44,cboe:SKEW_History.csv
1996-09-13,115.39,cboe:SKEW_History.csv
1996-09-16,113.25,cboe:SKEW_History.csv
1996-09-17,115.55,cboe:SKEW_History.csv
1996-09-18,114.07,cboe:SKEW_History.csv
1996-09-19,113.73,cboe:SKEW_History.csv
1996-09-20,115.26,cboe:SKEW_History.csv
1996-09-23,115.74,cboe:SKEW_History.csv
1996-09-24,116.06,cboe:SKEW_History.csv
1996-09-25,116.65,cboe:SKEW_History.csv
1996-09-26,115.43,cboe:SKEW_History.csv
1996-09-27,115.81,cboe:SKEW_History.csv
1996-09-30,114.8,cboe:SKEW_History.csv
1996-10-01,115.67,cboe:SKEW_History.csv
1996-10-02,116.1,cboe:SKEW_History.csv
1996-10-03,115.82,cboe:SKEW_History.csv
1996-10-04,115.81,cboe:SKEW_History.csv
1996-10-07,116.48,cboe:SKEW_History.csv
1996-10-08,116.52,cboe:SKEW_History.csv
1996-10-09,114.99,cboe:SKEW_History.csv
1996-10-10,114.65,cboe:SKEW_History.csv
1996-10-11,114.07,cboe:SKEW_History.csv
1996-10-14,113.06,cboe:SKEW_History.csv
1996-10-15,114.25,cboe:SKEW_History.csv
1996-10-16,114.45,cboe:SKEW_History.csv
1996-10-17,113.57,cboe:SKEW_History.csv
1996-10-18,113.69,cboe:SKEW_History.csv
1996-10-21,113.99,cboe:SKEW_History.csv
1996-10-22,113.89,cboe:SKEW_History.csv
1996-10-23,114.12,cboe:SKEW_History.csv
1996-10-24,112.61,cboe:SKEW_History.csv
1996-10-25,113.56,cboe:SKEW_History.csv
1996-10-28,112.93,cboe:SKEW_History.csv
1996-10-29,113.49,cboe:SKEW_History.csv
1996-10-30,113.45,cboe:SKEW_History.csv
1996-10-31,112.54,cboe:SKEW_History.csv
1996-11-01,112.54,cboe:SKEW_History.csv
1996-11-04,112.88,cboe:SKEW_History.csv
1996-11-05,113.7,cboe:SKEW_History.csv
1996-11-06,114.03,cboe:SKEW_History.csv
1996-11-07,114.79,cboe:SKEW_History.csv
1996-11-08,116.92,cboe:SKEW_History.csv
1996-11-11,113.48,cboe:SKEW_History.csv
1996-11-12,114.48,cboe:SKEW_History.csv
1996-11-13,114.81,cboe:SKEW_History.csv
1996-11-14,115.44,cboe:SKEW_History.csv
1996-11-15,115.92,cboe:SKEW_History.csv
1996-11-18,114.95,cboe:SKEW_History.csv
1996-11-19,115.86,cboe:SKEW_History.csv
1996-11-20,115.0,cboe:SKEW_History.csv
1996-11-21,115.53,cboe:SKEW_History.csv
1996-11-22,114.72,cboe:SKEW_History.csv
1996-11-25,113.62,cboe:SKEW_History.csv
1996-11-26,114.08,cboe:SKEW_History.csv
1996-11-27,112.19,cboe:SKEW_History.csv
1996-11-29,112.11,cboe:SKEW_History.csv
1996-12-02,113.03,cboe:SKEW_History.csv
1996-12-03,111.67,cboe:SKEW_History.csv
1996-12-04,112.13,cboe:SKEW_History.csv
1996-12-05,111.94,cboe:SKEW_History.csv
1996-12-06,113.79,cboe:SKEW_History.csv
1996-12-09,111.78,cboe:SKEW_History.csv
1996-12-10,111.41,cboe:SKEW_History.csv
1996-12-11,112.4,cboe:SKEW_History.csv
1996-12-12,111.32,cboe:SKEW_History.csv
1996-12-13,113.94,cboe:SKEW_History.csv
1996-12-16,114.39,cboe:SKEW_History.csv
1996-12-17,113.54,cboe:SKEW_History.csv
1996-12-18,113.99,cboe:SKEW_History.csv
1996-12-19,112.97,cboe:SKEW_History.csv
1996-12-20,114.91,cboe:SKEW_History.csv
1996-12-23,113.42,cboe:SKEW_History.csv
1996-12-24,116.33,cboe:SKEW_History.csv
1996-12-26,114.13,cboe:SKEW_History.csv
1996-12-27,114.29,cboe:SKEW_History.csv
1996-12-30,114.7,cboe:SKEW_History.csv
1996-12-31,113.02,cboe:SKEW_History.csv
1997-01-02,114.82,cboe:SKEW_History.csv
1997-01-03,113.77,cboe:SKEW_History.csv
1997-01-06,112.21,cboe:SKEW_History.csv
1997-01-07,113.45,cboe:SKEW_History.csv
1997-01-08,113.06,cboe:SKEW_History.csv
1997-01-09,112.93,cboe:SKEW_History.csv
1997-01-10,114.2,cboe:SKEW_History.csv
1997-01-13,109.55,cboe:SKEW_History.csv
1997-01-14,112.56,cboe:SKEW_History.csv
1997-01-15,112.23,cboe:SKEW_History.csv
1997-01-16,112.91,cboe:SKEW_History.csv
1997-01-17,110.84,cboe:SKEW_History.csv
1997-01-20,111.32,cboe:SKEW_History.csv
1997-01-21,111.76,cboe:SKEW_History.csv
1997-01-22,112.76,cboe:SKEW_History.csv
1997-01-23,112.47,cboe:SKEW_History.csv
1997-01-24,110.72,cboe:SKEW_History.csv
1997-01-27,111.14,cboe:SKEW_History.csv
1997-01-28,111.71,cboe:SKEW_History.csv
1997-01-29,111.15,cboe:SKEW_History.csv
1997-01-30,111.36,cboe:SKEW_History.csv
1997-01-31,110.49,cboe:SKEW_History.csv
1997-02-03,110.61,cboe:SKEW_History.csv
1997-02-04,110.28,cboe:SKEW_History.csv
1997-02-05,111.18,cboe:SKEW_History.csv
1997-02-06,110.84,cboe:SKEW_History.csv
1997-02-07,110.57,cboe:SKEW_History.csv
1997-02-10,110.09,cboe:SKEW_History.csv
1997-02-11,110.31,cboe:SKEW_History.csv
1997-02-12,109.69,cboe:SKEW_History.csv
1997-02-13,110.75,cboe:SKEW_History.csv
1997-02-14,111.31,cboe:SKEW_History.csv
1997-02-18,110.75,cboe:SKEW_History.csv
1997-02-19,110.48,cboe:SKEW_History.csv
1997-02-20,110.26,cboe:SKEW_History.csv
1997-02-21,111.48,cboe:SKEW_History.csv
1997-02-24,111.6,cboe:SKEW_History.csv
1997-02-25,111.32,cboe:SKEW_History.csv
1997-02-26,109.05,cboe:SKEW_History.csv
1997-02-27,108.93,cboe:SKEW_History.csv
1997-02-28,109.26,cboe:SKEW_History.csv
1997-03-03,108.49,cboe:SKEW_History.csv
1997-03-04,108.67,cboe:SKEW_History.csv
1997-03-05,108.91,cboe:SKEW_History.csv
1997-03-06,109.13,cboe:SKEW_History.csv
1997-03-07,108.73,cboe:SKEW_History.csv
1997-03-10,108.98,cboe:SKEW_History.csv
1997-03-11,108.99,cboe:SKEW_History.csv
1997-03-12,108.43,cboe:SKEW_History.csv
1997-03-13,107.87,cboe:SKEW_History.csv
1997-03-14,107.62,cboe:SKEW_History.csv
1997-03-17,109.33,cboe:SKEW_History.csv
1997-03-18,108.61,cboe:SKEW_History.csv
1997-03-19,108.76,cboe:SKEW_History.csv
1997-03-20,108.6,cboe:SKEW_History.csv
1997-03-21,108.45,cboe:SKEW_History.csv
1997-03-24,108.99,cboe:SKEW_History.csv
1997-03-25,108.83,cboe:SKEW_History.csv
1997-03-26,108.91,cboe:SKEW_History.csv
1997-03-27,108.35,cboe:SKEW_History.csv
1997-03-31,106.98,cboe:SKEW_History.csv
1997-04-01,107.96,cboe:SKEW_History.csv
1997-04-02,107.47,cboe:SKEW_History.csv
1997-04-03,107.8,cboe:SKEW_History.csv
1997-04-04,108.08,cboe:SKEW_History.csv
1997-04-07,107.35,cboe:SKEW_History.csv
1997-04-08,108.34,cboe:SKEW_History.csv
1997-04-09,108.61,cboe:SKEW_History.csv
1997-04-10,107.94,cboe:SKEW_History.csv
1997-04-11,106.53,cboe:SKEW_History.csv
1997-04-14,107.32,cboe:SKEW_History.csv
1997-04-15,108.82,cboe:SKEW_History.csv
1997-04-16,108.91,cboe:SKEW_History.csv
1997-04-17,110.42,cboe:SKEW_History.csv
1997-04-18,110.36,cboe:SKEW_History.csv
1997-04-21,111.39,cboe:SKEW_History.csv
1997-04-22,113.09,cboe:SKEW_History.csv
1997-04-23,112.55,cboe:SKEW_History.csv
1997-04-24,112.16,cboe:SKEW_History.csv
1997-04-25,112.2,cboe:SKEW_History.csv
1997-04-28,111.39,cboe:SKEW_History.csv
1997-04-29,111.57,cboe:SKEW_History.csv
1997-04-30,111.93,cboe:SKEW_History.csv
1997-05-01,111.55,cboe:SKEW_History.csv
1997-05-02,110.62,cboe:SKEW_History.csv
1997-05-05,110.68,cboe:SKEW_History.csv
1997-05-06,111.0,cboe:SKEW_History.csv
1997-05-07,108.39,cboe:SKEW_History.csv
1997-05-08,107.5,cboe:SKEW_History.csv
1997-05-09,107.19,cboe:SKEW_History.csv
1997-05-12,106.23,cboe:SKEW_History.csv
1997-05-13,107.22,cboe:SKEW_History.csv
1997-05-14,106.36,cboe:SKEW_History.csv
1997-05-15,106.55,cboe:SKEW_History.csv
1997-05-16,107.08,cboe:SKEW_History.csv
1997-05-19,108.04,cboe:SKEW_History.csv
1997-05-20,106.85,cboe:SKEW_History.csv
1997-05-21,106.51,cboe:SKEW_History.csv
1997-05-22,105.62,cboe:SKEW_History.csv
1997-05-23,105.13,cboe:SKEW_History.csv
1997-05-27,105.03,cboe:SKEW_History.csv
1997-05-28,105.93,cboe:SKEW_History.csv
1997-05-29,105.08,cboe:SKEW_History.csv
1997-05-30,104.89,cboe:SKEW_History.csv
1997-06-02,104.89,cboe:SKEW_History.csv
1997-06-03,104.85,cboe:SKEW_History.csv
1997-06-04,104.84,cboe:SKEW_History.csv
1997-06-05,105.11,cboe:SKEW_History.csv
1997-06-06,105.97,cboe:SKEW_History.csv
1997-06-09,106.66,cboe:SKEW_History.csv
1997-06-10,107.65,cboe:SKEW_History.csv
1997-06-11,108.4,cboe:SKEW_History.csv
1997-06-12,111.64,cboe:SKEW_History.csv
1997-06-13,110.61,cboe:SKEW_History.csv
1997-06-16,110.77,cboe:SKEW_History.csv
1997-06-17,107.33,cboe:SKEW_History.csv
1997-06-18,107.27,cboe:SKEW_History.csv
1997-06-19,107.51,cboe:SKEW_History.csv
1997-06-20,106.18,cboe:SKEW_History.csv
1997-06-23,104.31,cboe:SKEW_History.csv
1997-06-24,106.25,cboe:SKEW_History.csv
1997-06-25,105.94,cboe:SKEW_History.csv
1997-06-26,105.88,cboe:SKEW_History.csv
1997-06-27,106.62,cboe:SKEW_History.csv
1997-06-30,105.81,cboe:SKEW_History.csv
1997-07-01,107.45,cboe:SKEW_History.csv
1997-07-02,108.18,cboe:SKEW_History.csv
1997-07-03,109.13,cboe:SKEW_History.csv
1997-07-07,107.79,cboe:SKEW_History.csv
1997-07-08,108.55,cboe:SKEW_History.csv
1997-07-09,107.8,cboe:SKEW_History.csv
1997-07-10,108.66,cboe:SKEW_History.csv
1997-07-11,108.81,cboe:SKEW_History.csv
1997-07-14,109.23,cboe:SKEW_History.csv
1997-07-15,111.06,cboe:SKEW_History.csv
1997-07-16,108.67,cboe:SKEW_History.csv
1997-07-17,108.09,cboe:SKEW_History.csv
1997-07-18,106.74,cboe:SKEW_History.csv
1997-07-21,107.35,cboe:SKEW_History.csv
1997-07-22,110.79,cboe:SKEW_History.csv
1997-07-23,109.49,cboe:SKEW_History.csv
1997-07-24,109.19,cboe:SKEW_History.csv
1997-07-25,110.15,cboe:SKEW_History.csv
1997-07-28,109.42,cboe:SKEW_History.csv
1997-07-29,109.53,cboe:SKEW_History.csv
1997-07-30,111.23,cboe:SKEW_History.csv
1997-07-31,111.88,cboe:SKEW_History.csv
1997-08-01,110.1,cboe:SKEW_History.csv
1997-08-04,109.07,cboe:SKEW_History.csv
1997-08-05,107.68,cboe:SKEW_History.csv
1997-08-06,107.65,cboe:SKEW_History.csv
1997-08-07,108.04,cboe:SKEW_History.csv
1997-08-08,108.41,cboe:SKEW_History.csv
1997-08-11,107.54,cboe:SKEW_History.csv
1997-08-12,109.35,cboe:SKEW_History.csv
1997-08-13,109.64,cboe:SKEW_History.csv
1997-08-14,109.11,cboe:SKEW_History.csv
1997-08-15,108.16,cboe:SKEW_History.csv
1997-08-18,111.35,cboe:SKEW_History.csv
1997-08-19,110.29,cboe:SKEW_History.csv
1997-08-20,110.67,cboe:SKEW_History.csv
1997-08-21,109.85,cboe:SKEW_History.csv
1997-08-22,112.25,cboe:SKEW_History.csv
1997-08-25,109.57,cboe:SKEW_History.csv
1997-08-26,108.6,cboe:SKEW_History.csv
1997-08-27,109.37,cboe:SKEW_History.csv
1997-08-28,109.11,cboe:SKEW_History.csv
1997-08-29,109.24,cboe:SKEW_History.csv
1997-09-02,109.66,cboe:SKEW_History.csv
1997-09-03,108.12,cboe:SKEW_History.csv
1997-09-04,108.68,cboe:SKEW_History.csv
1997-09-05,108.9,cboe:SKEW_History.csv
1997-09-08,108.22,cboe:SKEW_History.csv
1997-09-09,108.99,cboe:SKEW_History.csv
1997-09-10,109.63,cboe:SKEW_History.csv
1997-09-11,110.18,cboe:SKEW_History.csv
1997-09-12,111.04,cboe:SKEW_History.csv
1997-09-15,110.18,cboe:SKEW_History.csv
1997-09-16,111.97,cboe:SKEW_History.csv
1997-09-17,112.06,cboe:SKEW_History.csv
1997-09-18,112.39,cboe:SKEW_History.csv
1997-09-19,115.52,cboe:SKEW_History.csv
1997-09-22,116.02,cboe:SKEW_History.csv
1997-09-23,115.54,cboe:SKEW_History.csv
1997-09-24,114.54,cboe:SKEW_History.csv
1997-09-25,113.63,cboe:SKEW_History.csv
1997-09-26,113.04,cboe:SKEW_History.csv
1997-09-29,113.03,cboe:SKEW_History.csv
1997-09-30,112.51,cboe:SKEW_History.csv
1997-10-01,114.59,cboe:SKEW_History.csv
1997-10-02,115.42,cboe:SKEW_History.csv
1997-10-03,115.28,cboe:SKEW_History.csv
1997-10-06,114.59,cboe:SKEW_History.csv
1997-10-07,114.77,cboe:SKEW_History.csv
1997-10-08,113.84,cboe:SKEW_History.csv
1997-10-09,113.67,cboe:SKEW_History.csv
1997-10-10,115.26,cboe:SKEW_History.csv
1997-10-13,113.34,cboe:SKEW_History.csv
1997-10-14,113.34,cboe:SKEW_History.csv
1997-10-15,112.22,cboe:SKEW_History.csv
1997-10-16,113.07,cboe:SKEW_History.csv
1997-10-17,111.99,cboe:SKEW_History.csv
1997-10-20,112.42,cboe:SKEW_History.csv
1997-10-21,112.78,cboe:SKEW_History.csv
1997-10-22,110.35,cboe:SKEW_History.csv
1997-10-23,114.01,cboe:SKEW_History.csv
1997-10-24,111.91,cboe:SKEW_History.csv
1997-10-27,104.09,cboe:SKEW_History.csv
1997-10-28,117.96,cboe:SKEW_History.csv
1997-10-29,122.34,cboe:SKEW_History.csv
1997-10-30,119.83,cboe:SKEW_History.csv
1997-10-31,120.82,cboe:SKEW_History.csv
1997-11-03,125.48,cboe:SKEW_History.csv
1997-11-04,125.11,cboe:SKEW_History.csv
1997-11-05,125.32,cboe:SKEW_History.csv
1997-11-06,123.37,cboe:SKEW_History.csv
1997-11-07,122.01,cboe:SKEW_History.csv
1997-11-10,123.6,cboe:SKEW_History.csv
1997-11-11,123.48,cboe:SKEW_History.csv
1997-11-12,121.47,cboe:SKEW_History.csv
1997-11-13,122.41,cboe:SKEW_History.csv
1997-11-14,121.62,cboe:SKEW_History.csv
1997-11-17,125.34,cboe:SKEW_History.csv
1997-11-18,122.35,cboe:SKEW_History.csv
1997-11-19,125.8,cboe:SKEW_History.csv
1997-11-20,125.47,cboe:SKEW_History.csv
1997-11-21,125.72,cboe:SKEW_History.csv
1997-11-24,123.81,cboe:SKEW_History.csv
1997-11-25,124.58,cboe:SKEW_History.csv
1997-11-26,120.48,cboe:SKEW_History.csv
1997-11-28,120.58,cboe:SKEW_History.csv
1997-12-01,119.91,cboe:SKEW_History.csv
1997-12-02,119.54,cboe:SKEW_History.csv
1997-12-03,119.6,cboe:SKEW_History.csv
1997-12-04,119.97,cboe:SKEW_History.csv
1997-12-05,119.79,cboe:SKEW_History.csv
1997-12-08,120.55,cboe:SKEW_History.csv
1997-12-09,121.2,cboe:SKEW_History.csv
1997-12-10,121.56,cboe:SKEW_History.csv
1997-12-11,134.32,cboe:SKEW_History.csv
1997-12-12,135.04,cboe:SKEW_History.csv
1997-12-15,120.07,cboe:SKEW_History.csv
1997-12-16,121.18,cboe:SKEW_History.csv
1997-12-17,121.93,cboe:SKEW_History.csv
1997-12-18,119.84,cboe:SKEW_History.csv
1997-12-19,120.0,cboe:SKEW_History.csv
1997-12-22,119.47,cboe:SKEW_History.csv
1997-12-23,118.07,cboe:SKEW_History.csv
1997-12-24,117.43,cboe:SKEW_History.csv
1997-12-26,117.23,cboe:SKEW_History.csv
1997-12-29,118.91,cboe:SKEW_History.csv
1997-12-30,119.62,cboe:SKEW_History.csv
1997-12-31,119.62,cboe:SKEW_History.csv
1998-01-02,121.99,cboe:SKEW_History.csv
1998-01-05,120.84,cboe:SKEW_History.csv
1998-01-06,119.61,cboe:SKEW_History.csv
1998-01-07,119.73,cboe:SKEW_History.csv
1998-01-08,118.27,cboe:SKEW_History.csv
1998-01-09,124.28,cboe:SKEW_History.csv
1998-01-12,115.39,cboe:SKEW_History.csv
1998-01-13,116.9,cboe:SKEW_History.csv
1998-01-14,118.99,cboe:SKEW_History.csv
1998-01-15,118.61,cboe:SKEW_History.csv
1998-01-16,120.72,cboe:SKEW_History.csv
1998-01-20,120.61,cboe:SKEW_History.csv
1998-01-21,121.89,cboe:SKEW_History.csv
1998-01-22,120.82,cboe:SKEW_History.csv
1998-01-23,121.6,cboe:SKEW_History.csv
1998-01-26,121.68,cboe:SKEW_History.csv
1998-01-27,122.56,cboe:SKEW_History.csv
1998-01-28,123.22,cboe:SKEW_History.csv
1998-01-29,122.74,cboe:SKEW_History.csv
1998-01-30,123.6,cboe:SKEW_History.csv
1998-02-02,121.01,cboe:SKEW_History.csv
1998-02-03,119.16,cboe:SKEW_History.csv
1998-02-04,116.67,cboe:SKEW_History.csv
1998-02-05,119.0,cboe:SKEW_History.csv
1998-02-06,114.48,cboe:SKEW_History.csv
1998-02-09,116.9,cboe:SKEW_History.csv
1998-02-10,118.28,cboe:SKEW_History.csv
1998-02-11,119.19,cboe:SKEW_History.csv
1998-02-12,119.1,cboe:SKEW_History.csv
1998-02-13,121.25,cboe:SKEW_History.csv
1998-02-17,119.23,cboe:SKEW_History.csv
1998-02-18,121.04,cboe:SKEW_History.csv
1998-02-19,120.8,cboe:SKEW_History.csv
1998-02-20,122.19,cboe:SKEW_History.csv
1998-02-23,120.47,cboe:SKEW_History.csv
1998-02-24,116.58,cboe:SKEW_History.csv
1998-02-25,119.46,cboe:SKEW_History.csv
1998-02-26,117.78,cboe:SKEW_History.csv
1998-02-27,118.36,cboe:SKEW_History.csv
1998-03-02,116.62,cboe:SKEW_History.csv
1998-03-03,117.53,cboe:SKEW_History.csv
1998-03-04,116.19,cboe:SKEW_History.csv
1998-03-05,117.13,cboe:SKEW_History.csv
1998-03-06,116.14,cboe:SKEW_History.csv
1998-03-09,115.05,cboe:SKEW_History.csv
1998-03-10,116.82,cboe:SKEW_History.csv
1998-03-11,117.69,cboe:SKEW_History.csv
1998-03-12,120.6,cboe:SKEW_History.csv
1998-03-13,119.95,cboe:SKEW_History.csv
1998-03-16,119.11,cboe:SKEW_History.csv
1998-03-17,119.48,cboe:SKEW_History.csv
1998-03-18,120.6,cboe:SKEW_History.csv
1998-03-19,122.01,cboe:SKEW_History.csv
1998-03-20,122.07,cboe:SKEW_History.csv
1998-03-23,122.29,cboe:SKEW_History.csv
1998-03-24,122.05,cboe:SKEW_History.csv
1998-03-25,120.62,cboe:SKEW_History.csv
1998-03-26,118.55,cboe:SKEW_History.csv
1998-03-27,118.31,cboe:SKEW_History.csv
1998-03-30,119.53,cboe:SKEW_History.csv
1998-03-31,119.0,cboe:SKEW_History.csv
1998-04-01,120.35,cboe:SKEW_History.csv
1998-04-02,119.17,cboe:SKEW_History.csv
1998-04-03,120.17,cboe:SKEW_History.csv
1998-04-06,116.87,cboe:SKEW_History.csv
1998-04-07,117.99,cboe:SKEW_History.csv
1998-04-08,119.16,cboe:SKEW_History.csv
1998-04-09,119.31,cboe:SKEW_History.csv
1998-04-13,118.83,cboe:SKEW_History.csv
1998-04-14,119.06,cboe:SKEW_History.csv
1998-04-15,119.8,cboe:SKEW_History.csv
1998-04-16,118.29,cboe:SKEW_History.csv
1998-04-17,120.13,cboe:SKEW_History.csv
1998-04-20,119.5,cboe:SKEW_History.csv
1998-04-21,118.78,cboe:SKEW_History.csv
1998-04-22,120.3,cboe:SKEW_History.csv
1998-04-23,118.74,cboe:SKEW_History.csv
1998-04-24,118.14,cboe:SKEW_History.csv
1998-04-27,120.66,cboe:SKEW_History.csv
1998-04-28,117.99,cboe:SKEW_History.csv
1998-04-29,117.53,cboe:SKEW_History.csv
1998-04-30,119.4,cboe:SKEW_History.csv
1998-05-01,121.88,cboe:SKEW_History.csv
1998-05-04,117.76,cboe:SKEW_History.csv
1998-05-05,117.55,cboe:SKEW_History.csv
1998-05-06,118.15,cboe:SKEW_History.csv
1998-05-07,116.76,cboe:SKEW_History.csv
1998-05-08,118.72,cboe:SKEW_History.csv
1998-05-11,120.19,cboe:SKEW_History.csv
1998-05-12,124.11,cboe:SKEW_History.csv
1998-05-13,125.3,cboe:SKEW_History.csv
1998-05-14,125.56,cboe:SKEW_History.csv
1998-05-15,123.79,cboe:SKEW_History.csv
1998-05-18,125.67,cboe:SKEW_History.csv
1998-05-19,124.78,cboe:SKEW_History.csv
1998-05-20,123.05,cboe:SKEW_History.csv
1998-05-21,122.36,cboe:SKEW_History.csv
1998-05-22,122.49,cboe:SKEW_History.csv
1998-05-26,118.55,cboe:SKEW_History.csv
1998-05-27,122.64,cboe:SKEW_History.csv
1998-05-28,120.2,cboe:SKEW_History.csv
1998-05-29,118.27,cboe:SKEW_History.csv
1998-06-01,119.31,cboe:SKEW_History.csv
1998-06-02,118.55,cboe:SKEW_History.csv
1998-06-03,116.78,cboe:SKEW_History.csv
1998-06-04,118.82,cboe:SKEW_History.csv
1998-06-05,119.75,cboe:SKEW_History.csv
1998-06-08,119.01,cboe:SKEW_History.csv
1998-06-09,120.34,cboe:SKEW_History.csv
1998-06-10,119.69,cboe:SKEW_History.csv
1998-06-11,119.67,cboe:SKEW_History.csv
1998-06-12,122.16,cboe:SKEW_History.csv
1998-06-15,119.89,cboe:SKEW_History.csv
1998-06-16,120.12,cboe:SKEW_History.csv
1998-06-17,122.97,cboe:SKEW_History.csv
1998-06-18,123.09,cboe:SKEW_History.csv
1998-06-19,122.72,cboe:SKEW_History.csv
1998-06-22,121.88,cboe:SKEW_History.csv
1998-06-23,123.3,cboe:SKEW_History.csv
1998-06-24,121.78,cboe:SKEW_History.csv
1998-06-25,123.01,cboe:SKEW_History.csv
1998-06-26,124.8,cboe:SKEW_History.csv
1998-06-29,123.22,cboe:SKEW_History.csv
1998-07-01,125.82,cboe:SKEW_History.csv
1998-07-02,129.97,cboe:SKEW_History.csv
1998-07-06,120.43,cboe:SKEW_History.csv
1998-07-07,122.55,cboe:SKEW_History.csv
1998-07-08,122.25,cboe:SKEW_History.csv
1998-07-09,124.0,cboe:SKEW_History.csv
1998-07-10,118.79,cboe:SKEW_History.csv
1998-07-13,118.19,cboe:SKEW_History.csv
1998-07-14,122.4,cboe:SKEW_History.csv
1998-07-15,122.88,cboe:SKEW_History.csv
1998-07-16,117.8,cboe:SKEW_History.csv
1998-07-17,118.4,cboe:SKEW_History.csv
1998-07-20,119.18,cboe:SKEW_History.csv
1998-07-21,122.91,cboe:SKEW_History.csv
1998-07-22,124.64,cboe:SKEW_History.csv
1998-07-23,120.91,cboe:SKEW_History.csv
1998-07-24,120.78,cboe:SKEW_History.csv
1998-07-27,120.67,cboe:SKEW_History.csv
1998-07-28,123.13,cboe:SKEW_History.csv
1998-07-29,120.55,cboe:SKEW_History.csv
1998-07-30,124.3,cboe:SKEW_History.csv
1998-07-31,121.21,cboe:SKEW_History.csv
1998-08-03,120.7,cboe:SKEW_History.csv
1998-08-04,118.72,cboe:SKEW_History.csv
1998-08-05,121.17,cboe:SKEW_History.csv
1998-08-06,121.62,cboe:SKEW_History.csv
1998-08-07,122.98,cboe:SKEW_History.csv
1998-08-10,121.21,cboe:SKEW_History.csv
1998-08-11,122.77,cboe:SKEW_History.csv
1998-08-12,121.23,cboe:SKEW_History.csv
1998-08-13,121.59,cboe:SKEW_History.csv
1998-08-14,122.79,cboe:SKEW_History.csv
1998-08-17,124.1,cboe:SKEW_History.csv
1998-08-18,128.23,cboe:SKEW_History.csv
1998-08-19,125.62,cboe:SKEW_History.csv
1998-08-20,124.92,cboe:SKEW_History.csv
1998-08-21,125.08,cboe:SKEW_History.csv
1998-08-24,126.71,cboe:SKEW_History.csv
1998-08-25,127.13,cboe:SKEW_History.csv
1998-08-26,125.07,cboe:SKEW_History.csv
1998-08-27,118.88,cboe:SKEW_History.csv
1998-08-28,118.25,cboe:SKEW_History.csv
1998-08-31,118.84,cboe:SKEW_History.csv
1998-09-01,124.33,cboe:SKEW_History.csv
1998-09-02,122.91,cboe:SKEW_History.csv
1998-09-03,122.73,cboe:SKEW_History.csv
1998-09-04,123.48,cboe:SKEW_History.csv
1998-09-08,127.2,cboe:SKEW_History.csv
1998-09-09,126.65,cboe:SKEW_History.csv
1998-09-10,122.06,cboe:SKEW_History.csv
1998-09-11,126.67,cboe:SKEW_History.csv
1998-09-14,136.29,cboe:SKEW_History.csv
1998-09-15,134.67,cboe:SKEW_History.csv
1998-09-16,134.61,cboe:SKEW_History.csv
1998-09-17,129.4,cboe:SKEW_History.csv
1998-09-18,128.3,cboe:SKEW_History.csv
1998-09-21,127.36,cboe:SKEW_History.csv
1998-09-22,118.29,cboe:SKEW_History.csv
1998-09-23,122.87,cboe:SKEW_History.csv
1998-09-24,119.8,cboe:SKEW_History.csv
1998-09-25,119.07,cboe:SKEW_History.csv
1998-09-28,119.32,cboe:SKEW_History.csv
1998-09-29,121.21,cboe:SKEW_History.csv
1998-09-30,117.57,cboe:SKEW_History.csv
1998-10-01,114.54,cboe:SKEW_History.csv
1998-10-02,115.15,cboe:SKEW_History.csv
1998-10-05,113.73,cboe:SKEW_History.csv
1998-10-06,113.08,cboe:SKEW_History.csv
1998-10-07,118.83,cboe:SKEW_History.csv
1998-10-08,118.0,cboe:SKEW_History.csv
1998-10-09,119.28,cboe:SKEW_History.csv
1998-10-12,130.47,cboe:SKEW_History.csv
1998-10-13,130.52,cboe:SKEW_History.csv
1998-10-14,133.27,cboe:SKEW_History.csv
1998-10-15,136.01,cboe:SKEW_History.csv
1998-10-16,146.22,cboe:SKEW_History.csv
1998-10-19,120.47,cboe:SKEW_History.csv
1998-10-20,120.46,cboe:SKEW_History.csv
1998-10-21,122.12,cboe:SKEW_History.csv
1998-10-22,123.47,cboe:SKEW_History.csv
1998-10-23,122.48,cboe:SKEW_History.csv
1998-10-26,124.87,cboe:SKEW_History.csv
1998-10-27,124.29,cboe:SKEW_History.csv
1998-10-28,125.33,cboe:SKEW_History.csv
1998-10-29,130.29,cboe:SKEW_History.csv
1998-10-30,129.98,cboe:SKEW_History.csv
1998-11-02,136.81,cboe:SKEW_History.csv
1998-11-03,126.92,cboe:SKEW_History.csv
1998-11-04,128.5,cboe:SKEW_History.csv
1998-11-05,126.83,cboe:SKEW_History.csv
1998-11-06,129.39,cboe:SKEW_History.csv
1998-11-09,126.03,cboe:SKEW_History.csv
1998-11-10,122.96,cboe:SKEW_History.csv
1998-11-11,124.09,cboe:SKEW_History.csv
1998-11-12,122.43,cboe:SKEW_History.csv
1998-11-13,123.86,cboe:SKEW_History.csv
1998-11-16,126.2,cboe:SKEW_History.csv
1998-11-17,127.36,cboe:SKEW_History.csv
1998-11-18,125.03,cboe:SKEW_History.csv
1998-11-19,135.15,cboe:SKEW_History.csv
1998-11-20,131.84,cboe:SKEW_History.csv
1998-11-23,128.39,cboe:SKEW_History.csv
1998-11-24,121.38,cboe:SKEW_History.csv
1998-11-25,129.39,cboe:SKEW_History.csv
1998-11-27,122.43,cboe:SKEW_History.csv
1998-11-30,121.52,cboe:SKEW_History.csv
1998-12-01,120.73,cboe:SKEW_History.csv
1998-12-02,122.3,cboe:SKEW_History.csv
1998-12-03,119.29,cboe:SKEW_History.csv
1998-12-04,120.79,cboe:SKEW_History.csv
1998-12-07,120.58,cboe:SKEW_History.csv
1998-12-08,120.16,cboe:SKEW_History.csv
1998-12-09,121.68,cboe:SKEW_History.csv
1998-12-10,120.3,cboe:SKEW_History.csv
1998-12-11,120.49,cboe:SKEW_History.csv
1998-12-14,118.08,cboe:SKEW_History.csv
1998-12-15,120.67,cboe:SKEW_History.csv
1998-12-16,119.38,cboe:SKEW_History.csv
1998-12-17,121.0,cboe:SKEW_History.csv
1998-12-18,123.33,cboe:SKEW_History.csv
1998-12-21,127.73,cboe:SKEW_History.csv
1998-12-22,128.7,cboe:SKEW_History.csv
1998-12-23,123.93,cboe:SKEW_History.csv
1998-12-24,120.65,cboe:SKEW_History.csv
1998-12-28,125.02,cboe:SKEW_History.csv
1998-12-29,121.9,cboe:SKEW_History.csv
1998-12-30,119.78,cboe:SKEW_History.csv
1998-12-31,124.46,cboe:SKEW_History.csv
1999-01-04,118.28,cboe:SKEW_History.csv
1999-01-05,118.93,cboe:SKEW_History.csv
1999-01-06,116.55,cboe:SKEW_History.csv
1999-01-07,119.22,cboe:SKEW_History.csv
1999-01-08,121.02,cboe:SKEW_History.csv
1999-01-11,120.21,cboe:SKEW_History.csv
1999-01-12,119.5,cboe:SKEW_History.csv
1999-01-13,117.61,cboe:SKEW_History.csv
1999-01-14,115.83,cboe:SKEW_History.csv
1999-01-15,120.43,cboe:SKEW_History.csv
1999-01-19,119.22,cboe:SKEW_History.csv
1999-01-20,120.19,cboe:SKEW_History.csv
1999-01-21,117.62,cboe:SKEW_History.csv
1999-01-22,119.32,cboe:SKEW_History.csv
1999-01-25,118.62,cboe:SKEW_History.csv
1999-01-26,120.02,cboe:SKEW_History.csv
1999-01-27,116.25,cboe:SKEW_History.csv
1999-01-28,118.46,cboe:SKEW_History.csv
1999-01-29,119.23,cboe:SKEW_History.csv
1999-02-01,118.75,cboe:SKEW_History.csv
1999-02-02,117.37,cboe:SKEW_History.csv
1999-02-03,116.1,cboe:SKEW_History.csv
1999-02-04,115.25,cboe:SKEW_History.csv
1999-02-05,115.51,cboe:SKEW_History.csv
1999-02-08,114.6,cboe:SKEW_History.csv
1999-02-09,113.35,cboe:SKEW_History.csv
1999-02-10,114.91,cboe:SKEW_History.csv
1999-02-11,117.63,cboe:SKEW_History.csv
1999-02-12,116.29,cboe:SKEW_History.csv
1999-02-16,115.45,cboe:SKEW_History.csv
1999-02-17,114.55,cboe:SKEW_History.csv
1999-02-18,115.15,cboe:SKEW_History.csv
1999-02-19,115.4,cboe:SKEW_History.csv
1999-02-22,117.06,cboe:SKEW_History.csv
1999-02-23,117.11,cboe:SKEW_History.csv
1999-02-24,116.15,cboe:SKEW_History.csv
1999-02-25,115.63,cboe:SKEW_History.csv
1999-02-26,114.88,cboe:SKEW_History.csv
1999-03-01,115.38,cboe:SKEW_History.csv
1999-03-02,114.48,cboe:SKEW_History.csv
1999-03-03,114.61,cboe:SKEW_History.csv
1999-03-04,115.29,cboe:SKEW_History.csv
1999-03-05,115.83,cboe:SKEW_History.csv
1999-03-08,116.42,cboe:SKEW_History.csv
1999-03-09,115.53,cboe:SKEW_History.csv
1999-03-10,115.43,cboe:SKEW_History.csv
1999-03-11,114.49,cboe:SKEW_History.csv
1999-03-12,113.95,cboe:SKEW_History.csv
1999-03-15,115.48,cboe:SKEW_History.csv
1999-03-16,114.52,cboe:SKEW_History.csv
1999-03-17,114.63,cboe:SKEW_History.csv
1999-03-18,114.47,cboe:SKEW_History.csv
1999-03-19,114.97,cboe:SKEW_History.csv
1999-03-22,114.42,cboe:SKEW_History.csv
1999-03-23,112.59,cboe:SKEW_History.csv
1999-03-24,112.76,cboe:SKEW_History.csv
1999-03-25,114.77,cboe:SKEW_History.csv
1999-03-26,114.72,cboe:SKEW_History.csv
1999-03-29,114.73,cboe:SKEW_History.csv
1999-03-30,115.24,cboe:SKEW_History.csv
1999-03-31,114.02,cboe:SKEW_History.csv
1999-04-01,112.35,cboe:SKEW_History.csv
1999-04-05,114.75,cboe:SKEW_History.csv
1999-04-06,114.6,cboe:SKEW_History.csv
1999-04-07,113.77,cboe:SKEW_History.csv
1999-04-08,113.19,cboe:SKEW_History.csv
1999-04-09,115.9,cboe:SKEW_History.csv
1999-04-12,112.86,cboe:SKEW_History.csv
1999-04-13,112.52,cboe:SKEW_History.csv
1999-04-14,112.54,cboe:SKEW_History.csv
1999-04-15,113.07,cboe:SKEW_History.csv
1999-04-16,113.86,cboe:SKEW_History.csv
1999-04-19,113.2,cboe:SKEW_History.csv
1999-04-20,112.84,cboe:SKEW_History.csv
1999-04-21,114.99,cboe:SKEW_History.csv
1999-04-22,115.38,cboe:SKEW_History.csv
1999-04-23,115.84,cboe:SKEW_History.csv
1999-04-26,115.61,cboe:SKEW_History.csv
1999-04-27,116.82,cboe:SKEW_History.csv
1999-04-28,116.01,cboe:SKEW_History.csv
1999-04-29,115.57,cboe:SKEW_History.csv
1999-04-30,116.25,cboe:SKEW_History.csv
1999-05-03,116.6,cboe:SKEW_History.csv
1999-05-04,116.6,cboe:SKEW_History.csv
1999-05-05,117.53,cboe:SKEW_History.csv
1999-05-06,116.86,cboe:SKEW_History.csv
1999-05-07,116.9,cboe:SKEW_History.csv
1999-05-10,116.57,cboe:SKEW_History.csv
1999-05-11,116.76,cboe:SKEW_History.csv
1999-05-12,117.12,cboe:SKEW_History.csv
1999-05-13,117.69,cboe:SKEW_History.csv
1999-05-14,116.77,cboe:SKEW_History.csv
1999-05-17,115.62,cboe:SKEW_History.csv
1999-05-18,118.43,cboe:SKEW_History.csv
1999-05-19,117.95,cboe:SKEW_History.csv
1999-05-20,118.86,cboe:SKEW_History.csv
1999-05-21,118.43,cboe:SKEW_History.csv
1999-05-24,116.94,cboe:SKEW_History.csv
1999-05-25,117.55,cboe:SKEW_History.csv
1999-05-26,118.25,cboe:SKEW_History.csv
1999-05-27,117.39,cboe:SKEW_History.csv
1999-05-28,117.98,cboe:SKEW_History.csv
1999-06-01,114.57,cboe:SKEW_History.csv
1999-06-02,116.33,cboe:SKEW_History.csv
1999-06-03,116.06,cboe:SKEW_History.csv
1999-06-04,116.26,cboe:SKEW_History.csv
1999-06-07,116.85,cboe:SKEW_History.csv
1999-06-08,116.93,cboe:SKEW_History.csv
1999-06-09,116.61,cboe:SKEW_History.csv
1999-06-10,115.47,cboe:SKEW_History.csv
1999-06-11,115.45,cboe:SKEW_History.csv
1999-06-14,114.59,cboe:SKEW_History.csv
1999-06-15,116.26,cboe:SKEW_History.csv
1999-06-16,117.25,cboe:SKEW_History.csv
1999-06-17,118.41,cboe:SKEW_History.csv
1999-06-18,119.47,cboe:SKEW_History.csv
1999-06-21,119.09,cboe:SKEW_History.csv
1999-06-22,118.74,cboe:SKEW_History.csv
1999-06-23,119.44,cboe:SKEW_History.csv
1999-06-24,118.36,cboe:SKEW_History.csv
1999-06-25,118.48,cboe:SKEW_History.csv
1999-06-28,119.04,cboe:SKEW_History.csv
1999-06-29,118.08,cboe:SKEW_History.csv
1999-06-30,120.12,cboe:SKEW_History.csv
1999-07-01,120.8,cboe:SKEW_History.csv
1999-07-02,120.44,cboe:SKEW_History.csv
1999-07-06,119.27,cboe:SKEW_History.csv
1999-07-07,120.46,cboe:SKEW_History.csv
1999-07-08,119.08,cboe:SKEW_History.csv
1999-07-09,119.14,cboe:SKEW_History.csv
1999-07-12,122.1,cboe:SKEW_History.csv
1999-07-13,119.39,cboe:SKEW_History.csv
1999-07-14,118.45,cboe:SKEW_History.csv
1999-07-15,119.9,cboe:SKEW_History.csv
1999-07-16,122.2,cboe:SKEW_History.csv
1999-07-19,122.4,cboe:SKEW_History.csv
1999-07-20,121.13,cboe:SKEW_History.csv
1999-07-21,119.48,cboe:SKEW_History.csv
1999-07-22,119.29,cboe:SKEW_History.csv
1999-07-23,118.85,cboe:SKEW_History.csv
1999-07-26,118.23,cboe:SKEW_History.csv
1999-07-27,115.04,cboe:SKEW_History.csv
1999-07-28,117.85,cboe:SKEW_History.csv
1999-07-29,119.6,cboe:SKEW_History.csv
1999-07-30,119.28,cboe:SKEW_History.csv
1999-08-02,120.09,cboe:SKEW_History.csv
1999-08-03,120.01,cboe:SKEW_History.csv
1999-08-04,118.57,cboe:SKEW_History.csv
1999-08-05,119.83,cboe:SKEW_History.csv
1999-08-06,121.41,cboe:SKEW_History.csv
1999-08-09,119.54,cboe:SKEW_History.csv
1999-08-10,118.59,cboe:SKEW_History.csv
1999-08-11,120.69,cboe:SKEW_History.csv
1999-08-12,121.69,cboe:SKEW_History.csv
1999-08-13,128.4,cboe:SKEW_History.csv
1999-08-16,122.16,cboe:SKEW_History.csv
1999-08-17,122.69,cboe:SKEW_History.csv
1999-08-18,119.82,cboe:SKEW_History.csv
1999-08-19,119.74,cboe:SKEW_History.csv
1999-08-20,122.98,cboe:SKEW_History.csv
1999-08-23,117.83,cboe:SKEW_History.csv
1999-08-24,119.02,cboe:SKEW_History.csv
1999-08-25,119.02,cboe:SKEW_History.csv
1999-08-26,118.6,cboe:SKEW_History.csv
1999-08-27,118.25,cboe:SKEW_History.csv
1999-08-30,116.65,cboe:SKEW_History.csv
1999-08-31,117.64,cboe:SKEW_History.csv
1999-09-01,117.48,cboe:SKEW_History.csv
1999-09-02,119.28,cboe:SKEW_History.csv
1999-09-03,122.87,cboe:SKEW_History.csv
1999-09-07,120.73,cboe:SKEW_History.csv
1999-09-08,119.32,cboe:SKEW_History.csv
1999-09-09,119.61,cboe:SKEW_History.csv
1999-09-10,119.94,cboe:SKEW_History.csv
1999-09-13,118.73,cboe:SKEW_History.csv
1999-09-14,117.66,cboe:SKEW_History.csv
1999-09-15,118.23,cboe:SKEW_History.csv
1999-09-16,119.68,cboe:SKEW_History.csv
1999-09-17,119.11,cboe:SKEW_History.csv
1999-09-20,118.33,cboe:SKEW_History.csv
1999-09-21,117.58,cboe:SKEW_History.csv
1999-09-22,118.2,cboe:SKEW_History.csv
1999-09-23,116.0,cboe:SKEW_History.csv
1999-09-24,115.64,cboe:SKEW_History.csv
1999-09-27,117.29,cboe:SKEW_History.csv
1999-09-28,116.76,cboe:SKEW_History.csv
1999-09-29,116.71,cboe:SKEW_History.csv
1999-09-30,115.85,cboe:SKEW_History.csv
1999-10-01,117.07,cboe:SKEW_History.csv
1999-10-04,117.24,cboe:SKEW_History.csv
1999-10-05,117.11,cboe:SKEW_History.csv
1999-10-06,118.34,cboe:SKEW_History.csv
1999-10-07,120.36,cboe:SKEW_History.csv
1999-10-08,120.91,cboe:SKEW_History.csv
1999-10-11,118.38,cboe:SKEW_History.csv
1999-10-12,120.22,cboe:SKEW_History.csv
1999-10-13,115.66,cboe:SKEW_History.csv
1999-10-14,116.53,cboe:SKEW_History.csv
1999-10-15,116.14,cboe:SKEW_History.csv
1999-10-18,115.77,cboe:SKEW_History.csv
1999-10-19,116.9,cboe:SKEW_History.csv
1999-10-20,118.59,cboe:SKEW_History.csv
1999-10-21,120.31,cboe:SKEW_History.csv
1999-10-22,120.85,cboe:SKEW_History.csv
1999-10-25,119.94,cboe:SKEW_History.csv
1999-10-26,118.12,cboe:SKEW_History.csv
1999-10-27,119.15,cboe:SKEW_History.csv
1999-10-28,121.82,cboe:SKEW_History.csv
1999-10-29,124.08,cboe:SKEW_History.csv
1999-11-01,123.7,cboe:SKEW_History.csv
1999-11-02,121.99,cboe:SKEW_History.csv
1999-11-03,122.32,cboe:SKEW_History.csv
1999-11-04,122.22,cboe:SKEW_History.csv
1999-11-05,127.06,cboe:SKEW_History.csv
1999-11-08,122.3,cboe:SKEW_History.csv
1999-11-09,122.06,cboe:SKEW_History.csv
1999-11-10,122.14,cboe:SKEW_History.csv
1999-11-11,120.68,cboe:SKEW_History.csv
1999-11-12,126.04,cboe:SKEW_History.csv
1999-11-15,124.33,cboe:SKEW_History.csv
1999-11-16,125.23,cboe:SKEW_History.csv
1999-11-17,124.14,cboe:SKEW_History.csv
1999-11-18,125.33,cboe:SKEW_History.csv
1999-11-19,127.96,cboe:SKEW_History.csv
1999-11-22,123.93,cboe:SKEW_History.csv
1999-11-23,121.3,cboe:SKEW_History.csv
1999-11-24,121.18,cboe:SKEW_History.csv
1999-11-26,121.65,cboe:SKEW_History.csv
1999-11-29,120.37,cboe:SKEW_History.csv
1999-11-30,118.96,cboe:SKEW_History.csv
1999-12-01,119.07,cboe:SKEW_History.csv
1999-12-02,117.33,cboe:SKEW_History.csv
1999-12-03,115.47,cboe:SKEW_History.csv
1999-12-06,117.36,cboe:SKEW_History.csv
1999-12-07,116.53,cboe:SKEW_History.csv
1999-12-08,115.2,cboe:SKEW_History.csv
1999-12-09,114.42,cboe:SKEW_History.csv
1999-12-10,114.16,cboe:SKEW_History.csv
1999-12-13,117.95,cboe:SKEW_History.csv
1999-12-14,117.5,cboe:SKEW_History.csv
1999-12-15,116.92,cboe:SKEW_History.csv
1999-12-16,117.07,cboe:SKEW_History.csv
1999-12-17,118.07,cboe:SKEW_History.csv
1999-12-20,116.62,cboe:SKEW_History.csv
1999-12-21,118.55,cboe:SKEW_History.csv
1999-12-22,117.74,cboe:SKEW_History.csv
1999-12-23,120.72,cboe:SKEW_History.csv
1999-12-27,117.83,cboe:SKEW_History.csv
1999-12-28,119.14,cboe:SKEW_History.csv
1999-12-29,119.45,cboe:SKEW_History.csv
1999-12-30,120.25,cboe:SKEW_History.csv
1999-12-31,119.17,cboe:SKEW_History.csv
2000-01-03,117.84,cboe:SKEW_History.csv
2000-01-04,114.22,cboe:SKEW_History.csv
2000-01-05,114.82,cboe:SKEW_History.csv
2000-01-06,114.87,cboe:SKEW_History.csv
2000-01-07,117.35,cboe:SKEW_History.csv
2000-01-10,115.73,cboe:SKEW_History.csv
2000-01-11,114.98,cboe:SKEW_History.csv
2000-01-12,114.14,cboe:SKEW_History.csv
2000-01-13,115.18,cboe:SKEW_History.csv
2000-01-14,116.56,cboe:SKEW_History.csv
2000-01-18,114.38,cboe:SKEW_History.csv
2000-01-19,115.5,cboe:SKEW_History.csv
2000-01-20,114.8,cboe:SKEW_History.csv
2000-01-21,116.13,cboe:SKEW_History.csv
2000-01-24,114.36,cboe:SKEW_History.csv
2000-01-25,116.07,cboe:SKEW_History.csv
2000-01-26,115.25,cboe:SKEW_History.csv
2000-01-27,115.89,cboe:SKEW_History.csv
2000-01-28,113.49,cboe:SKEW_History.csv
2000-01-31,114.14,cboe:SKEW_History.csv
2000-02-01,114.12,cboe:SKEW_History.csv
2000-02-02,114.62,cboe:SKEW_History.csv
2000-02-03,115.32,cboe:SKEW_History.csv
2000-02-04,115.89,cboe:SKEW_History.csv
2000-02-07,116.3,cboe:SKEW_History.csv
2000-02-08,117.35,cboe:SKEW_History.csv
2000-02-09,115.34,cboe:SKEW_History.csv
2000-02-10,115.02,cboe:SKEW_History.csv
2000-02-11,114.93,cboe:SKEW_History.csv
2000-02-14,113.09,cboe:SKEW_History.csv
2000-02-15,116.07,cboe:SKEW_History.csv
2000-02-16,114.4,cboe:SKEW_History.csv
2000-02-17,114.76,cboe:SKEW_History.csv
2000-02-18,114.07,cboe:SKEW_History.csv
2000-02-22,112.47,cboe:SKEW_History.csv
2000-02-23,113.32,cboe:SKEW_History.csv
2000-02-24,111.5,cboe:SKEW_History.csv
2000-02-25,109.52,cboe:SKEW_History.csv
2000-02-28,111.32,cboe:SKEW_History.csv
2000-02-29,111.42,cboe:SKEW_History.csv
2000-03-01,113.15,cboe:SKEW_History.csv
2000-03-02,111.52,cboe:SKEW_History.csv
2000-03-03,112.22,cboe:SKEW_History.csv
2000-03-06,111.59,cboe:SKEW_History.csv
2000-03-07,110.37,cboe:SKEW_History.csv
2000-03-08,111.02,cboe:SKEW_History.csv
2000-03-09,113.26,cboe:SKEW_History.csv
2000-03-10,113.36,cboe:SKEW_History.csv
2000-03-13,114.93,cboe:SKEW_History.csv
2000-03-14,113.41,cboe:SKEW_History.csv
2000-03-15,114.16,cboe:SKEW_History.csv
2000-03-16,114.86,cboe:SKEW_History.csv
2000-03-17,115.13,cboe:SKEW_History.csv
2000-03-20,114.34,cboe:SKEW_History.csv
2000-03-21,113.79,cboe:SKEW_History.csv
2000-03-22,113.71,cboe:SKEW_History.csv
2000-03-23,114.24,cboe:SKEW_History.csv
2000-03-24,113.47,cboe:SKEW_History.csv
2000-03-27,112.75,cboe:SKEW_History.csv
2000-03-28,113.33,cboe:SKEW_History.csv
2000-03-29,113.96,cboe:SKEW_History.csv
2000-03-30,112.54,cboe:SKEW_History.csv
2000-03-31,113.35,cboe:SKEW_History.csv
2000-04-03,113.23,cboe:SKEW_History.csv
2000-04-04,112.55,cboe:SKEW_History.csv
2000-04-05,111.54,cboe:SKEW_History.csv
2000-04-06,113.11,cboe:SKEW_History.csv
2000-04-07,113.41,cboe:SKEW_History.csv
2000-04-10,111.93,cboe:SKEW_History.csv
2000-04-11,112.51,cboe:SKEW_History.csv
2000-04-12,111.21,cboe:SKEW_History.csv
2000-04-13,110.72,cboe:SKEW_History.csv
2000-04-14,107.79,cboe:SKEW_History.csv
2000-04-17,109.52,cboe:SKEW_History.csv
2000-04-18,112.79,cboe:SKEW_History.csv
2000-04-19,113.52,cboe:SKEW_History.csv
2000-04-20,114.24,cboe:SKEW_History.csv
2000-04-24,114.9,cboe:SKEW_History.csv
2000-04-25,115.89,cboe:SKEW_History.csv
2000-04-26,115.43,cboe:SKEW_History.csv
2000-04-27,115.91,cboe:SKEW_History.csv
2000-04-28,115.35,cboe:SKEW_History.csv
2000-05-01,116.22,cboe:SKEW_History.csv
2000-05-02,114.73,cboe:SKEW_History.csv
2000-05-03,114.34,cboe:SKEW_History.csv
2000-05-04,114.13,cboe:SKEW_History.csv
2000-05-05,114.82,cboe:SKEW_History.csv
2000-05-08,114.73,cboe:SKEW_History.csv
2000-05-09,113.7,cboe:SKEW_History.csv
2000-05-10,112.91,cboe:SKEW_History.csv
2000-05-11,115.02,cboe:SKEW_History.csv
2000-05-12,114.58,cboe:SKEW_History.csv
2000-05-15,115.11,cboe:SKEW_History.csv
2000-05-16,113.51,cboe:SKEW_History.csv
2000-05-17,113.93,cboe:SKEW_History.csv
2000-05-18,113.18,cboe:SKEW_History.csv
2000-05-19,112.39,cboe:SKEW_History.csv
2000-05-22,112.21,cboe:SKEW_History.csv
2000-05-23,111.23,cboe:SKEW_History.csv
2000-05-24,110.48,cboe:SKEW_History.csv
2000-05-25,110.95,cboe:SKEW_History.csv
2000-05-26,110.52,cboe:SKEW_History.csv
2000-05-30,109.94,cboe:SKEW_History.csv
2000-05-31,108.64,cboe:SKEW_History.csv
2000-06-01,109.02,cboe:SKEW_History.csv
2000-06-02,110.3,cboe:SKEW_History.csv
2000-06-05,109.66,cboe:SKEW_History.csv
2000-06-06,109.78,cboe:SKEW_History.csv
2000-06-07,109.95,cboe:SKEW_History.csv
2000-06-08,110.05,cboe:SKEW_History.csv
2000-06-09,109.67,cboe:SKEW_History.csv
2000-06-12,112.41,cboe:SKEW_History.csv
2000-06-13,111.96,cboe:SKEW_History.csv
2000-06-14,113.1,cboe:SKEW_History.csv
2000-06-15,113.3,cboe:SKEW_History.csv
2000-06-16,114.52,cboe:SKEW_History.csv
2000-06-19,111.56,cboe:SKEW_History.csv
2000-06-20,112.34,cboe:SKEW_History.csv
2000-06-21,110.87,cboe:SKEW_History.csv
2000-06-22,111.62,cboe:SKEW_History.csv
2000-06-23,110.92,cboe:SKEW_History.csv
2000-06-26,109.16,cboe:SKEW_History.csv
2000-06-27,110.62,cboe:SKEW_History.csv
2000-06-28,109.83,cboe:SKEW_History.csv
2000-06-29,111.49,cboe:SKEW_History.csv
2000-06-30,109.92,cboe:SKEW_History.csv
2000-07-03,107.35,cboe:SKEW_History.csv
2000-07-05,109.93,cboe:SKEW_History.csv
2000-07-06,110.56,cboe:SKEW_History.csv
2000-07-07,109.88,cboe:SKEW_History.csv
2000-07-10,110.84,cboe:SKEW_History.csv
2000-07-11,110.44,cboe:SKEW_History.csv
2000-07-12,108.56,cboe:SKEW_History.csv
2000-07-13,109.31,cboe:SKEW_History.csv
2000-07-14,109.06,cboe:SKEW_History.csv
2000-07-17,112.37,cboe:SKEW_History.csv
2000-07-18,112.25,cboe:SKEW_History.csv
2000-07-19,112.02,cboe:SKEW_History.csv
2000-07-20,110.32,cboe:SKEW_History.csv
2000-07-21,108.59,cboe:SKEW_History.csv
2000-07-24,113.65,cboe:SKEW_History.csv
2000-07-25,110.22,cboe:SKEW_History.csv
2000-07-26,112.97,cboe:SKEW_History.csv
2000-07-27,113.28,cboe:SKEW_History.csv
2000-07-28,112.17,cboe:SKEW_History.csv
2000-07-31,112.2,cboe:SKEW_History.csv
2000-08-01,112.98,cboe:SKEW_History.csv
2000-08-02,109.86,cboe:SKEW_History.csv
2000-08-03,111.26,cboe:SKEW_History.csv
2000-08-04,108.65,cboe:SKEW_History.csv
2000-08-07,106.89,cboe:SKEW_History.csv
2000-08-08,108.59,cboe:SKEW_History.csv
2000-08-09,110.05,cboe:SKEW_History.csv
2000-08-10,110.02,cboe:SKEW_History.csv
2000-08-11,108.54,cboe:SKEW_History.csv
2000-08-14,109.06,cboe:SKEW_History.csv
2000-08-15,108.88,cboe:SKEW_History.csv
2000-08-16,109.95,cboe:SKEW_History.csv
2000-08-17,109.22,cboe:SKEW_History.csv
2000-08-18,110.34,cboe:SKEW_History.csv
2000-08-21,110.53,cboe:SKEW_History.csv
2000-08-22,108.35,cboe:SKEW_History.csv
2000-08-23,111.29,cboe:SKEW_History.csv
2000-08-24,109.44,cboe:SKEW_History.csv
2000-08-25,112.27,cboe:SKEW_History.csv
2000-08-28,110.93,cboe:SKEW_History.csv
2000-08-29,111.37,cboe:SKEW_History.csv
2000-08-30,110.88,cboe:SKEW_History.csv
2000-08-31,112.65,cboe:SKEW_History.csv
2000-09-01,114.5,cboe:SKEW_History.csv
2000-09-05,112.5,cboe:SKEW_History.csv
2000-09-06,110.44,cboe:SKEW_History.csv
2000-09-07,112.33,cboe:SKEW_History.csv
2000-09-08,111.03,cboe:SKEW_History.csv
2000-09-11,111.35,cboe:SKEW_History.csv
2000-09-12,112.02,cboe:SKEW_History.csv
2000-09-13,112.16,cboe:SKEW_History.csv
2000-09-14,111.98,cboe:SKEW_History.csv
2000-09-15,111.91,cboe:SKEW_History.csv
2000-09-18,111.29,cboe:SKEW_History.csv
2000-09-19,111.81,cboe:SKEW_History.csv
2000-10-02,112.9,cboe:SKEW_History.csv
2000-10-03,113.27,cboe:SKEW_History.csv
2000-10-04,113.02,cboe:SKEW_History.csv
2000-10-05,112.88,cboe:SKEW_History.csv
2000-10-06,113.57,cboe:SKEW_History.csv
2000-10-09,112.11,cboe:SKEW_History.csv
2000-10-10,110.96,cboe:SKEW_History.csv
2000-10-11,111.13,cboe:SKEW_History.csv
2000-10-12,107.79,cboe:SKEW_History.csv
2000-10-13,111.23,cboe:SKEW_History.csv
2000-10-16,111.29,cboe:SKEW_History.csv
2000-10-17,110.35,cboe:SKEW_History.csv
2000-10-18,110.65,cboe:SKEW_History.csv
2000-10-19,113.54,cboe:SKEW_History.csv
2000-10-20,114.64,cboe:SKEW_History.csv
2000-10-23,115.66,cboe:SKEW_History.csv
2000-10-24,115.03,cboe:SKEW_History.csv
2000-10-25,113.86,cboe:SKEW_History.csv
2000-10-26,113.19,cboe:SKEW_History.csv
2000-10-27,115.21,cboe:SKEW_History.csv
2000-10-30,115.6,cboe:SKEW_History.csv
2000-10-31,116.81,cboe:SKEW_History.csv
2000-11-01,116.51,cboe:SKEW_History.csv
2000-11-02,117.57,cboe:SKEW_History.csv
2000-11-03,119.02,cboe:SKEW_History.csv
2000-11-06,118.09,cboe:SKEW_History.csv
2000-11-07,118.3,cboe:SKEW_History.csv
2000-11-08,114.27,cboe:SKEW_History.csv
2000-11-09,116.91,cboe:SKEW_History.csv
2000-11-10,115.51,cboe:SKEW_History.csv
2000-11-13,116.17,cboe:SKEW_History.csv
2000-11-14,119.84,cboe:SKEW_History.csv
2000-11-15,117.3,cboe:SKEW_History.csv
2000-11-16,116.43,cboe:SKEW_History.csv
2000-11-17,118.76,cboe:SKEW_History.csv
2000-11-20,116.01,cboe:SKEW_History.csv
2000-11-21,119.0,cboe:SKEW_History.csv
2000-11-22,116.71,cboe:SKEW_History.csv
2000-11-24,116.12,cboe:SKEW_History.csv
2000-11-27,110.52,cboe:SKEW_History.csv
2000-11-28,113.17,cboe:SKEW_History.csv
2000-11-29,111.64,cboe:SKEW_History.csv
2000-11-30,110.67,cboe:SKEW_History.csv
2000-12-01,112.54,cboe:SKEW_History.csv
2000-12-04,112.8,cboe:SKEW_History.csv
2000-12-05,109.78,cboe:SKEW_History.csv
2000-12-06,109.42,cboe:SKEW_History.csv
2000-12-07,109.66,cboe:SKEW_History.csv
2000-12-08,112.56,cboe:SKEW_History.csv
2000-12-11,109.46,cboe:SKEW_History.csv
2000-12-12,113.11,cboe:SKEW_History.csv
2000-12-13,113.35,cboe:SKEW_History.csv
2000-12-14,113.3,cboe:SKEW_History.csv
2000-12-15,111.97,cboe:SKEW_History.csv
2000-12-18,112.26,cboe:SKEW_History.csv
2000-12-19,112.15,cboe:SKEW_History.csv
2000-12-20,110.16,cboe:SKEW_History.csv
2000-12-21,110.51,cboe:SKEW_History.csv
2000-12-22,111.3,cboe:SKEW_History.csv
2000-12-26,110.78,cboe:SKEW_History.csv
2000-12-27,111.36,cboe:SKEW_History.csv
2000-12-28,110.47,cboe:SKEW_History.csv
2000-12-29,111.04,cboe:SKEW_History.csv
2001-01-02,109.65,cboe:SKEW_History.csv
2001-01-03,110.94,cboe:SKEW_History.csv
2001-01-04,110.4,cboe:SKEW_History.csv
2001-01-05,109.92,cboe:SKEW_History.csv
2001-01-08,109.6,cboe:SKEW_History.csv
2001-01-09,111.07,cboe:SKEW_History.csv
2001-01-10,112.18,cboe:SKEW_History.csv
2001-01-11,110.05,cboe:SKEW_History.csv
2001-01-12,110.43,cboe:SKEW_History.csv
2001-01-16,110.7,cboe:SKEW_History.csv
2001-01-17,116.94,cboe:SKEW_History.csv
2001-01-18,111.12,cboe:SKEW_History.csv
2001-01-19,112.25,cboe:SKEW_History.csv
2001-01-22,112.76,cboe:SKEW_History.csv
2001-01-23,111.59,cboe:SKEW_History.csv
2001-01-24,111.43,cboe:SKEW_History.csv
2001-01-25,110.98,cboe:SKEW_History.csv
2001-01-26,111.75,cboe:SKEW_History.csv
2001-01-29,111.22,cboe:SKEW_History.csv
2001-01-30,111.38,cboe:SKEW_History.csv
2001-01-31,112.33,cboe:SKEW_History.csv
2001-02-01,113.0,cboe:SKEW_History.csv
2001-02-02,112.2,cboe:SKEW_History.csv
2001-02-05,111.82,cboe:SKEW_History.csv
2001-02-06,112.28,cboe:SKEW_History.csv
2001-02-07,111.8,cboe:SKEW_History.csv
2001-02-08,111.75,cboe:SKEW_History.csv
2001-02-09,111.73,cboe:SKEW_History.csv
2001-02-12,111.01,cboe:SKEW_History.csv
2001-02-13,112.07,cboe:SKEW_History.csv
2001-02-14,113.09,cboe:SKEW_History.csv
2001-02-15,114.5,cboe:SKEW_History.csv
2001-02-16,112.29,cboe:SKEW_History.csv
2001-02-20,112.1,cboe:SKEW_History.csv
2001-02-21,112.47,cboe:SKEW_History.csv
2001-02-22,113.65,cboe:SKEW_History.csv
2001-02-23,113.12,cboe:SKEW_History.csv
2001-02-26,112.71,cboe:SKEW_History.csv
2001-02-27,112.65,cboe:SKEW_History.csv
2001-02-28,112.91,cboe:SKEW_History.csv
2001-03-01,112.91,cboe:SKEW_History.csv
2001-03-02,112.1,cboe:SKEW_History.csv
2001-03-05,112.52,cboe:SKEW_History.csv
2001-03-06,111.93,cboe:SKEW_History.csv
2001-03-07,111.16,cboe:SKEW_History.csv
2001-03-08,112.34,cboe:SKEW_History.csv
2001-03-09,109.24,cboe:SKEW_History.csv
2001-03-12,109.23,cboe:SKEW_History.csv
2001-03-13,110.69,cboe:SKEW_History.csv
2001-03-14,109.51,cboe:SKEW_History.csv
2001-03-15,109.99,cboe:SKEW_History.csv
2001-03-16,109.21,cboe:SKEW_History.csv
2001-03-19,114.43,cboe:SKEW_History.csv
2001-03-20,112.89,cboe:SKEW_History.csv
2001-03-21,111.74,cboe:SKEW_History.csv
2001-03-22,110.55,cboe:SKEW_History.csv
2001-03-23,111.21,cboe:SKEW_History.csv
2001-03-26,109.79,cboe:SKEW_History.csv
2001-03-27,111.57,cboe:SKEW_History.csv
2001-03-28,110.24,cboe:SKEW_History.csv
2001-03-29,110.65,cboe:SKEW_History.csv
2001-03-30,109.58,cboe:SKEW_History.csv
2001-04-02,109.32,cboe:SKEW_History.csv
2001-04-03,109.1,cboe:SKEW_History.csv
2001-04-04,108.73,cboe:SKEW_History.csv
2001-04-05,110.62,cboe:SKEW_History.csv
2001-04-06,109.07,cboe:SKEW_History.csv
2001-04-09,108.31,cboe:SKEW_History.csv
2001-04-10,109.73,cboe:SKEW_History.csv
2001-04-11,110.0,cboe:SKEW_History.csv
2001-04-12,110.4,cboe:SKEW_History.csv
2001-04-16,109.1,cboe:SKEW_History.csv
2001-04-17,110.44,cboe:SKEW_History.csv
2001-04-18,111.04,cboe:SKEW_History.csv
2001-04-19,112.29,cboe:SKEW_History.csv
2001-04-20,112.67,cboe:SKEW_History.csv
2001-04-23,113.18,cboe:SKEW_History.csv
2001-04-24,113.24,cboe:SKEW_History.csv
2001-04-25,112.33,cboe:SKEW_History.csv
2001-04-26,112.85,cboe:SKEW_History.csv
2001-04-27,113.62,cboe:SKEW_History.csv
2001-04-30,113.56,cboe:SKEW_History.csv
2001-05-01,113.17,cboe:SKEW_History.csv
2001-05-02,113.52,cboe:SKEW_History.csv
2001-05-03,112.83,cboe:SKEW_History.csv
2001-05-04,113.2,cboe:SKEW_History.csv
2001-05-07,113.67,cboe:SKEW_History.csv
2001-05-08,113.96,cboe:SKEW_History.csv
2001-05-09,113.7,cboe:SKEW_History.csv
2001-05-10,114.12,cboe:SKEW_History.csv
2001-05-11,114.33,cboe:SKEW_History.csv
2001-05-14,116.74,cboe:SKEW_History.csv
2001-05-15,115.2,cboe:SKEW_History.csv
2001-05-16,115.27,cboe:SKEW_History.csv
2001-05-17,116.1,cboe:SKEW_History.csv
2001-05-18,118.37,cboe:SKEW_History.csv
2001-05-21,118.45,cboe:SKEW_History.csv
2001-05-22,117.74,cboe:SKEW_History.csv
2001-05-23,115.38,cboe:SKEW_History.csv
2001-05-24,116.88,cboe:SKEW_History.csv
2001-05-25,115.1,cboe:SKEW_History.csv
2001-05-29,112.91,cboe:SKEW_History.csv
2001-05-30,111.54,cboe:SKEW_History.csv
2001-05-31,113.13,cboe:SKEW_History.csv
2001-06-01,111.75,cboe:SKEW_History.csv
2001-06-04,110.58,cboe:SKEW_History.csv
2001-06-05,109.7,cboe:SKEW_History.csv
2001-06-06,111.67,cboe:SKEW_History.csv
2001-06-07,110.25,cboe:SKEW_History.csv
2001-06-08,110.52,cboe:SKEW_History.csv
2001-06-11,111.41,cboe:SKEW_History.csv
2001-06-12,114.05,cboe:SKEW_History.csv
2001-06-13,114.13,cboe:SKEW_History.csv
2001-06-14,113.67,cboe:SKEW_History.csv
2001-06-15,114.52,cboe:SKEW_History.csv
2001-06-18,113.03,cboe:SKEW_History.csv
2001-06-19,113.35,cboe:SKEW_History.csv
2001-06-20,113.26,cboe:SKEW_History.csv
2001-06-21,114.7,cboe:SKEW_History.csv
2001-06-22,114.68,cboe:SKEW_History.csv
2001-06-25,113.3,cboe:SKEW_History.csv
2001-06-26,111.85,cboe:SKEW_History.csv
2001-06-27,111.55,cboe:SKEW_History.csv
2001-06-28,114.01,cboe:SKEW_History.csv
2001-06-29,115.7,cboe:SKEW_History.csv
2001-07-02,114.6,cboe:SKEW_History.csv
2001-07-03,110.24,cboe:SKEW_History.csv
2001-07-05,114.04,cboe:SKEW_History.csv
2001-07-06,112.69,cboe:SKEW_History.csv
2001-07-09,111.33,cboe:SKEW_History.csv
2001-07-10,111.08,cboe:SKEW_History.csv
2001-07-11,114.33,cboe:SKEW_History.csv
2001-07-12,113.57,cboe:SKEW_History.csv
2001-07-13,112.88,cboe:SKEW_History.csv
2001-07-16,113.21,cboe:SKEW_History.csv
2001-07-17,112.66,cboe:SKEW_History.csv
2001-07-18,112.64,cboe:SKEW_History.csv
2001-07-19,115.18,cboe:SKEW_History.csv
2001-07-20,114.46,cboe:SKEW_History.csv
2001-07-23,113.65,cboe:SKEW_History.csv
2001-07-24,113.12,cboe:SKEW_History.csv
2001-07-25,114.33,cboe:SKEW_History.csv
2001-07-26,115.02,cboe:SKEW_History.csv
2001-07-27,116.99,cboe:SKEW_History.csv
2001-07-30,114.72,cboe:SKEW_History.csv
2001-07-31,115.31,cboe:SKEW_History.csv
2001-08-01,116.68,cboe:SKEW_History.csv
2001-08-02,115.96,cboe:SKEW_History.csv
2001-08-03,115.67,cboe:SKEW_History.csv
2001-08-06,115.55,cboe:SKEW_History.csv
2001-08-07,114.76,cboe:SKEW_History.csv
2001-08-08,114.7,cboe:SKEW_History.csv
2001-08-09,115.33,cboe:SKEW_History.csv
2001-08-10,114.68,cboe:SKEW_History.csv
2001-08-13,115.55,cboe:SKEW_History.csv
2001-08-14,116.55,cboe:SKEW_History.csv
2001-08-15,116.73,cboe:SKEW_History.csv
2001-08-16,117.66,cboe:SKEW_History.csv
2001-08-17,115.87,cboe:SKEW_History.csv
2001-08-20,116.37,cboe:SKEW_History.csv
2001-08-21,115.46,cboe:SKEW_History.csv
2001-08-22,114.77,cboe:SKEW_History.csv
2001-08-23,117.31,cboe:SKEW_History.csv
2001-08-24,115.84,cboe:SKEW_History.csv
2001-08-27,115.31,cboe:SKEW_History.csv
2001-08-28,114.39,cboe:SKEW_History.csv
2001-08-29,115.87,cboe:SKEW_History.csv
2001-08-30,114.17,cboe:SKEW_History.csv
2001-08-31,113.27,cboe:SKEW_History.csv
2001-09-04,113.1,cboe:SKEW_History.csv
2001-09-05,113.81,cboe:SKEW_History.csv
2001-09-06,112.45,cboe:SKEW_History.csv
2001-09-07,111.43,cboe:SKEW_History.csv
2001-09-10,112.5,cboe:SKEW_History.csv
2001-09-17,110.9,cboe:SKEW_History.csv
2001-09-18,114.97,cboe:SKEW_History.csv
2001-09-19,113.16,cboe:SKEW_History.csv
2001-09-20,111.57,cboe:SKEW_History.csv
2001-09-21,112.23,cboe:SKEW_History.csv
2001-09-24,114.59,cboe:SKEW_History.csv
2001-09-25,115.02,cboe:SKEW_History.csv
2001-09-26,114.48,cboe:SKEW_History.csv
2001-09-27,115.26,cboe:SKEW_History.csv
2001-09-28,114.96,cboe:SKEW_History.csv
2001-10-01,115.49,cboe:SKEW_History.csv
2001-10-02,117.19,cboe:SKEW_History.csv
2001-10-03,118.47,cboe:SKEW_History.csv
2001-10-04,118.06,cboe:SKEW_History.csv
2001-10-05,119.36,cboe:SKEW_History.csv
2001-10-08,117.94,cboe:SKEW_History.csv
2001-10-09,118.48,cboe:SKEW_History.csv
2001-10-10,119.28,cboe:SKEW_History.csv
2001-10-11,120.0,cboe:SKEW_History.csv
2001-10-12,118.83,cboe:SKEW_History.csv
2001-10-15,118.57,cboe:SKEW_History.csv
2001-10-16,119.86,cboe:SKEW_History.csv
2001-10-17,118.23,cboe:SKEW_History.csv
2001-10-18,118.42,cboe:SKEW_History.csv
2001-10-19,119.22,cboe:SKEW_History.csv
2001-10-22,120.22,cboe:SKEW_History.csv
2001-10-23,119.8,cboe:SKEW_History.csv
2001-10-24,119.98,cboe:SKEW_History.csv
2001-10-25,119.01,cboe:SKEW_History.csv
2001-10-26,119.86,cboe:SKEW_History.csv
2001-10-29,118.36,cboe:SKEW_History.csv
2001-10-30,117.09,cboe:SKEW_History.csv
2001-10-31,117.07,cboe:SKEW_History.csv
2001-11-01,117.38,cboe:SKEW_History.csv
2001-11-02,118.56,cboe:SKEW_History.csv
2001-11-05,118.88,cboe:SKEW_History.csv
2001-11-06,116.74,cboe:SKEW_History.csv
2001-11-07,117.45,cboe:SKEW_History.csv
2001-11-08,117.58,cboe:SKEW_History.csv
2001-11-09,117.61,cboe:SKEW_History.csv
2001-11-12,118.41,cboe:SKEW_History.csv
2001-11-13,120.22,cboe:SKEW_History.csv
2001-11-14,119.59,cboe:SKEW_History.csv
2001-11-15,121.57,cboe:SKEW_History.csv
2001-11-16,122.23,cboe:SKEW_History.csv
2001-11-19,122.31,cboe:SKEW_History.csv
2001-11-20,120.48,cboe:SKEW_History.csv
2001-11-21,119.88,cboe:SKEW_History.csv
2001-11-23,120.26,cboe:SKEW_History.csv
2001-11-26,119.13,cboe:SKEW_History.csv
2001-11-27,118.32,cboe:SKEW_History.csv
2001-11-28,118.25,cboe:SKEW_History.csv
2001-11-29,121.13,cboe:SKEW_History.csv
2001-11-30,120.3,cboe:SKEW_History.csv
2001-12-03,119.68,cboe:SKEW_History.csv
2001-12-04,121.64,cboe:SKEW_History.csv
2001-12-05,116.53,cboe:SKEW_History.csv
2001-12-06,117.88,cboe:SKEW_History.csv
2001-12-07,118.13,cboe:SKEW_History.csv
2001-12-10,117.86,cboe:SKEW_History.csv
2001-12-11,118.04,cboe:SKEW_History.csv
2001-12-12,119.2,cboe:SKEW_History.csv
2001-12-13,119.06,cboe:SKEW_History.csv
2001-12-14,120.4,cboe:SKEW_History.csv
2001-12-17,122.06,cboe:SKEW_History.csv
2001-12-18,122.32,cboe:SKEW_History.csv
2001-12-19,122.57,cboe:SKEW_History.csv
2001-12-20,124.64,cboe:SKEW_History.csv
2001-12-21,123.86,cboe:SKEW_History.csv
2001-12-24,124.62,cboe:SKEW_History.csv
2001-12-26,119.0,cboe:SKEW_History.csv
2001-12-27,122.94,cboe:SKEW_History.csv
2001-12-28,123.67,cboe:SKEW_History.csv
2001-12-31,121.13,cboe:SKEW_History.csv
2002-01-02,119.54,cboe:SKEW_History.csv
2002-01-03,118.89,cboe:SKEW_History.csv
2002-01-04,122.27,cboe:SKEW_History.csv
2002-01-07,121.66,cboe:SKEW_History.csv
2002-01-08,121.56,cboe:SKEW_History.csv
2002-01-09,119.86,cboe:SKEW_History.csv
2002-01-10,119.44,cboe:SKEW_History.csv
2002-01-11,121.92,cboe:SKEW_History.csv
2002-01-14,118.87,cboe:SKEW_History.csv
2002-01-15,121.97,cboe:SKEW_History.csv
2002-01-16,119.46,cboe:SKEW_History.csv
2002-01-17,119.86,cboe:SKEW_History.csv
2002-01-18,120.85,cboe:SKEW_History.csv
2002-01-22,120.72,cboe:SKEW_History.csv
2002-01-23,119.62,cboe:SKEW_History.csv
2002-01-24,119.84,cboe:SKEW_History.csv
2002-01-25,121.74,cboe:SKEW_History.csv
2002-01-28,123.28,cboe:SKEW_History.csv
2002-01-29,118.28,cboe:SKEW_History.csv
2002-01-30,120.53,cboe:SKEW_History.csv
2002-01-31,120.26,cboe:SKEW_History.csv
2002-02-01,119.87,cboe:SKEW_History.csv
2002-02-04,118.4,cboe:SKEW_History.csv
2002-02-05,118.14,cboe:SKEW_History.csv
2002-02-06,117.46,cboe:SKEW_History.csv
2002-02-07,116.89,cboe:SKEW_History.csv
2002-02-08,118.02,cboe:SKEW_History.csv
2002-02-11,120.06,cboe:SKEW_History.csv
2002-02-12,119.92,cboe:SKEW_History.csv
2002-02-13,121.35,cboe:SKEW_History.csv
2002-02-14,121.26,cboe:SKEW_History.csv
2002-02-15,122.63,cboe:SKEW_History.csv
2002-02-19,120.85,cboe:SKEW_History.csv
2002-02-20,121.0,cboe:SKEW_History.csv
2002-02-21,117.7,cboe:SKEW_History.csv
2002-02-22,118.88,cboe:SKEW_History.csv
2002-02-25,116.85,cboe:SKEW_History.csv
2002-02-26,118.27,cboe:SKEW_History.csv
2002-02-27,118.21,cboe:SKEW_History.csv
2002-02-28,119.66,cboe:SKEW_History.csv
2002-03-01,119.58,cboe:SKEW_History.csv
2002-03-04,116.98,cboe:SKEW_History.csv
2002-03-05,116.82,cboe:SKEW_History.csv
2002-03-06,115.4,cboe:SKEW_History.csv
2002-03-07,115.97,cboe:SKEW_History.csv
2002-03-08,115.63,cboe:SKEW_History.csv
2002-03-11,116.18,cboe:SKEW_History.csv
2002-03-12,117.23,cboe:SKEW_History.csv
2002-03-13,116.51,cboe:SKEW_History.csv
2002-03-14,115.26,cboe:SKEW_History.csv
2002-03-15,117.62,cboe:SKEW_History.csv
2002-03-18,117.21,cboe:SKEW_History.csv
2002-03-19,115.47,cboe:SKEW_History.csv
2002-03-20,116.68,cboe:SKEW_History.csv
2002-03-21,117.42,cboe:SKEW_History.csv
2002-03-22,116.65,cboe:SKEW_History.csv
2002-03-25,116.89,cboe:SKEW_History.csv
2002-03-26,118.6,cboe:SKEW_History.csv
2002-03-27,117.13,cboe:SKEW_History.csv
2002-03-28,112.97,cboe:SKEW_History.csv
2002-04-01,115.84,cboe:SKEW_History.csv
2002-04-02,113.95,cboe:SKEW_History.csv
2002-04-03,114.81,cboe:SKEW_History.csv
2002-04-04,113.74,cboe:SKEW_History.csv
2002-04-05,114.52,cboe:SKEW_History.csv
2002-04-08,114.14,cboe:SKEW_History.csv
2002-04-09,115.62,cboe:SKEW_History.csv
2002-04-10,118.38,cboe:SKEW_History.csv
2002-04-11,114.55,cboe:SKEW_History.csv
2002-04-12,115.57,cboe:SKEW_History.csv
2002-04-15,115.31,cboe:SKEW_History.csv
2002-04-16,116.62,cboe:SKEW_History.csv
2002-04-17,116.01,cboe:SKEW_History.csv
2002-04-18,115.43,cboe:SKEW_History.csv
2002-04-19,115.81,cboe:SKEW_History.csv
2002-04-22,116.31,cboe:SKEW_History.csv
2002-04-23,114.78,cboe:SKEW_History.csv
2002-04-24,114.61,cboe:SKEW_History.csv
2002-04-25,115.31,cboe:SKEW_History.csv
2002-04-26,114.13,cboe:SKEW_History.csv
2002-04-29,113.93,cboe:SKEW_History.csv
2002-04-30,114.75,cboe:SKEW_History.csv
2002-05-01,113.25,cboe:SKEW_History.csv
2002-05-02,114.69,cboe:SKEW_History.csv
2002-05-03,113.98,cboe:SKEW_History.csv
2002-05-06,111.29,cboe:SKEW_History.csv
2002-05-07,111.95,cboe:SKEW_History.csv
2002-05-08,112.0,cboe:SKEW_History.csv
2002-05-09,113.27,cboe:SKEW_History.csv
2002-05-10,113.39,cboe:SKEW_History.csv
2002-05-13,113.27,cboe:SKEW_History.csv
2002-05-14,113.67,cboe:SKEW_History.csv
2002-05-15,113.93,cboe:SKEW_History.csv
2002-05-16,114.37,cboe:SKEW_History.csv
2002-05-17,115.3,cboe:SKEW_History.csv
2002-05-20,115.72,cboe:SKEW_History.csv
2002-05-21,114.76,cboe:SKEW_History.csv
2002-05-22,116.36,cboe:SKEW_History.csv
2002-05-23,116.0,cboe:SKEW_History.csv
2002-05-24,114.49,cboe:SKEW_History.csv
2002-05-28,114.69,cboe:SKEW_History.csv
2002-05-29,113.93,cboe:SKEW_History.csv
2002-05-30,115.07,cboe:SKEW_History.csv
2002-05-31,116.04,cboe:SKEW_History.csv
2002-06-03,113.65,cboe:SKEW_History.csv
2002-06-04,114.32,cboe:SKEW_History.csv
2002-06-05,114.8,cboe:SKEW_History.csv
2002-06-06,114.14,cboe:SKEW_History.csv
2002-06-07,114.25,cboe:SKEW_History.csv
2002-06-10,113.28,cboe:SKEW_History.csv
2002-06-11,111.96,cboe:SKEW_History.csv
2002-06-12,113.58,cboe:SKEW_History.csv
2002-06-13,112.17,cboe:SKEW_History.csv
2002-06-14,113.0,cboe:SKEW_History.csv
2002-06-17,112.65,cboe:SKEW_History.csv
2002-06-18,113.27,cboe:SKEW_History.csv
2002-06-19,111.46,cboe:SKEW_History.csv
2002-06-20,111.22,cboe:SKEW_History.csv
2002-06-21,112.35,cboe:SKEW_History.csv
2002-06-24,112.35,cboe:SKEW_History.csv
2002-06-25,111.11,cboe:SKEW_History.csv
2002-06-26,111.05,cboe:SKEW_History.csv
2002-06-27,112.36,cboe:SKEW_History.csv
2002-06-28,112.45,cboe:SKEW_History.csv
2002-07-01,112.1,cboe:SKEW_History.csv
2002-07-02,110.77,cboe:SKEW_History.csv
2002-07-03,109.99,cboe:SKEW_History.csv
2002-07-05,116.34,cboe:SKEW_History.csv
2002-07-08,112.52,cboe:SKEW_History.csv
2002-07-09,110.75,cboe:SKEW_History.csv
2002-07-10,108.79,cboe:SKEW_History.csv
2002-07-11,110.0,cboe:SKEW_History.csv
2002-07-12,111.07,cboe:SKEW_History.csv
2002-07-15,112.4,cboe:SKEW_History.csv
2002-07-16,110.7,cboe:SKEW_History.csv
2002-07-17,111.09,cboe:SKEW_History.csv
2002-07-18,111.76,cboe:SKEW_History.csv
2002-07-19,109.58,cboe:SKEW_History.csv
2002-07-22,108.06,cboe:SKEW_History.csv
2002-07-23,107.9,cboe:SKEW_History.csv
2002-07-24,110.13,cboe:SKEW_History.csv
2002-07-25,110.4,cboe:SKEW_History.csv
2002-07-26,112.0,cboe:SKEW_History.csv
2002-07-29,113.54,cboe:SKEW_History.csv
2002-07-30,113.22,cboe:SKEW_History.csv
2002-07-31,112.16,cboe:SKEW_History.csv
2002-08-01,110.92,cboe:SKEW_History.csv
2002-08-02,110.63,cboe:SKEW_History.csv
2002-08-05,109.44,cboe:SKEW_History.csv
2002-08-06,110.55,cboe:SKEW_History.csv
2002-08-07,112.36,cboe:SKEW_History.csv
2002-08-08,113.13,cboe:SKEW_History.csv
2002-08-09,113.27,cboe:SKEW_History.csv
2002-08-12,113.7,cboe:SKEW_History.csv
2002-08-13,113.56,cboe:SKEW_History.csv
2002-08-14,114.63,cboe:SKEW_History.csv
2002-08-15,116.42,cboe:SKEW_History.csv
2002-08-16,116.74,cboe:SKEW_History.csv
2002-08-19,117.07,cboe:SKEW_History.csv
2002-08-20,115.84,cboe:SKEW_History.csv
2002-08-21,118.4,cboe:SKEW_History.csv
2002-08-22,117.1,cboe:SKEW_History.csv
2002-08-23,116.75,cboe:SKEW_History.csv
2002-08-26,116.92,cboe:SKEW_History.csv
2002-08-27,116.84,cboe:SKEW_History.csv
2002-08-28,115.27,cboe:SKEW_History.csv
2002-08-29,115.74,cboe:SKEW_History.csv
2002-08-30,116.66,cboe:SKEW_History.csv
2002-09-03,113.27,cboe:SKEW_History.csv
2002-09-04,114.66,cboe:SKEW_History.csv
2002-09-05,114.56,cboe:SKEW_History.csv
2002-09-06,115.26,cboe:SKEW_History.csv
2002-09-09,115.49,cboe:SKEW_History.csv
2002-09-10,116.37,cboe:SKEW_History.csv
2002-09-11,115.86,cboe:SKEW_History.csv
2002-09-12,114.84,cboe:SKEW_History.csv
2002-09-13,115.2,cboe:SKEW_History.csv
2002-09-16,115.92,cboe:SKEW_History.csv
2002-09-17,114.45,cboe:SKEW_History.csv
2002-09-18,113.77,cboe:SKEW_History.csv
2002-09-19,112.15,cboe:SKEW_History.csv
2002-09-20,112.89,cboe:SKEW_History.csv
2002-09-23,111.56,cboe:SKEW_History.csv
2002-09-24,110.47,cboe:SKEW_History.csv
2002-09-25,111.01,cboe:SKEW_History.csv
2002-09-26,111.46,cboe:SKEW_History.csv
2002-09-27,109.55,cboe:SKEW_History.csv
2002-09-30,109.09,cboe:SKEW_History.csv
2002-10-01,110.56,cboe:SKEW_History.csv
2002-10-02,109.64,cboe:SKEW_History.csv
2002-10-03,108.85,cboe:SKEW_History.csv
2002-10-04,108.12,cboe:SKEW_History.csv
2002-10-07,107.17,cboe:SKEW_History.csv
2002-10-08,107.39,cboe:SKEW_History.csv
2002-10-09,106.51,cboe:SKEW_History.csv
2002-10-10,108.01,cboe:SKEW_History.csv
2002-10-11,109.64,cboe:SKEW_History.csv
2002-10-14,109.91,cboe:SKEW_History.csv
2002-10-15,111.9,cboe:SKEW_History.csv
2002-10-16,110.66,cboe:SKEW_History.csv
2002-10-17,111.82,cboe:SKEW_History.csv
2002-10-18,112.57,cboe:SKEW_History.csv
2002-10-21,113.54,cboe:SKEW_History.csv
2002-10-22,113.59,cboe:SKEW_History.csv
2002-10-23,114.06,cboe:SKEW_History.csv
2002-10-24,112.95,cboe:SKEW_History.csv
2002-10-25,114.34,cboe:SKEW_History.csv
2002-10-28,113.34,cboe:SKEW_History.csv
2002-10-29,112.49,cboe:SKEW_History.csv
2002-10-30,113.4,cboe:SKEW_History.csv
2002-10-31,114.38,cboe:SKEW_History.csv
2002-11-01,114.86,cboe:SKEW_History.csv
2002-11-04,113.57,cboe:SKEW_History.csv
2002-11-05,114.43,cboe:SKEW_History.csv
2002-11-06,112.17,cboe:SKEW_History.csv
2002-11-07,113.11,cboe:SKEW_History.csv
2002-11-08,114.46,cboe:SKEW_History.csv
2002-11-11,111.84,cboe:SKEW_History.csv
2002-11-12,113.04,cboe:SKEW_History.csv
2002-11-13,113.11,cboe:SKEW_History.csv
2002-11-14,112.96,cboe:SKEW_History.csv
2002-11-15,112.34,cboe:SKEW_History.csv
2002-11-18,113.6,cboe:SKEW_History.csv
2002-11-19,111.66,cboe:SKEW_History.csv
2002-11-20,114.64,cboe:SKEW_History.csv
2002-11-21,116.34,cboe:SKEW_History.csv
2002-11-22,114.24,cboe:SKEW_History.csv
2002-11-25,113.48,cboe:SKEW_History.csv
2002-11-26,113.07,cboe:SKEW_History.csv
2002-11-27,112.74,cboe:SKEW_History.csv
2002-11-29,112.45,cboe:SKEW_History.csv
2002-12-02,112.44,cboe:SKEW_History.csv
2002-12-03,111.89,cboe:SKEW_History.csv
2002-12-04,111.89,cboe:SKEW_History.csv
2002-12-05,112.28,cboe:SKEW_History.csv
2002-12-06,112.8,cboe:SKEW_History.csv
2002-12-09,111.03,cboe:SKEW_History.csv
2002-12-10,111.33,cboe:SKEW_History.csv
2002-12-11,111.48,cboe:SKEW_History.csv
2002-12-12,110.4,cboe:SKEW_History.csv
2002-12-13,111.8,cboe:SKEW_History.csv
2002-12-16,114.76,cboe:SKEW_History.csv
2002-12-17,112.25,cboe:SKEW_History.csv
2002-12-18,113.81,cboe:SKEW_History.csv
2002-12-19,115.69,cboe:SKEW_History.csv
2002-12-20,112.71,cboe:SKEW_History.csv
2002-12-23,111.79,cboe:SKEW_History.csv
2002-12-24,114.46,cboe:SKEW_History.csv
2002-12-26,114.31,cboe:SKEW_History.csv
2002-12-27,112.86,cboe:SKEW_History.csv
2002-12-30,114.85,cboe:SKEW_History.csv
2002-12-31,114.34,cboe:SKEW_History.csv
2003-01-02,116.22,cboe:SKEW_History.csv
2003-01-03,114.64,cboe:SKEW_History.csv
2003-01-06,113.04,cboe:SKEW_History.csv
2003-01-07,112.79,cboe:SKEW_History.csv
2003-01-08,112.16,cboe:SKEW_History.csv
2003-01-09,112.6,cboe:SKEW_History.csv
2003-01-10,112.8,cboe:SKEW_History.csv
2003-01-13,110.61,cboe:SKEW_History.csv
2003-01-14,114.01,cboe:SKEW_History.csv
2003-01-15,111.57,cboe:SKEW_History.csv
2003-01-16,114.0,cboe:SKEW_History.csv
2003-01-17,112.68,cboe:SKEW_History.csv
2003-01-21,112.81,cboe:SKEW_History.csv
2003-01-22,111.32,cboe:SKEW_History.csv
2003-01-23,110.55,cboe:SKEW_History.csv
2003-01-24,112.07,cboe:SKEW_History.csv
2003-01-27,111.31,cboe:SKEW_History.csv
2003-01-28,110.24,cboe:SKEW_History.csv
2003-01-29,109.72,cboe:SKEW_History.csv
2003-01-30,109.45,cboe:SKEW_History.csv
2003-01-31,109.2,cboe:SKEW_History.csv
2003-02-03,110.66,cboe:SKEW_History.csv
2003-02-04,109.7,cboe:SKEW_History.csv
2003-02-05,109.82,cboe:SKEW_History.csv
2003-02-06,110.81,cboe:SKEW_History.csv
2003-02-07,110.65,cboe:SKEW_History.csv
2003-02-10,111.44,cboe:SKEW_History.csv
2003-02-11,110.93,cboe:SKEW_History.csv
2003-02-12,110.74,cboe:SKEW_History.csv
2003-02-13,110.77,cboe:SKEW_History.csv
2003-02-14,111.31,cboe:SKEW_History.csv
2003-02-18,112.94,cboe:SKEW_History.csv
2003-02-19,112.91,cboe:SKEW_History.csv
2003-02-20,109.97,cboe:SKEW_History.csv
2003-02-21,110.47,cboe:SKEW_History.csv
2003-02-24,109.8,cboe:SKEW_History.csv
2003-02-25,110.3,cboe:SKEW_History.csv
2003-02-26,108.89,cboe:SKEW_History.csv
2003-02-27,109.72,cboe:SKEW_History.csv
2003-02-28,109.58,cboe:SKEW_History.csv
2003-03-03,109.41,cboe:SKEW_History.csv
2003-03-04,108.82,cboe:SKEW_History.csv
2003-03-05,108.68,cboe:SKEW_History.csv
2003-03-06,108.01,cboe:SKEW_History.csv
2003-03-07,107.42,cboe:SKEW_History.csv
2003-03-10,107.32,cboe:SKEW_History.csv
2003-03-11,106.89,cboe:SKEW_History.csv
2003-03-12,106.56,cboe:SKEW_History.csv
2003-03-13,107.08,cboe:SKEW_History.csv
2003-03-14,107.05,cboe:SKEW_History.csv
2003-03-17,109.46,cboe:SKEW_History.csv
2003-03-18,108.41,cboe:SKEW_History.csv
2003-03-19,109.1,cboe:SKEW_History.csv
2003-03-20,109.62,cboe:SKEW_History.csv
2003-03-21,110.18,cboe:SKEW_History.csv
2003-03-24,108.96,cboe:SKEW_History.csv
2003-03-25,109.65,cboe:SKEW_History.csv
2003-03-26,109.28,cboe:SKEW_History.csv
2003-03-27,109.17,cboe:SKEW_History.csv
2003-03-28,109.08,cboe:SKEW_History.csv
2003-03-31,108.78,cboe:SKEW_History.csv
2003-04-01,108.81,cboe:SKEW_History.csv
2003-04-02,108.5,cboe:SKEW_History.csv
2003-04-03,108.5,cboe:SKEW_History.csv
2003-04-04,108.16,cboe:SKEW_History.csv
2003-04-07,107.82,cboe:SKEW_History.csv
2003-04-08,108.85,cboe:SKEW_History.csv
2003-04-09,108.63,cboe:SKEW_History.csv
2003-04-10,107.46,cboe:SKEW_History.csv
2003-04-11,109.29,cboe:SKEW_History.csv
2003-04-14,111.44,cboe:SKEW_History.csv
2003-04-15,110.78,cboe:SKEW_History.csv
2003-04-16,111.12,cboe:SKEW_History.csv
2003-04-17,110.19,cboe:SKEW_History.csv
2003-04-21,110.8,cboe:SKEW_History.csv
2003-04-22,107.94,cboe:SKEW_History.csv
2003-04-23,110.94,cboe:SKEW_History.csv
2003-04-24,107.98,cboe:SKEW_History.csv
2003-04-25,109.71,cboe:SKEW_History.csv
2003-04-28,109.81,cboe:SKEW_History.csv
2003-04-29,109.58,cboe:SKEW_History.csv
2003-04-30,109.35,cboe:SKEW_History.csv
2003-05-01,109.37,cboe:SKEW_History.csv
2003-05-02,109.98,cboe:SKEW_History.csv
2003-05-05,110.73,cboe:SKEW_History.csv
2003-05-06,111.78,cboe:SKEW_History.csv
2003-05-07,109.79,cboe:SKEW_History.csv
2003-05-08,110.54,cboe:SKEW_History.csv
2003-05-09,112.21,cboe:SKEW_History.csv
2003-05-12,111.44,cboe:SKEW_History.csv
2003-05-13,111.48,cboe:SKEW_History.csv
2003-05-14,112.05,cboe:SKEW_History.csv
2003-05-15,111.77,cboe:SKEW_History.csv
2003-05-16,111.49,cboe:SKEW_History.csv
2003-05-19,111.0,cboe:SKEW_History.csv
2003-05-20,111.54,cboe:SKEW_History.csv
2003-05-21,111.68,cboe:SKEW_History.csv
2003-05-22,112.44,cboe:SKEW_History.csv
2003-05-23,112.98,cboe:SKEW_History.csv
2003-05-27,114.22,cboe:SKEW_History.csv
2003-05-28,113.01,cboe:SKEW_History.csv
2003-05-29,113.25,cboe:SKEW_History.csv
2003-05-30,111.43,cboe:SKEW_History.csv
2003-06-02,113.5,cboe:SKEW_History.csv
2003-06-03,113.65,cboe:SKEW_History.csv
2003-06-04,114.13,cboe:SKEW_History.csv
2003-06-05,114.31,cboe:SKEW_History.csv
2003-06-06,112.25,cboe:SKEW_History.csv
2003-06-09,111.44,cboe:SKEW_History.csv
2003-06-10,112.49,cboe:SKEW_History.csv
2003-06-11,112.2,cboe:SKEW_History.csv
2003-06-12,112.44,cboe:SKEW_History.csv
2003-06-13,109.79,cboe:SKEW_History.csv
2003-06-16,112.89,cboe:SKEW_History.csv
2003-06-17,111.33,cboe:SKEW_History.csv
2003-06-18,111.69,cboe:SKEW_History.csv
2003-06-19,113.12,cboe:SKEW_History.csv
2003-06-20,112.07,cboe:SKEW_History.csv
2003-06-23,112.54,cboe:SKEW_History.csv
2003-06-24,110.87,cboe:SKEW_History.csv
2003-06-25,110.77,cboe:SKEW_History.csv
2003-06-26,110.62,cboe:SKEW_History.csv
2003-06-27,111.7,cboe:SKEW_History.csv
2003-06-30,110.86,cboe:SKEW_History.csv
2003-07-01,113.01,cboe:SKEW_History.csv
2003-07-02,111.02,cboe:SKEW_History.csv
2003-07-03,110.42,cboe:SKEW_History.csv
2003-07-07,111.41,cboe:SKEW_History.csv
2003-07-08,111.15,cboe:SKEW_History.csv
2003-07-09,110.68,cboe:SKEW_History.csv
2003-07-10,109.21,cboe:SKEW_History.csv
2003-07-11,110.6,cboe:SKEW_History.csv
2003-07-14,109.51,cboe:SKEW_History.csv
2003-07-15,108.91,cboe:SKEW_History.csv
2003-07-16,109.7,cboe:SKEW_History.csv
2003-07-17,109.78,cboe:SKEW_History.csv
2003-07-18,109.7,cboe:SKEW_History.csv
2003-07-21,110.35,cboe:SKEW_History.csv
2003-07-22,110.15,cboe:SKEW_History.csv
2003-07-23,110.23,cboe:SKEW_History.csv
2003-07-24,108.89,cboe:SKEW_History.csv
2003-07-25,109.86,cboe:SKEW_History.csv
2003-07-28,110.17,cboe:SKEW_History.csv
2003-07-29,109.56,cboe:SKEW_History.csv
2003-07-30,108.64,cboe:SKEW_History.csv
2003-07-31,108.27,cboe:SKEW_History.csv
2003-08-01,109.63,cboe:SKEW_History.csv
2003-08-04,110.47,cboe:SKEW_History.csv
2003-08-05,109.14,cboe:SKEW_History.csv
2003-08-06,110.72,cboe:SKEW_History.csv
2003-08-07,113.17,cboe:SKEW_History.csv
2003-08-08,112.95,cboe:SKEW_History.csv
2003-08-11,113.67,cboe:SKEW_History.csv
2003-08-12,113.97,cboe:SKEW_History.csv
2003-08-13,112.7,cboe:SKEW_History.csv
2003-08-14,113.74,cboe:SKEW_History.csv
2003-08-15,114.74,cboe:SKEW_History.csv
2003-08-18,116.29,cboe:SKEW_History.csv
2003-08-19,116.03,cboe:SKEW_History.csv
2003-08-20,115.45,cboe:SKEW_History.csv
2003-08-21,115.66,cboe:SKEW_History.csv
2003-08-22,114.71,cboe:SKEW_History.csv
2003-08-25,114.57,cboe:SKEW_History.csv
2003-08-26,114.47,cboe:SKEW_History.csv
2003-08-27,114.65,cboe:SKEW_History.csv
2003-08-28,114.75,cboe:SKEW_History.csv
2003-08-29,114.6,cboe:SKEW_History.csv
2003-09-02,115.9,cboe:SKEW_History.csv
2003-09-03,114.61,cboe:SKEW_History.csv
2003-09-04,115.11,cboe:SKEW_History.csv
2003-09-05,114.99,cboe:SKEW_History.csv
2003-09-08,114.15,cboe:SKEW_History.csv
2003-09-09,114.64,cboe:SKEW_History.csv
2003-09-10,113.78,cboe:SKEW_History.csv
2003-09-11,113.17,cboe:SKEW_History.csv
2003-09-12,111.36,cboe:SKEW_History.csv
2003-09-15,113.52,cboe:SKEW_History.csv
2003-09-16,112.79,cboe:SKEW_History.csv
2003-09-17,113.22,cboe:SKEW_History.csv
2003-09-18,113.64,cboe:SKEW_History.csv
2003-09-19,113.35,cboe:SKEW_History.csv
2003-09-22,113.85,cboe:SKEW_History.csv
2003-09-23,114.43,cboe:SKEW_History.csv
2003-09-24,112.94,cboe:SKEW_History.csv
2003-09-25,111.97,cboe:SKEW_History.csv
2003-09-26,112.86,cboe:SKEW_History.csv
2003-09-29,113.94,cboe:SKEW_History.csv
2003-09-30,113.19,cboe:SKEW_History.csv
2003-10-01,114.57,cboe:SKEW_History.csv
2003-10-02,114.73,cboe:SKEW_History.csv
2003-10-03,113.31,cboe:SKEW_History.csv
2003-10-06,115.76,cboe:SKEW_History.csv
2003-10-07,115.57,cboe:SKEW_History.csv
2003-10-08,112.73,cboe:SKEW_History.csv
2003-10-09,112.7,cboe:SKEW_History.csv
2003-10-10,112.25,cboe:SKEW_History.csv
2003-10-13,114.64,cboe:SKEW_History.csv
2003-10-14,115.3,cboe:SKEW_History.csv
2003-10-15,115.79,cboe:SKEW_History.csv
2003-10-16,115.01,cboe:SKEW_History.csv
2003-10-17,112.38,cboe:SKEW_History.csv
2003-10-20,115.37,cboe:SKEW_History.csv
2003-10-22,113.46,cboe:SKEW_History.csv
2003-10-23,113.2,cboe:SKEW_History.csv
2003-10-24,117.51,cboe:SKEW_History.csv
2003-10-27,115.84,cboe:SKEW_History.csv
2003-10-29,117.71,cboe:SKEW_History.csv
2003-10-30,117.76,cboe:SKEW_History.csv
2003-10-31,116.53,cboe:SKEW_History.csv
2003-11-03,115.77,cboe:SKEW_History.csv
2003-11-04,115.94,cboe:SKEW_History.csv
2003-11-05,115.01,cboe:SKEW_History.csv
2003-11-06,117.23,cboe:SKEW_History.csv
2003-11-07,117.16,cboe:SKEW_History.csv
2003-11-10,116.39,cboe:SKEW_History.csv
2003-11-11,117.09,cboe:SKEW_History.csv
2003-11-12,118.07,cboe:SKEW_History.csv
2003-11-13,118.95,cboe:SKEW_History.csv
2003-11-14,119.26,cboe:SKEW_History.csv
2003-11-17,121.55,cboe:SKEW_History.csv
2003-11-18,116.92,cboe:SKEW_History.csv
2003-11-19,120.04,cboe:SKEW_History.csv
2003-11-20,119.72,cboe:SKEW_History.csv
2003-11-21,121.7,cboe:SKEW_History.csv
2003-11-24,123.6,cboe:SKEW_History.csv
2003-11-25,123.36,cboe:SKEW_History.csv
2003-11-26,126.0,cboe:SKEW_History.csv
2003-11-28,121.07,cboe:SKEW_History.csv
2003-12-01,123.03,cboe:SKEW_History.csv
2003-12-02,121.17,cboe:SKEW_History.csv
2003-12-03,118.51,cboe:SKEW_History.csv
2003-12-04,114.27,cboe:SKEW_History.csv
2003-12-05,120.11,cboe:SKEW_History.csv
2003-12-08,117.44,cboe:SKEW_History.csv
2003-12-09,120.14,cboe:SKEW_History.csv
2003-12-10,123.13,cboe:SKEW_History.csv
2003-12-11,124.85,cboe:SKEW_History.csv
2003-12-12,125.86,cboe:SKEW_History.csv
2003-12-15,125.66,cboe:SKEW_History.csv
2003-12-16,128.7,cboe:SKEW_History.csv
2003-12-17,127.73,cboe:SKEW_History.csv
2003-12-18,124.04,cboe:SKEW_History.csv
2003-12-19,123.58,cboe:SKEW_History.csv
2003-12-22,122.93,cboe:SKEW_History.csv
2003-12-23,123.77,cboe:SKEW_History.csv
2003-12-24,121.87,cboe:SKEW_History.csv
2003-12-26,124.12,cboe:SKEW_History.csv
2003-12-29,124.65,cboe:SKEW_History.csv
2003-12-30,123.67,cboe:SKEW_History.csv
2003-12-31,120.4,cboe:SKEW_History.csv
2004-01-02,123.23,cboe:SKEW_History.csv
2004-01-05,121.15,cboe:SKEW_History.csv
2004-01-06,125.19,cboe:SKEW_History.csv
2004-01-07,114.99,cboe:SKEW_History.csv
2004-01-08,119.91,cboe:SKEW_History.csv
2004-01-09,121.17,cboe:SKEW_History.csv
2004-01-12,122.06,cboe:SKEW_History.csv
2004-01-13,124.69,cboe:SKEW_History.csv
2004-01-14,123.09,cboe:SKEW_History.csv
2004-01-15,123.04,cboe:SKEW_History.csv
2004-01-16,125.75,cboe:SKEW_History.csv
2004-01-20,120.06,cboe:SKEW_History.csv
2004-01-21,118.37,cboe:SKEW_History.csv
2004-01-22,116.72,cboe:SKEW_History.csv
2004-01-23,115.47,cboe:SKEW_History.csv
2004-01-26,115.81,cboe:SKEW_History.csv
2004-01-27,113.81,cboe:SKEW_History.csv
2004-01-28,113.1,cboe:SKEW_History.csv
2004-01-29,112.91,cboe:SKEW_History.csv
2004-01-30,112.16,cboe:SKEW_History.csv
2004-02-02,114.29,cboe:SKEW_History.csv
2004-02-03,115.29,cboe:SKEW_History.csv
2004-02-04,113.76,cboe:SKEW_History.csv
2004-02-05,115.63,cboe:SKEW_History.csv
2004-02-06,115.09,cboe:SKEW_History.csv
2004-02-09,117.05,cboe:SKEW_History.csv
2004-02-10,118.87,cboe:SKEW_History.csv
2004-02-11,118.19,cboe:SKEW_History.csv
2004-02-12,118.33,cboe:SKEW_History.csv
2004-02-13,118.01,cboe:SKEW_History.csv
2004-02-17,117.77,cboe:SKEW_History.csv
2004-02-18,116.18,cboe:SKEW_History.csv
2004-02-19,115.73,cboe:SKEW_History.csv
2004-02-20,117.94,cboe:SKEW_History.csv
2004-02-23,115.84,cboe:SKEW_History.csv
2004-02-24,116.66,cboe:SKEW_History.csv
2004-02-25,115.38,cboe:SKEW_History.csv
2004-02-26,115.18,cboe:SKEW_History.csv
2004-02-27,111.88,cboe:SKEW_History.csv
2004-03-01,115.71,cboe:SKEW_History.csv
2004-03-02,117.8,cboe:SKEW_History.csv
2004-03-03,115.56,cboe:SKEW_History.csv
2004-03-04,115.24,cboe:SKEW_History.csv
2004-03-05,117.95,cboe:SKEW_History.csv
2004-03-08,114.17,cboe:SKEW_History.csv
2004-03-09,115.74,cboe:SKEW_History.csv
2004-03-10,114.04,cboe:SKEW_History.csv
2004-03-11,111.39,cboe:SKEW_History.csv
2004-03-12,118.67,cboe:SKEW_History.csv
2004-03-15,113.45,cboe:SKEW_History.csv
2004-03-16,116.97,cboe:SKEW_History.csv
2004-03-17,120.41,cboe:SKEW_History.csv
2004-03-18,122.36,cboe:SKEW_History.csv
2004-03-19,118.53,cboe:SKEW_History.csv
2004-03-22,117.56,cboe:SKEW_History.csv
2004-03-23,120.85,cboe:SKEW_History.csv
2004-03-24,118.37,cboe:SKEW_History.csv
2004-03-25,119.79,cboe:SKEW_History.csv
2004-03-26,121.16,cboe:SKEW_History.csv
2004-03-29,118.42,cboe:SKEW_History.csv
2004-03-30,120.28,cboe:SKEW_History.csv
2004-03-31,115.87,cboe:SKEW_History.csv
2004-04-01,119.53,cboe:SKEW_History.csv
2004-04-02,121.81,cboe:SKEW_History.csv
2004-04-05,123.2,cboe:SKEW_History.csv
2004-04-06,120.47,cboe:SKEW_History.csv
2004-04-07,119.76,cboe:SKEW_History.csv
2004-04-08,121.42,cboe:SKEW_History.csv
2004-04-12,118.1,cboe:SKEW_History.csv
2004-04-13,124.34,cboe:SKEW_History.csv
2004-04-14,118.61,cboe:SKEW_History.csv
2004-04-15,119.94,cboe:SKEW_History.csv
2004-04-16,121.27,cboe:SKEW_History.csv
2004-04-19,121.14,cboe:SKEW_History.csv
2004-04-20,116.03,cboe:SKEW_History.csv
2004-04-21,116.99,cboe:SKEW_History.csv
2004-04-22,117.88,cboe:SKEW_History.csv
2004-04-23,118.31,cboe:SKEW_History.csv
2004-04-26,116.89,cboe:SKEW_History.csv
2004-04-27,116.68,cboe:SKEW_History.csv
2004-04-28,114.77,cboe:SKEW_History.csv
2004-04-29,112.31,cboe:SKEW_History.csv
2004-04-30,111.76,cboe:SKEW_History.csv
2004-05-03,113.2,cboe:SKEW_History.csv
2004-05-04,113.57,cboe:SKEW_History.csv
2004-05-05,113.76,cboe:SKEW_History.csv
2004-05-06,112.67,cboe:SKEW_History.csv
2004-05-07,111.52,cboe:SKEW_History.csv
2004-05-10,115.39,cboe:SKEW_History.csv
2004-05-11,114.67,cboe:SKEW_History.csv
2004-05-12,115.67,cboe:SKEW_History.csv
2004-05-13,114.9,cboe:SKEW_History.csv
2004-05-14,114.9,cboe:SKEW_History.csv
2004-05-17,114.84,cboe:SKEW_History.csv
2004-05-18,116.98,cboe:SKEW_History.csv
2004-05-19,117.25,cboe:SKEW_History.csv
2004-05-20,117.4,cboe:SKEW_History.csv
2004-05-21,116.07,cboe:SKEW_History.csv
2004-05-24,116.6,cboe:SKEW_History.csv
2004-05-25,116.48,cboe:SKEW_History.csv
2004-05-26,118.54,cboe:SKEW_History.csv
2004-05-27,119.98,cboe:SKEW_History.csv
2004-05-28,118.47,cboe:SKEW_History.csv
2004-06-01,120.81,cboe:SKEW_History.csv
2004-06-02,121.23,cboe:SKEW_History.csv
2004-06-03,116.75,cboe:SKEW_History.csv
2004-06-04,122.92,cboe:SKEW_History.csv
2004-06-07,123.64,cboe:SKEW_History.csv
2004-06-08,128.86,cboe:SKEW_History.csv
2004-06-09,123.99,cboe:SKEW_History.csv
2004-06-10,134.23,cboe:SKEW_History.csv
2004-06-14,124.86,cboe:SKEW_History.csv
2004-06-15,127.09,cboe:SKEW_History.csv
2004-06-16,125.64,cboe:SKEW_History.csv
2004-06-17,123.06,cboe:SKEW_History.csv
2004-06-18,121.96,cboe:SKEW_History.csv
2004-06-21,122.29,cboe:SKEW_History.csv
2004-06-22,121.54,cboe:SKEW_History.csv
2004-06-23,123.44,cboe:SKEW_History.csv
2004-06-24,121.12,cboe:SKEW_History.csv
2004-06-25,119.15,cboe:SKEW_History.csv
2004-06-28,118.62,cboe:SKEW_History.csv
2004-06-29,117.96,cboe:SKEW_History.csv
2004-06-30,118.62,cboe:SKEW_History.csv
2004-07-01,117.99,cboe:SKEW_History.csv
2004-07-02,117.92,cboe:SKEW_History.csv
2004-07-06,116.9,cboe:SKEW_History.csv
2004-07-07,118.86,cboe:SKEW_History.csv
2004-07-08,114.23,cboe:SKEW_History.csv
2004-07-09,115.32,cboe:SKEW_History.csv
2004-07-12,119.97,cboe:SKEW_History.csv
2004-07-13,121.25,cboe:SKEW_History.csv
2004-07-14,115.3,cboe:SKEW_History.csv
2004-07-15,117.12,cboe:SKEW_History.csv
2004-07-16,120.52,cboe:SKEW_History.csv
2004-07-19,123.42,cboe:SKEW_History.csv
2004-07-20,125.86,cboe:SKEW_History.csv
2004-07-21,116.85,cboe:SKEW_History.csv
2004-07-22,118.15,cboe:SKEW_History.csv
2004-07-23,117.91,cboe:SKEW_History.csv
2004-07-26,116.78,cboe:SKEW_History.csv
2004-07-27,117.8,cboe:SKEW_History.csv
2004-07-28,118.95,cboe:SKEW_History.csv
2004-07-29,119.0,cboe:SKEW_History.csv
2004-07-30,116.13,cboe:SKEW_History.csv
2004-08-02,119.69,cboe:SKEW_History.csv
2004-08-03,118.28,cboe:SKEW_History.csv
2004-08-04,120.04,cboe:SKEW_History.csv
2004-08-05,117.88,cboe:SKEW_History.csv
2004-08-06,117.55,cboe:SKEW_History.csv
2004-08-09,117.62,cboe:SKEW_History.csv
2004-08-10,119.62,cboe:SKEW_History.csv
2004-08-11,121.73,cboe:SKEW_History.csv
2004-08-12,117.65,cboe:SKEW_History.csv
2004-08-13,117.9,cboe:SKEW_History.csv
2004-08-16,122.56,cboe:SKEW_History.csv
2004-08-17,120.09,cboe:SKEW_History.csv
2004-08-18,119.5,cboe:SKEW_History.csv
2004-08-19,120.3,cboe:SKEW_History.csv
2004-08-20,120.67,cboe:SKEW_History.csv
2004-08-23,120.01,cboe:SKEW_History.csv
2004-08-24,119.79,cboe:SKEW_History.csv
2004-08-25,120.97,cboe:SKEW_History.csv
2004-08-26,119.05,cboe:SKEW_History.csv
2004-08-27,118.7,cboe:SKEW_History.csv
2004-08-30,117.71,cboe:SKEW_History.csv
2004-08-31,118.73,cboe:SKEW_History.csv
2004-09-01,119.17,cboe:SKEW_History.csv
2004-09-02,122.2,cboe:SKEW_History.csv
2004-09-03,122.27,cboe:SKEW_History.csv
2004-09-07,122.16,cboe:SKEW_History.csv
2004-09-08,122.49,cboe:SKEW_History.csv
2004-09-09,125.92,cboe:SKEW_History.csv
2004-09-10,128.33,cboe:SKEW_History.csv
2004-09-13,120.47,cboe:SKEW_History.csv
2004-09-14,127.52,cboe:SKEW_History.csv
2004-09-15,125.5,cboe:SKEW_History.csv
2004-09-16,120.13,cboe:SKEW_History.csv
2004-09-17,117.16,cboe:SKEW_History.csv
2004-09-20,125.15,cboe:SKEW_History.csv
2004-09-21,123.7,cboe:SKEW_History.csv
2004-09-22,123.18,cboe:SKEW_History.csv
2004-09-23,118.27,cboe:SKEW_History.csv
2004-09-24,124.86,cboe:SKEW_History.csv
2004-09-27,122.5,cboe:SKEW_History.csv
2004-09-28,121.25,cboe:SKEW_History.csv
2004-09-29,118.4,cboe:SKEW_History.csv
2004-09-30,117.56,cboe:SKEW_History.csv
2004-10-01,120.66,cboe:SKEW_History.csv
2004-10-04,117.69,cboe:SKEW_History.csv
2004-10-05,118.8,cboe:SKEW_History.csv
2004-10-06,117.45,cboe:SKEW_History.csv
2004-10-07,116.56,cboe:SKEW_History.csv
2004-10-08,117.1,cboe:SKEW_History.csv
2004-10-11,122.4,cboe:SKEW_History.csv
2004-10-12,119.6,cboe:SKEW_History.csv
2004-10-13,116.25,cboe:SKEW_History.csv
2004-10-14,114.85,cboe:SKEW_History.csv
2004-10-15,116.72,cboe:SKEW_History.csv
2004-10-18,116.43,cboe:SKEW_History.csv
2004-10-19,116.09,cboe:SKEW_History.csv
2004-10-20,114.75,cboe:SKEW_History.csv
2004-10-21,115.52,cboe:SKEW_History.csv
2004-10-22,114.41,cboe:SKEW_History.csv
2004-10-25,114.19,cboe:SKEW_History.csv
2004-10-26,114.31,cboe:SKEW_History.csv
2004-10-27,116.27,cboe:SKEW_History.csv
2004-10-28,116.73,cboe:SKEW_History.csv
2004-10-29,116.04,cboe:SKEW_History.csv
2004-11-01,116.74,cboe:SKEW_History.csv
2004-11-02,114.08,cboe:SKEW_History.csv
2004-11-03,118.26,cboe:SKEW_History.csv
2004-11-04,117.47,cboe:SKEW_History.csv
2004-11-05,116.36,cboe:SKEW_History.csv
2004-11-08,111.51,cboe:SKEW_History.csv
2004-11-09,113.33,cboe:SKEW_History.csv
2004-11-10,111.03,cboe:SKEW_History.csv
2004-11-11,109.39,cboe:SKEW_History.csv
2004-11-12,111.91,cboe:SKEW_History.csv
2004-11-15,111.26,cboe:SKEW_History.csv
2004-11-16,110.01,cboe:SKEW_History.csv
2004-11-17,109.56,cboe:SKEW_History.csv
2004-11-18,110.42,cboe:SKEW_History.csv
2004-11-19,111.59,cboe:SKEW_History.csv
2004-11-22,111.41,cboe:SKEW_History.csv
2004-11-23,108.42,cboe:SKEW_History.csv
2004-11-24,114.51,cboe:SKEW_History.csv
2004-11-26,111.53,cboe:SKEW_History.csv
2004-11-29,111.27,cboe:SKEW_History.csv
2004-11-30,108.85,cboe:SKEW_History.csv
2004-12-01,111.46,cboe:SKEW_History.csv
2004-12-02,111.76,cboe:SKEW_History.csv
2004-12-03,114.02,cboe:SKEW_History.csv
2004-12-06,113.07,cboe:SKEW_History.csv
2004-12-07,110.52,cboe:SKEW_History.csv
2004-12-08,109.73,cboe:SKEW_History.csv
2004-12-09,111.0,cboe:SKEW_History.csv
2004-12-10,113.86,cboe:SKEW_History.csv
2004-12-13,115.55,cboe:SKEW_History.csv
2004-12-14,117.0,cboe:SKEW_History.csv
2004-12-15,117.3,cboe:SKEW_History.csv
2004-12-16,120.27,cboe:SKEW_History.csv
2004-12-17,117.95,cboe:SKEW_History.csv
2004-12-20,116.96,cboe:SKEW_History.csv
2004-12-21,119.41,cboe:SKEW_History.csv
2004-12-22,116.1,cboe:SKEW_History.csv
2004-12-23,117.81,cboe:SKEW_History.csv
2004-12-27,115.03,cboe:SKEW_History.csv
2004-12-28,114.27,cboe:SKEW_History.csv
2004-12-29,115.17,cboe:SKEW_History.csv
2004-12-30,116.67,cboe:SKEW_History.csv
2004-12-31,116.01,cboe:SKEW_History.csv
2005-01-03,118.38,cboe:SKEW_History.csv
2005-01-04,116.03,cboe:SKEW_History.csv
2005-01-05,114.72,cboe:SKEW_History.csv
2005-01-06,114.15,cboe:SKEW_History.csv
2005-01-07,114.95,cboe:SKEW_History.csv
2005-01-10,116.92,cboe:SKEW_History.csv
2005-01-11,115.29,cboe:SKEW_History.csv
2005-01-12,110.89,cboe:SKEW_History.csv
2005-01-13,112.57,cboe:SKEW_History.csv
2005-01-14,117.02,cboe:SKEW_History.csv
2005-01-18,117.55,cboe:SKEW_History.csv
2005-01-19,115.4,cboe:SKEW_History.csv
2005-01-20,115.37,cboe:SKEW_History.csv
2005-01-21,123.58,cboe:SKEW_History.csv
2005-01-24,120.1,cboe:SKEW_History.csv
2005-01-25,121.29,cboe:SKEW_History.csv
2005-01-26,121.28,cboe:SKEW_History.csv
2005-01-27,125.01,cboe:SKEW_History.csv
2005-01-28,119.22,cboe:SKEW_History.csv
2005-01-31,119.87,cboe:SKEW_History.csv
2005-02-01,119.92,cboe:SKEW_History.csv
2005-02-02,121.2,cboe:SKEW_History.csv
2005-02-03,118.52,cboe:SKEW_History.csv
2005-02-04,123.18,cboe:SKEW_History.csv
2005-02-07,119.47,cboe:SKEW_History.csv
2005-02-08,120.75,cboe:SKEW_History.csv
2005-02-09,118.59,cboe:SKEW_History.csv
2005-02-10,119.71,cboe:SKEW_History.csv
2005-02-11,123.73,cboe:SKEW_History.csv
2005-02-14,118.9,cboe:SKEW_History.csv
2005-02-15,121.3,cboe:SKEW_History.csv
2005-02-16,122.1,cboe:SKEW_History.csv
2005-02-17,123.75,cboe:SKEW_History.csv
2005-02-18,127.87,cboe:SKEW_History.csv
2005-02-22,124.5,cboe:SKEW_History.csv
2005-02-23,126.82,cboe:SKEW_History.csv
2005-02-24,125.33,cboe:SKEW_History.csv
2005-02-25,126.89,cboe:SKEW_History.csv
2005-02-28,119.82,cboe:SKEW_History.csv
2005-03-01,118.15,cboe:SKEW_History.csv
2005-03-02,116.6,cboe:SKEW_History.csv
2005-03-03,122.87,cboe:SKEW_History.csv
2005-03-04,121.98,cboe:SKEW_History.csv
2005-03-07,123.86,cboe:SKEW_History.csv
2005-03-08,127.25,cboe:SKEW_History.csv
2005-03-09,115.85,cboe:SKEW_History.csv
2005-03-10,118.5,cboe:SKEW_History.csv
2005-03-11,114.64,cboe:SKEW_History.csv
2005-03-14,113.03,cboe:SKEW_History.csv
2005-03-15,115.41,cboe:SKEW_History.csv
2005-03-16,112.82,cboe:SKEW_History.csv
2005-03-17,115.02,cboe:SKEW_History.csv
2005-03-18,121.75,cboe:SKEW_History.csv
2005-03-21,117.72,cboe:SKEW_History.csv
2005-03-22,117.15,cboe:SKEW_History.csv
2005-03-23,116.35,cboe:SKEW_History.csv
2005-03-24,119.08,cboe:SKEW_History.csv
2005-03-28,114.21,cboe:SKEW_History.csv
2005-03-29,117.21,cboe:SKEW_History.csv
2005-03-30,117.36,cboe:SKEW_History.csv
2005-03-31,118.51,cboe:SKEW_History.csv
2005-04-01,116.28,cboe:SKEW_History.csv
2005-04-04,117.6,cboe:SKEW_History.csv
2005-04-05,118.07,cboe:SKEW_History.csv
2005-04-06,115.82,cboe:SKEW_History.csv
2005-04-07,115.81,cboe:SKEW_History.csv
2005-04-08,114.01,cboe:SKEW_History.csv
2005-04-11,112.55,cboe:SKEW_History.csv
2005-04-12,111.18,cboe:SKEW_History.csv
2005-04-13,121.01,cboe:SKEW_History.csv
2005-04-14,115.82,cboe:SKEW_History.csv
2005-04-15,120.41,cboe:SKEW_History.csv
2005-04-18,117.85,cboe:SKEW_History.csv
2005-04-19,121.86,cboe:SKEW_History.csv
2005-04-20,119.97,cboe:SKEW_History.csv
2005-04-21,122.8,cboe:SKEW_History.csv
2005-04-22,120.59,cboe:SKEW_History.csv
2005-04-25,121.68,cboe:SKEW_History.csv
2005-04-26,118.98,cboe:SKEW_History.csv
2005-04-27,123.91,cboe:SKEW_History.csv
2005-04-28,117.28,cboe:SKEW_History.csv
2005-04-29,116.12,cboe:SKEW_History.csv
2005-05-02,119.44,cboe:SKEW_History.csv
2005-05-03,118.29,cboe:SKEW_History.csv
2005-05-04,120.47,cboe:SKEW_History.csv
2005-05-05,122.82,cboe:SKEW_History.csv
2005-05-06,119.54,cboe:SKEW_History.csv
2005-05-09,119.57,cboe:SKEW_History.csv
2005-05-10,117.85,cboe:SKEW_History.csv
2005-05-11,120.91,cboe:SKEW_History.csv
2005-05-12,117.85,cboe:SKEW_History.csv
2005-05-13,118.22,cboe:SKEW_History.csv
2005-05-16,125.22,cboe:SKEW_History.csv
2005-05-17,122.02,cboe:SKEW_History.csv
2005-05-18,125.16,cboe:SKEW_History.csv
2005-05-19,127.39,cboe:SKEW_History.csv
2005-05-20,128.09,cboe:SKEW_History.csv
2005-05-23,131.23,cboe:SKEW_History.csv
2005-05-24,130.79,cboe:SKEW_History.csv
2005-05-25,128.6,cboe:SKEW_History.csv
2005-05-26,129.17,cboe:SKEW_History.csv
2005-05-27,125.92,cboe:SKEW_History.csv
2005-05-31,120.56,cboe:SKEW_History.csv
2005-06-01,127.65,cboe:SKEW_History.csv
2005-06-02,127.81,cboe:SKEW_History.csv
2005-06-03,123.59,cboe:SKEW_History.csv
2005-06-06,122.68,cboe:SKEW_History.csv
2005-06-07,118.38,cboe:SKEW_History.csv
2005-06-08,121.36,cboe:SKEW_History.csv
2005-06-09,118.89,cboe:SKEW_History.csv
2005-06-10,118.48,cboe:SKEW_History.csv
2005-06-13,117.06,cboe:SKEW_History.csv
2005-06-14,120.13,cboe:SKEW_History.csv
2005-06-15,118.55,cboe:SKEW_History.csv
2005-06-16,119.11,cboe:SKEW_History.csv
2005-06-17,119.51,cboe:SKEW_History.csv
2005-06-20,121.29,cboe:SKEW_History.csv
2005-06-21,123.75,cboe:SKEW_History.csv
2005-06-22,123.98,cboe:SKEW_History.csv
2005-06-23,118.55,cboe:SKEW_History.csv
2005-06-24,115.92,cboe:SKEW_History.csv
2005-06-27,118.02,cboe:SKEW_History.csv
2005-06-28,119.31,cboe:SKEW_History.csv
2005-06-29,118.46,cboe:SKEW_History.csv
2005-06-30,118.19,cboe:SKEW_History.csv
2005-07-01,123.58,cboe:SKEW_History.csv
2005-07-05,123.74,cboe:SKEW_History.csv
2005-07-06,121.08,cboe:SKEW_History.csv
2005-07-07,121.98,cboe:SKEW_History.csv
2005-07-08,125.02,cboe:SKEW_History.csv
2005-07-11,121.16,cboe:SKEW_History.csv
2005-07-12,114.08,cboe:SKEW_History.csv
2005-07-13,117.08,cboe:SKEW_History.csv
2005-07-14,122.32,cboe:SKEW_History.csv
2005-07-15,122.48,cboe:SKEW_History.csv
2005-07-18,120.34,cboe:SKEW_History.csv
2005-07-19,122.06,cboe:SKEW_History.csv
2005-07-20,119.56,cboe:SKEW_History.csv
2005-07-21,118.17,cboe:SKEW_History.csv
2005-07-22,123.71,cboe:SKEW_History.csv
2005-07-25,124.87,cboe:SKEW_History.csv
2005-07-26,128.46,cboe:SKEW_History.csv
2005-07-27,123.21,cboe:SKEW_History.csv
2005-07-28,122.62,cboe:SKEW_History.csv
2005-07-29,121.3,cboe:SKEW_History.csv
2005-08-01,122.04,cboe:SKEW_History.csv
2005-08-02,124.73,cboe:SKEW_History.csv
2005-08-03,126.6,cboe:SKEW_History.csv
2005-08-04,123.18,cboe:SKEW_History.csv
2005-08-05,124.87,cboe:SKEW_History.csv
2005-08-08,125.0,cboe:SKEW_History.csv
2005-08-09,129.16,cboe:SKEW_History.csv
2005-08-10,124.07,cboe:SKEW_History.csv
2005-08-11,126.87,cboe:SKEW_History.csv
2005-08-12,130.28,cboe:SKEW_History.csv
2005-08-15,121.1,cboe:SKEW_History.csv
2005-08-16,124.23,cboe:SKEW_History.csv
2005-08-17,126.12,cboe:SKEW_History.csv
2005-08-18,126.88,cboe:SKEW_History.csv
2005-08-19,131.42,cboe:SKEW_History.csv
2005-08-22,128.65,cboe:SKEW_History.csv
2005-08-23,128.47,cboe:SKEW_History.csv
2005-08-24,129.26,cboe:SKEW_History.csv
2005-08-25,133.49,cboe:SKEW_History.csv
2005-08-26,135.54,cboe:SKEW_History.csv
2005-08-29,136.64,cboe:SKEW_History.csv
2005-08-30,127.27,cboe:SKEW_History.csv
2005-08-31,122.61,cboe:SKEW_History.csv
2005-09-01,123.96,cboe:SKEW_History.csv
2005-09-02,124.85,cboe:SKEW_History.csv
2005-09-06,124.65,cboe:SKEW_History.csv
2005-09-07,122.84,cboe:SKEW_History.csv
2005-09-08,121.89,cboe:SKEW_History.csv
2005-09-09,124.37,cboe:SKEW_History.csv
2005-09-12,122.2,cboe:SKEW_History.csv
2005-09-13,120.11,cboe:SKEW_History.csv
2005-09-14,126.3,cboe:SKEW_History.csv
2005-09-15,125.0,cboe:SKEW_History.csv
2005-09-16,122.94,cboe:SKEW_History.csv
2005-09-19,123.85,cboe:SKEW_History.csv
2005-09-20,121.28,cboe:SKEW_History.csv
2005-09-21,120.4,cboe:SKEW_History.csv
2005-09-22,121.85,cboe:SKEW_History.csv
2005-09-23,122.16,cboe:SKEW_History.csv
2005-09-26,123.44,cboe:SKEW_History.csv
2005-09-27,121.38,cboe:SKEW_History.csv
2005-09-28,121.45,cboe:SKEW_History.csv
2005-09-29,123.99,cboe:SKEW_History.csv
2005-09-30,115.23,cboe:SKEW_History.csv
2005-10-03,124.35,cboe:SKEW_History.csv
2005-10-04,116.57,cboe:SKEW_History.csv
2005-10-05,114.11,cboe:SKEW_History.csv
2005-10-06,115.19,cboe:SKEW_History.csv
2005-10-07,117.01,cboe:SKEW_History.csv
2005-10-10,117.14,cboe:SKEW_History.csv
2005-10-11,117.99,cboe:SKEW_History.csv
2005-10-12,117.83,cboe:SKEW_History.csv
2005-10-13,117.82,cboe:SKEW_History.csv
2005-10-14,121.73,cboe:SKEW_History.csv
2005-10-17,122.73,cboe:SKEW_History.csv
2005-10-18,120.57,cboe:SKEW_History.csv
2005-10-19,115.27,cboe:SKEW_History.csv
2005-10-20,122.32,cboe:SKEW_History.csv
2005-10-21,121.19,cboe:SKEW_History.csv
2005-10-24,126.31,cboe:SKEW_History.csv
2005-10-25,124.62,cboe:SKEW_History.csv
2005-10-26,122.83,cboe:SKEW_History.csv
2005-10-27,121.33,cboe:SKEW_History.csv
2005-10-28,118.18,cboe:SKEW_History.csv
2005-10-31,122.5,cboe:SKEW_History.csv
2005-11-01,126.11,cboe:SKEW_History.csv
2005-11-02,121.02,cboe:SKEW_History.csv
2005-11-03,122.41,cboe:SKEW_History.csv
2005-11-04,121.77,cboe:SKEW_History.csv
2005-11-07,120.03,cboe:SKEW_History.csv
2005-11-08,122.33,cboe:SKEW_History.csv
2005-11-09,122.56,cboe:SKEW_History.csv
2005-11-10,122.96,cboe:SKEW_History.csv
2005-11-11,123.85,cboe:SKEW_History.csv
2005-11-14,125.85,cboe:SKEW_History.csv
2005-11-15,120.09,cboe:SKEW_History.csv
2005-11-16,125.41,cboe:SKEW_History.csv
2005-11-17,123.13,cboe:SKEW_History.csv
2005-11-18,129.47,cboe:SKEW_History.csv
2005-11-21,125.08,cboe:SKEW_History.csv
2005-11-22,122.0,cboe:SKEW_History.csv
2005-11-23,123.31,cboe:SKEW_History.csv
2005-11-25,114.92,cboe:SKEW_History.csv
2005-11-28,120.22,cboe:SKEW_History.csv
2005-11-29,120.69,cboe:SKEW_History.csv
2005-11-30,114.81,cboe:SKEW_History.csv
2005-12-01,123.16,cboe:SKEW_History.csv
2005-12-02,123.75,cboe:SKEW_History.csv
2005-12-05,122.8,cboe:SKEW_History.csv
2005-12-06,117.12,cboe:SKEW_History.csv
2005-12-07,121.98,cboe:SKEW_History.csv
2005-12-08,122.91,cboe:SKEW_History.csv
2005-12-09,121.45,cboe:SKEW_History.csv
2005-12-12,119.42,cboe:SKEW_History.csv
2005-12-13,128.59,cboe:SKEW_History.csv
2005-12-14,119.26,cboe:SKEW_History.csv
2005-12-15,124.63,cboe:SKEW_History.csv
2005-12-16,120.8,cboe:SKEW_History.csv
2005-12-19,120.07,cboe:SKEW_History.csv
2005-12-20,122.6,cboe:SKEW_History.csv
2005-12-21,117.88,cboe:SKEW_History.csv
2005-12-22,118.81,cboe:SKEW_History.csv
2005-12-23,120.14,cboe:SKEW_History.csv
2005-12-27,115.3,cboe:SKEW_History.csv
2005-12-28,115.27,cboe:SKEW_History.csv
2005-12-29,115.78,cboe:SKEW_History.csv
2005-12-30,113.0,cboe:SKEW_History.csv
2006-01-03,114.0,cboe:SKEW_History.csv
2006-01-04,114.08,cboe:SKEW_History.csv
2006-01-05,113.75,cboe:SKEW_History.csv
2006-01-06,117.3,cboe:SKEW_History.csv
2006-01-09,115.09,cboe:SKEW_History.csv
2006-01-10,116.79,cboe:SKEW_History.csv
2006-01-11,119.5,cboe:SKEW_History.csv
2006-01-12,118.62,cboe:SKEW_History.csv
2006-01-13,119.14,cboe:SKEW_History.csv
2006-01-17,115.04,cboe:SKEW_History.csv
2006-01-18,115.02,cboe:SKEW_History.csv
2006-01-19,117.55,cboe:SKEW_History.csv
2006-01-20,123.55,cboe:SKEW_History.csv
2006-01-23,126.59,cboe:SKEW_History.csv
2006-01-24,128.73,cboe:SKEW_History.csv
2006-01-25,123.06,cboe:SKEW_History.csv
2006-01-26,126.34,cboe:SKEW_History.csv
2006-01-27,127.59,cboe:SKEW_History.csv
2006-01-30,120.13,cboe:SKEW_History.csv
2006-01-31,120.99,cboe:SKEW_History.csv
2006-02-01,117.8,cboe:SKEW_History.csv
2006-02-02,116.98,cboe:SKEW_History.csv
2006-02-03,116.84,cboe:SKEW_History.csv
2006-02-06,119.37,cboe:SKEW_History.csv
2006-02-07,116.92,cboe:SKEW_History.csv
2006-02-08,119.49,cboe:SKEW_History.csv
2006-02-09,119.31,cboe:SKEW_History.csv
2006-02-10,120.19,cboe:SKEW_History.csv
2006-02-13,120.7,cboe:SKEW_History.csv
2006-02-14,119.3,cboe:SKEW_History.csv
2006-02-15,126.44,cboe:SKEW_History.csv
2006-02-16,128.99,cboe:SKEW_History.csv
2006-02-17,133.88,cboe:SKEW_History.csv
2006-02-21,128.57,cboe:SKEW_History.csv
2006-02-22,130.03,cboe:SKEW_History.csv
2006-02-23,127.08,cboe:SKEW_History.csv
2006-02-24,128.56,cboe:SKEW_History.csv
2006-02-27,123.53,cboe:SKEW_History.csv
2006-02-28,124.61,cboe:SKEW_History.csv
2006-03-01,124.25,cboe:SKEW_History.csv
2006-03-02,123.3,cboe:SKEW_History.csv
2006-03-03,121.87,cboe:SKEW_History.csv
2006-03-06,116.6,cboe:SKEW_History.csv
2006-03-07,116.21,cboe:SKEW_History.csv
2006-03-08,117.21,cboe:SKEW_History.csv
2006-03-09,114.2,cboe:SKEW_History.csv
2006-03-10,116.21,cboe:SKEW_History.csv
2006-03-13,116.54,cboe:SKEW_History.csv
2006-03-14,114.43,cboe:SKEW_History.csv
2006-03-15,119.12,cboe:SKEW_History.csv
2006-03-16,142.02,cboe:SKEW_History.csv
2006-03-17,130.06,cboe:SKEW_History.csv
2006-03-20,124.39,cboe:SKEW_History.csv
2006-03-21,120.69,cboe:SKEW_History.csv
2006-03-22,121.7,cboe:SKEW_History.csv
2006-03-23,119.23,cboe:SKEW_History.csv
2006-03-24,124.34,cboe:SKEW_History.csv
2006-03-27,118.23,cboe:SKEW_History.csv
2006-03-28,118.71,cboe:SKEW_History.csv
2006-03-29,117.94,cboe:SKEW_History.csv
2006-03-30,116.77,cboe:SKEW_History.csv
2006-03-31,115.72,cboe:SKEW_History.csv
2006-04-03,115.48,cboe:SKEW_History.csv
2006-04-04,117.06,cboe:SKEW_History.csv
2006-04-05,117.1,cboe:SKEW_History.csv
2006-04-06,118.03,cboe:SKEW_History.csv
2006-04-07,115.7,cboe:SKEW_History.csv
2006-04-10,116.51,cboe:SKEW_History.csv
2006-04-11,113.56,cboe:SKEW_History.csv
2006-04-12,115.71,cboe:SKEW_History.csv
2006-04-13,117.99,cboe:SKEW_History.csv
2006-04-17,113.56,cboe:SKEW_History.csv
2006-04-18,116.74,cboe:SKEW_History.csv
2006-04-19,121.7,cboe:SKEW_History.csv
2006-04-20,130.0,cboe:SKEW_History.csv
2006-04-21,122.05,cboe:SKEW_History.csv
2006-04-24,128.77,cboe:SKEW_History.csv
2006-04-25,129.66,cboe:SKEW_History.csv
2006-04-26,126.14,cboe:SKEW_History.csv
2006-04-27,129.21,cboe:SKEW_History.csv
2006-04-28,125.2,cboe:SKEW_History.csv
2006-05-01,129.67,cboe:SKEW_History.csv
2006-05-02,124.01,cboe:SKEW_History.csv
2006-05-03,127.46,cboe:SKEW_History.csv
2006-05-04,125.86,cboe:SKEW_History.csv
2006-05-05,128.06,cboe:SKEW_History.csv
2006-05-08,125.25,cboe:SKEW_History.csv
2006-05-09,123.02,cboe:SKEW_History.csv
2006-05-10,119.62,cboe:SKEW_History.csv
2006-05-11,120.68,cboe:SKEW_History.csv
2006-05-12,123.21,cboe:SKEW_History.csv
2006-05-15,121.86,cboe:SKEW_History.csv
2006-05-16,130.15,cboe:SKEW_History.csv
2006-05-17,121.87,cboe:SKEW_History.csv
2006-05-18,123.09,cboe:SKEW_History.csv
2006-05-19,136.93,cboe:SKEW_History.csv
2006-05-22,126.15,cboe:SKEW_History.csv
2006-05-23,125.15,cboe:SKEW_History.csv
2006-05-24,127.4,cboe:SKEW_History.csv
2006-05-25,132.35,cboe:SKEW_History.csv
2006-05-26,128.5,cboe:SKEW_History.csv
2006-05-30,122.67,cboe:SKEW_History.csv
2006-05-31,121.97,cboe:SKEW_History.csv
2006-06-01,128.02,cboe:SKEW_History.csv
2006-06-02,127.02,cboe:SKEW_History.csv
2006-06-05,120.42,cboe:SKEW_History.csv
2006-06-06,121.79,cboe:SKEW_History.csv
2006-06-07,120.81,cboe:SKEW_History.csv
2006-06-08,120.19,cboe:SKEW_History.csv
2006-06-09,118.74,cboe:SKEW_History.csv
2006-06-12,121.27,cboe:SKEW_History.csv
2006-06-13,121.55,cboe:SKEW_History.csv
2006-06-14,124.24,cboe:SKEW_History.csv
2006-06-15,131.6,cboe:SKEW_History.csv
2006-06-16,128.32,cboe:SKEW_History.csv
2006-06-19,125.31,cboe:SKEW_History.csv
2006-06-20,126.54,cboe:SKEW_History.csv
2006-06-21,127.36,cboe:SKEW_History.csv
2006-06-22,125.08,cboe:SKEW_History.csv
2006-06-23,122.55,cboe:SKEW_History.csv
2006-06-26,124.87,cboe:SKEW_History.csv
2006-06-27,120.3,cboe:SKEW_History.csv
2006-06-28,118.99,cboe:SKEW_History.csv
2006-06-29,124.11,cboe:SKEW_History.csv
2006-06-30,118.28,cboe:SKEW_History.csv
2006-07-03,120.93,cboe:SKEW_History.csv
2006-07-05,120.22,cboe:SKEW_History.csv
2006-07-06,116.81,cboe:SKEW_History.csv
2006-07-07,114.97,cboe:SKEW_History.csv
2006-07-10,115.89,cboe:SKEW_History.csv
2006-07-11,119.17,cboe:SKEW_History.csv
2006-07-12,115.97,cboe:SKEW_History.csv
2006-07-13,115.4,cboe:SKEW_History.csv
2006-07-14,117.48,cboe:SKEW_History.csv
2006-07-17,118.56,cboe:SKEW_History.csv
2006-07-18,122.9,cboe:SKEW_History.csv
2006-07-19,121.58,cboe:SKEW_History.csv
2006-07-20,118.55,cboe:SKEW_History.csv
2006-07-21,118.33,cboe:SKEW_History.csv
2006-07-24,122.03,cboe:SKEW_History.csv
2006-07-25,120.53,cboe:SKEW_History.csv
2006-07-26,120.86,cboe:SKEW_History.csv
2006-07-27,119.78,cboe:SKEW_History.csv
2006-07-28,121.4,cboe:SKEW_History.csv
2006-07-31,121.64,cboe:SKEW_History.csv
2006-08-01,119.49,cboe:SKEW_History.csv
2006-08-02,117.98,cboe:SKEW_History.csv
2006-08-03,116.79,cboe:SKEW_History.csv
2006-08-04,117.54,cboe:SKEW_History.csv
2006-08-07,117.02,cboe:SKEW_History.csv
2006-08-08,118.18,cboe:SKEW_History.csv
2006-08-09,116.27,cboe:SKEW_History.csv
2006-08-10,118.31,cboe:SKEW_History.csv
2006-08-11,118.09,cboe:SKEW_History.csv
2006-08-14,118.24,cboe:SKEW_History.csv
2006-08-15,118.88,cboe:SKEW_History.csv
2006-08-16,120.17,cboe:SKEW_History.csv
2006-08-17,121.42,cboe:SKEW_History.csv
2006-08-18,125.35,cboe:SKEW_History.csv
2006-08-21,125.66,cboe:SKEW_History.csv
2006-08-22,124.0,cboe:SKEW_History.csv
2006-08-23,124.2,cboe:SKEW_History.csv
2006-08-24,123.75,cboe:SKEW_History.csv
2006-08-25,125.01,cboe:SKEW_History.csv
2006-08-28,122.64,cboe:SKEW_History.csv
2006-08-29,126.53,cboe:SKEW_History.csv
2006-08-30,125.52,cboe:SKEW_History.csv
2006-08-31,123.22,cboe:SKEW_History.csv
2006-09-01,124.59,cboe:SKEW_History.csv
2006-09-05,124.31,cboe:SKEW_History.csv
2006-09-06,123.09,cboe:SKEW_History.csv
2006-09-07,121.66,cboe:SKEW_History.csv
2006-09-08,124.34,cboe:SKEW_History.csv
2006-09-11,125.99,cboe:SKEW_History.csv
2006-09-12,126.42,cboe:SKEW_History.csv
2006-09-13,120.44,cboe:SKEW_History.csv
2006-09-14,119.47,cboe:SKEW_History.csv
2006-09-15,135.25,cboe:SKEW_History.csv
2006-09-18,127.35,cboe:SKEW_History.csv
2006-09-19,125.03,cboe:SKEW_History.csv
2006-09-20,122.71,cboe:SKEW_History.csv
2006-09-21,119.68,cboe:SKEW_History.csv
2006-09-22,118.86,cboe:SKEW_History.csv
2006-09-25,120.75,cboe:SKEW_History.csv
2006-09-26,121.64,cboe:SKEW_History.csv
2006-09-27,118.43,cboe:SKEW_History.csv
2006-09-28,118.21,cboe:SKEW_History.csv
2006-09-29,120.09,cboe:SKEW_History.csv
2006-10-02,119.8,cboe:SKEW_History.csv
2006-10-03,116.93,cboe:SKEW_History.csv
2006-10-04,118.15,cboe:SKEW_History.csv
2006-10-05,115.48,cboe:SKEW_History.csv
2006-10-06,117.34,cboe:SKEW_History.csv
2006-10-09,116.19,cboe:SKEW_History.csv
2006-10-10,118.43,cboe:SKEW_History.csv
2006-10-11,117.16,cboe:SKEW_History.csv
2006-10-12,117.44,cboe:SKEW_History.csv
2006-10-13,118.74,cboe:SKEW_History.csv
2006-10-16,116.54,cboe:SKEW_History.csv
2006-10-17,117.7,cboe:SKEW_History.csv
2006-10-18,114.96,cboe:SKEW_History.csv
2006-10-19,116.8,cboe:SKEW_History.csv
2006-10-20,117.06,cboe:SKEW_History.csv
2006-10-23,115.28,cboe:SKEW_History.csv
2006-10-24,114.68,cboe:SKEW_History.csv
2006-10-25,113.72,cboe:SKEW_History.csv
2006-10-26,112.97,cboe:SKEW_History.csv
2006-10-27,111.46,cboe:SKEW_History.csv
2006-10-30,114.11,cboe:SKEW_History.csv
2006-10-31,111.48,cboe:SKEW_History.csv
2006-11-01,112.36,cboe:SKEW_History.csv
2006-11-02,113.08,cboe:SKEW_History.csv
2006-11-03,112.37,cboe:SKEW_History.csv
2006-11-06,116.76,cboe:SKEW_History.csv
2006-11-07,115.72,cboe:SKEW_History.csv
2006-11-08,115.86,cboe:SKEW_History.csv
2006-11-09,113.19,cboe:SKEW_History.csv
2006-11-10,113.87,cboe:SKEW_History.csv
2006-11-13,113.32,cboe:SKEW_History.csv
2006-11-14,113.75,cboe:SKEW_History.csv
2006-11-15,111.63,cboe:SKEW_History.csv
2006-11-16,110.87,cboe:SKEW_History.csv
2006-11-17,117.73,cboe:SKEW_History.csv
2006-11-20,119.02,cboe:SKEW_History.csv
2006-11-21,118.53,cboe:SKEW_History.csv
2006-11-22,120.86,cboe:SKEW_History.csv
2006-11-24,118.47,cboe:SKEW_History.csv
2006-11-27,117.96,cboe:SKEW_History.csv
2006-11-28,121.89,cboe:SKEW_History.csv
2006-11-29,125.38,cboe:SKEW_History.csv
2006-11-30,124.0,cboe:SKEW_History.csv
2006-12-01,126.2,cboe:SKEW_History.csv
2006-12-04,124.81,cboe:SKEW_History.csv
2006-12-05,127.14,cboe:SKEW_History.csv
2006-12-06,125.61,cboe:SKEW_History.csv
2006-12-07,122.86,cboe:SKEW_History.csv
2006-12-08,124.71,cboe:SKEW_History.csv
2006-12-11,120.65,cboe:SKEW_History.csv
2006-12-12,124.46,cboe:SKEW_History.csv
2006-12-13,125.76,cboe:SKEW_History.csv
2006-12-14,132.31,cboe:SKEW_History.csv
2006-12-15,129.81,cboe:SKEW_History.csv
2006-12-18,128.93,cboe:SKEW_History.csv
2006-12-19,129.55,cboe:SKEW_History.csv
2006-12-20,126.28,cboe:SKEW_History.csv
2006-12-21,122.05,cboe:SKEW_History.csv
2006-12-22,121.5,cboe:SKEW_History.csv
2006-12-26,123.4,cboe:SKEW_History.csv
2006-12-27,123.48,cboe:SKEW_History.csv
2006-12-28,121.7,cboe:SKEW_History.csv
2006-12-29,121.25,cboe:SKEW_History.csv
2007-01-03,118.77,cboe:SKEW_History.csv
2007-01-04,118.78,cboe:SKEW_History.csv
2007-01-05,117.27,cboe:SKEW_History.csv
2007-01-08,119.44,cboe:SKEW_History.csv
2007-01-09,116.28,cboe:SKEW_History.csv
2007-01-10,117.79,cboe:SKEW_History.csv
2007-01-11,119.13,cboe:SKEW_History.csv
2007-01-12,119.7,cboe:SKEW_History.csv
2007-01-16,120.78,cboe:SKEW_History.csv
2007-01-17,120.95,cboe:SKEW_History.csv
2007-01-18,127.7,cboe:SKEW_History.csv
2007-01-19,127.24,cboe:SKEW_History.csv
2007-01-22,121.13,cboe:SKEW_History.csv
2007-01-23,122.77,cboe:SKEW_History.csv
2007-01-24,124.34,cboe:SKEW_History.csv
2007-01-25,119.49,cboe:SKEW_History.csv
2007-01-26,120.26,cboe:SKEW_History.csv
2007-01-29,117.83,cboe:SKEW_History.csv
2007-01-30,119.53,cboe:SKEW_History.csv
2007-01-31,118.58,cboe:SKEW_History.csv
2007-02-01,119.57,cboe:SKEW_History.csv
2007-02-02,121.7,cboe:SKEW_History.csv
2007-02-05,122.48,cboe:SKEW_History.csv
2007-02-06,122.78,cboe:SKEW_History.csv
2007-02-07,122.94,cboe:SKEW_History.csv
2007-02-08,122.69,cboe:SKEW_History.csv
2007-02-09,121.02,cboe:SKEW_History.csv
2007-02-12,119.81,cboe:SKEW_History.csv
2007-02-13,125.32,cboe:SKEW_History.csv
2007-02-14,123.09,cboe:SKEW_History.csv
2007-02-15,120.55,cboe:SKEW_History.csv
2007-02-16,121.01,cboe:SKEW_History.csv
2007-02-20,120.99,cboe:SKEW_History.csv
2007-02-21,119.1,cboe:SKEW_History.csv
2007-02-22,119.58,cboe:SKEW_History.csv
2007-02-23,117.71,cboe:SKEW_History.csv
2007-02-26,117.81,cboe:SKEW_History.csv
2007-02-27,112.5,cboe:SKEW_History.csv
2007-02-28,121.36,cboe:SKEW_History.csv
2007-03-01,120.99,cboe:SKEW_History.csv
2007-03-02,118.76,cboe:SKEW_History.csv
2007-03-05,118.07,cboe:SKEW_History.csv
2007-03-06,121.14,cboe:SKEW_History.csv
2007-03-07,119.49,cboe:SKEW_History.csv
2007-03-08,121.08,cboe:SKEW_History.csv
2007-03-09,121.96,cboe:SKEW_History.csv
2007-03-12,126.35,cboe:SKEW_History.csv
2007-03-13,130.04,cboe:SKEW_History.csv
2007-03-14,134.25,cboe:SKEW_History.csv
2007-03-15,136.15,cboe:SKEW_History.csv
2007-03-16,128.3,cboe:SKEW_History.csv
2007-03-19,122.84,cboe:SKEW_History.csv
2007-03-20,127.35,cboe:SKEW_History.csv
2007-03-21,130.07,cboe:SKEW_History.csv
2007-03-22,124.99,cboe:SKEW_History.csv
2007-03-23,125.64,cboe:SKEW_History.csv
2007-03-26,126.45,cboe:SKEW_History.csv
2007-03-27,122.89,cboe:SKEW_History.csv
2007-03-28,121.28,cboe:SKEW_History.csv
2007-03-29,121.4,cboe:SKEW_History.csv
2007-03-30,120.89,cboe:SKEW_History.csv
2007-04-02,122.62,cboe:SKEW_History.csv
2007-04-03,124.18,cboe:SKEW_History.csv
2007-04-04,123.94,cboe:SKEW_History.csv
2007-04-05,125.4,cboe:SKEW_History.csv
2007-04-09,125.32,cboe:SKEW_History.csv
2007-04-10,125.94,cboe:SKEW_History.csv
2007-04-11,127.03,cboe:SKEW_History.csv
2007-04-12,126.92,cboe:SKEW_History.csv
2007-04-13,128.62,cboe:SKEW_History.csv
2007-04-16,125.49,cboe:SKEW_History.csv
2007-04-17,130.62,cboe:SKEW_History.csv
2007-04-18,130.35,cboe:SKEW_History.csv
2007-04-19,126.11,cboe:SKEW_History.csv
2007-04-20,128.37,cboe:SKEW_History.csv
2007-04-23,123.55,cboe:SKEW_History.csv
2007-04-24,124.17,cboe:SKEW_History.csv
2007-04-25,122.68,cboe:SKEW_History.csv
2007-04-26,123.25,cboe:SKEW_History.csv
2007-04-27,124.73,cboe:SKEW_History.csv
2007-04-30,123.37,cboe:SKEW_History.csv
2007-05-01,125.45,cboe:SKEW_History.csv
2007-05-02,123.14,cboe:SKEW_History.csv
2007-05-03,123.03,cboe:SKEW_History.csv
2007-05-04,123.11,cboe:SKEW_History.csv
2007-05-07,123.3,cboe:SKEW_History.csv
2007-05-08,120.74,cboe:SKEW_History.csv
2007-05-09,121.24,cboe:SKEW_History.csv
2007-05-10,119.5,cboe:SKEW_History.csv
2007-05-11,121.66,cboe:SKEW_History.csv
2007-05-14,119.78,cboe:SKEW_History.csv
2007-05-15,121.17,cboe:SKEW_History.csv
2007-05-16,123.4,cboe:SKEW_History.csv
2007-05-17,123.34,cboe:SKEW_History.csv
2007-05-18,126.75,cboe:SKEW_History.csv
2007-05-21,126.22,cboe:SKEW_History.csv
2007-05-22,124.74,cboe:SKEW_History.csv
2007-05-23,123.17,cboe:SKEW_History.csv
2007-05-24,121.71,cboe:SKEW_History.csv
2007-05-25,124.0,cboe:SKEW_History.csv
2007-05-29,124.05,cboe:SKEW_History.csv
2007-05-30,124.69,cboe:SKEW_History.csv
2007-05-31,123.84,cboe:SKEW_History.csv
2007-06-01,124.23,cboe:SKEW_History.csv
2007-06-04,122.26,cboe:SKEW_History.csv
2007-06-05,122.93,cboe:SKEW_History.csv
2007-06-06,119.29,cboe:SKEW_History.csv
2007-06-07,117.52,cboe:SKEW_History.csv
2007-06-08,122.08,cboe:SKEW_History.csv
2007-06-11,119.71,cboe:SKEW_History.csv
2007-06-12,119.51,cboe:SKEW_History.csv
2007-06-13,121.59,cboe:SKEW_History.csv
2007-06-14,122.42,cboe:SKEW_History.csv
2007-06-15,121.63,cboe:SKEW_History.csv
2007-06-18,120.46,cboe:SKEW_History.csv
2007-06-19,123.38,cboe:SKEW_History.csv
2007-06-20,117.56,cboe:SKEW_History.csv
2007-06-21,117.97,cboe:SKEW_History.csv
2007-06-22,116.52,cboe:SKEW_History.csv
2007-06-25,116.87,cboe:SKEW_History.csv
2007-06-26,116.03,cboe:SKEW_History.csv
2007-06-27,118.01,cboe:SKEW_History.csv
2007-06-28,117.47,cboe:SKEW_History.csv
2007-06-29,115.72,cboe:SKEW_History.csv
2007-07-02,119.68,cboe:SKEW_History.csv
2007-07-03,119.87,cboe:SKEW_History.csv
2007-07-05,120.59,cboe:SKEW_History.csv
2007-07-06,120.85,cboe:SKEW_History.csv
2007-07-09,120.63,cboe:SKEW_History.csv
2007-07-10,117.48,cboe:SKEW_History.csv
2007-07-11,121.69,cboe:SKEW_History.csv
2007-07-12,119.99,cboe:SKEW_History.csv
2007-07-13,119.59,cboe:SKEW_History.csv
2007-07-16,117.88,cboe:SKEW_History.csv
2007-07-17,117.99,cboe:SKEW_History.csv
2007-07-18,120.35,cboe:SKEW_History.csv
2007-07-19,119.24,cboe:SKEW_History.csv
2007-07-20,117.4,cboe:SKEW_History.csv
2007-07-23,118.84,cboe:SKEW_History.csv
2007-07-24,116.13,cboe:SKEW_History.csv
2007-07-25,116.39,cboe:SKEW_History.csv
2007-07-26,116.27,cboe:SKEW_History.csv
2007-07-27,113.23,cboe:SKEW_History.csv
2007-07-30,115.42,cboe:SKEW_History.csv
2007-07-31,115.53,cboe:SKEW_History.csv
2007-08-01,119.94,cboe:SKEW_History.csv
2007-08-02,119.05,cboe:SKEW_History.csv
2007-08-03,117.3,cboe:SKEW_History.csv
2007-08-06,118.81,cboe:SKEW_History.csv
2007-08-07,116.92,cboe:SKEW_History.csv
2007-08-08,120.92,cboe:SKEW_History.csv
2007-08-09,115.3,cboe:SKEW_History.csv
2007-08-10,116.04,cboe:SKEW_History.csv
2007-08-13,119.5,cboe:SKEW_History.csv
2007-08-14,115.01,cboe:SKEW_History.csv
2007-08-15,118.3,cboe:SKEW_History.csv
2007-08-16,116.58,cboe:SKEW_History.csv
2007-08-17,126.7,cboe:SKEW_History.csv
2007-08-20,117.87,cboe:SKEW_History.csv
2007-08-21,117.76,cboe:SKEW_History.csv
2007-08-22,120.53,cboe:SKEW_History.csv
2007-08-23,121.35,cboe:SKEW_History.csv
2007-08-24,122.79,cboe:SKEW_History.csv
2007-08-27,121.53,cboe:SKEW_History.csv
2007-08-28,118.95,cboe:SKEW_History.csv
2007-08-29,121.02,cboe:SKEW_History.csv
2007-08-30,120.1,cboe:SKEW_History.csv
2007-08-31,117.26,cboe:SKEW_History.csv
2007-09-04,119.62,cboe:SKEW_History.csv
2007-09-05,118.07,cboe:SKEW_History.csv
2007-09-06,117.34,cboe:SKEW_History.csv
2007-09-07,116.72,cboe:SKEW_History.csv
2007-09-10,115.42,cboe:SKEW_History.csv
2007-09-11,116.45,cboe:SKEW_History.csv
2007-09-12,116.62,cboe:SKEW_History.csv
2007-09-13,117.36,cboe:SKEW_History.csv
2007-09-14,117.96,cboe:SKEW_History.csv
2007-09-17,117.87,cboe:SKEW_History.csv
2007-09-18,116.4,cboe:SKEW_History.csv
2007-09-19,120.85,cboe:SKEW_History.csv
2007-09-20,119.87,cboe:SKEW_History.csv
2007-09-21,121.15,cboe:SKEW_History.csv
2007-09-24,122.82,cboe:SKEW_History.csv
2007-09-25,118.58,cboe:SKEW_History.csv
2007-09-26,118.57,cboe:SKEW_History.csv
2007-09-27,118.0,cboe:SKEW_History.csv
2007-09-28,119.97,cboe:SKEW_History.csv
2007-10-01,120.83,cboe:SKEW_History.csv
2007-10-02,121.78,cboe:SKEW_History.csv
2007-10-03,121.79,cboe:SKEW_History.csv
2007-10-04,120.21,cboe:SKEW_History.csv
2007-10-05,119.73,cboe:SKEW_History.csv
2007-10-08,118.48,cboe:SKEW_History.csv
2007-10-09,119.13,cboe:SKEW_History.csv
2007-10-10,118.64,cboe:SKEW_History.csv
2007-10-11,117.44,cboe:SKEW_History.csv
2007-10-12,119.54,cboe:SKEW_History.csv
2007-10-15,117.45,cboe:SKEW_History.csv
2007-10-16,116.64,cboe:SKEW_History.csv
2007-10-17,118.48,cboe:SKEW_History.csv
2007-10-18,117.28,cboe:SKEW_History.csv
2007-10-19,114.99,cboe:SKEW_History.csv
2007-10-22,115.7,cboe:SKEW_History.csv
2007-10-23,116.42,cboe:SKEW_History.csv
2007-10-24,116.48,cboe:SKEW_History.csv
2007-10-25,115.67,cboe:SKEW_History.csv
2007-10-26,116.34,cboe:SKEW_History.csv
2007-10-29,115.19,cboe:SKEW_History.csv
2007-10-30,114.46,cboe:SKEW_History.csv
2007-10-31,116.88,cboe:SKEW_History.csv
2007-11-01,114.67,cboe:SKEW_History.csv
2007-11-02,116.52,cboe:SKEW_History.csv
2007-11-05,115.38,cboe:SKEW_History.csv
2007-11-06,115.46,cboe:SKEW_History.csv
2007-11-07,115.58,cboe:SKEW_History.csv
2007-11-08,115.03,cboe:SKEW_History.csv
2007-11-09,115.77,cboe:SKEW_History.csv
2007-11-12,117.92,cboe:SKEW_History.csv
2007-11-13,121.09,cboe:SKEW_History.csv
2007-11-14,119.7,cboe:SKEW_History.csv
2007-11-15,118.31,cboe:SKEW_History.csv
2007-11-16,119.3,cboe:SKEW_History.csv
2007-11-19,115.61,cboe:SKEW_History.csv
2007-11-20,114.1,cboe:SKEW_History.csv
2007-11-21,111.49,cboe:SKEW_History.csv
2007-11-23,111.32,cboe:SKEW_History.csv
2007-11-26,109.94,cboe:SKEW_History.csv
2007-11-27,109.31,cboe:SKEW_History.csv
2007-11-28,111.28,cboe:SKEW_History.csv
2007-11-29,110.79,cboe:SKEW_History.csv
2007-11-30,111.85,cboe:SKEW_History.csv
2007-12-03,111.57,cboe:SKEW_History.csv
2007-12-04,110.37,cboe:SKEW_History.csv
2007-12-05,112.08,cboe:SKEW_History.csv
2007-12-06,112.79,cboe:SKEW_History.csv
2007-12-07,112.79,cboe:SKEW_History.csv
2007-12-10,113.39,cboe:SKEW_History.csv
2007-12-11,111.27,cboe:SKEW_History.csv
2007-12-12,113.03,cboe:SKEW_History.csv
2007-12-13,111.45,cboe:SKEW_History.csv
2007-12-14,111.31,cboe:SKEW_History.csv
2007-12-17,109.75,cboe:SKEW_History.csv
2007-12-18,110.38,cboe:SKEW_History.csv
2007-12-19,111.22,cboe:SKEW_History.csv
2007-12-20,111.81,cboe:SKEW_History.csv
2007-12-21,115.12,cboe:SKEW_History.csv
2007-12-24,115.86,cboe:SKEW_History.csv
2007-12-26,115.2,cboe:SKEW_History.csv
2007-12-27,114.12,cboe:SKEW_History.csv
2007-12-28,112.9,cboe:SKEW_History.csv
2007-12-31,111.65,cboe:SKEW_History.csv
2008-01-02,110.61,cboe:SKEW_History.csv
2008-01-03,111.38,cboe:SKEW_History.csv
2008-01-04,109.53,cboe:SKEW_History.csv
2008-01-07,110.19,cboe:SKEW_History.csv
2008-01-08,109.17,cboe:SKEW_History.csv
2008-01-09,110.76,cboe:SKEW_History.csv
2008-01-10,110.25,cboe:SKEW_History.csv
2008-01-11,108.79,cboe:SKEW_History.csv
2008-01-14,111.38,cboe:SKEW_History.csv
2008-01-15,108.15,cboe:SKEW_History.csv
2008-01-16,108.49,cboe:SKEW_History.csv
2008-01-17,110.0,cboe:SKEW_History.csv
2008-01-18,110.62,cboe:SKEW_History.csv
2008-01-22,114.61,cboe:SKEW_History.csv
2008-01-23,113.07,cboe:SKEW_History.csv
2008-01-24,113.37,cboe:SKEW_History.csv
2008-01-25,112.64,cboe:SKEW_History.csv
2008-01-28,114.15,cboe:SKEW_History.csv
2008-01-29,113.82,cboe:SKEW_History.csv
2008-01-30,112.33,cboe:SKEW_History.csv
2008-01-31,106.43,cboe:SKEW_History.csv
2008-02-01,114.86,cboe:SKEW_History.csv
2008-02-04,112.88,cboe:SKEW_History.csv
2008-02-05,112.01,cboe:SKEW_History.csv
2008-02-06,111.93,cboe:SKEW_History.csv
2008-02-07,112.71,cboe:SKEW_History.csv
2008-02-08,111.71,cboe:SKEW_History.csv
2008-02-11,114.57,cboe:SKEW_History.csv
2008-02-12,113.97,cboe:SKEW_History.csv
2008-02-13,116.25,cboe:SKEW_History.csv
2008-02-14,114.19,cboe:SKEW_History.csv
2008-02-15,112.03,cboe:SKEW_History.csv
2008-02-19,113.57,cboe:SKEW_History.csv
2008-02-20,112.24,cboe:SKEW_History.csv
2008-02-21,112.44,cboe:SKEW_History.csv
2008-02-22,113.58,cboe:SKEW_History.csv
2008-02-25,113.42,cboe:SKEW_History.csv
2008-02-26,112.39,cboe:SKEW_History.csv
2008-02-27,111.61,cboe:SKEW_History.csv
2008-02-28,111.33,cboe:SKEW_History.csv
2008-02-29,110.19,cboe:SKEW_History.csv
2008-03-03,110.4,cboe:SKEW_History.csv
2008-03-04,110.07,cboe:SKEW_History.csv
2008-03-05,110.24,cboe:SKEW_History.csv
2008-03-06,110.46,cboe:SKEW_History.csv
2008-03-07,110.28,cboe:SKEW_History.csv
2008-03-10,109.89,cboe:SKEW_History.csv
2008-03-11,112.71,cboe:SKEW_History.csv
2008-03-12,111.47,cboe:SKEW_History.csv
2008-03-13,112.58,cboe:SKEW_History.csv
2008-03-14,110.59,cboe:SKEW_History.csv
2008-03-17,113.51,cboe:SKEW_History.csv
2008-03-18,112.4,cboe:SKEW_History.csv
2008-03-19,113.11,cboe:SKEW_History.csv
2008-03-20,113.71,cboe:SKEW_History.csv
2008-03-24,114.56,cboe:SKEW_History.csv
2008-03-25,114.87,cboe:SKEW_History.csv
2008-03-26,112.08,cboe:SKEW_History.csv
2008-03-27,111.78,cboe:SKEW_History.csv
2008-03-28,110.78,cboe:SKEW_History.csv
2008-03-31,110.36,cboe:SKEW_History.csv
2008-04-01,111.31,cboe:SKEW_History.csv
2008-04-02,112.08,cboe:SKEW_History.csv
2008-04-03,111.88,cboe:SKEW_History.csv
2008-04-04,111.48,cboe:SKEW_History.csv
2008-04-07,111.57,cboe:SKEW_History.csv
2008-04-08,112.13,cboe:SKEW_History.csv
2008-04-09,110.96,cboe:SKEW_History.csv
2008-04-10,110.82,cboe:SKEW_History.csv
2008-04-11,109.9,cboe:SKEW_History.csv
2008-04-14,109.62,cboe:SKEW_History.csv
2008-04-15,109.9,cboe:SKEW_History.csv
2008-04-16,112.47,cboe:SKEW_History.csv
2008-04-17,113.52,cboe:SKEW_History.csv
2008-04-18,115.35,cboe:SKEW_History.csv
2008-04-21,115.31,cboe:SKEW_History.csv
2008-04-22,114.42,cboe:SKEW_History.csv
2008-04-23,113.33,cboe:SKEW_History.csv
2008-04-24,114.27,cboe:SKEW_History.csv
2008-04-25,114.49,cboe:SKEW_History.csv
2008-04-28,114.61,cboe:SKEW_History.csv
2008-04-29,114.58,cboe:SKEW_History.csv
2008-04-30,112.48,cboe:SKEW_History.csv
2008-05-01,116.0,cboe:SKEW_History.csv
2008-05-02,117.49,cboe:SKEW_History.csv
2008-05-05,115.32,cboe:SKEW_History.csv
2008-05-06,117.63,cboe:SKEW_History.csv
2008-05-07,116.24,cboe:SKEW_History.csv
2008-05-08,114.99,cboe:SKEW_History.csv
2008-05-09,117.77,cboe:SKEW_History.csv
2008-05-12,117.42,cboe:SKEW_History.csv
2008-05-13,117.93,cboe:SKEW_History.csv
2008-05-14,118.92,cboe:SKEW_History.csv
2008-05-15,121.05,cboe:SKEW_History.csv
2008-05-16,119.49,cboe:SKEW_History.csv
2008-05-19,117.96,cboe:SKEW_History.csv
2008-05-20,117.44,cboe:SKEW_History.csv
2008-05-21,114.51,cboe:SKEW_History.csv
2008-05-22,114.41,cboe:SKEW_History.csv
2008-05-23,113.11,cboe:SKEW_History.csv
2008-05-27,113.38,cboe:SKEW_History.csv
2008-05-28,113.93,cboe:SKEW_History.csv
2008-05-29,114.83,cboe:SKEW_History.csv
2008-05-30,113.53,cboe:SKEW_History.csv
2008-06-02,114.39,cboe:SKEW_History.csv
2008-06-03,114.6,cboe:SKEW_History.csv
2008-06-04,114.37,cboe:SKEW_History.csv
2008-06-05,114.76,cboe:SKEW_History.csv
2008-06-06,113.55,cboe:SKEW_History.csv
2008-06-09,114.98,cboe:SKEW_History.csv
2008-06-10,114.3,cboe:SKEW_History.csv
2008-06-11,113.2,cboe:SKEW_History.csv
2008-06-12,113.97,cboe:SKEW_History.csv
2008-06-13,113.77,cboe:SKEW_History.csv
2008-06-16,114.71,cboe:SKEW_History.csv
2008-06-17,115.71,cboe:SKEW_History.csv
2008-06-18,112.74,cboe:SKEW_History.csv
2008-06-19,113.44,cboe:SKEW_History.csv
2008-06-20,113.13,cboe:SKEW_History.csv
2008-06-23,113.59,cboe:SKEW_History.csv
2008-06-24,112.2,cboe:SKEW_History.csv
2008-06-25,110.7,cboe:SKEW_History.csv
2008-06-26,109.67,cboe:SKEW_History.csv
2008-06-27,110.52,cboe:SKEW_History.csv
2008-06-30,112.0,cboe:SKEW_History.csv
2008-07-01,112.69,cboe:SKEW_History.csv
2008-07-02,110.96,cboe:SKEW_History.csv
2008-07-03,111.72,cboe:SKEW_History.csv
2008-07-07,111.75,cboe:SKEW_History.csv
2008-07-08,112.21,cboe:SKEW_History.csv
2008-07-09,110.25,cboe:SKEW_History.csv
2008-07-10,110.91,cboe:SKEW_History.csv
2008-07-11,110.87,cboe:SKEW_History.csv
2008-07-14,111.11,cboe:SKEW_History.csv
2008-07-15,110.81,cboe:SKEW_History.csv
2008-07-16,111.93,cboe:SKEW_History.csv
2008-07-17,113.93,cboe:SKEW_History.csv
2008-07-18,113.85,cboe:SKEW_History.csv
2008-07-21,114.1,cboe:SKEW_History.csv
2008-07-22,113.2,cboe:SKEW_History.csv
2008-07-23,115.06,cboe:SKEW_History.csv
2008-07-24,113.19,cboe:SKEW_History.csv
2008-07-25,113.9,cboe:SKEW_History.csv
2008-07-28,111.49,cboe:SKEW_History.csv
2008-07-29,112.18,cboe:SKEW_History.csv
2008-07-30,112.11,cboe:SKEW_History.csv
2008-07-31,110.66,cboe:SKEW_History.csv
2008-08-01,111.38,cboe:SKEW_History.csv
2008-08-04,111.2,cboe:SKEW_History.csv
2008-08-05,109.69,cboe:SKEW_History.csv
2008-08-06,113.22,cboe:SKEW_History.csv
2008-08-07,111.97,cboe:SKEW_History.csv
2008-08-08,113.33,cboe:SKEW_History.csv
2008-08-11,111.55,cboe:SKEW_History.csv
2008-08-12,111.26,cboe:SKEW_History.csv
2008-08-13,111.76,cboe:SKEW_History.csv
2008-08-14,113.07,cboe:SKEW_History.csv
2008-08-15,113.21,cboe:SKEW_History.csv
2008-08-18,112.29,cboe:SKEW_History.csv
2008-08-19,111.4,cboe:SKEW_History.csv
2008-08-20,111.95,cboe:SKEW_History.csv
2008-08-21,111.9,cboe:SKEW_History.csv
2008-08-22,111.8,cboe:SKEW_History.csv
2008-08-25,110.34,cboe:SKEW_History.csv
2008-08-26,110.8,cboe:SKEW_History.csv
2008-08-27,110.51,cboe:SKEW_History.csv
2008-08-28,111.21,cboe:SKEW_History.csv
2008-08-29,110.58,cboe:SKEW_History.csv
2008-09-02,110.38,cboe:SKEW_History.csv
2008-09-03,110.5,cboe:SKEW_History.csv
2008-09-04,110.48,cboe:SKEW_History.csv
2008-09-05,109.46,cboe:SKEW_History.csv
2008-09-08,109.1,cboe:SKEW_History.csv
2008-09-09,108.57,cboe:SKEW_History.csv
2008-09-10,109.49,cboe:SKEW_History.csv
2008-09-11,110.5,cboe:SKEW_History.csv
2008-09-12,110.15,cboe:SKEW_History.csv
2008-09-15,110.74,cboe:SKEW_History.csv
2008-09-16,112.29,cboe:SKEW_History.csv
2008-09-17,112.97,cboe:SKEW_History.csv
2008-09-18,117.42,cboe:SKEW_History.csv
2008-09-19,114.48,cboe:SKEW_History.csv
2008-09-22,114.32,cboe:SKEW_History.csv
2008-09-23,111.63,cboe:SKEW_History.csv
2008-09-24,111.58,cboe:SKEW_History.csv
2008-09-25,112.53,cboe:SKEW_History.csv
2008-09-26,110.56,cboe:SKEW_History.csv
2008-09-29,111.33,cboe:SKEW_History.csv
2008-09-30,111.43,cboe:SKEW_History.csv
2008-10-01,112.14,cboe:SKEW_History.csv
2008-10-02,112.24,cboe:SKEW_History.csv
2008-10-03,114.17,cboe:SKEW_History.csv
2008-10-06,112.09,cboe:SKEW_History.csv
2008-10-07,110.2,cboe:SKEW_History.csv
2008-10-08,111.04,cboe:SKEW_History.csv
2008-10-09,109.58,cboe:SKEW_History.csv
2008-10-10,107.23,cboe:SKEW_History.csv
2008-10-13,109.73,cboe:SKEW_History.csv
2008-10-14,113.55,cboe:SKEW_History.csv
2008-10-15,118.94,cboe:SKEW_History.csv
2008-10-16,113.18,cboe:SKEW_History.csv
2008-10-17,118.81,cboe:SKEW_History.csv
2008-10-20,124.83,cboe:SKEW_History.csv
2008-10-21,120.38,cboe:SKEW_History.csv
2008-10-22,119.34,cboe:SKEW_History.csv
2008-10-23,120.69,cboe:SKEW_History.csv
2008-10-24,116.67,cboe:SKEW_History.csv
2008-10-27,116.94,cboe:SKEW_History.csv
2008-10-28,125.95,cboe:SKEW_History.csv
2008-10-29,120.15,cboe:SKEW_History.csv
2008-10-30,124.02,cboe:SKEW_History.csv
2008-10-31,122.19,cboe:SKEW_History.csv
2008-11-03,117.13,cboe:SKEW_History.csv
2008-11-04,117.78,cboe:SKEW_History.csv
2008-11-05,129.35,cboe:SKEW_History.csv
2008-11-06,122.15,cboe:SKEW_History.csv
2008-11-07,122.85,cboe:SKEW_History.csv
2008-11-10,126.27,cboe:SKEW_History.csv
2008-11-11,120.67,cboe:SKEW_History.csv
2008-11-12,121.11,cboe:SKEW_History.csv
2008-11-13,124.98,cboe:SKEW_History.csv
2008-11-14,118.59,cboe:SKEW_History.csv
2008-11-17,113.4,cboe:SKEW_History.csv
2008-11-18,116.05,cboe:SKEW_History.csv
2008-11-19,115.86,cboe:SKEW_History.csv
2008-11-20,114.93,cboe:SKEW_History.csv
2008-11-21,118.88,cboe:SKEW_History.csv
2008-11-24,116.16,cboe:SKEW_History.csv
2008-11-25,114.1,cboe:SKEW_History.csv
2008-11-26,113.3,cboe:SKEW_History.csv
2008-11-28,113.12,cboe:SKEW_History.csv
2008-12-01,112.75,cboe:SKEW_History.csv
2008-12-02,112.2,cboe:SKEW_History.csv
2008-12-03,112.55,cboe:SKEW_History.csv
2008-12-04,111.77,cboe:SKEW_History.csv
2008-12-05,116.45,cboe:SKEW_History.csv
2008-12-08,120.77,cboe:SKEW_History.csv
2008-12-09,118.58,cboe:SKEW_History.csv
2008-12-10,119.51,cboe:SKEW_History.csv
2008-12-11,121.83,cboe:SKEW_History.csv
2008-12-12,116.24,cboe:SKEW_History.csv
2008-12-15,115.86,cboe:SKEW_History.csv
2008-12-16,119.25,cboe:SKEW_History.csv
2008-12-17,115.07,cboe:SKEW_History.csv
2008-12-18,116.55,cboe:SKEW_History.csv
2008-12-19,118.73,cboe:SKEW_History.csv
2008-12-22,115.16,cboe:SKEW_History.csv
2008-12-23,112.01,cboe:SKEW_History.csv
2008-12-24,112.31,cboe:SKEW_History.csv
2008-12-26,112.56,cboe:SKEW_History.csv
2008-12-29,113.77,cboe:SKEW_History.csv
2008-12-30,116.08,cboe:SKEW_History.csv
2008-12-31,116.5,cboe:SKEW_History.csv
2009-01-02,124.21,cboe:SKEW_History.csv
2009-01-05,116.12,cboe:SKEW_History.csv
2009-01-06,115.49,cboe:SKEW_History.csv
2009-01-07,118.21,cboe:SKEW_History.csv
2009-01-08,118.24,cboe:SKEW_History.csv
2009-01-09,118.82,cboe:SKEW_History.csv
2009-01-12,118.36,cboe:SKEW_History.csv
2009-01-13,118.22,cboe:SKEW_History.csv
2009-01-14,119.99,cboe:SKEW_History.csv
2009-01-15,124.7,cboe:SKEW_History.csv
2009-01-16,126.05,cboe:SKEW_History.csv
2009-01-20,119.17,cboe:SKEW_History.csv
2009-01-21,120.58,cboe:SKEW_History.csv
2009-01-22,117.76,cboe:SKEW_History.csv
2009-01-23,121.31,cboe:SKEW_History.csv
2009-01-26,120.65,cboe:SKEW_History.csv
2009-01-27,119.68,cboe:SKEW_History.csv
2009-01-28,122.39,cboe:SKEW_History.csv
2009-01-29,119.92,cboe:SKEW_History.csv
2009-01-30,115.88,cboe:SKEW_History.csv
2009-02-02,123.95,cboe:SKEW_History.csv
2009-02-03,125.25,cboe:SKEW_History.csv
2009-02-04,127.68,cboe:SKEW_History.csv
2009-02-05,122.63,cboe:SKEW_History.csv
2009-02-06,122.27,cboe:SKEW_History.csv
2009-02-09,122.62,cboe:SKEW_History.csv
2009-02-10,118.94,cboe:SKEW_History.csv
2009-02-11,122.57,cboe:SKEW_History.csv
2009-02-12,114.51,cboe:SKEW_History.csv
2009-02-13,120.58,cboe:SKEW_History.csv
2009-02-17,118.1,cboe:SKEW_History.csv
2009-02-18,127.01,cboe:SKEW_History.csv
2009-02-19,119.41,cboe:SKEW_History.csv
2009-02-20,119.93,cboe:SKEW_History.csv
2009-02-23,116.63,cboe:SKEW_History.csv
2009-02-24,114.2,cboe:SKEW_History.csv
2009-02-25,114.97,cboe:SKEW_History.csv
2009-02-26,113.96,cboe:SKEW_History.csv
2009-02-27,114.25,cboe:SKEW_History.csv
2009-03-02,115.42,cboe:SKEW_History.csv
2009-03-03,113.77,cboe:SKEW_History.csv
2009-03-04,118.16,cboe:SKEW_History.csv
2009-03-05,113.73,cboe:SKEW_History.csv
2009-03-06,115.45,cboe:SKEW_History.csv
2009-03-09,113.11,cboe:SKEW_History.csv
2009-03-10,115.59,cboe:SKEW_History.csv
2009-03-11,112.71,cboe:SKEW_History.csv
2009-03-12,112.96,cboe:SKEW_History.csv
2009-03-13,113.94,cboe:SKEW_History.csv
2009-03-16,114.28,cboe:SKEW_History.csv
2009-03-17,118.32,cboe:SKEW_History.csv
2009-03-18,117.3,cboe:SKEW_History.csv
2009-03-19,116.53,cboe:SKEW_History.csv
2009-03-20,117.06,cboe:SKEW_History.csv
2009-03-23,117.95,cboe:SKEW_History.csv
2009-03-24,112.12,cboe:SKEW_History.csv
2009-03-25,114.22,cboe:SKEW_History.csv
2009-03-26,113.75,cboe:SKEW_History.csv
2009-03-27,111.09,cboe:SKEW_History.csv
2009-03-30,113.71,cboe:SKEW_History.csv
2009-03-31,112.87,cboe:SKEW_History.csv
2009-04-01,114.49,cboe:SKEW_History.csv
2009-04-02,111.9,cboe:SKEW_History.csv
2009-04-03,112.04,cboe:SKEW_History.csv
2009-04-06,114.39,cboe:SKEW_History.csv
2009-04-07,111.16,cboe:SKEW_History.csv
2009-04-08,111.49,cboe:SKEW_History.csv
2009-04-09,108.18,cboe:SKEW_History.csv
2009-04-13,110.39,cboe:SKEW_History.csv
2009-04-14,109.23,cboe:SKEW_History.csv
2009-04-15,108.62,cboe:SKEW_History.csv
2009-04-16,114.45,cboe:SKEW_History.csv
2009-04-17,111.75,cboe:SKEW_History.csv
2009-04-20,113.99,cboe:SKEW_History.csv
2009-04-21,114.63,cboe:SKEW_History.csv
2009-04-22,112.72,cboe:SKEW_History.csv
2009-04-23,113.4,cboe:SKEW_History.csv
2009-04-24,114.6,cboe:SKEW_History.csv
2009-04-27,114.12,cboe:SKEW_History.csv
2009-04-28,114.13,cboe:SKEW_History.csv
2009-04-29,114.6,cboe:SKEW_History.csv
2009-04-30,114.86,cboe:SKEW_History.csv
2009-05-01,115.21,cboe:SKEW_History.csv
2009-05-04,115.4,cboe:SKEW_History.csv
2009-05-05,113.65,cboe:SKEW_History.csv
2009-05-06,113.34,cboe:SKEW_History.csv
2009-05-07,112.7,cboe:SKEW_History.csv
2009-05-08,114.96,cboe:SKEW_History.csv
2009-05-11,113.99,cboe:SKEW_History.csv
2009-05-12,115.66,cboe:SKEW_History.csv
2009-05-13,116.32,cboe:SKEW_History.csv
2009-05-14,116.5,cboe:SKEW_History.csv
2009-05-15,119.06,cboe:SKEW_History.csv
2009-05-18,119.21,cboe:SKEW_History.csv
2009-05-19,117.92,cboe:SKEW_History.csv
2009-05-20,113.96,cboe:SKEW_History.csv
2009-05-21,117.1,cboe:SKEW_History.csv
2009-05-22,118.81,cboe:SKEW_History.csv
2009-05-26,120.89,cboe:SKEW_History.csv
2009-05-27,120.04,cboe:SKEW_History.csv
2009-05-28,122.33,cboe:SKEW_History.csv
2009-05-29,122.99,cboe:SKEW_History.csv
2009-06-01,122.09,cboe:SKEW_History.csv
2009-06-02,120.94,cboe:SKEW_History.csv
2009-06-03,121.19,cboe:SKEW_History.csv
2009-06-04,119.37,cboe:SKEW_History.csv
2009-06-05,118.83,cboe:SKEW_History.csv
2009-06-08,119.44,cboe:SKEW_History.csv
2009-06-09,119.24,cboe:SKEW_History.csv
2009-06-10,121.61,cboe:SKEW_History.csv
2009-06-11,117.88,cboe:SKEW_History.csv
2009-06-12,120.98,cboe:SKEW_History.csv
2009-06-15,118.2,cboe:SKEW_History.csv
2009-06-16,125.05,cboe:SKEW_History.csv
2009-06-17,123.17,cboe:SKEW_History.csv
2009-06-18,123.72,cboe:SKEW_History.csv
2009-06-19,123.78,cboe:SKEW_History.csv
2009-06-22,116.79,cboe:SKEW_History.csv
2009-06-23,116.01,cboe:SKEW_History.csv
2009-06-24,116.97,cboe:SKEW_History.csv
2009-06-25,115.51,cboe:SKEW_History.csv
2009-06-26,115.72,cboe:SKEW_History.csv
2009-06-29,117.16,cboe:SKEW_History.csv
2009-06-30,117.03,cboe:SKEW_History.csv
2009-07-01,116.68,cboe:SKEW_History.csv
2009-07-02,115.08,cboe:SKEW_History.csv
2009-07-06,118.41,cboe:SKEW_History.csv
2009-07-07,116.35,cboe:SKEW_History.csv
2009-07-08,114.25,cboe:SKEW_History.csv
2009-07-09,115.2,cboe:SKEW_History.csv
2009-07-10,113.2,cboe:SKEW_History.csv
2009-07-13,113.3,cboe:SKEW_History.csv
2009-07-14,115.44,cboe:SKEW_History.csv
2009-07-15,115.75,cboe:SKEW_History.csv
2009-07-16,116.89,cboe:SKEW_History.csv
2009-07-17,116.43,cboe:SKEW_History.csv
2009-07-20,116.31,cboe:SKEW_History.csv
2009-07-21,116.79,cboe:SKEW_History.csv
2009-07-22,112.41,cboe:SKEW_History.csv
2009-07-23,112.07,cboe:SKEW_History.csv
2009-07-24,114.04,cboe:SKEW_History.csv
2009-07-27,114.05,cboe:SKEW_History.csv
2009-07-28,116.18,cboe:SKEW_History.csv
2009-07-29,116.74,cboe:SKEW_History.csv
2009-07-30,115.41,cboe:SKEW_History.csv
2009-07-31,108.94,cboe:SKEW_History.csv
2009-08-03,114.03,cboe:SKEW_History.csv
2009-08-04,114.94,cboe:SKEW_History.csv
2009-08-05,117.11,cboe:SKEW_History.csv
2009-08-06,115.22,cboe:SKEW_History.csv
2009-08-07,113.77,cboe:SKEW_History.csv
2009-08-10,117.02,cboe:SKEW_History.csv
2009-08-11,117.61,cboe:SKEW_History.csv
2009-08-12,119.64,cboe:SKEW_History.csv
2009-08-13,121.85,cboe:SKEW_History.csv
2009-08-14,118.75,cboe:SKEW_History.csv
2009-08-17,116.58,cboe:SKEW_History.csv
2009-08-18,118.11,cboe:SKEW_History.csv
2009-08-19,121.73,cboe:SKEW_History.csv
2009-08-20,121.53,cboe:SKEW_History.csv
2009-08-21,122.9,cboe:SKEW_History.csv
2009-08-24,121.16,cboe:SKEW_History.csv
2009-08-25,119.05,cboe:SKEW_History.csv
2009-08-26,118.71,cboe:SKEW_History.csv
2009-08-27,117.71,cboe:SKEW_History.csv
2009-08-28,117.67,cboe:SKEW_History.csv
2009-08-31,120.14,cboe:SKEW_History.csv
2009-09-01,118.26,cboe:SKEW_History.csv
2009-09-02,118.41,cboe:SKEW_History.csv
2009-09-03,119.38,cboe:SKEW_History.csv
2009-09-04,119.73,cboe:SKEW_History.csv
2009-09-08,120.55,cboe:SKEW_History.csv
2009-09-09,120.83,cboe:SKEW_History.csv
2009-09-10,121.26,cboe:SKEW_History.csv
2009-09-11,120.23,cboe:SKEW_History.csv
2009-09-14,121.0,cboe:SKEW_History.csv
2009-09-15,118.46,cboe:SKEW_History.csv
2009-09-16,113.62,cboe:SKEW_History.csv
2009-09-17,118.95,cboe:SKEW_History.csv
2009-09-18,117.02,cboe:SKEW_History.csv
2009-09-21,119.14,cboe:SKEW_History.csv
2009-09-22,118.16,cboe:SKEW_History.csv
2009-09-23,117.44,cboe:SKEW_History.csv
2009-09-24,116.65,cboe:SKEW_History.csv
2009-09-25,118.01,cboe:SKEW_History.csv
2009-09-28,119.1,cboe:SKEW_History.csv
2009-09-29,119.84,cboe:SKEW_History.csv
2009-09-30,120.86,cboe:SKEW_History.csv
2009-10-01,117.81,cboe:SKEW_History.csv
2009-10-02,118.55,cboe:SKEW_History.csv
2009-10-05,118.5,cboe:SKEW_History.csv
2009-10-06,117.82,cboe:SKEW_History.csv
2009-10-07,117.65,cboe:SKEW_History.csv
2009-10-08,119.92,cboe:SKEW_History.csv
2009-10-09,120.87,cboe:SKEW_History.csv
2009-10-12,119.55,cboe:SKEW_History.csv
2009-10-13,120.77,cboe:SKEW_History.csv
2009-10-14,121.31,cboe:SKEW_History.csv
2009-10-15,120.03,cboe:SKEW_History.csv
2009-10-16,119.05,cboe:SKEW_History.csv
2009-10-19,117.25,cboe:SKEW_History.csv
2009-10-20,116.9,cboe:SKEW_History.csv
2009-10-21,118.6,cboe:SKEW_History.csv
2009-10-22,118.09,cboe:SKEW_History.csv
2009-10-23,117.51,cboe:SKEW_History.csv
2009-10-26,118.33,cboe:SKEW_History.csv
2009-10-27,118.9,cboe:SKEW_History.csv
2009-10-28,118.37,cboe:SKEW_History.csv
2009-10-29,120.82,cboe:SKEW_History.csv
2009-10-30,122.75,cboe:SKEW_History.csv
2009-11-02,121.9,cboe:SKEW_History.csv
2009-11-03,118.53,cboe:SKEW_History.csv
2009-11-04,119.75,cboe:SKEW_History.csv
2009-11-05,119.83,cboe:SKEW_History.csv
2009-11-06,120.14,cboe:SKEW_History.csv
2009-11-09,114.4,cboe:SKEW_History.csv
2009-11-10,119.65,cboe:SKEW_History.csv
2009-11-11,119.21,cboe:SKEW_History.csv
2009-11-12,118.38,cboe:SKEW_History.csv
2009-11-13,120.72,cboe:SKEW_History.csv
2009-11-16,114.53,cboe:SKEW_History.csv
2009-11-17,119.32,cboe:SKEW_History.csv
2009-11-18,114.75,cboe:SKEW_History.csv
2009-11-19,119.35,cboe:SKEW_History.csv
2009-11-20,120.59,cboe:SKEW_History.csv
2009-11-23,122.85,cboe:SKEW_History.csv
2009-11-24,122.47,cboe:SKEW_History.csv
2009-11-25,121.98,cboe:SKEW_History.csv
2009-11-27,120.82,cboe:SKEW_History.csv
2009-11-30,122.91,cboe:SKEW_History.csv
2009-12-01,122.96,cboe:SKEW_History.csv
2009-12-02,119.0,cboe:SKEW_History.csv
2009-12-03,117.04,cboe:SKEW_History.csv
2009-12-04,118.01,cboe:SKEW_History.csv
2009-12-07,117.17,cboe:SKEW_History.csv
2009-12-08,117.89,cboe:SKEW_History.csv
2009-12-09,118.75,cboe:SKEW_History.csv
2009-12-10,121.35,cboe:SKEW_History.csv
2009-12-11,121.59,cboe:SKEW_History.csv
2009-12-14,125.3,cboe:SKEW_History.csv
2009-12-15,123.84,cboe:SKEW_History.csv
2009-12-16,117.13,cboe:SKEW_History.csv
2009-12-17,121.83,cboe:SKEW_History.csv
2009-12-18,122.29,cboe:SKEW_History.csv
2009-12-21,124.33,cboe:SKEW_History.csv
2009-12-22,127.89,cboe:SKEW_History.csv
2009-12-23,127.15,cboe:SKEW_History.csv
2009-12-24,128.16,cboe:SKEW_History.csv
2009-12-28,125.79,cboe:SKEW_History.csv
2009-12-29,125.71,cboe:SKEW_History.csv
2009-12-30,125.65,cboe:SKEW_History.csv
2009-12-31,123.23,cboe:SKEW_History.csv
2010-01-04,123.84,cboe:SKEW_History.csv
2010-01-05,122.99,cboe:SKEW_History.csv
2010-01-06,121.63,cboe:SKEW_History.csv
2010-01-07,120.17,cboe:SKEW_History.csv
2010-01-08,120.15,cboe:SKEW_History.csv
2010-01-11,119.1,cboe:SKEW_History.csv
2010-01-12,120.66,cboe:SKEW_History.csv
2010-01-13,125.89,cboe:SKEW_History.csv
2010-01-14,125.06,cboe:SKEW_History.csv
2010-01-15,124.32,cboe:SKEW_History.csv
2010-01-19,124.28,cboe:SKEW_History.csv
2010-01-20,124.1,cboe:SKEW_History.csv
2010-01-21,121.99,cboe:SKEW_History.csv
2010-01-22,122.88,cboe:SKEW_History.csv
2010-01-25,122.54,cboe:SKEW_History.csv
2010-01-26,118.41,cboe:SKEW_History.csv
2010-01-27,118.98,cboe:SKEW_History.csv
2010-01-28,117.98,cboe:SKEW_History.csv
2010-01-29,117.5,cboe:SKEW_History.csv
2010-02-01,119.22,cboe:SKEW_History.csv
2010-02-02,120.46,cboe:SKEW_History.csv
2010-02-03,119.95,cboe:SKEW_History.csv
2010-02-04,116.02,cboe:SKEW_History.csv
2010-02-05,118.75,cboe:SKEW_History.csv
2010-02-08,117.68,cboe:SKEW_History.csv
2010-02-09,120.43,cboe:SKEW_History.csv
2010-02-10,118.51,cboe:SKEW_History.csv
2010-02-11,120.13,cboe:SKEW_History.csv
2010-02-12,113.71,cboe:SKEW_History.csv
2010-02-16,120.89,cboe:SKEW_History.csv
2010-02-17,119.63,cboe:SKEW_History.csv
2010-02-18,122.56,cboe:SKEW_History.csv
2010-02-19,118.53,cboe:SKEW_History.csv
2010-02-22,121.33,cboe:SKEW_History.csv
2010-02-23,120.82,cboe:SKEW_History.csv
2010-02-24,120.61,cboe:SKEW_History.csv
2010-02-25,121.28,cboe:SKEW_History.csv
2010-02-26,120.13,cboe:SKEW_History.csv
2010-03-01,120.8,cboe:SKEW_History.csv
2010-03-02,120.28,cboe:SKEW_History.csv
2010-03-03,119.03,cboe:SKEW_History.csv
2010-03-04,120.75,cboe:SKEW_History.csv
2010-03-05,118.03,cboe:SKEW_History.csv
2010-03-08,117.56,cboe:SKEW_History.csv
2010-03-09,116.64,cboe:SKEW_History.csv
2010-03-10,117.98,cboe:SKEW_History.csv
2010-03-11,117.48,cboe:SKEW_History.csv
2010-03-12,118.96,cboe:SKEW_History.csv
2010-03-15,120.63,cboe:SKEW_History.csv
2010-03-16,123.51,cboe:SKEW_History.csv
2010-03-17,119.66,cboe:SKEW_History.csv
2010-03-18,120.27,cboe:SKEW_History.csv
2010-03-19,121.97,cboe:SKEW_History.csv
2010-03-22,123.63,cboe:SKEW_History.csv
2010-03-23,121.18,cboe:SKEW_History.csv
2010-03-24,122.67,cboe:SKEW_History.csv
2010-03-25,122.14,cboe:SKEW_History.csv
2010-03-26,123.14,cboe:SKEW_History.csv
2010-03-29,123.2,cboe:SKEW_History.csv
2010-03-30,124.03,cboe:SKEW_History.csv
2010-03-31,123.7,cboe:SKEW_History.csv
2010-04-01,123.93,cboe:SKEW_History.csv
2010-04-05,123.78,cboe:SKEW_History.csv
2010-04-06,123.29,cboe:SKEW_History.csv
2010-04-07,123.27,cboe:SKEW_History.csv
2010-04-08,122.67,cboe:SKEW_History.csv
2010-04-09,124.36,cboe:SKEW_History.csv
2010-04-12,123.16,cboe:SKEW_History.csv
2010-04-13,125.54,cboe:SKEW_History.csv
2010-04-14,125.77,cboe:SKEW_History.csv
2010-04-15,126.29,cboe:SKEW_History.csv
2010-04-16,131.33,cboe:SKEW_History.csv
2010-04-19,131.14,cboe:SKEW_History.csv
2010-04-20,134.19,cboe:SKEW_History.csv
2010-04-21,129.84,cboe:SKEW_History.csv
2010-04-22,127.48,cboe:SKEW_History.csv
2010-04-23,126.13,cboe:SKEW_History.csv
2010-04-26,124.25,cboe:SKEW_History.csv
2010-04-27,124.98,cboe:SKEW_History.csv
2010-04-28,128.4,cboe:SKEW_History.csv
2010-04-29,129.28,cboe:SKEW_History.csv
2010-04-30,125.41,cboe:SKEW_History.csv
2010-05-03,125.35,cboe:SKEW_History.csv
2010-05-04,124.86,cboe:SKEW_History.csv
2010-05-05,122.82,cboe:SKEW_History.csv
2010-05-06,122.16,cboe:SKEW_History.csv
2010-05-07,123.86,cboe:SKEW_History.csv
2010-05-10,128.64,cboe:SKEW_History.csv
2010-05-11,127.09,cboe:SKEW_History.csv
2010-05-12,124.26,cboe:SKEW_History.csv
2010-05-13,126.2,cboe:SKEW_History.csv
2010-05-14,128.47,cboe:SKEW_History.csv
2010-05-17,128.87,cboe:SKEW_History.csv
2010-05-18,123.88,cboe:SKEW_History.csv
2010-05-19,126.33,cboe:SKEW_History.csv
2010-05-20,123.36,cboe:SKEW_History.csv
2010-05-21,125.56,cboe:SKEW_History.csv
2010-05-24,125.0,cboe:SKEW_History.csv
2010-05-25,123.28,cboe:SKEW_History.csv
2010-05-26,121.48,cboe:SKEW_History.csv
2010-05-27,125.73,cboe:SKEW_History.csv
2010-05-28,123.13,cboe:SKEW_History.csv
2010-06-01,119.63,cboe:SKEW_History.csv
2010-06-02,123.69,cboe:SKEW_History.csv
2010-06-03,123.83,cboe:SKEW_History.csv
2010-06-04,121.11,cboe:SKEW_History.csv
2010-06-07,119.21,cboe:SKEW_History.csv
2010-06-08,120.74,cboe:SKEW_History.csv
2010-06-09,119.97,cboe:SKEW_History.csv
2010-06-10,122.34,cboe:SKEW_History.csv
2010-06-11,122.81,cboe:SKEW_History.csv
2010-06-14,121.69,cboe:SKEW_History.csv
2010-06-15,124.8,cboe:SKEW_History.csv
2010-06-16,121.48,cboe:SKEW_History.csv
2010-06-17,122.13,cboe:SKEW_History.csv
2010-06-18,122.98,cboe:SKEW_History.csv
2010-06-21,121.73,cboe:SKEW_History.csv
2010-06-22,120.42,cboe:SKEW_History.csv
2010-06-23,119.84,cboe:SKEW_History.csv
2010-06-24,119.56,cboe:SKEW_History.csv
2010-06-25,119.37,cboe:SKEW_History.csv
2010-06-28,120.3,cboe:SKEW_History.csv
2010-06-29,118.13,cboe:SKEW_History.csv
2010-06-30,116.87,cboe:SKEW_History.csv
2010-07-01,116.76,cboe:SKEW_History.csv
2010-07-02,114.65,cboe:SKEW_History.csv
2010-07-06,116.01,cboe:SKEW_History.csv
2010-07-07,117.77,cboe:SKEW_History.csv
2010-07-08,117.22,cboe:SKEW_History.csv
2010-07-09,117.97,cboe:SKEW_History.csv
2010-07-12,118.72,cboe:SKEW_History.csv
2010-07-13,119.33,cboe:SKEW_History.csv
2010-07-14,120.07,cboe:SKEW_History.csv
2010-07-15,118.58,cboe:SKEW_History.csv
2010-07-16,118.67,cboe:SKEW_History.csv
2010-07-19,118.78,cboe:SKEW_History.csv
2010-07-20,119.07,cboe:SKEW_History.csv
2010-07-21,117.29,cboe:SKEW_History.csv
2010-07-22,118.22,cboe:SKEW_History.csv
2010-07-23,119.69,cboe:SKEW_History.csv
2010-07-26,119.29,cboe:SKEW_History.csv
2010-07-27,121.32,cboe:SKEW_History.csv
2010-07-28,121.91,cboe:SKEW_History.csv
2010-07-29,119.36,cboe:SKEW_History.csv
2010-07-30,119.53,cboe:SKEW_History.csv
2010-08-02,122.5,cboe:SKEW_History.csv
2010-08-03,121.39,cboe:SKEW_History.csv
2010-08-04,120.99,cboe:SKEW_History.csv
2010-08-05,120.43,cboe:SKEW_History.csv
2010-08-06,119.67,cboe:SKEW_History.csv
2010-08-09,123.75,cboe:SKEW_History.csv
2010-08-10,122.79,cboe:SKEW_History.csv
2010-08-11,118.45,cboe:SKEW_History.csv
2010-08-12,115.18,cboe:SKEW_History.csv
2010-08-13,115.28,cboe:SKEW_History.csv
2010-08-16,121.1,cboe:SKEW_History.csv
2010-08-17,121.96,cboe:SKEW_History.csv
2010-08-18,121.26,cboe:SKEW_History.csv
2010-08-19,120.26,cboe:SKEW_History.csv
2010-08-20,119.62,cboe:SKEW_History.csv
2010-08-23,118.38,cboe:SKEW_History.csv
2010-08-24,117.39,cboe:SKEW_History.csv
2010-08-25,117.01,cboe:SKEW_History.csv
2010-08-26,115.99,cboe:SKEW_History.csv
2010-08-27,116.03,cboe:SKEW_History.csv
2010-08-30,115.06,cboe:SKEW_History.csv
2010-08-31,115.02,cboe:SKEW_History.csv
2010-09-01,116.36,cboe:SKEW_History.csv
2010-09-02,116.74,cboe:SKEW_History.csv
2010-09-03,119.11,cboe:SKEW_History.csv
2010-09-07,118.73,cboe:SKEW_History.csv
2010-09-08,120.3,cboe:SKEW_History.csv
2010-09-09,119.31,cboe:SKEW_History.csv
2010-09-10,121.09,cboe:SKEW_History.csv
2010-09-13,121.89,cboe:SKEW_History.csv
2010-09-14,120.98,cboe:SKEW_History.csv
2010-09-15,119.74,cboe:SKEW_History.csv
2010-09-16,124.32,cboe:SKEW_History.csv
2010-09-17,124.9,cboe:SKEW_History.csv
2010-09-20,124.88,cboe:SKEW_History.csv
2010-09-21,122.81,cboe:SKEW_History.csv
2010-09-22,121.75,cboe:SKEW_History.csv
2010-09-23,121.57,cboe:SKEW_History.csv
2010-09-24,123.0,cboe:SKEW_History.csv
2010-09-27,120.21,cboe:SKEW_History.csv
2010-09-28,121.69,cboe:SKEW_History.csv
2010-09-29,119.27,cboe:SKEW_History.csv
2010-09-30,120.48,cboe:SKEW_History.csv
2010-10-01,119.61,cboe:SKEW_History.csv
2010-10-04,118.29,cboe:SKEW_History.csv
2010-10-05,117.77,cboe:SKEW_History.csv
2010-10-06,116.57,cboe:SKEW_History.csv
2010-10-07,116.69,cboe:SKEW_History.csv
2010-10-08,117.96,cboe:SKEW_History.csv
2010-10-11,115.87,cboe:SKEW_History.csv
2010-10-12,117.02,cboe:SKEW_History.csv
2010-10-13,118.43,cboe:SKEW_History.csv
2010-10-14,120.24,cboe:SKEW_History.csv
2010-10-15,121.48,cboe:SKEW_History.csv
2010-10-18,120.57,cboe:SKEW_History.csv
2010-10-19,119.57,cboe:SKEW_History.csv
2010-10-20,120.04,cboe:SKEW_History.csv
2010-10-21,118.17,cboe:SKEW_History.csv
2010-10-22,117.38,cboe:SKEW_History.csv
2010-10-25,116.45,cboe:SKEW_History.csv
2010-10-26,116.51,cboe:SKEW_History.csv
2010-10-27,116.97,cboe:SKEW_History.csv
2010-10-28,116.29,cboe:SKEW_History.csv
2010-10-29,116.04,cboe:SKEW_History.csv
2010-11-01,116.83,cboe:SKEW_History.csv
2010-11-02,116.14,cboe:SKEW_History.csv
2010-11-03,118.21,cboe:SKEW_History.csv
2010-11-04,116.59,cboe:SKEW_History.csv
2010-11-05,116.98,cboe:SKEW_History.csv
2010-11-08,118.27,cboe:SKEW_History.csv
2010-11-09,119.61,cboe:SKEW_History.csv
2010-11-10,122.16,cboe:SKEW_History.csv
2010-11-11,123.59,cboe:SKEW_History.csv
2010-11-12,121.72,cboe:SKEW_History.csv
2010-11-15,122.04,cboe:SKEW_History.csv
2010-11-16,120.86,cboe:SKEW_History.csv
2010-11-17,120.34,cboe:SKEW_History.csv
2010-11-18,121.73,cboe:SKEW_History.csv
2010-11-19,121.26,cboe:SKEW_History.csv
2010-11-22,122.34,cboe:SKEW_History.csv
2010-11-23,119.86,cboe:SKEW_History.csv
2010-11-24,122.16,cboe:SKEW_History.csv
2010-11-26,119.02,cboe:SKEW_History.csv
2010-11-29,118.54,cboe:SKEW_History.csv
2010-11-30,116.71,cboe:SKEW_History.csv
2010-12-01,118.69,cboe:SKEW_History.csv
2010-12-02,120.88,cboe:SKEW_History.csv
2010-12-03,120.42,cboe:SKEW_History.csv
2010-12-06,121.15,cboe:SKEW_History.csv
2010-12-07,118.13,cboe:SKEW_History.csv
2010-12-08,119.53,cboe:SKEW_History.csv
2010-12-09,123.93,cboe:SKEW_History.csv
2010-12-10,123.01,cboe:SKEW_History.csv
2010-12-13,120.74,cboe:SKEW_History.csv
2010-12-14,121.99,cboe:SKEW_History.csv
2010-12-15,121.94,cboe:SKEW_History.csv
2010-12-16,124.81,cboe:SKEW_History.csv
2010-12-17,125.24,cboe:SKEW_History.csv
2010-12-20,125.84,cboe:SKEW_History.csv
2010-12-21,124.87,cboe:SKEW_History.csv
2010-12-22,123.65,cboe:SKEW_History.csv
2010-12-23,125.35,cboe:SKEW_History.csv
2010-12-27,123.86,cboe:SKEW_History.csv
2010-12-28,123.53,cboe:SKEW_History.csv
2010-12-29,122.4,cboe:SKEW_History.csv
2010-12-30,122.17,cboe:SKEW_History.csv
2010-12-31,120.74,cboe:SKEW_History.csv
2011-01-03,122.68,cboe:SKEW_History.csv
2011-01-04,121.96,cboe:SKEW_History.csv
2011-01-05,121.23,cboe:SKEW_History.csv
2011-01-06,121.01,cboe:SKEW_History.csv
2011-01-07,121.22,cboe:SKEW_History.csv
2011-01-10,121.47,cboe:SKEW_History.csv
2011-01-11,122.29,cboe:SKEW_History.csv
2011-01-12,121.94,cboe:SKEW_History.csv
2011-01-13,121.29,cboe:SKEW_History.csv
2011-01-14,123.52,cboe:SKEW_History.csv
2011-01-18,128.16,cboe:SKEW_History.csv
2011-01-19,123.41,cboe:SKEW_History.csv
2011-01-20,126.19,cboe:SKEW_History.csv
2011-01-21,133.99,cboe:SKEW_History.csv
2011-01-24,131.86,cboe:SKEW_History.csv
2011-01-25,134.61,cboe:SKEW_History.csv
2011-01-26,131.76,cboe:SKEW_History.csv
2011-01-27,130.56,cboe:SKEW_History.csv
2011-01-28,128.23,cboe:SKEW_History.csv
2011-01-31,130.3,cboe:SKEW_History.csv
2011-02-01,129.0,cboe:SKEW_History.csv
2011-02-02,127.52,cboe:SKEW_History.csv
2011-02-03,127.13,cboe:SKEW_History.csv
2011-02-04,127.45,cboe:SKEW_History.csv
2011-02-07,127.63,cboe:SKEW_History.csv
2011-02-08,129.54,cboe:SKEW_History.csv
2011-02-09,129.3300018310547,yahoo:^SKEW
2011-02-10,129.24,cboe:SKEW_History.csv
2011-02-11,131.31,cboe:SKEW_History.csv
2011-02-14,127.41,cboe:SKEW_History.csv
2011-02-15,131.78,cboe:SKEW_History.csv
2011-02-16,130.69,cboe:SKEW_History.csv
2011-02-17,130.97,cboe:SKEW_History.csv
2011-02-18,136.43,cboe:SKEW_History.csv
2011-02-22,125.9,cboe:SKEW_History.csv
2011-02-23,124.53,cboe:SKEW_History.csv
2011-02-24,124.68,cboe:SKEW_History.csv
2011-02-25,128.76,cboe:SKEW_History.csv
2011-02-28,129.37,cboe:SKEW_History.csv
2011-03-01,122.43,cboe:SKEW_History.csv
2011-03-02,123.06,cboe:SKEW_History.csv
2011-03-03,125.71,cboe:SKEW_History.csv
2011-03-04,125.9,cboe:SKEW_History.csv
2011-03-07,122.95,cboe:SKEW_History.csv
2011-03-08,123.37,cboe:SKEW_History.csv
2011-03-09,122.6,cboe:SKEW_History.csv
2011-03-10,119.26,cboe:SKEW_History.csv
2011-03-11,118.54,cboe:SKEW_History.csv
2011-03-14,121.52,cboe:SKEW_History.csv
2011-03-15,121.82,cboe:SKEW_History.csv
2011-03-16,122.46,cboe:SKEW_History.csv
2011-03-17,125.85,cboe:SKEW_History.csv
2011-03-18,126.81,cboe:SKEW_History.csv
2011-03-21,124.59,cboe:SKEW_History.csv
2011-03-22,120.83,cboe:SKEW_History.csv
2011-03-23,120.75,cboe:SKEW_History.csv
2011-03-24,119.97,cboe:SKEW_History.csv
2011-03-25,121.43,cboe:SKEW_History.csv
2011-03-28,122.68,cboe:SKEW_History.csv
2011-03-29,124.11,cboe:SKEW_History.csv
2011-03-30,123.5,cboe:SKEW_History.csv
2011-03-31,124.64,cboe:SKEW_History.csv
2011-04-01,128.64,cboe:SKEW_History.csv
2011-04-04,128.05,cboe:SKEW_History.csv
2011-04-05,128.02,cboe:SKEW_History.csv
2011-04-06,125.18,cboe:SKEW_History.csv
2011-04-07,126.46,cboe:SKEW_History.csv
2011-04-08,125.92,cboe:SKEW_History.csv
2011-04-11,122.94,cboe:SKEW_History.csv
2011-04-12,121.94,cboe:SKEW_History.csv
2011-04-13,124.55,cboe:SKEW_History.csv
2011-04-14,125.09,cboe:SKEW_History.csv
2011-04-15,130.45,cboe:SKEW_History.csv
2011-04-18,129.37,cboe:SKEW_History.csv
2011-04-19,129.4,cboe:SKEW_History.csv
2011-04-20,131.13,cboe:SKEW_History.csv
2011-04-21,131.78,cboe:SKEW_History.csv
2011-04-25,130.88,cboe:SKEW_History.csv
2011-04-26,127.45,cboe:SKEW_History.csv
2011-04-27,126.93,cboe:SKEW_History.csv
2011-04-28,124.99,cboe:SKEW_History.csv
2011-04-29,127.45,cboe:SKEW_History.csv
2011-05-02,124.15,cboe:SKEW_History.csv
2011-05-03,127.49,cboe:SKEW_History.csv
2011-05-04,125.29,cboe:SKEW_History.csv
2011-05-05,124.89,cboe:SKEW_History.csv
2011-05-06,124.61,cboe:SKEW_History.csv
2011-05-09,124.67,cboe:SKEW_History.csv
2011-05-10,126.23,cboe:SKEW_History.csv
2011-05-11,121.79,cboe:SKEW_History.csv
2011-05-12,122.59,cboe:SKEW_History.csv
2011-05-13,121.9,cboe:SKEW_History.csv
2011-05-16,123.58,cboe:SKEW_History.csv
2011-05-17,121.14,cboe:SKEW_History.csv
2011-05-18,125.82,cboe:SKEW_History.csv
2011-05-19,127.16,cboe:SKEW_History.csv
2011-05-20,129.15,cboe:SKEW_History.csv
2011-05-23,124.78,cboe:SKEW_History.csv
2011-05-24,123.13,cboe:SKEW_History.csv
2011-05-25,122.89,cboe:SKEW_History.csv
2011-05-26,125.43,cboe:SKEW_History.csv
2011-05-27,123.58,cboe:SKEW_History.csv
2011-05-31,123.91,cboe:SKEW_History.csv
2011-06-01,119.33,cboe:SKEW_History.csv
2011-06-02,119.2,cboe:SKEW_History.csv
2011-06-03,116.8,cboe:SKEW_History.csv
2011-06-06,116.02,cboe:SKEW_History.csv
2011-06-07,116.07,cboe:SKEW_History.csv
2011-06-08,118.76,cboe:SKEW_History.csv
2011-06-09,117.27,cboe:SKEW_History.csv
2011-06-10,122.65,cboe:SKEW_History.csv
2011-06-13,120.99,cboe:SKEW_History.csv
2011-06-14,125.3,cboe:SKEW_History.csv
2011-06-15,124.32,cboe:SKEW_History.csv
2011-06-16,122.35,cboe:SKEW_History.csv
2011-06-17,120.06,cboe:SKEW_History.csv
2011-06-20,117.44,cboe:SKEW_History.csv
2011-06-21,116.52,cboe:SKEW_History.csv
2011-06-22,114.74,cboe:SKEW_History.csv
2011-06-23,116.79,cboe:SKEW_History.csv
2011-06-24,115.92,cboe:SKEW_History.csv
2011-06-27,119.46,cboe:SKEW_History.csv
2011-06-28,122.15,cboe:SKEW_History.csv
2011-06-29,128.73,cboe:SKEW_History.csv
2011-06-30,122.09,cboe:SKEW_History.csv
2011-07-01,119.63,cboe:SKEW_History.csv
2011-07-05,121.78,cboe:SKEW_History.csv
2011-07-06,121.51,cboe:SKEW_History.csv
2011-07-07,121.86,cboe:SKEW_History.csv
2011-07-08,119.68,cboe:SKEW_History.csv
2011-07-11,123.08,cboe:SKEW_History.csv
2011-07-12,119.21,cboe:SKEW_History.csv
2011-07-13,124.79,cboe:SKEW_History.csv
2011-07-14,126.63,cboe:SKEW_History.csv
2011-07-15,129.24,cboe:SKEW_History.csv
2011-07-18,123.92,cboe:SKEW_History.csv
2011-07-19,126.12,cboe:SKEW_History.csv
2011-07-20,122.97,cboe:SKEW_History.csv
2011-07-21,122.42,cboe:SKEW_History.csv
2011-07-22,121.59,cboe:SKEW_History.csv
2011-07-25,119.45,cboe:SKEW_History.csv
2011-07-26,120.12,cboe:SKEW_History.csv
2011-07-27,119.44,cboe:SKEW_History.csv
2011-07-28,120.36,cboe:SKEW_History.csv
2011-07-29,120.65,cboe:SKEW_History.csv
2011-08-01,118.64,cboe:SKEW_History.csv
2011-08-02,116.08,cboe:SKEW_History.csv
2011-08-03,117.27,cboe:SKEW_History.csv
2011-08-04,113.17,cboe:SKEW_History.csv
2011-08-05,119.36,cboe:SKEW_History.csv
2011-08-08,121.06,cboe:SKEW_History.csv
2011-08-09,124.51,cboe:SKEW_History.csv
2011-08-10,118.65,cboe:SKEW_History.csv
2011-08-11,119.99,cboe:SKEW_History.csv
2011-08-12,119.79,cboe:SKEW_History.csv
2011-08-15,121.76,cboe:SKEW_History.csv
2011-08-16,122.41,cboe:SKEW_History.csv
2011-08-17,126.16,cboe:SKEW_History.csv
2011-08-18,124.44,cboe:SKEW_History.csv
2011-08-19,124.05,cboe:SKEW_History.csv
2011-08-22,119.4,cboe:SKEW_History.csv
2011-08-23,124.05,cboe:SKEW_History.csv
2011-08-24,123.37,cboe:SKEW_History.csv
2011-08-25,120.81,cboe:SKEW_History.csv
2011-08-26,122.97,cboe:SKEW_History.csv
2011-08-29,120.99,cboe:SKEW_History.csv
2011-08-30,119.9,cboe:SKEW_History.csv
2011-08-31,120.01,cboe:SKEW_History.csv
2011-09-01,120.23,cboe:SKEW_History.csv
2011-09-02,119.33,cboe:SKEW_History.csv
2011-09-06,121.04,cboe:SKEW_History.csv
2011-09-07,118.75,cboe:SKEW_History.csv
2011-09-08,118.59,cboe:SKEW_History.csv
2011-09-09,116.9,cboe:SKEW_History.csv
2011-09-12,117.23,cboe:SKEW_History.csv
2011-09-13,118.05,cboe:SKEW_History.csv
2011-09-14,115.73,cboe:SKEW_History.csv
2011-09-15,120.0,cboe:SKEW_History.csv
2011-09-16,123.27,cboe:SKEW_History.csv
2011-09-19,120.76,cboe:SKEW_History.csv
2011-09-20,120.61,cboe:SKEW_History.csv
2011-09-21,120.18,cboe:SKEW_History.csv
2011-09-22,119.37,cboe:SKEW_History.csv
2011-09-23,118.24,cboe:SKEW_History.csv
2011-09-26,120.34,cboe:SKEW_History.csv
2011-09-27,119.55,cboe:SKEW_History.csv
2011-09-28,118.21,cboe:SKEW_History.csv
2011-09-29,118.97,cboe:SKEW_History.csv
2011-09-30,114.83,cboe:SKEW_History.csv
2011-10-03,113.09,cboe:SKEW_History.csv
2011-10-04,115.28,cboe:SKEW_History.csv
2011-10-05,113.87,cboe:SKEW_History.csv
2011-10-06,115.42,cboe:SKEW_History.csv
2011-10-07,116.1,cboe:SKEW_History.csv
2011-10-10,116.81,cboe:SKEW_History.csv
2011-10-11,118.91,cboe:SKEW_History.csv
2011-10-12,121.6,cboe:SKEW_History.csv
2011-10-13,121.98,cboe:SKEW_History.csv
2011-10-14,121.9,cboe:SKEW_History.csv
2011-10-17,124.46,cboe:SKEW_History.csv
2011-10-18,127.99,cboe:SKEW_History.csv
2011-10-19,122.57,cboe:SKEW_History.csv
2011-10-20,122.57,cboe:SKEW_History.csv
2011-10-21,127.19,cboe:SKEW_History.csv
2011-10-24,124.85,cboe:SKEW_History.csv
2011-10-25,122.65,cboe:SKEW_History.csv
2011-10-26,122.65,cboe:SKEW_History.csv
2011-10-27,122.82,cboe:SKEW_History.csv
2011-10-28,121.18,cboe:SKEW_History.csv
2011-10-31,120.69,cboe:SKEW_History.csv
2011-11-01,126.65,cboe:SKEW_History.csv
2011-11-02,123.95,cboe:SKEW_History.csv
2011-11-03,124.19,cboe:SKEW_History.csv
2011-11-04,123.56,cboe:SKEW_History.csv
2011-11-07,124.93,cboe:SKEW_History.csv
2011-11-08,124.77,cboe:SKEW_History.csv
2011-11-09,122.87,cboe:SKEW_History.csv
2011-11-10,125.24,cboe:SKEW_History.csv
2011-11-11,124.56,cboe:SKEW_History.csv
2011-11-14,124.56,cboe:SKEW_History.csv
2011-11-15,124.97,cboe:SKEW_History.csv
2011-11-16,122.92,cboe:SKEW_History.csv
2011-11-17,121.59,cboe:SKEW_History.csv
2011-11-18,120.04,cboe:SKEW_History.csv
2011-11-21,115.15,cboe:SKEW_History.csv
2011-11-22,114.92,cboe:SKEW_History.csv
2011-11-23,116.78,cboe:SKEW_History.csv
2011-11-25,114.77,cboe:SKEW_History.csv
2011-11-28,118.63,cboe:SKEW_History.csv
2011-11-29,116.45,cboe:SKEW_History.csv
2011-11-30,116.56,cboe:SKEW_History.csv
2011-12-01,116.9,cboe:SKEW_History.csv
2011-12-02,116.31,cboe:SKEW_History.csv
2011-12-05,116.14,cboe:SKEW_History.csv
2011-12-06,115.16,cboe:SKEW_History.csv
2011-12-07,115.87,cboe:SKEW_History.csv
2011-12-08,115.37,cboe:SKEW_History.csv
2011-12-09,116.83,cboe:SKEW_History.csv
2011-12-12,120.26,cboe:SKEW_History.csv
2011-12-13,119.44,cboe:SKEW_History.csv
2011-12-14,120.66,cboe:SKEW_History.csv
2011-12-15,122.35,cboe:SKEW_History.csv
2011-12-16,119.22,cboe:SKEW_History.csv
2011-12-19,116.58,cboe:SKEW_History.csv
2011-12-20,120.66,cboe:SKEW_History.csv
2011-12-21,115.16,cboe:SKEW_History.csv
2011-12-22,115.56,cboe:SKEW_History.csv
2011-12-23,117.14,cboe:SKEW_History.csv
2011-12-27,116.53,cboe:SKEW_History.csv
2011-12-28,116.32,cboe:SKEW_History.csv
2011-12-29,116.57,cboe:SKEW_History.csv
2011-12-30,116.21,cboe:SKEW_History.csv
2012-01-03,117.1,cboe:SKEW_History.csv
2012-01-04,117.63,cboe:SKEW_History.csv
2012-01-05,117.76,cboe:SKEW_History.csv
2012-01-06,118.29,cboe:SKEW_History.csv
2012-01-09,119.07,cboe:SKEW_History.csv
2012-01-10,118.99,cboe:SKEW_History.csv
2012-01-11,120.2,cboe:SKEW_History.csv
2012-01-12,120.78,cboe:SKEW_History.csv
2012-01-13,121.92,cboe:SKEW_History.csv
2012-01-17,125.63,cboe:SKEW_History.csv
2012-01-18,130.78,cboe:SKEW_History.csv
2012-01-19,129.6,cboe:SKEW_History.csv
2012-01-20,129.24,cboe:SKEW_History.csv
2012-01-23,125.83,cboe:SKEW_History.csv
2012-01-24,127.38,cboe:SKEW_History.csv
2012-01-25,125.22,cboe:SKEW_History.csv
2012-01-26,122.96,cboe:SKEW_History.csv
2012-01-27,121.5,cboe:SKEW_History.csv
2012-01-30,121.99,cboe:SKEW_History.csv
2012-01-31,121.96,cboe:SKEW_History.csv
2012-02-01,121.39,cboe:SKEW_History.csv
2012-02-02,122.26,cboe:SKEW_History.csv
2012-02-03,122.14,cboe:SKEW_History.csv
2012-02-06,123.63,cboe:SKEW_History.csv
2012-02-07,123.02,cboe:SKEW_History.csv
2012-02-08,124.76,cboe:SKEW_History.csv
2012-02-09,126.48,cboe:SKEW_History.csv
2012-02-10,129.59,cboe:SKEW_History.csv
2012-02-13,127.89,cboe:SKEW_History.csv
2012-02-14,129.96,cboe:SKEW_History.csv
2012-02-15,128.88,cboe:SKEW_History.csv
2012-02-16,130.29,cboe:SKEW_History.csv
2012-02-17,129.54,cboe:SKEW_History.csv
2012-02-21,128.46,cboe:SKEW_History.csv
2012-02-22,127.7,cboe:SKEW_History.csv
2012-02-23,127.81,cboe:SKEW_History.csv
2012-02-24,128.72,cboe:SKEW_History.csv
2012-02-27,126.98,cboe:SKEW_History.csv
2012-02-28,125.65,cboe:SKEW_History.csv
2012-02-29,124.59,cboe:SKEW_History.csv
2012-03-01,127.63,cboe:SKEW_History.csv
2012-03-02,125.2,cboe:SKEW_History.csv
2012-03-05,126.23,cboe:SKEW_History.csv
2012-03-06,126.49,cboe:SKEW_History.csv
2012-03-07,126.02,cboe:SKEW_History.csv
2012-03-08,125.08,cboe:SKEW_History.csv
2012-03-09,124.78,cboe:SKEW_History.csv
2012-03-12,139.25,cboe:SKEW_History.csv
2012-03-13,122.89,cboe:SKEW_History.csv
2012-03-14,118.82,cboe:SKEW_History.csv
2012-03-15,136.51,cboe:SKEW_History.csv
2012-03-16,138.43,cboe:SKEW_History.csv
2012-03-19,128.85,cboe:SKEW_History.csv
2012-03-20,128.02,cboe:SKEW_History.csv
2012-03-21,124.6,cboe:SKEW_History.csv
2012-03-22,121.17,cboe:SKEW_History.csv
2012-03-23,122.98,cboe:SKEW_History.csv
2012-03-26,118.02,cboe:SKEW_History.csv
2012-03-27,121.13,cboe:SKEW_History.csv
2012-03-28,121.61,cboe:SKEW_History.csv
2012-03-29,121.69,cboe:SKEW_History.csv
2012-03-30,124.97,cboe:SKEW_History.csv
2012-04-02,123.13,cboe:SKEW_History.csv
2012-04-03,123.84,cboe:SKEW_History.csv
2012-04-04,121.0,cboe:SKEW_History.csv
2012-04-05,120.61,cboe:SKEW_History.csv
2012-04-09,119.05,cboe:SKEW_History.csv
2012-04-10,119.27,cboe:SKEW_History.csv
2012-04-11,118.43,cboe:SKEW_History.csv
2012-04-12,119.87,cboe:SKEW_History.csv
2012-04-13,118.19,cboe:SKEW_History.csv
2012-04-16,116.67,cboe:SKEW_History.csv
2012-04-17,121.83,cboe:SKEW_History.csv
2012-04-18,119.5,cboe:SKEW_History.csv
2012-04-19,117.6,cboe:SKEW_History.csv
2012-04-20,118.05,cboe:SKEW_History.csv
2012-04-23,117.19,cboe:SKEW_History.csv
2012-04-24,118.36,cboe:SKEW_History.csv
2012-04-25,122.53,cboe:SKEW_History.csv
2012-04-26,121.03,cboe:SKEW_History.csv
2012-04-27,120.08,cboe:SKEW_History.csv
2012-04-30,119.83,cboe:SKEW_History.csv
2012-05-01,120.18,cboe:SKEW_History.csv
2012-05-02,119.94,cboe:SKEW_History.csv
2012-05-03,116.18,cboe:SKEW_History.csv
2012-05-04,115.83,cboe:SKEW_History.csv
2012-05-07,116.68,cboe:SKEW_History.csv
2012-05-08,117.23,cboe:SKEW_History.csv
2012-05-09,115.05,cboe:SKEW_History.csv
2012-05-10,115.11,cboe:SKEW_History.csv
2012-05-11,114.7,cboe:SKEW_History.csv
2012-05-14,119.18,cboe:SKEW_History.csv
2012-05-15,120.04,cboe:SKEW_History.csv
2012-05-16,118.47,cboe:SKEW_History.csv
2012-05-17,119.54,cboe:SKEW_History.csv
2012-05-18,119.28,cboe:SKEW_History.csv
2012-05-21,119.56,cboe:SKEW_History.csv
2012-05-22,119.31,cboe:SKEW_History.csv
2012-05-23,119.52,cboe:SKEW_History.csv
2012-05-24,120.64,cboe:SKEW_History.csv
2012-05-25,120.38,cboe:SKEW_History.csv
2012-05-29,122.39,cboe:SKEW_History.csv
2012-05-30,118.54,cboe:SKEW_History.csv
2012-05-31,119.32,cboe:SKEW_History.csv
2012-06-01,116.35,cboe:SKEW_History.csv
2012-06-04,116.66,cboe:SKEW_History.csv
2012-06-05,117.07,cboe:SKEW_History.csv
2012-06-06,119.66,cboe:SKEW_History.csv
2012-06-07,120.01,cboe:SKEW_History.csv
2012-06-08,122.09,cboe:SKEW_History.csv
2012-06-11,119.28,cboe:SKEW_History.csv
2012-06-12,121.82,cboe:SKEW_History.csv
2012-06-13,120.37,cboe:SKEW_History.csv
2012-06-14,115.05,cboe:SKEW_History.csv
2012-06-15,126.08,cboe:SKEW_History.csv
2012-06-18,121.2,cboe:SKEW_History.csv
2012-06-19,123.09,cboe:SKEW_History.csv
2012-06-20,122.06,cboe:SKEW_History.csv
2012-06-21,118.4,cboe:SKEW_History.csv
2012-06-22,116.37,cboe:SKEW_History.csv
2012-06-25,116.29,cboe:SKEW_History.csv
2012-06-26,114.69,cboe:SKEW_History.csv
2012-06-27,115.85,cboe:SKEW_History.csv
2012-06-28,116.9,cboe:SKEW_History.csv
2012-06-29,119.09,cboe:SKEW_History.csv
2012-07-02,118.89,cboe:SKEW_History.csv
2012-07-03,118.33,cboe:SKEW_History.csv
2012-07-05,117.91,cboe:SKEW_History.csv
2012-07-06,118.45,cboe:SKEW_History.csv
2012-07-09,119.62,cboe:SKEW_History.csv
2012-07-10,119.34,cboe:SKEW_History.csv
2012-07-11,117.3,cboe:SKEW_History.csv
2012-07-12,116.13,cboe:SKEW_History.csv
2012-07-13,119.13,cboe:SKEW_History.csv
2012-07-16,115.09,cboe:SKEW_History.csv
2012-07-17,117.22,cboe:SKEW_History.csv
2012-07-18,116.59,cboe:SKEW_History.csv
2012-07-19,114.19,cboe:SKEW_History.csv
2012-07-20,116.52,cboe:SKEW_History.csv
2012-07-23,120.26,cboe:SKEW_History.csv
2012-07-24,119.13,cboe:SKEW_History.csv
2012-07-25,118.58,cboe:SKEW_History.csv
2012-07-26,116.92,cboe:SKEW_History.csv
2012-07-27,114.4,cboe:SKEW_History.csv
2012-07-30,114.86,cboe:SKEW_History.csv
2012-07-31,113.99,cboe:SKEW_History.csv
2012-08-01,114.59,cboe:SKEW_History.csv
2012-08-02,114.35,cboe:SKEW_History.csv
2012-08-03,120.25,cboe:SKEW_History.csv
2012-08-06,114.79,cboe:SKEW_History.csv
2012-08-07,113.55,cboe:SKEW_History.csv
2012-08-08,115.36,cboe:SKEW_History.csv
2012-08-09,119.84,cboe:SKEW_History.csv
2012-08-10,117.89,cboe:SKEW_History.csv
2012-08-13,121.65,cboe:SKEW_History.csv
2012-08-14,122.05,cboe:SKEW_History.csv
2012-08-15,119.89,cboe:SKEW_History.csv
2012-08-16,121.94,cboe:SKEW_History.csv
2012-08-17,123.79,cboe:SKEW_History.csv
2012-08-20,125.84,cboe:SKEW_History.csv
2012-08-21,129.99,cboe:SKEW_History.csv
2012-08-22,125.32,cboe:SKEW_History.csv
2012-08-23,122.41,cboe:SKEW_History.csv
2012-08-24,123.74,cboe:SKEW_History.csv
2012-08-27,121.53,cboe:SKEW_History.csv
2012-08-28,120.28,cboe:SKEW_History.csv
2012-08-29,120.55,cboe:SKEW_History.csv
2012-08-30,119.0,cboe:SKEW_History.csv
2012-08-31,120.78,cboe:SKEW_History.csv
2012-09-04,119.59,cboe:SKEW_History.csv
2012-09-05,120.49,cboe:SKEW_History.csv
2012-09-06,119.31,cboe:SKEW_History.csv
2012-09-07,120.7,cboe:SKEW_History.csv
2012-09-10,122.37,cboe:SKEW_History.csv
2012-09-11,122.82,cboe:SKEW_History.csv
2012-09-12,123.38,cboe:SKEW_History.csv
2012-09-13,115.69,cboe:SKEW_History.csv
2012-09-14,117.26,cboe:SKEW_History.csv
2012-09-17,122.69,cboe:SKEW_History.csv
2012-09-18,127.38,cboe:SKEW_History.csv
2012-09-19,122.44,cboe:SKEW_History.csv
2012-09-20,128.03,cboe:SKEW_History.csv
2012-09-21,130.6,cboe:SKEW_History.csv
2012-09-24,129.12,cboe:SKEW_History.csv
2012-09-25,125.45,cboe:SKEW_History.csv
2012-09-26,124.06,cboe:SKEW_History.csv
2012-09-27,127.56,cboe:SKEW_History.csv
2012-09-28,125.87,cboe:SKEW_History.csv
2012-10-01,128.17,cboe:SKEW_History.csv
2012-10-02,127.1,cboe:SKEW_History.csv
2012-10-03,125.4,cboe:SKEW_History.csv
2012-10-04,120.39,cboe:SKEW_History.csv
2012-10-05,123.85,cboe:SKEW_History.csv
2012-10-08,122.06,cboe:SKEW_History.csv
2012-10-09,121.21,cboe:SKEW_History.csv
2012-10-10,120.46,cboe:SKEW_History.csv
2012-10-11,120.83,cboe:SKEW_History.csv
2012-10-12,120.97,cboe:SKEW_History.csv
2012-10-15,122.45,cboe:SKEW_History.csv
2012-10-16,122.52,cboe:SKEW_History.csv
2012-10-17,124.95,cboe:SKEW_History.csv
2012-10-18,124.58,cboe:SKEW_History.csv
2012-10-19,125.39,cboe:SKEW_History.csv
2012-10-22,122.99,cboe:SKEW_History.csv
2012-10-23,120.16,cboe:SKEW_History.csv
2012-10-24,119.33,cboe:SKEW_History.csv
2012-10-25,120.89,cboe:SKEW_History.csv
2012-10-26,119.31,cboe:SKEW_History.csv
2012-10-31,115.04,cboe:SKEW_History.csv
2012-11-01,117.85,cboe:SKEW_History.csv
2012-11-02,115.78,cboe:SKEW_History.csv
2012-11-05,115.52,cboe:SKEW_History.csv
2012-11-06,116.34,cboe:SKEW_History.csv
2012-11-07,116.1,cboe:SKEW_History.csv
2012-11-08,116.69,cboe:SKEW_History.csv
2012-11-09,115.4,cboe:SKEW_History.csv
2012-11-12,114.23,cboe:SKEW_History.csv
2012-11-13,114.81,cboe:SKEW_History.csv
2012-11-14,113.23,cboe:SKEW_History.csv
2012-11-15,113.65,cboe:SKEW_History.csv
2012-11-16,115.85,cboe:SKEW_History.csv
2012-11-19,113.46,cboe:SKEW_History.csv
2012-11-20,117.25,cboe:SKEW_History.csv
2012-11-21,116.62,cboe:SKEW_History.csv
2012-11-23,117.82,cboe:SKEW_History.csv
2012-11-26,116.96,cboe:SKEW_History.csv
2012-11-27,116.65,cboe:SKEW_History.csv
2012-11-28,116.12,cboe:SKEW_History.csv
2012-11-29,117.35,cboe:SKEW_History.csv
2012-11-30,117.07,cboe:SKEW_History.csv
2012-12-03,115.98,cboe:SKEW_History.csv
2012-12-04,115.31,cboe:SKEW_History.csv
2012-12-05,114.55,cboe:SKEW_History.csv
2012-12-06,115.74,cboe:SKEW_History.csv
2012-12-07,115.23,cboe:SKEW_History.csv
2012-12-10,114.77,cboe:SKEW_History.csv
2012-12-11,115.92,cboe:SKEW_History.csv
2012-12-12,116.49,cboe:SKEW_History.csv
2012-12-13,116.24,cboe:SKEW_History.csv
2012-12-14,118.92,cboe:SKEW_History.csv
2012-12-17,118.06,cboe:SKEW_History.csv
2012-12-18,117.86,cboe:SKEW_History.csv
2012-12-19,120.76,cboe:SKEW_History.csv
2012-12-20,124.47,cboe:SKEW_History.csv
2012-12-21,127.08,cboe:SKEW_History.csv
2012-12-24,124.47,cboe:SKEW_History.csv
2012-12-26,122.18,cboe:SKEW_History.csv
2012-12-27,119.6,cboe:SKEW_History.csv
2012-12-28,118.38,cboe:SKEW_History.csv
2012-12-31,121.27,cboe:SKEW_History.csv
2013-01-02,121.77,cboe:SKEW_History.csv
2013-01-03,117.93,cboe:SKEW_History.csv
2013-01-04,115.53,cboe:SKEW_History.csv
2013-01-07,116.78,cboe:SKEW_History.csv
2013-01-08,118.15,cboe:SKEW_History.csv
2013-01-09,117.89,cboe:SKEW_History.csv
2013-01-10,118.53,cboe:SKEW_History.csv
2013-01-11,119.14,cboe:SKEW_History.csv
2013-01-14,117.19,cboe:SKEW_History.csv
2013-01-15,120.9,cboe:SKEW_History.csv
2013-01-16,120.13,cboe:SKEW_History.csv
2013-01-17,120.53,cboe:SKEW_History.csv
2013-01-18,124.79,cboe:SKEW_History.csv
2013-01-22,126.73,cboe:SKEW_History.csv
2013-01-23,126.58,cboe:SKEW_History.csv
2013-01-24,125.47,cboe:SKEW_History.csv
2013-01-25,124.71,cboe:SKEW_History.csv
2013-01-28,122.95,cboe:SKEW_History.csv
2013-01-29,123.95,cboe:SKEW_History.csv
2013-01-30,121.92,cboe:SKEW_History.csv
2013-01-31,121.64,cboe:SKEW_History.csv
2013-02-01,122.55,cboe:SKEW_History.csv
2013-02-04,122.6,cboe:SKEW_History.csv
2013-02-05,123.22,cboe:SKEW_History.csv
2013-02-06,122.45,cboe:SKEW_History.csv
2013-02-07,125.35,cboe:SKEW_History.csv
2013-02-08,125.67,cboe:SKEW_History.csv
2013-02-11,125.53,cboe:SKEW_History.csv
2013-02-12,126.12,cboe:SKEW_History.csv
2013-02-13,126.68,cboe:SKEW_History.csv
2013-02-14,127.19,cboe:SKEW_History.csv
2013-02-15,130.46,cboe:SKEW_History.csv
2013-02-19,130.15,cboe:SKEW_History.csv
2013-02-20,124.47,cboe:SKEW_History.csv
2013-02-21,122.58,cboe:SKEW_History.csv
2013-02-22,125.37,cboe:SKEW_History.csv
2013-02-25,121.5,cboe:SKEW_History.csv
2013-02-26,122.92,cboe:SKEW_History.csv
2013-02-27,124.96,cboe:SKEW_History.csv
2013-02-28,126.86,cboe:SKEW_History.csv
2013-03-01,128.19,cboe:SKEW_History.csv
2013-03-04,128.65,cboe:SKEW_History.csv
2013-03-05,126.62,cboe:SKEW_History.csv
2013-03-06,124.73,cboe:SKEW_History.csv
2013-03-07,125.28,cboe:SKEW_History.csv
2013-03-08,124.46,cboe:SKEW_History.csv
2013-03-11,125.21,cboe:SKEW_History.csv
2013-03-12,128.66,cboe:SKEW_History.csv
2013-03-13,127.13,cboe:SKEW_History.csv
2013-03-14,128.96,cboe:SKEW_History.csv
2013-03-15,129.12,cboe:SKEW_History.csv
2013-03-18,126.17,cboe:SKEW_History.csv
2013-03-19,127.08,cboe:SKEW_History.csv
2013-03-20,123.73,cboe:SKEW_History.csv
2013-03-21,121.69,cboe:SKEW_History.csv
2013-03-22,122.18,cboe:SKEW_History.csv
2013-03-25,122.03,cboe:SKEW_History.csv
2013-03-26,122.47,cboe:SKEW_History.csv
2013-03-27,121.99,cboe:SKEW_History.csv
2013-03-28,122.93,cboe:SKEW_History.csv
2013-04-01,121.21,cboe:SKEW_History.csv
2013-04-02,122.84,cboe:SKEW_History.csv
2013-04-03,120.92,cboe:SKEW_History.csv
2013-04-04,120.79,cboe:SKEW_History.csv
2013-04-05,118.34,cboe:SKEW_History.csv
2013-04-08,119.21,cboe:SKEW_History.csv
2013-04-09,118.63,cboe:SKEW_History.csv
2013-04-10,118.34,cboe:SKEW_History.csv
2013-04-11,117.24,cboe:SKEW_History.csv
2013-04-12,117.84,cboe:SKEW_History.csv
2013-04-15,119.92,cboe:SKEW_History.csv
2013-04-16,124.1,cboe:SKEW_History.csv
2013-04-17,120.7,cboe:SKEW_History.csv
2013-04-18,121.28,cboe:SKEW_History.csv
2013-04-19,122.61,cboe:SKEW_History.csv
2013-04-22,120.52,cboe:SKEW_History.csv
2013-04-23,121.56,cboe:SKEW_History.csv
2013-04-24,119.84,cboe:SKEW_History.csv
2013-04-25,119.83,cboe:SKEW_History.csv
2013-04-26,118.86,cboe:SKEW_History.csv
2013-04-29,118.85,cboe:SKEW_History.csv
2013-04-30,119.05,cboe:SKEW_History.csv
2013-05-01,118.05,cboe:SKEW_History.csv
2013-05-02,117.95,cboe:SKEW_History.csv
2013-05-03,118.18,cboe:SKEW_History.csv
2013-05-06,116.93,cboe:SKEW_History.csv
2013-05-07,119.76,cboe:SKEW_History.csv
2013-05-08,117.35,cboe:SKEW_History.csv
2013-05-09,119.08,cboe:SKEW_History.csv
2013-05-10,117.97,cboe:SKEW_History.csv
2013-05-13,119.16,cboe:SKEW_History.csv
2013-05-14,116.16,cboe:SKEW_History.csv
2013-05-15,119.41,cboe:SKEW_History.csv
2013-05-16,121.22,cboe:SKEW_History.csv
2013-05-17,127.85,cboe:SKEW_History.csv
2013-05-20,117.67,cboe:SKEW_History.csv
2013-05-21,117.08,cboe:SKEW_History.csv
2013-05-22,117.16,cboe:SKEW_History.csv
2013-05-23,116.92,cboe:SKEW_History.csv
2013-05-24,118.17,cboe:SKEW_History.csv
2013-05-28,112.47,cboe:SKEW_History.csv
2013-05-29,116.2,cboe:SKEW_History.csv
2013-05-30,117.75,cboe:SKEW_History.csv
2013-05-31,119.51,cboe:SKEW_History.csv
2013-06-03,119.16,cboe:SKEW_History.csv
2013-06-04,116.87,cboe:SKEW_History.csv
2013-06-05,116.57,cboe:SKEW_History.csv
2013-06-06,117.64,cboe:SKEW_History.csv
2013-06-07,116.2,cboe:SKEW_History.csv
2013-06-10,116.2,cboe:SKEW_History.csv
2013-06-11,116.98,cboe:SKEW_History.csv
2013-06-12,115.56,cboe:SKEW_History.csv
2013-06-13,117.28,cboe:SKEW_History.csv
2013-06-14,116.29,cboe:SKEW_History.csv
2013-06-17,116.74,cboe:SKEW_History.csv
2013-06-18,118.7,cboe:SKEW_History.csv
2013-06-19,117.84,cboe:SKEW_History.csv
2013-06-20,117.52,cboe:SKEW_History.csv
2013-06-21,117.36,cboe:SKEW_History.csv
2013-06-24,116.08,cboe:SKEW_History.csv
2013-06-25,115.23,cboe:SKEW_History.csv
2013-06-26,115.81,cboe:SKEW_History.csv
2013-06-27,116.01,cboe:SKEW_History.csv
2013-06-28,116.53,cboe:SKEW_History.csv
2013-07-01,114.85,cboe:SKEW_History.csv
2013-07-02,115.22,cboe:SKEW_History.csv
2013-07-03,113.13,cboe:SKEW_History.csv
2013-07-05,117.12,cboe:SKEW_History.csv
2013-07-08,117.13,cboe:SKEW_History.csv
2013-07-09,115.19,cboe:SKEW_History.csv
2013-07-10,117.08,cboe:SKEW_History.csv
2013-07-11,115.53,cboe:SKEW_History.csv
2013-07-12,113.27,cboe:SKEW_History.csv
2013-07-15,114.42,cboe:SKEW_History.csv
2013-07-16,115.26,cboe:SKEW_History.csv
2013-07-17,115.27,cboe:SKEW_History.csv
2013-07-18,115.58,cboe:SKEW_History.csv
2013-07-19,113.07,cboe:SKEW_History.csv
2013-07-22,112.9,cboe:SKEW_History.csv
2013-07-23,113.14,cboe:SKEW_History.csv
2013-07-24,118.72,cboe:SKEW_History.csv
2013-07-25,117.85,cboe:SKEW_History.csv
2013-07-26,118.23,cboe:SKEW_History.csv
2013-07-29,118.93,cboe:SKEW_History.csv
2013-07-30,119.39,cboe:SKEW_History.csv
2013-07-31,117.85,cboe:SKEW_History.csv
2013-08-01,115.06,cboe:SKEW_History.csv
2013-08-02,116.89,cboe:SKEW_History.csv
2013-08-05,116.53,cboe:SKEW_History.csv
2013-08-06,119.09,cboe:SKEW_History.csv
2013-08-07,118.31,cboe:SKEW_History.csv
2013-08-08,118.47,cboe:SKEW_History.csv
2013-08-09,122.3,cboe:SKEW_History.csv
2013-08-12,115.44,cboe:SKEW_History.csv
2013-08-13,115.81,cboe:SKEW_History.csv
2013-08-14,119.33,cboe:SKEW_History.csv
2013-08-15,115.82,cboe:SKEW_History.csv
2013-08-16,117.21,cboe:SKEW_History.csv
2013-08-19,118.15,cboe:SKEW_History.csv
2013-08-20,118.07,cboe:SKEW_History.csv
2013-08-21,117.17,cboe:SKEW_History.csv
2013-08-22,119.21,cboe:SKEW_History.csv
2013-08-23,120.13,cboe:SKEW_History.csv
2013-08-26,118.69,cboe:SKEW_History.csv
2013-08-27,118.07,cboe:SKEW_History.csv
2013-08-28,117.51,cboe:SKEW_History.csv
2013-08-29,117.21,cboe:SKEW_History.csv
2013-08-30,117.48,cboe:SKEW_History.csv
2013-09-03,116.72,cboe:SKEW_History.csv
2013-09-04,116.97,cboe:SKEW_History.csv
2013-09-05,117.37,cboe:SKEW_History.csv
2013-09-06,118.67,cboe:SKEW_History.csv
2013-09-09,119.0,cboe:SKEW_History.csv
2013-09-10,119.94,cboe:SKEW_History.csv
2013-09-11,120.68,cboe:SKEW_History.csv
2013-09-12,119.67,cboe:SKEW_History.csv
2013-09-13,120.12,cboe:SKEW_History.csv
2013-09-16,118.84,cboe:SKEW_History.csv
2013-09-17,121.59,cboe:SKEW_History.csv
2013-09-18,114.22,cboe:SKEW_History.csv
2013-09-19,115.69,cboe:SKEW_History.csv
2013-09-20,115.87,cboe:SKEW_History.csv
2013-09-23,119.08,cboe:SKEW_History.csv
2013-09-24,119.31,cboe:SKEW_History.csv
2013-09-25,117.45,cboe:SKEW_History.csv
2013-09-26,122.03,cboe:SKEW_History.csv
2013-09-27,124.48,cboe:SKEW_History.csv
2013-09-30,123.46,cboe:SKEW_History.csv
2013-10-01,123.74,cboe:SKEW_History.csv
2013-10-02,123.52,cboe:SKEW_History.csv
2013-10-03,122.31,cboe:SKEW_History.csv
2013-10-04,123.98,cboe:SKEW_History.csv
2013-10-07,123.23,cboe:SKEW_History.csv
2013-10-08,120.72,cboe:SKEW_History.csv
2013-10-09,122.62,cboe:SKEW_History.csv
2013-10-10,120.25,cboe:SKEW_History.csv
2013-10-11,130.97,cboe:SKEW_History.csv
2013-10-14,129.14,cboe:SKEW_History.csv
2013-10-15,131.01,cboe:SKEW_History.csv
2013-10-16,125.24,cboe:SKEW_History.csv
2013-10-17,126.68,cboe:SKEW_History.csv
2013-10-18,131.35,cboe:SKEW_History.csv
2013-10-21,130.67,cboe:SKEW_History.csv
2013-10-22,129.17,cboe:SKEW_History.csv
2013-10-23,134.47,cboe:SKEW_History.csv
2013-10-24,135.42,cboe:SKEW_History.csv
2013-10-25,135.06,cboe:SKEW_History.csv
2013-10-28,133.27,cboe:SKEW_History.csv
2013-10-29,127.58,cboe:SKEW_History.csv
2013-10-30,127.95,cboe:SKEW_History.csv
2013-10-31,132.33,cboe:SKEW_History.csv
2013-11-01,129.84,cboe:SKEW_History.csv
2013-11-04,125.57,cboe:SKEW_History.csv
2013-11-05,122.98,cboe:SKEW_History.csv
2013-11-06,118.69,cboe:SKEW_History.csv
2013-11-07,123.83,cboe:SKEW_History.csv
2013-11-08,126.37,cboe:SKEW_History.csv
2013-11-11,125.55,cboe:SKEW_History.csv
2013-11-12,129.66,cboe:SKEW_History.csv
2013-11-13,131.01,cboe:SKEW_History.csv
2013-11-14,133.03,cboe:SKEW_History.csv
2013-11-15,133.46,cboe:SKEW_History.csv
2013-11-18,137.06,cboe:SKEW_History.csv
2013-11-19,133.62,cboe:SKEW_History.csv
2013-11-20,133.25,cboe:SKEW_History.csv
2013-11-21,124.63,cboe:SKEW_History.csv
2013-11-22,133.76,cboe:SKEW_History.csv
2013-11-25,134.23,cboe:SKEW_History.csv
2013-11-26,133.64,cboe:SKEW_History.csv
2013-11-27,133.82,cboe:SKEW_History.csv
2013-11-29,130.82,cboe:SKEW_History.csv
2013-12-02,131.64,cboe:SKEW_History.csv
2013-12-03,132.38,cboe:SKEW_History.csv
2013-12-04,131.63,cboe:SKEW_History.csv
2013-12-05,128.01,cboe:SKEW_History.csv
2013-12-06,132.32,cboe:SKEW_History.csv
2013-12-09,126.09,cboe:SKEW_History.csv
2013-12-10,126.68,cboe:SKEW_History.csv
2013-12-11,126.74,cboe:SKEW_History.csv
2013-12-12,125.09,cboe:SKEW_History.csv
2013-12-13,126.22,cboe:SKEW_History.csv
2013-12-16,128.21,cboe:SKEW_History.csv
2013-12-17,128.75,cboe:SKEW_History.csv
2013-12-18,135.58,cboe:SKEW_History.csv
2013-12-19,137.86,cboe:SKEW_History.csv
2013-12-20,143.2,cboe:SKEW_History.csv
2013-12-23,138.11,cboe:SKEW_History.csv
2013-12-24,137.88,cboe:SKEW_History.csv
2013-12-26,136.65,cboe:SKEW_History.csv
2013-12-27,136.72,cboe:SKEW_History.csv
2013-12-30,134.36,cboe:SKEW_History.csv
2013-12-31,133.63,cboe:SKEW_History.csv
2014-01-02,133.73,cboe:SKEW_History.csv
2014-01-03,134.46,cboe:SKEW_History.csv
2014-01-06,131.99,cboe:SKEW_History.csv
2014-01-07,129.1,cboe:SKEW_History.csv
2014-01-08,129.46,cboe:SKEW_History.csv
2014-01-09,130.87,cboe:SKEW_History.csv
2014-01-10,126.15,cboe:SKEW_History.csv
2014-01-13,130.59,cboe:SKEW_History.csv
2014-01-14,133.43,cboe:SKEW_History.csv
2014-01-15,132.69,cboe:SKEW_History.csv
2014-01-16,136.35,cboe:SKEW_History.csv
2014-01-17,139.62,cboe:SKEW_History.csv
2014-01-21,138.77,cboe:SKEW_History.csv
2014-01-22,138.92,cboe:SKEW_History.csv
2014-01-23,135.71,cboe:SKEW_History.csv
2014-01-24,131.61,cboe:SKEW_History.csv
2014-01-27,128.73,cboe:SKEW_History.csv
2014-01-28,128.3,cboe:SKEW_History.csv
2014-01-29,126.71,cboe:SKEW_History.csv
2014-01-30,127.91,cboe:SKEW_History.csv
2014-01-31,128.37,cboe:SKEW_History.csv
2014-02-03,126.17,cboe:SKEW_History.csv
2014-02-04,127.26,cboe:SKEW_History.csv
2014-02-05,127.79,cboe:SKEW_History.csv
2014-02-06,124.68,cboe:SKEW_History.csv
2014-02-07,129.01,cboe:SKEW_History.csv
2014-02-10,126.26,cboe:SKEW_History.csv
2014-02-11,126.7,cboe:SKEW_History.csv
2014-02-12,127.84,cboe:SKEW_History.csv
2014-02-13,128.57,cboe:SKEW_History.csv
2014-02-14,129.25,cboe:SKEW_History.csv
2014-02-18,124.25,cboe:SKEW_History.csv
2014-02-19,129.12,cboe:SKEW_History.csv
2014-02-20,134.37,cboe:SKEW_History.csv
2014-02-21,138.79,cboe:SKEW_History.csv
2014-02-24,134.47,cboe:SKEW_History.csv
2014-02-25,121.92,cboe:SKEW_History.csv
2014-02-26,132.22,cboe:SKEW_History.csv
2014-02-27,137.24,cboe:SKEW_History.csv
2014-02-28,137.17,cboe:SKEW_History.csv
2014-03-03,129.12,cboe:SKEW_History.csv
2014-03-04,131.65,cboe:SKEW_History.csv
2014-03-05,129.49,cboe:SKEW_History.csv
2014-03-06,133.46,cboe:SKEW_History.csv
2014-03-07,130.49,cboe:SKEW_History.csv
2014-03-10,131.35,cboe:SKEW_History.csv
2014-03-11,130.08,cboe:SKEW_History.csv
2014-03-12,132.33,cboe:SKEW_History.csv
2014-03-13,127.66,cboe:SKEW_History.csv
2014-03-14,126.26,cboe:SKEW_History.csv
2014-03-17,131.87,cboe:SKEW_History.csv
2014-03-18,129.37,cboe:SKEW_History.csv
2014-03-19,132.74,cboe:SKEW_History.csv
2014-03-20,134.02,cboe:SKEW_History.csv
2014-03-21,132.82,cboe:SKEW_History.csv
2014-03-24,132.7,cboe:SKEW_History.csv
2014-03-25,121.81,cboe:SKEW_History.csv
2014-03-26,119.05,cboe:SKEW_History.csv
2014-03-27,117.96,cboe:SKEW_History.csv
2014-03-28,124.98,cboe:SKEW_History.csv
2014-03-31,123.25,cboe:SKEW_History.csv
2014-04-01,128.08,cboe:SKEW_History.csv
2014-04-02,127.3,cboe:SKEW_History.csv
2014-04-03,128.13,cboe:SKEW_History.csv
2014-04-04,126.61,cboe:SKEW_History.csv
2014-04-07,123.92,cboe:SKEW_History.csv
2014-04-08,124.34,cboe:SKEW_History.csv
2014-04-09,130.79,cboe:SKEW_History.csv
2014-04-10,125.11,cboe:SKEW_History.csv
2014-04-11,122.59,cboe:SKEW_History.csv
2014-04-14,123.76,cboe:SKEW_History.csv
2014-04-15,129.24,cboe:SKEW_History.csv
2014-04-16,125.43,cboe:SKEW_History.csv
2014-04-17,127.93,cboe:SKEW_History.csv
2014-04-21,119.11,cboe:SKEW_History.csv
2014-04-22,126.51,cboe:SKEW_History.csv
2014-04-23,126.11,cboe:SKEW_History.csv
2014-04-24,124.79,cboe:SKEW_History.csv
2014-04-25,121.95,cboe:SKEW_History.csv
2014-04-28,123.69,cboe:SKEW_History.csv
2014-04-29,123.44,cboe:SKEW_History.csv
2014-04-30,124.53,cboe:SKEW_History.csv
2014-05-01,124.9,cboe:SKEW_History.csv
2014-05-02,124.13,cboe:SKEW_History.csv
2014-05-05,123.56,cboe:SKEW_History.csv
2014-05-06,121.18,cboe:SKEW_History.csv
2014-05-07,123.27,cboe:SKEW_History.csv
2014-05-08,123.93,cboe:SKEW_History.csv
2014-05-09,125.6,cboe:SKEW_History.csv
2014-05-12,125.28,cboe:SKEW_History.csv
2014-05-13,124.3,cboe:SKEW_History.csv
2014-05-14,122.75,cboe:SKEW_History.csv
2014-05-15,123.6,cboe:SKEW_History.csv
2014-05-16,127.23,cboe:SKEW_History.csv
2014-05-19,128.18,cboe:SKEW_History.csv
2014-05-20,127.47,cboe:SKEW_History.csv
2014-05-21,123.89,cboe:SKEW_History.csv
2014-05-22,123.68,cboe:SKEW_History.csv
2014-05-23,125.13,cboe:SKEW_History.csv
2014-05-27,123.64,cboe:SKEW_History.csv
2014-05-28,124.18,cboe:SKEW_History.csv
2014-05-29,125.81,cboe:SKEW_History.csv
2014-05-30,124.23,cboe:SKEW_History.csv
2014-06-02,123.33,cboe:SKEW_History.csv
2014-06-03,121.79,cboe:SKEW_History.csv
2014-06-04,121.48,cboe:SKEW_History.csv
2014-06-05,122.21,cboe:SKEW_History.csv
2014-06-06,122.88,cboe:SKEW_History.csv
2014-06-09,124.67,cboe:SKEW_History.csv
2014-06-10,125.38,cboe:SKEW_History.csv
2014-06-11,126.71,cboe:SKEW_History.csv
2014-06-12,127.82,cboe:SKEW_History.csv
2014-06-13,127.78,cboe:SKEW_History.csv
2014-06-16,127.67,cboe:SKEW_History.csv
2014-06-17,130.18,cboe:SKEW_History.csv
2014-06-18,129.53,cboe:SKEW_History.csv
2014-06-19,138.61,cboe:SKEW_History.csv
2014-06-20,143.26,cboe:SKEW_History.csv
2014-06-23,139.41,cboe:SKEW_History.csv
2014-06-24,134.65,cboe:SKEW_History.csv
2014-06-25,131.82,cboe:SKEW_History.csv
2014-06-26,132.81,cboe:SKEW_History.csv
2014-06-27,135.36,cboe:SKEW_History.csv
2014-06-30,139.35,cboe:SKEW_History.csv
2014-07-01,139.36,cboe:SKEW_History.csv
2014-07-02,140.37,cboe:SKEW_History.csv
2014-07-03,142.28,cboe:SKEW_History.csv
2014-07-07,137.76,cboe:SKEW_History.csv
2014-07-08,134.2,cboe:SKEW_History.csv
2014-07-09,135.8,cboe:SKEW_History.csv
2014-07-10,134.43,cboe:SKEW_History.csv
2014-07-11,138.74,cboe:SKEW_History.csv
2014-07-14,139.94,cboe:SKEW_History.csv
2014-07-15,136.92,cboe:SKEW_History.csv
2014-07-16,134.86,cboe:SKEW_History.csv
2014-07-17,131.65,cboe:SKEW_History.csv
2014-07-18,141.19,cboe:SKEW_History.csv
2014-07-21,138.75,cboe:SKEW_History.csv
2014-07-22,136.37,cboe:SKEW_History.csv
2014-07-23,132.55,cboe:SKEW_History.csv
2014-07-24,133.8,cboe:SKEW_History.csv
2014-07-25,135.26,cboe:SKEW_History.csv
2014-07-28,135.02,cboe:SKEW_History.csv
2014-07-29,132.35,cboe:SKEW_History.csv
2014-07-30,130.54,cboe:SKEW_History.csv
2014-07-31,128.71,cboe:SKEW_History.csv
2014-08-01,128.93,cboe:SKEW_History.csv
2014-08-04,126.86,cboe:SKEW_History.csv
2014-08-05,124.62,cboe:SKEW_History.csv
2014-08-06,124.41,cboe:SKEW_History.csv
2014-08-07,124.68,cboe:SKEW_History.csv
2014-08-08,120.36,cboe:SKEW_History.csv
2014-08-11,124.24,cboe:SKEW_History.csv
2014-08-12,123.69,cboe:SKEW_History.csv
2014-08-13,126.93,cboe:SKEW_History.csv
2014-08-14,132.46,cboe:SKEW_History.csv
2014-08-15,135.43,cboe:SKEW_History.csv
2014-08-18,138.46,cboe:SKEW_History.csv
2014-08-19,138.69,cboe:SKEW_History.csv
2014-08-20,135.46,cboe:SKEW_History.csv
2014-08-21,135.75,cboe:SKEW_History.csv
2014-08-22,135.1,cboe:SKEW_History.csv
2014-08-25,135.42,cboe:SKEW_History.csv
2014-08-26,133.54,cboe:SKEW_History.csv
2014-08-27,135.41,cboe:SKEW_History.csv
2014-08-28,137.95,cboe:SKEW_History.csv
2014-08-29,127.01,cboe:SKEW_History.csv
2014-09-02,131.72,cboe:SKEW_History.csv
2014-09-03,131.55,cboe:SKEW_History.csv
2014-09-04,130.15,cboe:SKEW_History.csv
2014-09-05,137.49,cboe:SKEW_History.csv
2014-09-08,132.91,cboe:SKEW_History.csv
2014-09-09,136.88,cboe:SKEW_History.csv
2014-09-10,130.53,cboe:SKEW_History.csv
2014-09-11,132.72,cboe:SKEW_History.csv
2014-09-12,127.37,cboe:SKEW_History.csv
2014-09-15,127.09,cboe:SKEW_History.csv
2014-09-16,126.81,cboe:SKEW_History.csv
2014-09-17,138.13,cboe:SKEW_History.csv
2014-09-18,142.1,cboe:SKEW_History.csv
2014-09-19,146.08,cboe:SKEW_History.csv
2014-09-22,139.85,cboe:SKEW_History.csv
2014-09-23,132.46,cboe:SKEW_History.csv
2014-09-24,126.9,cboe:SKEW_History.csv
2014-09-25,132.24,cboe:SKEW_History.csv
2014-09-26,130.49,cboe:SKEW_History.csv
2014-09-29,131.67,cboe:SKEW_History.csv
2014-09-30,127.73,cboe:SKEW_History.csv
2014-10-01,123.17,cboe:SKEW_History.csv
2014-10-02,125.35,cboe:SKEW_History.csv
2014-10-03,122.53,cboe:SKEW_History.csv
2014-10-06,126.96,cboe:SKEW_History.csv
2014-10-07,120.85,cboe:SKEW_History.csv
2014-10-08,128.08,cboe:SKEW_History.csv
2014-10-09,123.58,cboe:SKEW_History.csv
2014-10-10,130.82,cboe:SKEW_History.csv
2014-10-13,130.36,cboe:SKEW_History.csv
2014-10-14,127.78,cboe:SKEW_History.csv
2014-10-15,111.31,cboe:SKEW_History.csv
2014-10-16,127.97,cboe:SKEW_History.csv
2014-10-17,131.71,cboe:SKEW_History.csv
2014-10-20,120.62,cboe:SKEW_History.csv
2014-10-21,129.18,cboe:SKEW_History.csv
2014-10-22,127.04,cboe:SKEW_History.csv
2014-10-23,128.77,cboe:SKEW_History.csv
2014-10-24,125.57,cboe:SKEW_History.csv
2014-10-27,123.77,cboe:SKEW_History.csv
2014-10-28,127.56,cboe:SKEW_History.csv
2014-10-29,124.18,cboe:SKEW_History.csv
2014-10-30,121.02,cboe:SKEW_History.csv
2014-10-31,124.75,cboe:SKEW_History.csv
2014-11-03,124.64,cboe:SKEW_History.csv
2014-11-04,124.19,cboe:SKEW_History.csv
2014-11-05,125.66,cboe:SKEW_History.csv
2014-11-06,124.93,cboe:SKEW_History.csv
2014-11-07,127.08,cboe:SKEW_History.csv
2014-11-10,130.51,cboe:SKEW_History.csv
2014-11-11,127.11,cboe:SKEW_History.csv
2014-11-12,125.71,cboe:SKEW_History.csv
2014-11-13,128.96,cboe:SKEW_History.csv
2014-11-14,128.68,cboe:SKEW_History.csv
2014-11-17,123.69,cboe:SKEW_History.csv
2014-11-18,132.03,cboe:SKEW_History.csv
2014-11-19,124.66,cboe:SKEW_History.csv
2014-11-20,136.35,cboe:SKEW_History.csv
2014-11-21,138.46,cboe:SKEW_History.csv
2014-11-24,140.18,cboe:SKEW_History.csv
2014-11-25,140.11,cboe:SKEW_History.csv
2014-11-26,139.86,cboe:SKEW_History.csv
2014-11-28,131.89,cboe:SKEW_History.csv
2014-12-01,127.95,cboe:SKEW_History.csv
2014-12-02,121.64,cboe:SKEW_History.csv
2014-12-03,134.44,cboe:SKEW_History.csv
2014-12-04,128.73,cboe:SKEW_History.csv
2014-12-05,131.41,cboe:SKEW_History.csv
2014-12-08,137.62,cboe:SKEW_History.csv
2014-12-09,136.69,cboe:SKEW_History.csv
2014-12-10,130.88,cboe:SKEW_History.csv
2014-12-11,130.73,cboe:SKEW_History.csv
2014-12-12,131.47,cboe:SKEW_History.csv
2014-12-15,135.12,cboe:SKEW_History.csv
2014-12-16,131.21,cboe:SKEW_History.csv
2014-12-17,125.48,cboe:SKEW_History.csv
2014-12-18,126.24,cboe:SKEW_History.csv
2014-12-19,138.63,cboe:SKEW_History.csv
2014-12-22,136.61,cboe:SKEW_History.csv
2014-12-23,136.93,cboe:SKEW_History.csv
2014-12-24,135.65,cboe:SKEW_History.csv
2014-12-26,135.03,cboe:SKEW_History.csv
2014-12-29,127.6,cboe:SKEW_History.csv
2014-12-30,136.39,cboe:SKEW_History.csv
2014-12-31,133.84,cboe:SKEW_History.csv
2015-01-02,128.66,cboe:SKEW_History.csv
2015-01-05,127.79,cboe:SKEW_History.csv
2015-01-06,125.27,cboe:SKEW_History.csv
2015-01-07,123.56,cboe:SKEW_History.csv
2015-01-08,124.77,cboe:SKEW_History.csv
2015-01-09,121.69,cboe:SKEW_History.csv
2015-01-12,121.09,cboe:SKEW_History.csv
2015-01-13,122.2,cboe:SKEW_History.csv
2015-01-14,132.66,cboe:SKEW_History.csv
2015-01-15,120.77,cboe:SKEW_History.csv
2015-01-16,131.39,cboe:SKEW_History.csv
2015-01-20,123.63,cboe:SKEW_History.csv
2015-01-21,134.3,cboe:SKEW_History.csv
2015-01-22,139.13,cboe:SKEW_History.csv
2015-01-23,132.09,cboe:SKEW_History.csv
2015-01-26,135.02,cboe:SKEW_History.csv
2015-01-27,128.43,cboe:SKEW_History.csv
2015-01-28,123.76,cboe:SKEW_History.csv
2015-01-29,130.45,cboe:SKEW_History.csv
2015-01-30,125.36,cboe:SKEW_History.csv
2015-02-02,129.98,cboe:SKEW_History.csv
2015-02-03,129.78,cboe:SKEW_History.csv
2015-02-04,126.2,cboe:SKEW_History.csv
2015-02-05,127.54,cboe:SKEW_History.csv
2015-02-06,125.62,cboe:SKEW_History.csv
2015-02-09,129.85,cboe:SKEW_History.csv
2015-02-10,126.51,cboe:SKEW_History.csv
2015-02-11,128.39,cboe:SKEW_History.csv
2015-02-12,129.95,cboe:SKEW_History.csv
2015-02-13,126.04,cboe:SKEW_History.csv
2015-02-17,127.42,cboe:SKEW_History.csv
2015-02-18,135.0,cboe:SKEW_History.csv
2015-02-19,131.3,cboe:SKEW_History.csv
2015-02-20,125.24,cboe:SKEW_History.csv
2015-02-23,134.66,cboe:SKEW_History.csv
2015-02-24,136.26,cboe:SKEW_History.csv
2015-02-25,136.33,cboe:SKEW_History.csv
2015-02-26,126.2,cboe:SKEW_History.csv
2015-02-27,126.4,cboe:SKEW_History.csv
2015-03-02,126.01,cboe:SKEW_History.csv
2015-03-03,123.09,cboe:SKEW_History.csv
2015-03-04,127.89,cboe:SKEW_History.csv
2015-03-05,127.26,cboe:SKEW_History.csv
2015-03-06,124.65,cboe:SKEW_History.csv
2015-03-09,124.16,cboe:SKEW_History.csv
2015-03-10,123.53,cboe:SKEW_History.csv
2015-03-11,123.72,cboe:SKEW_History.csv
2015-03-12,121.53,cboe:SKEW_History.csv
2015-03-13,120.6,cboe:SKEW_History.csv
2015-03-16,122.83,cboe:SKEW_History.csv
2015-03-17,125.44,cboe:SKEW_History.csv
2015-03-18,128.51,cboe:SKEW_History.csv
2015-03-19,127.95,cboe:SKEW_History.csv
2015-03-20,131.09,cboe:SKEW_History.csv
2015-03-23,127.12,cboe:SKEW_History.csv
2015-03-24,126.82,cboe:SKEW_History.csv
2015-03-25,122.96,cboe:SKEW_History.csv
2015-03-26,122.86,cboe:SKEW_History.csv
2015-03-27,121.8,cboe:SKEW_History.csv
2015-03-30,122.69,cboe:SKEW_History.csv
2015-03-31,120.35,cboe:SKEW_History.csv
2015-04-01,120.76,cboe:SKEW_History.csv
2015-04-02,119.92,cboe:SKEW_History.csv
2015-04-06,120.05,cboe:SKEW_History.csv
2015-04-07,121.34,cboe:SKEW_History.csv
2015-04-08,124.24,cboe:SKEW_History.csv
2015-04-09,125.87,cboe:SKEW_History.csv
2015-04-10,127.22,cboe:SKEW_History.csv
2015-04-13,117.46,cboe:SKEW_History.csv
2015-04-14,123.64,cboe:SKEW_History.csv
2015-04-15,119.71,cboe:SKEW_History.csv
2015-04-16,120.37,cboe:SKEW_History.csv
2015-04-17,122.24,cboe:SKEW_History.csv
2015-04-20,124.16,cboe:SKEW_History.csv
2015-04-21,122.77,cboe:SKEW_History.csv
2015-04-22,124.07,cboe:SKEW_History.csv
2015-04-23,123.26,cboe:SKEW_History.csv
2015-04-24,119.95,cboe:SKEW_History.csv
2015-04-27,122.84,cboe:SKEW_History.csv
2015-04-28,124.02,cboe:SKEW_History.csv
2015-04-29,125.36,cboe:SKEW_History.csv
2015-04-30,115.96,cboe:SKEW_History.csv
2015-05-01,122.37,cboe:SKEW_History.csv
2015-05-04,121.68,cboe:SKEW_History.csv
2015-05-05,122.22,cboe:SKEW_History.csv
2015-05-06,119.74,cboe:SKEW_History.csv
2015-05-07,120.73,cboe:SKEW_History.csv
2015-05-08,122.93,cboe:SKEW_History.csv
2015-05-11,115.96,cboe:SKEW_History.csv
2015-05-12,123.92,cboe:SKEW_History.csv
2015-05-13,126.04,cboe:SKEW_History.csv
2015-05-14,127.63,cboe:SKEW_History.csv
2015-05-15,127.56,cboe:SKEW_History.csv
2015-05-18,126.91,cboe:SKEW_History.csv
2015-05-19,126.28,cboe:SKEW_History.csv
2015-05-20,125.01,cboe:SKEW_History.csv
2015-05-21,121.11,cboe:SKEW_History.csv
2015-05-22,124.86,cboe:SKEW_History.csv
2015-05-26,123.06,cboe:SKEW_History.csv
2015-05-27,123.6,cboe:SKEW_History.csv
2015-05-28,125.37,cboe:SKEW_History.csv
2015-05-29,122.5,cboe:SKEW_History.csv
2015-06-01,122.43,cboe:SKEW_History.csv
2015-06-02,121.17,cboe:SKEW_History.csv
2015-06-03,124.59,cboe:SKEW_History.csv
2015-06-04,121.98,cboe:SKEW_History.csv
2015-06-05,119.62,cboe:SKEW_History.csv
2015-06-08,118.33,cboe:SKEW_History.csv
2015-06-09,119.4,cboe:SKEW_History.csv
2015-06-10,120.83,cboe:SKEW_History.csv
2015-06-11,125.32,cboe:SKEW_History.csv
2015-06-12,119.26,cboe:SKEW_History.csv
2015-06-15,119.25,cboe:SKEW_History.csv
2015-06-16,120.23,cboe:SKEW_History.csv
2015-06-17,119.09,cboe:SKEW_History.csv
2015-06-18,120.17,cboe:SKEW_History.csv
2015-06-19,119.5,cboe:SKEW_History.csv
2015-06-22,120.52,cboe:SKEW_History.csv
2015-06-23,122.78,cboe:SKEW_History.csv
2015-06-24,119.52,cboe:SKEW_History.csv
2015-06-25,122.68,cboe:SKEW_History.csv
2015-06-26,123.07,cboe:SKEW_History.csv
2015-06-29,124.54,cboe:SKEW_History.csv
2015-06-30,123.88,cboe:SKEW_History.csv
2015-07-01,120.14,cboe:SKEW_History.csv
2015-07-02,121.52,cboe:SKEW_History.csv
2015-07-06,118.68,cboe:SKEW_History.csv
2015-07-07,117.37,cboe:SKEW_History.csv
2015-07-08,118.25,cboe:SKEW_History.csv
2015-07-09,120.34,cboe:SKEW_History.csv
2015-07-10,118.52,cboe:SKEW_History.csv
2015-07-13,121.57,cboe:SKEW_History.csv
2015-07-14,123.11,cboe:SKEW_History.csv
2015-07-15,123.06,cboe:SKEW_History.csv
2015-07-16,124.67,cboe:SKEW_History.csv
2015-07-17,127.91,cboe:SKEW_History.csv
2015-07-20,125.06,cboe:SKEW_History.csv
2015-07-21,124.9,cboe:SKEW_History.csv
2015-07-22,130.42,cboe:SKEW_History.csv
2015-07-23,123.18,cboe:SKEW_History.csv
2015-07-24,126.32,cboe:SKEW_History.csv
2015-07-27,126.67,cboe:SKEW_History.csv
2015-07-28,123.52,cboe:SKEW_History.csv
2015-07-29,121.03,cboe:SKEW_History.csv
2015-07-30,122.06,cboe:SKEW_History.csv
2015-07-31,124.2,cboe:SKEW_History.csv
2015-08-03,119.32,cboe:SKEW_History.csv
2015-08-04,119.79,cboe:SKEW_History.csv
2015-08-05,119.1,cboe:SKEW_History.csv
2015-08-06,126.09,cboe:SKEW_History.csv
2015-08-07,117.82,cboe:SKEW_History.csv
2015-08-10,121.54,cboe:SKEW_History.csv
2015-08-11,124.37,cboe:SKEW_History.csv
2015-08-12,119.97,cboe:SKEW_History.csv
2015-08-13,119.96,cboe:SKEW_History.csv
2015-08-14,119.37,cboe:SKEW_History.csv
2015-08-17,120.27,cboe:SKEW_History.csv
2015-08-18,124.34,cboe:SKEW_History.csv
2015-08-19,122.14,cboe:SKEW_History.csv
2015-08-20,118.76,cboe:SKEW_History.csv
2015-08-21,130.04,cboe:SKEW_History.csv
2015-08-24,129.46,cboe:SKEW_History.csv
2015-08-25,126.78,cboe:SKEW_History.csv
2015-08-26,124.35,cboe:SKEW_History.csv
2015-08-27,126.31,cboe:SKEW_History.csv
2015-08-28,130.38,cboe:SKEW_History.csv
2015-08-31,129.36,cboe:SKEW_History.csv
2015-09-01,125.35,cboe:SKEW_History.csv
2015-09-02,125.35,cboe:SKEW_History.csv
2015-09-03,132.43,cboe:SKEW_History.csv
2015-09-04,142.19,cboe:SKEW_History.csv
2015-09-08,132.37,cboe:SKEW_History.csv
2015-09-09,137.03,cboe:SKEW_History.csv
2015-09-10,131.42,cboe:SKEW_History.csv
2015-09-11,118.18,cboe:SKEW_History.csv
2015-09-14,142.93,cboe:SKEW_History.csv
2015-09-15,136.0,cboe:SKEW_History.csv
2015-09-16,142.16,cboe:SKEW_History.csv
2015-09-17,137.49,cboe:SKEW_History.csv
2015-09-18,119.47,cboe:SKEW_History.csv
2015-09-21,135.45,cboe:SKEW_History.csv
2015-09-22,135.94,cboe:SKEW_History.csv
2015-09-23,136.71,cboe:SKEW_History.csv
2015-09-24,134.03,cboe:SKEW_History.csv
2015-09-25,135.16,cboe:SKEW_History.csv
2015-09-28,134.18,cboe:SKEW_History.csv
2015-09-29,136.71,cboe:SKEW_History.csv
2015-09-30,113.9,cboe:SKEW_History.csv
2015-10-01,124.81,cboe:SKEW_History.csv
2015-10-02,115.75,cboe:SKEW_History.csv
2015-10-05,132.83,cboe:SKEW_History.csv
2015-10-06,129.32,cboe:SKEW_History.csv
2015-10-07,132.39,cboe:SKEW_History.csv
2015-10-08,136.69,cboe:SKEW_History.csv
2015-10-09,134.66,cboe:SKEW_History.csv
2015-10-12,137.25,cboe:SKEW_History.csv
2015-10-13,133.81,cboe:SKEW_History.csv
2015-10-14,135.82,cboe:SKEW_History.csv
2015-10-15,144.72,cboe:SKEW_History.csv
2015-10-16,135.04,cboe:SKEW_History.csv
2015-10-19,139.92,cboe:SKEW_History.csv
2015-10-20,140.7,cboe:SKEW_History.csv
2015-10-21,133.07,cboe:SKEW_History.csv
2015-10-22,121.02,cboe:SKEW_History.csv
2015-10-23,135.62,cboe:SKEW_History.csv
2015-10-26,132.29,cboe:SKEW_History.csv
2015-10-27,132.17,cboe:SKEW_History.csv
2015-10-28,134.43,cboe:SKEW_History.csv
2015-10-29,134.64,cboe:SKEW_History.csv
2015-10-30,125.77,cboe:SKEW_History.csv
2015-11-02,138.78,cboe:SKEW_History.csv
2015-11-03,137.4,cboe:SKEW_History.csv
2015-11-04,134.44,cboe:SKEW_History.csv
2015-11-05,135.21,cboe:SKEW_History.csv
2015-11-06,137.75,cboe:SKEW_History.csv
2015-11-09,134.34,cboe:SKEW_History.csv
2015-11-10,132.24,cboe:SKEW_History.csv
2015-11-11,132.44,cboe:SKEW_History.csv
2015-11-12,136.93,cboe:SKEW_History.csv
2015-11-13,139.5,cboe:SKEW_History.csv
2015-11-16,131.77,cboe:SKEW_History.csv
2015-11-17,136.97,cboe:SKEW_History.csv
2015-11-18,136.86,cboe:SKEW_History.csv
2015-11-19,139.17,cboe:SKEW_History.csv
2015-11-20,126.86,cboe:SKEW_History.csv
2015-11-23,139.51,cboe:SKEW_History.csv
2015-11-24,138.17,cboe:SKEW_History.csv
2015-11-25,139.45,cboe:SKEW_History.csv
2015-11-27,137.66,cboe:SKEW_History.csv
2015-11-30,127.25,cboe:SKEW_History.csv
2015-12-01,135.57,cboe:SKEW_History.csv
2015-12-02,132.66,cboe:SKEW_History.csv
2015-12-03,135.26,cboe:SKEW_History.csv
2015-12-04,136.31,cboe:SKEW_History.csv
2015-12-07,136.77,cboe:SKEW_History.csv
2015-12-08,131.25,cboe:SKEW_History.csv
2015-12-09,134.26,cboe:SKEW_History.csv
2015-12-10,134.94,cboe:SKEW_History.csv
2015-12-11,146.53,cboe:SKEW_History.csv
2015-12-14,140.92,cboe:SKEW_History.csv
2015-12-15,143.35,cboe:SKEW_History.csv
2015-12-16,135.5,cboe:SKEW_History.csv
2015-12-17,131.2,cboe:SKEW_History.csv
2015-12-18,140.84,cboe:SKEW_History.csv
2015-12-21,125.18,cboe:SKEW_History.csv
2015-12-22,133.63,cboe:SKEW_History.csv
2015-12-23,134.69,cboe:SKEW_History.csv
2015-12-24,128.78,cboe:SKEW_History.csv
2015-12-28,136.29,cboe:SKEW_History.csv
2015-12-29,139.26,cboe:SKEW_History.csv
2015-12-30,143.0,cboe:SKEW_History.csv
2015-12-31,124.43,cboe:SKEW_History.csv
2016-01-04,140.0,cboe:SKEW_History.csv
2016-01-05,135.07,cboe:SKEW_History.csv
2016-01-06,128.31,cboe:SKEW_History.csv
2016-01-07,135.94,cboe:SKEW_History.csv
2016-01-08,138.83,cboe:SKEW_History.csv
2016-01-11,142.52,cboe:SKEW_History.csv
2016-01-12,138.67,cboe:SKEW_History.csv
2016-01-13,145.88,cboe:SKEW_History.csv
2016-01-14,138.79,cboe:SKEW_History.csv
2016-01-15,145.03,cboe:SKEW_History.csv
2016-01-19,137.9,cboe:SKEW_History.csv
2016-01-20,134.82,cboe:SKEW_History.csv
2016-01-21,132.99,cboe:SKEW_History.csv
2016-01-22,133.64,cboe:SKEW_History.csv
2016-01-25,132.27,cboe:SKEW_History.csv
2016-01-26,129.53,cboe:SKEW_History.csv
2016-01-27,129.06,cboe:SKEW_History.csv
2016-01-28,129.23,cboe:SKEW_History.csv
2016-01-29,120.86,cboe:SKEW_History.csv
2016-02-01,126.38,cboe:SKEW_History.csv
2016-02-02,119.83,cboe:SKEW_History.csv
2016-02-03,122.04,cboe:SKEW_History.csv
2016-02-04,122.69,cboe:SKEW_History.csv
2016-02-05,119.01,cboe:SKEW_History.csv
2016-02-08,120.25,cboe:SKEW_History.csv
2016-02-09,120.74,cboe:SKEW_History.csv
2016-02-10,120.36,cboe:SKEW_History.csv
2016-02-11,122.38,cboe:SKEW_History.csv
2016-02-12,117.75,cboe:SKEW_History.csv
2016-02-16,125.77,cboe:SKEW_History.csv
2016-02-17,124.99,cboe:SKEW_History.csv
2016-02-18,125.33,cboe:SKEW_History.csv
2016-02-19,123.61,cboe:SKEW_History.csv
2016-02-22,117.46,cboe:SKEW_History.csv
2016-02-23,119.67,cboe:SKEW_History.csv
2016-02-24,119.46,cboe:SKEW_History.csv
2016-02-25,122.02,cboe:SKEW_History.csv
2016-02-26,118.65,cboe:SKEW_History.csv
2016-02-29,117.68,cboe:SKEW_History.csv
2016-03-01,119.81,cboe:SKEW_History.csv
2016-03-02,122.35,cboe:SKEW_History.csv
2016-03-03,125.27,cboe:SKEW_History.csv
2016-03-04,121.65,cboe:SKEW_History.csv
2016-03-07,124.01,cboe:SKEW_History.csv
2016-03-08,123.53,cboe:SKEW_History.csv
2016-03-09,123.47,cboe:SKEW_History.csv
2016-03-10,130.04,cboe:SKEW_History.csv
2016-03-11,128.99,cboe:SKEW_History.csv
2016-03-14,133.3,cboe:SKEW_History.csv
2016-03-15,132.45,cboe:SKEW_History.csv
2016-03-16,125.42,cboe:SKEW_History.csv
2016-03-17,126.65,cboe:SKEW_History.csv
2016-03-18,126.75,cboe:SKEW_History.csv
2016-03-21,129.35,cboe:SKEW_History.csv
2016-03-22,130.99,cboe:SKEW_History.csv
2016-03-23,129.67,cboe:SKEW_History.csv
2016-03-24,119.02,cboe:SKEW_History.csv
2016-03-28,127.74,cboe:SKEW_History.csv
2016-03-29,132.61,cboe:SKEW_History.csv
2016-03-30,128.67,cboe:SKEW_History.csv
2016-03-31,122.03,cboe:SKEW_History.csv
2016-04-01,124.03,cboe:SKEW_History.csv
2016-04-04,125.23,cboe:SKEW_History.csv
2016-04-05,120.27,cboe:SKEW_History.csv
2016-04-06,125.06,cboe:SKEW_History.csv
2016-04-07,125.13,cboe:SKEW_History.csv
2016-04-08,113.84,cboe:SKEW_History.csv
2016-04-11,119.13,cboe:SKEW_History.csv
2016-04-12,126.17,cboe:SKEW_History.csv
2016-04-13,127.13,cboe:SKEW_History.csv
2016-04-14,126.23,cboe:SKEW_History.csv
2016-04-15,123.1,cboe:SKEW_History.csv
2016-04-18,120.55,cboe:SKEW_History.csv
2016-04-19,126.19,cboe:SKEW_History.csv
2016-04-20,126.2,cboe:SKEW_History.csv
2016-04-21,127.06,cboe:SKEW_History.csv
2016-04-22,123.25,cboe:SKEW_History.csv
2016-04-25,126.78,cboe:SKEW_History.csv
2016-04-26,127.4,cboe:SKEW_History.csv
2016-04-27,126.09,cboe:SKEW_History.csv
2016-04-28,125.44,cboe:SKEW_History.csv
2016-04-29,126.49,cboe:SKEW_History.csv
2016-05-02,127.67,cboe:SKEW_History.csv
2016-05-03,125.94,cboe:SKEW_History.csv
2016-05-04,124.31,cboe:SKEW_History.csv
2016-05-05,123.74,cboe:SKEW_History.csv
2016-05-06,120.82,cboe:SKEW_History.csv
2016-05-09,123.17,cboe:SKEW_History.csv
2016-05-10,124.1,cboe:SKEW_History.csv
2016-05-11,122.19,cboe:SKEW_History.csv
2016-05-12,123.52,cboe:SKEW_History.csv
2016-05-13,121.46,cboe:SKEW_History.csv
2016-05-16,124.13,cboe:SKEW_History.csv
2016-05-17,122.96,cboe:SKEW_History.csv
2016-05-18,122.22,cboe:SKEW_History.csv
2016-05-19,123.66,cboe:SKEW_History.csv
2016-05-20,125.61,cboe:SKEW_History.csv
2016-05-23,124.74,cboe:SKEW_History.csv
2016-05-24,124.74,cboe:SKEW_History.csv
2016-05-25,127.13,cboe:SKEW_History.csv
2016-05-26,129.28,cboe:SKEW_History.csv
2016-05-27,129.61,cboe:SKEW_History.csv
2016-05-31,127.7,cboe:SKEW_History.csv
2016-06-01,132.46,cboe:SKEW_History.csv
2016-06-02,134.15,cboe:SKEW_History.csv
2016-06-03,125.04,cboe:SKEW_History.csv
2016-06-06,125.57,cboe:SKEW_History.csv
2016-06-07,128.54,cboe:SKEW_History.csv
2016-06-08,129.23,cboe:SKEW_History.csv
2016-06-09,129.31,cboe:SKEW_History.csv
2016-06-10,133.67,cboe:SKEW_History.csv
2016-06-13,137.49,cboe:SKEW_History.csv
2016-06-14,138.02,cboe:SKEW_History.csv
2016-06-15,140.91,cboe:SKEW_History.csv
2016-06-16,142.5,cboe:SKEW_History.csv
2016-06-17,137.94,cboe:SKEW_History.csv
2016-06-20,137.81,cboe:SKEW_History.csv
2016-06-21,135.92,cboe:SKEW_History.csv
2016-06-22,136.48,cboe:SKEW_History.csv
2016-06-23,145.7,cboe:SKEW_History.csv
2016-06-24,142.92,cboe:SKEW_History.csv
2016-06-27,136.43,cboe:SKEW_History.csv
2016-06-28,153.66,cboe:SKEW_History.csv
2016-06-29,136.46,cboe:SKEW_History.csv
2016-06-30,140.58,cboe:SKEW_History.csv
2016-07-01,128.53,cboe:SKEW_History.csv
2016-07-05,125.35,cboe:SKEW_History.csv
2016-07-06,123.14,cboe:SKEW_History.csv
2016-07-07,124.72,cboe:SKEW_History.csv
2016-07-08,127.2,cboe:SKEW_History.csv
2016-07-11,125.03,cboe:SKEW_History.csv
2016-07-12,126.1,cboe:SKEW_History.csv
2016-07-13,127.29,cboe:SKEW_History.csv
2016-07-14,128.28,cboe:SKEW_History.csv
2016-07-15,129.76,cboe:SKEW_History.csv
2016-07-18,125.38,cboe:SKEW_History.csv
2016-07-19,129.92,cboe:SKEW_History.csv
2016-07-20,128.49,cboe:SKEW_History.csv
2016-07-21,128.01,cboe:SKEW_History.csv
2016-07-22,128.36,cboe:SKEW_History.csv
2016-07-25,129.65,cboe:SKEW_History.csv
2016-07-26,130.02,cboe:SKEW_History.csv
2016-07-27,125.68,cboe:SKEW_History.csv
2016-07-28,128.51,cboe:SKEW_History.csv
2016-07-29,128.25,cboe:SKEW_History.csv
2016-08-01,128.01,cboe:SKEW_History.csv
2016-08-02,129.25,cboe:SKEW_History.csv
2016-08-03,129.99,cboe:SKEW_History.csv
2016-08-04,127.06,cboe:SKEW_History.csv
2016-08-05,130.6,cboe:SKEW_History.csv
2016-08-08,132.94,cboe:SKEW_History.csv
2016-08-09,135.56,cboe:SKEW_History.csv
2016-08-10,133.25,cboe:SKEW_History.csv
2016-08-11,131.28,cboe:SKEW_History.csv
2016-08-12,132.13,cboe:SKEW_History.csv
2016-08-15,134.45,cboe:SKEW_History.csv
2016-08-16,132.27,cboe:SKEW_History.csv
2016-08-17,136.71,cboe:SKEW_History.csv
2016-08-18,134.87,cboe:SKEW_History.csv
2016-08-19,136.58,cboe:SKEW_History.csv
2016-08-22,135.2,cboe:SKEW_History.csv
2016-08-23,131.79,cboe:SKEW_History.csv
2016-08-24,130.43,cboe:SKEW_History.csv
2016-08-25,131.06,cboe:SKEW_History.csv
2016-08-26,132.4,cboe:SKEW_History.csv
2016-08-29,131.3,cboe:SKEW_History.csv
2016-08-30,136.14,cboe:SKEW_History.csv
2016-08-31,129.25,cboe:SKEW_History.csv
2016-09-01,129.83,cboe:SKEW_History.csv
2016-09-02,128.4,cboe:SKEW_History.csv
2016-09-06,131.16,cboe:SKEW_History.csv
2016-09-07,130.94,cboe:SKEW_History.csv
2016-09-08,129.74,cboe:SKEW_History.csv
2016-09-09,125.25,cboe:SKEW_History.csv
2016-09-12,134.18,cboe:SKEW_History.csv
2016-09-13,131.56,cboe:SKEW_History.csv
2016-09-14,127.4,cboe:SKEW_History.csv
2016-09-15,130.57,cboe:SKEW_History.csv
2016-09-16,125.25,cboe:SKEW_History.csv
2016-09-19,125.81,cboe:SKEW_History.csv
2016-09-20,126.85,cboe:SKEW_History.csv
2016-09-21,122.13,cboe:SKEW_History.csv
2016-09-22,124.29,cboe:SKEW_History.csv
2016-09-23,125.13,cboe:SKEW_History.csv
2016-09-26,121.72,cboe:SKEW_History.csv
2016-09-27,123.74,cboe:SKEW_History.csv
2016-09-28,126.85,cboe:SKEW_History.csv
2016-09-29,122.67,cboe:SKEW_History.csv
2016-09-30,124.58,cboe:SKEW_History.csv
2016-10-03,122.86,cboe:SKEW_History.csv
2016-10-04,119.67,cboe:SKEW_History.csv
2016-10-05,121.54,cboe:SKEW_History.csv
2016-10-06,120.48,cboe:SKEW_History.csv
2016-10-07,119.95,cboe:SKEW_History.csv
2016-10-10,123.84,cboe:SKEW_History.csv
2016-10-11,119.79,cboe:SKEW_History.csv
2016-10-12,122.34,cboe:SKEW_History.csv
2016-10-13,123.32,cboe:SKEW_History.csv
2016-10-14,121.86,cboe:SKEW_History.csv
2016-10-17,124.08,cboe:SKEW_History.csv
2016-10-18,122.76,cboe:SKEW_History.csv
2016-10-19,122.56,cboe:SKEW_History.csv
2016-10-20,123.91,cboe:SKEW_History.csv
2016-10-21,123.0,cboe:SKEW_History.csv
2016-10-24,124.6,cboe:SKEW_History.csv
2016-10-25,122.83,cboe:SKEW_History.csv
2016-10-26,123.31,cboe:SKEW_History.csv
2016-10-27,122.35,cboe:SKEW_History.csv
2016-10-28,126.35,cboe:SKEW_History.csv
2016-10-31,126.12,cboe:SKEW_History.csv
2016-11-01,124.46,cboe:SKEW_History.csv
2016-11-02,126.15,cboe:SKEW_History.csv
2016-11-03,141.18,cboe:SKEW_History.csv
2016-11-04,133.03,cboe:SKEW_History.csv
2016-11-07,134.91,cboe:SKEW_History.csv
2016-11-08,135.6,cboe:SKEW_History.csv
2016-11-09,134.61,cboe:SKEW_History.csv
2016-11-10,127.0,cboe:SKEW_History.csv
2016-11-11,121.71,cboe:SKEW_History.csv
2016-11-14,122.71,cboe:SKEW_History.csv
2016-11-15,119.79,cboe:SKEW_History.csv
2016-11-16,123.77,cboe:SKEW_History.csv
2016-11-17,123.06,cboe:SKEW_History.csv
2016-11-18,126.38,cboe:SKEW_History.csv
2016-11-21,124.01,cboe:SKEW_History.csv
2016-11-22,127.98,cboe:SKEW_History.csv
2016-11-23,125.33,cboe:SKEW_History.csv
2016-11-25,126.27,cboe:SKEW_History.csv
2016-11-28,125.75,cboe:SKEW_History.csv
2016-11-29,128.31,cboe:SKEW_History.csv
2016-11-30,126.39,cboe:SKEW_History.csv
2016-12-01,128.37,cboe:SKEW_History.csv
2016-12-02,128.99,cboe:SKEW_History.csv
2016-12-05,128.35,cboe:SKEW_History.csv
2016-12-06,130.92,cboe:SKEW_History.csv
2016-12-07,123.61,cboe:SKEW_History.csv
2016-12-08,119.08,cboe:SKEW_History.csv
2016-12-09,119.51,cboe:SKEW_History.csv
2016-12-12,123.28,cboe:SKEW_History.csv
2016-12-13,119.34,cboe:SKEW_History.csv
2016-12-14,125.43,cboe:SKEW_History.csv
2016-12-15,129.44,cboe:SKEW_History.csv
2016-12-16,131.95,cboe:SKEW_History.csv
2016-12-19,130.47,cboe:SKEW_History.csv
2016-12-20,122.09,cboe:SKEW_History.csv
2016-12-21,124.9,cboe:SKEW_History.csv
2016-12-22,128.02,cboe:SKEW_History.csv
2016-12-23,120.51,cboe:SKEW_History.csv
2016-12-27,123.65,cboe:SKEW_History.csv
2016-12-28,122.37,cboe:SKEW_History.csv
2016-12-29,124.57,cboe:SKEW_History.csv
2016-12-30,127.26,cboe:SKEW_History.csv
2017-01-03,125.79,cboe:SKEW_History.csv
2017-01-04,124.4,cboe:SKEW_History.csv
2017-01-05,128.21,cboe:SKEW_History.csv
2017-01-06,123.67,cboe:SKEW_History.csv
2017-01-09,122.59,cboe:SKEW_History.csv
2017-01-10,121.84,cboe:SKEW_History.csv
2017-01-11,123.06,cboe:SKEW_History.csv
2017-01-12,126.22,cboe:SKEW_History.csv
2017-01-13,132.32,cboe:SKEW_History.csv
2017-01-17,131.55,cboe:SKEW_History.csv
2017-01-18,143.43,cboe:SKEW_History.csv
2017-01-19,141.03,cboe:SKEW_History.csv
2017-01-20,146.33,cboe:SKEW_History.csv
2017-01-23,137.78,cboe:SKEW_History.csv
2017-01-24,138.16,cboe:SKEW_History.csv
2017-01-25,128.8,cboe:SKEW_History.csv
2017-01-26,129.58,cboe:SKEW_History.csv
2017-01-27,129.95,cboe:SKEW_History.csv
2017-01-30,134.32,cboe:SKEW_History.csv
2017-01-31,138.08,cboe:SKEW_History.csv
2017-02-01,133.97,cboe:SKEW_History.csv
2017-02-02,136.65,cboe:SKEW_History.csv
2017-02-03,133.25,cboe:SKEW_History.csv
2017-02-06,131.41,cboe:SKEW_History.csv
2017-02-07,130.46,cboe:SKEW_History.csv
2017-02-08,134.01,cboe:SKEW_History.csv
2017-02-09,129.19,cboe:SKEW_History.csv
2017-02-10,130.47,cboe:SKEW_History.csv
2017-02-13,130.1,cboe:SKEW_History.csv
2017-02-14,133.66,cboe:SKEW_History.csv
2017-02-15,137.55,cboe:SKEW_History.csv
2017-02-16,141.41,cboe:SKEW_History.csv
2017-02-17,141.13,cboe:SKEW_History.csv
2017-02-21,136.93,cboe:SKEW_History.csv
2017-02-22,138.24,cboe:SKEW_History.csv
2017-02-23,137.91,cboe:SKEW_History.csv
2017-02-24,138.66,cboe:SKEW_History.csv
2017-02-27,134.39,cboe:SKEW_History.csv
2017-02-28,131.98,cboe:SKEW_History.csv
2017-03-01,132.16,cboe:SKEW_History.csv
2017-03-02,133.36,cboe:SKEW_History.csv
2017-03-03,136.1,cboe:SKEW_History.csv
2017-03-06,140.17,cboe:SKEW_History.csv
2017-03-07,138.85,cboe:SKEW_History.csv
2017-03-08,139.63,cboe:SKEW_History.csv
2017-03-09,139.48,cboe:SKEW_History.csv
2017-03-10,138.99,cboe:SKEW_History.csv
2017-03-13,145.75,cboe:SKEW_History.csv
2017-03-14,146.11,cboe:SKEW_History.csv
2017-03-15,147.2,cboe:SKEW_History.csv
2017-03-16,149.49,cboe:SKEW_History.csv
2017-03-17,154.34,cboe:SKEW_History.csv
2017-03-20,152.93,cboe:SKEW_History.csv
2017-03-21,141.02,cboe:SKEW_History.csv
2017-03-22,136.07,cboe:SKEW_History.csv
2017-03-23,132.54,cboe:SKEW_History.csv
2017-03-24,136.62,cboe:SKEW_History.csv
2017-03-27,135.37,cboe:SKEW_History.csv
2017-03-28,134.43,cboe:SKEW_History.csv
2017-03-29,132.37,cboe:SKEW_History.csv
2017-03-30,138.84,cboe:SKEW_History.csv
2017-03-31,138.31,cboe:SKEW_History.csv
2017-04-03,135.23,cboe:SKEW_History.csv
2017-04-04,132.28,cboe:SKEW_History.csv
2017-04-05,130.91,cboe:SKEW_History.csv
2017-04-06,131.27,cboe:SKEW_History.csv
2017-04-07,132.7,cboe:SKEW_History.csv
2017-04-10,132.86,cboe:SKEW_History.csv
2017-04-11,136.66,cboe:SKEW_History.csv
2017-04-12,131.93,cboe:SKEW_History.csv
2017-04-13,134.36,cboe:SKEW_History.csv
2017-04-17,139.63,cboe:SKEW_History.csv
2017-04-18,137.2,cboe:SKEW_History.csv
2017-04-19,140.2,cboe:SKEW_History.csv
2017-04-20,146.85,cboe:SKEW_History.csv
2017-04-21,148.42,cboe:SKEW_History.csv
2017-04-24,144.45,cboe:SKEW_History.csv
2017-04-25,139.04,cboe:SKEW_History.csv
2017-04-26,142.13,cboe:SKEW_History.csv
2017-04-27,142.55,cboe:SKEW_History.csv
2017-04-28,146.98,cboe:SKEW_History.csv
2017-05-01,128.46,cboe:SKEW_History.csv
2017-05-02,127.49,cboe:SKEW_History.csv
2017-05-03,129.39,cboe:SKEW_History.csv
2017-05-04,130.48,cboe:SKEW_History.csv
2017-05-05,131.36,cboe:SKEW_History.csv
2017-05-08,128.12,cboe:SKEW_History.csv
2017-05-09,128.28,cboe:SKEW_History.csv
2017-05-10,128.27,cboe:SKEW_History.csv
2017-05-11,128.21,cboe:SKEW_History.csv
2017-05-12,129.65,cboe:SKEW_History.csv
2017-05-15,129.44,cboe:SKEW_History.csv
2017-05-16,131.24,cboe:SKEW_History.csv
2017-05-17,133.51,cboe:SKEW_History.csv
2017-05-18,137.01,cboe:SKEW_History.csv
2017-05-19,131.39,cboe:SKEW_History.csv
2017-05-22,128.57,cboe:SKEW_History.csv
2017-05-23,124.54,cboe:SKEW_History.csv
2017-05-24,123.11,cboe:SKEW_History.csv
2017-05-25,123.65,cboe:SKEW_History.csv
2017-05-26,125.41,cboe:SKEW_History.csv
2017-05-30,125.37,cboe:SKEW_History.csv
2017-05-31,125.11,cboe:SKEW_History.csv
2017-06-01,124.55,cboe:SKEW_History.csv
2017-06-02,124.23,cboe:SKEW_History.csv
2017-06-05,125.05,cboe:SKEW_History.csv
2017-06-06,125.72,cboe:SKEW_History.csv
2017-06-07,125.98,cboe:SKEW_History.csv
2017-06-08,127.09,cboe:SKEW_History.csv
2017-06-09,131.26,cboe:SKEW_History.csv
2017-06-12,136.86,cboe:SKEW_History.csv
2017-06-13,136.41,cboe:SKEW_History.csv
2017-06-14,135.89,cboe:SKEW_History.csv
2017-06-15,134.12,cboe:SKEW_History.csv
2017-06-16,135.02,cboe:SKEW_History.csv
2017-06-19,138.77,cboe:SKEW_History.csv
2017-06-20,133.37,cboe:SKEW_History.csv
2017-06-21,129.89,cboe:SKEW_History.csv
2017-06-22,130.86,cboe:SKEW_History.csv
2017-06-23,132.76,cboe:SKEW_History.csv
2017-06-26,128.6,cboe:SKEW_History.csv
2017-06-27,125.46,cboe:SKEW_History.csv
2017-06-28,126.95,cboe:SKEW_History.csv
2017-06-29,129.15,cboe:SKEW_History.csv
2017-06-30,129.51,cboe:SKEW_History.csv
2017-07-03,126.63,cboe:SKEW_History.csv
2017-07-05,128.67,cboe:SKEW_History.csv
2017-07-06,127.25,cboe:SKEW_History.csv
2017-07-07,131.58,cboe:SKEW_History.csv
2017-07-10,133.4,cboe:SKEW_History.csv
2017-07-11,132.75,cboe:SKEW_History.csv
2017-07-12,134.95,cboe:SKEW_History.csv
2017-07-13,138.35,cboe:SKEW_History.csv
2017-07-14,137.71,cboe:SKEW_History.csv
2017-07-17,139.87,cboe:SKEW_History.csv
2017-07-18,137.53,cboe:SKEW_History.csv
2017-07-19,136.88,cboe:SKEW_History.csv
2017-07-20,130.88,cboe:SKEW_History.csv
2017-07-21,134.53,cboe:SKEW_History.csv
2017-07-24,132.67,cboe:SKEW_History.csv
2017-07-25,135.61,cboe:SKEW_History.csv
2017-07-26,135.61,cboe:SKEW_History.csv
2017-07-27,140.81,cboe:SKEW_History.csv
2017-07-28,139.91,cboe:SKEW_History.csv
2017-07-31,139.82,cboe:SKEW_History.csv
2017-08-01,138.72,cboe:SKEW_History.csv
2017-08-02,142.02,cboe:SKEW_History.csv
2017-08-03,138.32,cboe:SKEW_History.csv
2017-08-04,139.81,cboe:SKEW_History.csv
2017-08-07,138.91,cboe:SKEW_History.csv
2017-08-08,140.05,cboe:SKEW_History.csv
2017-08-09,141.2,cboe:SKEW_History.csv
2017-08-10,136.48,cboe:SKEW_History.csv
2017-08-11,135.43,cboe:SKEW_History.csv
2017-08-14,142.07,cboe:SKEW_History.csv
2017-08-15,143.23,cboe:SKEW_History.csv
2017-08-16,148.62,cboe:SKEW_History.csv
2017-08-17,142.73,cboe:SKEW_History.csv
2017-08-18,128.86,cboe:SKEW_History.csv
2017-08-21,131.61,cboe:SKEW_History.csv
2017-08-22,135.72,cboe:SKEW_History.csv
2017-08-23,129.98,cboe:SKEW_History.csv
2017-08-24,129.95,cboe:SKEW_History.csv
2017-08-25,130.16,cboe:SKEW_History.csv
2017-08-28,128.32,cboe:SKEW_History.csv
2017-08-29,131.48,cboe:SKEW_History.csv
2017-08-30,130.53,cboe:SKEW_History.csv
2017-08-31,134.0,cboe:SKEW_History.csv
2017-09-01,134.85,cboe:SKEW_History.csv
2017-09-05,133.48,cboe:SKEW_History.csv
2017-09-06,136.48,cboe:SKEW_History.csv
2017-09-07,135.39,cboe:SKEW_History.csv
2017-09-08,130.57,cboe:SKEW_History.csv
2017-09-11,136.96,cboe:SKEW_History.csv
2017-09-12,139.6,cboe:SKEW_History.csv
2017-09-13,142.74,cboe:SKEW_History.csv
2017-09-15,144.54,cboe:SKEW_History.csv
2017-09-18,143.65,cboe:SKEW_History.csv
2017-09-19,142.64,cboe:SKEW_History.csv
2017-09-20,138.94,cboe:SKEW_History.csv
2017-09-21,137.87,cboe:SKEW_History.csv
2017-09-22,137.5,cboe:SKEW_History.csv
2017-09-25,135.07,cboe:SKEW_History.csv
2017-09-26,134.25,cboe:SKEW_History.csv
2017-09-27,129.49,cboe:SKEW_History.csv
2017-09-28,132.99,cboe:SKEW_History.csv
2017-09-29,137.75,cboe:SKEW_History.csv
2017-10-02,138.02,cboe:SKEW_History.csv
2017-10-03,137.15,cboe:SKEW_History.csv
2017-10-04,144.19,cboe:SKEW_History.csv
2017-10-05,140.33,cboe:SKEW_History.csv
2017-10-06,140.35,cboe:SKEW_History.csv
2017-10-09,139.83,cboe:SKEW_History.csv
2017-10-10,139.24,cboe:SKEW_History.csv
2017-10-11,138.74,cboe:SKEW_History.csv
2017-10-12,136.36,cboe:SKEW_History.csv
2017-10-13,138.28,cboe:SKEW_History.csv
2017-10-16,147.53,cboe:SKEW_History.csv
2017-10-17,150.12,cboe:SKEW_History.csv
2017-10-18,147.95,cboe:SKEW_History.csv
2017-10-19,146.16,cboe:SKEW_History.csv
2017-10-20,148.81,cboe:SKEW_History.csv
2017-10-23,142.46,cboe:SKEW_History.csv
2017-10-24,142.15,cboe:SKEW_History.csv
2017-10-25,138.0,cboe:SKEW_History.csv
2017-10-26,135.36,cboe:SKEW_History.csv
2017-10-27,135.7,cboe:SKEW_History.csv
2017-10-30,132.54,cboe:SKEW_History.csv
2017-10-31,131.81,cboe:SKEW_History.csv
2017-11-01,129.05,cboe:SKEW_History.csv
2017-11-02,128.97,cboe:SKEW_History.csv
2017-11-03,130.34,cboe:SKEW_History.csv
2017-11-06,130.52,cboe:SKEW_History.csv
2017-11-07,129.15,cboe:SKEW_History.csv
2017-11-08,131.5,cboe:SKEW_History.csv
2017-11-09,128.95,cboe:SKEW_History.csv
2017-11-10,130.56,cboe:SKEW_History.csv
2017-11-13,129.75,cboe:SKEW_History.csv
2017-11-14,130.15,cboe:SKEW_History.csv
2017-11-15,135.21,cboe:SKEW_History.csv
2017-11-16,136.3,cboe:SKEW_History.csv
2017-11-17,137.19,cboe:SKEW_History.csv
2017-11-20,135.83,cboe:SKEW_History.csv
2017-11-21,133.56,cboe:SKEW_History.csv
2017-11-22,132.52,cboe:SKEW_History.csv
2017-11-24,130.98,cboe:SKEW_History.csv
2017-11-27,130.18,cboe:SKEW_History.csv
2017-11-28,124.08,cboe:SKEW_History.csv
2017-11-29,126.28,cboe:SKEW_History.csv
2017-11-30,128.9,cboe:SKEW_History.csv
2017-12-01,128.83,cboe:SKEW_History.csv
2017-12-04,132.14,cboe:SKEW_History.csv
2017-12-05,132.07,cboe:SKEW_History.csv
2017-12-06,130.98,cboe:SKEW_History.csv
2017-12-07,130.84,cboe:SKEW_History.csv
2017-12-08,132.54,cboe:SKEW_History.csv
2017-12-11,133.98,cboe:SKEW_History.csv
2017-12-12,133.02,cboe:SKEW_History.csv
2017-12-13,134.71,cboe:SKEW_History.csv
2017-12-14,134.03,cboe:SKEW_History.csv
2017-12-15,135.73,cboe:SKEW_History.csv
2017-12-18,132.72,cboe:SKEW_History.csv
2017-12-19,130.69,cboe:SKEW_History.csv
2017-12-20,133.15,cboe:SKEW_History.csv
2017-12-21,132.63,cboe:SKEW_History.csv
2017-12-22,134.4,cboe:SKEW_History.csv
2017-12-26,135.6,cboe:SKEW_History.csv
2017-12-27,138.43,cboe:SKEW_History.csv
2017-12-28,137.82,cboe:SKEW_History.csv
2017-12-29,137.05,cboe:SKEW_History.csv
2018-01-02,135.37,cboe:SKEW_History.csv
2018-01-03,133.43,cboe:SKEW_History.csv
2018-01-04,131.24,cboe:SKEW_History.csv
2018-01-05,127.03,cboe:SKEW_History.csv
2018-01-08,128.0,cboe:SKEW_History.csv
2018-01-09,126.37,cboe:SKEW_History.csv
2018-01-10,129.12,cboe:SKEW_History.csv
2018-01-11,126.1,cboe:SKEW_History.csv
2018-01-12,124.95,cboe:SKEW_History.csv
2018-01-16,128.65,cboe:SKEW_History.csv
2018-01-17,136.19,cboe:SKEW_History.csv
2018-01-18,131.41,cboe:SKEW_History.csv
2018-01-19,132.28,cboe:SKEW_History.csv
2018-01-22,127.18,cboe:SKEW_History.csv
2018-01-23,122.95,cboe:SKEW_History.csv
2018-01-24,120.2,cboe:SKEW_History.csv
2018-01-25,121.87,cboe:SKEW_History.csv
2018-01-26,117.99,cboe:SKEW_History.csv
2018-01-29,118.8,cboe:SKEW_History.csv
2018-01-30,122.85,cboe:SKEW_History.csv
2018-01-31,121.23,cboe:SKEW_History.csv
2018-02-01,120.59,cboe:SKEW_History.csv
2018-02-02,126.45,cboe:SKEW_History.csv
2018-02-05,117.33,cboe:SKEW_History.csv
2018-02-06,129.61,cboe:SKEW_History.csv
2018-02-07,136.9,cboe:SKEW_History.csv
2018-02-08,130.92,cboe:SKEW_History.csv
2018-02-09,128.51,cboe:SKEW_History.csv
2018-02-12,148.02,cboe:SKEW_History.csv
2018-02-13,143.07,cboe:SKEW_History.csv
2018-02-14,127.84,cboe:SKEW_History.csv
2018-02-15,131.67,cboe:SKEW_History.csv
2018-02-16,137.8,cboe:SKEW_History.csv
2018-02-20,131.63,cboe:SKEW_History.csv
2018-02-21,130.03,cboe:SKEW_History.csv
2018-02-22,134.31,cboe:SKEW_History.csv
2018-02-23,139.2,cboe:SKEW_History.csv
2018-02-26,131.72,cboe:SKEW_History.csv
2018-02-27,132.27,cboe:SKEW_History.csv
2018-02-28,138.95,cboe:SKEW_History.csv
2018-03-01,136.54,cboe:SKEW_History.csv
2018-03-02,127.48,cboe:SKEW_History.csv
2018-03-05,130.12,cboe:SKEW_History.csv
2018-03-06,128.41,cboe:SKEW_History.csv
2018-03-07,128.17,cboe:SKEW_History.csv
2018-03-08,129.62,cboe:SKEW_History.csv
2018-03-09,127.79,cboe:SKEW_History.csv
2018-03-12,141.98,cboe:SKEW_History.csv
2018-03-13,140.43,cboe:SKEW_History.csv
2018-03-14,141.66,cboe:SKEW_History.csv
2018-03-15,146.55,cboe:SKEW_History.csv
2018-03-16,147.35,cboe:SKEW_History.csv
2018-03-19,143.96,cboe:SKEW_History.csv
2018-03-20,139.52,cboe:SKEW_History.csv
2018-03-21,133.69,cboe:SKEW_History.csv
2018-03-22,131.52,cboe:SKEW_History.csv
2018-03-23,130.79,cboe:SKEW_History.csv
2018-03-26,128.96,cboe:SKEW_History.csv
2018-03-27,128.65,cboe:SKEW_History.csv
2018-03-28,128.33,cboe:SKEW_History.csv
2018-03-29,119.34,cboe:SKEW_History.csv
2018-04-02,119.68,cboe:SKEW_History.csv
2018-04-03,118.38,cboe:SKEW_History.csv
2018-04-04,119.23,cboe:SKEW_History.csv
2018-04-05,121.51,cboe:SKEW_History.csv
2018-04-06,122.39,cboe:SKEW_History.csv
2018-04-09,119.9,cboe:SKEW_History.csv
2018-04-10,121.25,cboe:SKEW_History.csv
2018-04-11,122.27,cboe:SKEW_History.csv
2018-04-12,122.29,cboe:SKEW_History.csv
2018-04-13,126.0,cboe:SKEW_History.csv
2018-04-16,131.47,cboe:SKEW_History.csv
2018-04-17,130.57,cboe:SKEW_History.csv
2018-04-18,146.26,cboe:SKEW_History.csv
2018-04-19,138.2,cboe:SKEW_History.csv
2018-04-20,133.07,cboe:SKEW_History.csv
2018-04-23,126.48,cboe:SKEW_History.csv
2018-04-24,126.5,cboe:SKEW_History.csv
2018-04-25,124.29,cboe:SKEW_History.csv
2018-04-26,127.08,cboe:SKEW_History.csv
2018-04-27,128.4,cboe:SKEW_History.csv
2018-04-30,130.77,cboe:SKEW_History.csv
2018-05-01,128.21,cboe:SKEW_History.csv
2018-05-02,122.42,cboe:SKEW_History.csv
2018-05-03,126.79,cboe:SKEW_History.csv
2018-05-04,127.37,cboe:SKEW_History.csv
2018-05-07,123.04,cboe:SKEW_History.csv
2018-05-08,125.1,cboe:SKEW_History.csv
2018-05-09,126.05,cboe:SKEW_History.csv
2018-05-10,129.35,cboe:SKEW_History.csv
2018-05-11,131.59,cboe:SKEW_History.csv
2018-05-14,133.97,cboe:SKEW_History.csv
2018-05-15,136.76,cboe:SKEW_History.csv
2018-05-16,134.45,cboe:SKEW_History.csv
2018-05-17,134.78,cboe:SKEW_History.csv
2018-05-18,133.32,cboe:SKEW_History.csv
2018-05-21,134.02,cboe:SKEW_History.csv
2018-05-22,134.61,cboe:SKEW_History.csv
2018-05-23,135.61,cboe:SKEW_History.csv
2018-05-24,139.24,cboe:SKEW_History.csv
2018-05-25,140.78,cboe:SKEW_History.csv
2018-05-29,141.84,cboe:SKEW_History.csv
2018-05-30,143.89,cboe:SKEW_History.csv
2018-05-31,140.07,cboe:SKEW_History.csv
2018-06-01,134.53,cboe:SKEW_History.csv
2018-06-04,132.7,cboe:SKEW_History.csv
2018-06-05,132.58,cboe:SKEW_History.csv
2018-06-06,136.57,cboe:SKEW_History.csv
2018-06-07,133.84,cboe:SKEW_History.csv
2018-06-08,133.11,cboe:SKEW_History.csv
2018-06-11,138.93,cboe:SKEW_History.csv
2018-06-12,142.82,cboe:SKEW_History.csv
2018-06-13,141.74,cboe:SKEW_History.csv
2018-06-14,142.39,cboe:SKEW_History.csv
2018-06-15,140.92,cboe:SKEW_History.csv
2018-06-18,140.92,cboe:SKEW_History.csv
2018-06-19,139.35,cboe:SKEW_History.csv
2018-06-20,140.82,cboe:SKEW_History.csv
2018-06-21,139.94,cboe:SKEW_History.csv
2018-06-22,140.54,cboe:SKEW_History.csv
2018-06-25,134.66,cboe:SKEW_History.csv
2018-06-26,134.92,cboe:SKEW_History.csv
2018-06-27,131.3,cboe:SKEW_History.csv
2018-06-28,136.34,cboe:SKEW_History.csv
2018-06-29,141.72,cboe:SKEW_History.csv
2018-07-02,140.89,cboe:SKEW_History.csv
2018-07-03,134.57,cboe:SKEW_History.csv
2018-07-05,139.86,cboe:SKEW_History.csv
2018-07-06,141.02,cboe:SKEW_History.csv
2018-07-09,138.96,cboe:SKEW_History.csv
2018-07-10,139.26,cboe:SKEW_History.csv
2018-07-11,136.85,cboe:SKEW_History.csv
2018-07-12,138.22,cboe:SKEW_History.csv
2018-07-13,142.48,cboe:SKEW_History.csv
2018-07-16,148.16,cboe:SKEW_History.csv
2018-07-17,149.58,cboe:SKEW_History.csv
2018-07-18,154.25,cboe:SKEW_History.csv
2018-07-19,150.98,cboe:SKEW_History.csv
2018-07-20,152.72,cboe:SKEW_History.csv
2018-07-23,153.78,cboe:SKEW_History.csv
2018-07-24,145.94,cboe:SKEW_History.csv
2018-07-25,145.09,cboe:SKEW_History.csv
2018-07-26,142.18,cboe:SKEW_History.csv
2018-07-27,144.57,cboe:SKEW_History.csv
2018-07-30,141.57,cboe:SKEW_History.csv
2018-07-31,144.49,cboe:SKEW_History.csv
2018-08-01,142.77,cboe:SKEW_History.csv
2018-08-02,143.83,cboe:SKEW_History.csv
2018-08-03,146.19,cboe:SKEW_History.csv
2018-08-06,142.01,cboe:SKEW_History.csv
2018-08-07,138.94,cboe:SKEW_History.csv
2018-08-08,139.84,cboe:SKEW_History.csv
2018-08-09,138.61,cboe:SKEW_History.csv
2018-08-10,149.2,cboe:SKEW_History.csv
2018-08-13,159.03,cboe:SKEW_History.csv
2018-08-14,152.41,cboe:SKEW_History.csv
2018-08-15,148.4,cboe:SKEW_History.csv
2018-08-16,148.45,cboe:SKEW_History.csv
2018-08-17,146.01,cboe:SKEW_History.csv
2018-08-20,145.55,cboe:SKEW_History.csv
2018-08-21,144.7,cboe:SKEW_History.csv
2018-08-22,143.75,cboe:SKEW_History.csv
2018-08-23,147.38,cboe:SKEW_History.csv
2018-08-24,148.2,cboe:SKEW_History.csv
2018-08-27,144.85,cboe:SKEW_History.csv
2018-08-28,140.88,cboe:SKEW_History.csv
2018-08-29,140.76,cboe:SKEW_History.csv
2018-08-30,141.82,cboe:SKEW_History.csv
2018-08-31,146.91,cboe:SKEW_History.csv
2018-09-04,142.18,cboe:SKEW_History.csv
2018-09-05,142.22,cboe:SKEW_History.csv
2018-09-06,140.56,cboe:SKEW_History.csv
2018-09-07,145.87,cboe:SKEW_History.csv
2018-09-10,144.88,cboe:SKEW_History.csv
2018-09-11,147.88,cboe:SKEW_History.csv
2018-09-12,148.75,cboe:SKEW_History.csv
2018-09-13,150.64,cboe:SKEW_History.csv
2018-09-14,151.59,cboe:SKEW_History.csv
2018-09-17,150.95,cboe:SKEW_History.csv
2018-09-18,151.37,cboe:SKEW_History.csv
2018-09-19,145.19,cboe:SKEW_History.csv
2018-09-20,144.84,cboe:SKEW_History.csv
2018-09-21,141.55,cboe:SKEW_History.csv
2018-09-24,138.84,cboe:SKEW_History.csv
2018-09-25,137.68,cboe:SKEW_History.csv
2018-09-26,140.98,cboe:SKEW_History.csv
2018-09-27,142.1,cboe:SKEW_History.csv
2018-09-28,144.43,cboe:SKEW_History.csv
2018-10-01,141.52,cboe:SKEW_History.csv
2018-10-02,137.98,cboe:SKEW_History.csv
2018-10-03,136.33,cboe:SKEW_History.csv
2018-10-04,136.73,cboe:SKEW_History.csv
2018-10-05,130.28,cboe:SKEW_History.csv
2018-10-08,129.64,cboe:SKEW_History.csv
2018-10-09,128.98,cboe:SKEW_History.csv
2018-10-10,127.65,cboe:SKEW_History.csv
2018-10-11,130.85,cboe:SKEW_History.csv
2018-10-12,125.51,cboe:SKEW_History.csv
2018-10-15,128.32,cboe:SKEW_History.csv
2018-10-16,132.15,cboe:SKEW_History.csv
2018-10-17,130.65,cboe:SKEW_History.csv
2018-10-18,125.96,cboe:SKEW_History.csv
2018-10-19,124.94,cboe:SKEW_History.csv
2018-10-22,125.68,cboe:SKEW_History.csv
2018-10-23,126.54,cboe:SKEW_History.csv
2018-10-24,128.91,cboe:SKEW_History.csv
2018-10-25,125.26,cboe:SKEW_History.csv
2018-10-26,121.7,cboe:SKEW_History.csv
2018-10-29,120.83,cboe:SKEW_History.csv
2018-10-30,118.11,cboe:SKEW_History.csv
2018-10-31,117.64,cboe:SKEW_History.csv
2018-11-01,118.28,cboe:SKEW_History.csv
2018-11-02,115.73,cboe:SKEW_History.csv
2018-11-05,118.89,cboe:SKEW_History.csv
2018-11-06,119.93,cboe:SKEW_History.csv
2018-11-07,120.56,cboe:SKEW_History.csv
2018-11-08,121.85,cboe:SKEW_History.csv
2018-11-09,120.06,cboe:SKEW_History.csv
2018-11-12,121.35,cboe:SKEW_History.csv
2018-11-13,122.06,cboe:SKEW_History.csv
2018-11-14,120.68,cboe:SKEW_History.csv
2018-11-15,120.76,cboe:SKEW_History.csv
2018-11-16,118.71,cboe:SKEW_History.csv
2018-11-19,115.79,cboe:SKEW_History.csv
2018-11-20,119.55,cboe:SKEW_History.csv
2018-11-21,119.31,cboe:SKEW_History.csv
2018-11-23,117.21,cboe:SKEW_History.csv
2018-11-26,117.57,cboe:SKEW_History.csv
2018-11-27,115.83,cboe:SKEW_History.csv
2018-11-28,115.96,cboe:SKEW_History.csv
2018-11-29,115.49,cboe:SKEW_History.csv
2018-11-30,114.71,cboe:SKEW_History.csv
2018-12-03,118.45999908447266,yahoo:^SKEW
2018-12-04,117.76,cboe:SKEW_History.csv
2018-12-06,116.68,cboe:SKEW_History.csv
2018-12-07,114.3,cboe:SKEW_History.csv
2018-12-10,117.64,cboe:SKEW_History.csv
2018-12-11,116.8,cboe:SKEW_History.csv
2018-12-12,116.78,cboe:SKEW_History.csv
2018-12-13,117.03,cboe:SKEW_History.csv
2018-12-14,118.6,cboe:SKEW_History.csv
2018-12-17,123.96,cboe:SKEW_History.csv
2018-12-18,124.23,cboe:SKEW_History.csv
2018-12-19,125.38,cboe:SKEW_History.csv
2018-12-20,124.07,cboe:SKEW_History.csv
2018-12-21,122.17,cboe:SKEW_History.csv
2018-12-24,118.27,cboe:SKEW_History.csv
2018-12-26,116.47,cboe:SKEW_History.csv
2018-12-27,115.18,cboe:SKEW_History.csv
2018-12-28,117.26,cboe:SKEW_History.csv
2018-12-31,117.8,cboe:SKEW_History.csv
2019-01-02,116.06,cboe:SKEW_History.csv
2019-01-03,112.22,cboe:SKEW_History.csv
2019-01-04,111.44,cboe:SKEW_History.csv
2019-01-07,113.56,cboe:SKEW_History.csv
2019-01-08,115.3,cboe:SKEW_History.csv
2019-01-09,117.01,cboe:SKEW_History.csv
2019-01-10,117.72,cboe:SKEW_History.csv
2019-01-11,119.09,cboe:SKEW_History.csv
2019-01-14,125.2,cboe:SKEW_History.csv
2019-01-15,126.87,cboe:SKEW_History.csv
2019-01-16,131.66,cboe:SKEW_History.csv
2019-01-17,133.02,cboe:SKEW_History.csv
2019-01-18,131.19,cboe:SKEW_History.csv
2019-01-22,122.82,cboe:SKEW_History.csv
2019-01-23,123.88,cboe:SKEW_History.csv
2019-01-24,130.92,cboe:SKEW_History.csv
2019-01-25,126.11,cboe:SKEW_History.csv
2019-01-28,123.06,cboe:SKEW_History.csv
2019-01-29,121.9,cboe:SKEW_History.csv
2019-01-30,123.28,cboe:SKEW_History.csv
2019-01-31,126.53,cboe:SKEW_History.csv
2019-02-01,126.03,cboe:SKEW_History.csv
2019-02-04,128.4,cboe:SKEW_History.csv
2019-02-05,123.42,cboe:SKEW_History.csv
2019-02-06,123.72,cboe:SKEW_History.csv
2019-02-07,124.45,cboe:SKEW_History.csv
2019-02-08,127.72,cboe:SKEW_History.csv
2019-02-11,129.19,cboe:SKEW_History.csv
2019-02-12,128.6,cboe:SKEW_History.csv
2019-02-13,127.12,cboe:SKEW_History.csv
2019-02-14,126.89,cboe:SKEW_History.csv
2019-02-15,129.55,cboe:SKEW_History.csv
2019-02-19,124.68,cboe:SKEW_History.csv
2019-02-20,123.39,cboe:SKEW_History.csv
2019-02-21,122.42,cboe:SKEW_History.csv
2019-02-22,121.08,cboe:SKEW_History.csv
2019-02-25,127.67,cboe:SKEW_History.csv
2019-02-26,125.53,cboe:SKEW_History.csv
2019-02-27,126.44,cboe:SKEW_History.csv
2019-02-28,128.85,cboe:SKEW_History.csv
2019-03-01,126.97,cboe:SKEW_History.csv
2019-03-04,125.04,cboe:SKEW_History.csv
2019-03-05,126.4,cboe:SKEW_History.csv
2019-03-06,125.8,cboe:SKEW_History.csv
2019-03-07,123.14,cboe:SKEW_History.csv
2019-03-08,125.73,cboe:SKEW_History.csv
2019-03-11,132.93,cboe:SKEW_History.csv
2019-03-12,130.17,cboe:SKEW_History.csv
2019-03-13,132.57,cboe:SKEW_History.csv
2019-03-14,130.57,cboe:SKEW_History.csv
2019-03-15,128.76,cboe:SKEW_History.csv
2019-03-18,127.1,cboe:SKEW_History.csv
2019-03-19,123.13,cboe:SKEW_History.csv
2019-03-20,120.59,cboe:SKEW_History.csv
2019-03-21,120.67,cboe:SKEW_History.csv
2019-03-22,117.55,cboe:SKEW_History.csv
2019-03-25,117.6,cboe:SKEW_History.csv
2019-03-26,117.8,cboe:SKEW_History.csv
2019-03-27,117.66,cboe:SKEW_History.csv
2019-03-28,119.25,cboe:SKEW_History.csv
2019-03-29,120.96,cboe:SKEW_History.csv
2019-04-01,126.77,cboe:SKEW_History.csv
2019-04-02,127.31,cboe:SKEW_History.csv
2019-04-03,125.96,cboe:SKEW_History.csv
2019-04-04,126.23,cboe:SKEW_History.csv
2019-04-05,128.75,cboe:SKEW_History.csv
2019-04-08,129.13,cboe:SKEW_History.csv
2019-04-09,127.66,cboe:SKEW_History.csv
2019-04-10,127.61,cboe:SKEW_History.csv
2019-04-11,126.23,cboe:SKEW_History.csv
2019-04-12,124.22,cboe:SKEW_History.csv
2019-04-15,127.69,cboe:SKEW_History.csv
2019-04-16,125.81,cboe:SKEW_History.csv
2019-04-17,125.78,cboe:SKEW_History.csv
2019-04-18,123.6,cboe:SKEW_History.csv
2019-04-22,124.24,cboe:SKEW_History.csv
2019-04-23,124.65,cboe:SKEW_History.csv
2019-04-24,123.81,cboe:SKEW_History.csv
2019-04-25,124.18,cboe:SKEW_History.csv
2019-04-26,126.29,cboe:SKEW_History.csv
2019-04-29,125.79,cboe:SKEW_History.csv
2019-04-30,126.47,cboe:SKEW_History.csv
2019-05-01,125.32,cboe:SKEW_History.csv
2019-05-02,124.59,cboe:SKEW_History.csv
2019-05-03,122.22,cboe:SKEW_History.csv
2019-05-06,123.23,cboe:SKEW_History.csv
2019-05-07,116.88,cboe:SKEW_History.csv
2019-05-08,117.79,cboe:SKEW_History.csv
2019-05-09,117.68,cboe:SKEW_History.csv
2019-05-10,118.54,cboe:SKEW_History.csv
2019-05-13,119.36,cboe:SKEW_History.csv
2019-05-14,119.95,cboe:SKEW_History.csv
2019-05-15,120.87,cboe:SKEW_History.csv
2019-05-16,121.09,cboe:SKEW_History.csv
2019-05-17,118.69,cboe:SKEW_History.csv
2019-05-20,115.25,cboe:SKEW_History.csv
2019-05-21,117.17,cboe:SKEW_History.csv
2019-05-22,115.42,cboe:SKEW_History.csv
2019-05-23,114.71,cboe:SKEW_History.csv
2019-05-24,114.12,cboe:SKEW_History.csv
2019-05-28,112.58,cboe:SKEW_History.csv
2019-05-29,111.93,cboe:SKEW_History.csv
2019-05-30,112.68,cboe:SKEW_History.csv
2019-05-31,112.65,cboe:SKEW_History.csv
2019-06-03,112.32,cboe:SKEW_History.csv
2019-06-04,112.74,cboe:SKEW_History.csv
2019-06-05,112.91,cboe:SKEW_History.csv
2019-06-06,113.89,cboe:SKEW_History.csv
2019-06-07,114.67,cboe:SKEW_History.csv
2019-06-10,114.38,cboe:SKEW_History.csv
2019-06-11,113.81,cboe:SKEW_History.csv
2019-06-12,114.66,cboe:SKEW_History.csv
2019-06-13,113.33,cboe:SKEW_History.csv
2019-06-14,113.16,cboe:SKEW_History.csv
2019-06-17,115.3,cboe:SKEW_History.csv
2019-06-18,116.21,cboe:SKEW_History.csv
2019-06-19,115.93,cboe:SKEW_History.csv
2019-06-20,119.23,cboe:SKEW_History.csv
2019-06-21,118.46,cboe:SKEW_History.csv
2019-06-24,117.09,cboe:SKEW_History.csv
2019-06-25,116.83,cboe:SKEW_History.csv
2019-06-26,117.16,cboe:SKEW_History.csv
2019-06-27,117.5,cboe:SKEW_History.csv
2019-06-28,118.12,cboe:SKEW_History.csv
2019-07-01,119.86,cboe:SKEW_History.csv
2019-07-02,122.14,cboe:SKEW_History.csv
2019-07-03,120.82,cboe:SKEW_History.csv
2019-07-05,126.66000366210938,yahoo:^SKEW
2019-07-08,121.42,cboe:SKEW_History.csv
2019-07-09,120.44,cboe:SKEW_History.csv
2019-07-10,120.66,cboe:SKEW_History.csv
2019-07-11,122.45,cboe:SKEW_History.csv
2019-07-12,123.65,cboe:SKEW_History.csv
2019-07-15,126.22,cboe:SKEW_History.csv
2019-07-16,125.15,cboe:SKEW_History.csv
2019-07-17,123.98,cboe:SKEW_History.csv
2019-07-18,125.42,cboe:SKEW_History.csv
2019-07-19,125.5,cboe:SKEW_History.csv
2019-07-22,125.36,cboe:SKEW_History.csv
2019-07-23,124.65,cboe:SKEW_History.csv
2019-07-24,123.08,cboe:SKEW_History.csv
2019-07-25,121.88,cboe:SKEW_History.csv
2019-07-26,123.27,cboe:SKEW_History.csv
2019-07-29,125.1,cboe:SKEW_History.csv
2019-07-30,121.94,cboe:SKEW_History.csv
2019-07-31,121.71,cboe:SKEW_History.csv
2019-08-01,117.07,cboe:SKEW_History.csv
2019-08-02,117.25,cboe:SKEW_History.csv
2019-08-05,113.3,cboe:SKEW_History.csv
2019-08-06,114.2,cboe:SKEW_History.csv
2019-08-07,113.96,cboe:SKEW_History.csv
2019-08-08,117.71,cboe:SKEW_History.csv
2019-08-09,116.34,cboe:SKEW_History.csv
2019-08-12,115.15,cboe:SKEW_History.csv
2019-08-13,117.58,cboe:SKEW_History.csv
2019-08-14,113.48,cboe:SKEW_History.csv
2019-08-15,112.52,cboe:SKEW_History.csv
2019-08-16,115.84,cboe:SKEW_History.csv
2019-08-19,116.48,cboe:SKEW_History.csv
2019-08-20,114.78,cboe:SKEW_History.csv
2019-08-21,114.48,cboe:SKEW_History.csv
2019-08-22,114.46,cboe:SKEW_History.csv
2019-08-23,112.62,cboe:SKEW_History.csv
2019-08-26,113.07,cboe:SKEW_History.csv
2019-08-27,111.76,cboe:SKEW_History.csv
2019-08-28,113.65,cboe:SKEW_History.csv
2019-08-29,115.02,cboe:SKEW_History.csv
2019-08-30,115.37,cboe:SKEW_History.csv
2019-09-03,114.68,cboe:SKEW_History.csv
2019-09-04,115.99,cboe:SKEW_History.csv
2019-09-05,118.58,cboe:SKEW_History.csv
2019-09-06,118.87,cboe:SKEW_History.csv
2019-09-09,118.79,cboe:SKEW_History.csv
2019-09-10,119.01,cboe:SKEW_History.csv
2019-09-11,119.95,cboe:SKEW_History.csv
2019-09-12,119.95,cboe:SKEW_History.csv
2019-09-13,118.4,cboe:SKEW_History.csv
2019-09-16,119.16,cboe:SKEW_History.csv
2019-09-17,117.94,cboe:SKEW_History.csv
2019-09-18,118.09,cboe:SKEW_History.csv
2019-09-19,118.77,cboe:SKEW_History.csv
2019-09-20,117.5,cboe:SKEW_History.csv
2019-09-23,118.78,cboe:SKEW_History.csv
2019-09-24,118.01,cboe:SKEW_History.csv
2019-09-25,117.98,cboe:SKEW_History.csv
2019-09-26,117.51,cboe:SKEW_History.csv
2019-09-27,116.61,cboe:SKEW_History.csv
2019-09-30,117.67,cboe:SKEW_History.csv
2019-10-01,114.01,cboe:SKEW_History.csv
2019-10-02,111.47,cboe:SKEW_History.csv
2019-10-03,112.44,cboe:SKEW_History.csv
2019-10-04,114.54,cboe:SKEW_History.csv
2019-10-07,118.76,cboe:SKEW_History.csv
2019-10-08,118.42,cboe:SKEW_History.csv
2019-10-09,119.95,cboe:SKEW_History.csv
2019-10-10,120.85,cboe:SKEW_History.csv
2019-10-11,122.4,cboe:SKEW_History.csv
2019-10-14,124.85,cboe:SKEW_History.csv
2019-10-15,127.17,cboe:SKEW_History.csv
2019-10-16,125.53,cboe:SKEW_History.csv
2019-10-17,128.01,cboe:SKEW_History.csv
2019-10-18,126.24,cboe:SKEW_History.csv
2019-10-21,128.44,cboe:SKEW_History.csv
2019-10-22,125.79,cboe:SKEW_History.csv
2019-10-23,127.92,cboe:SKEW_History.csv
2019-10-24,125.22,cboe:SKEW_History.csv
2019-10-25,125.7,cboe:SKEW_History.csv
2019-10-28,125.26,cboe:SKEW_History.csv
2019-10-29,127.29,cboe:SKEW_History.csv
2019-10-30,129.64,cboe:SKEW_History.csv
2019-10-31,130.71,cboe:SKEW_History.csv
2019-11-01,126.88,cboe:SKEW_History.csv
2019-11-04,129.74,cboe:SKEW_History.csv
2019-11-05,126.78,cboe:SKEW_History.csv
2019-11-06,125.2,cboe:SKEW_History.csv
2019-11-07,124.68,cboe:SKEW_History.csv
2019-11-08,123.3,cboe:SKEW_History.csv
2019-11-11,123.85,cboe:SKEW_History.csv
2019-11-12,123.18,cboe:SKEW_History.csv
2019-11-13,124.61,cboe:SKEW_History.csv
2019-11-14,126.28,cboe:SKEW_History.csv
2019-11-15,124.95,cboe:SKEW_History.csv
2019-11-18,126.59,cboe:SKEW_History.csv
2019-11-19,127.46,cboe:SKEW_History.csv
2019-11-20,125.64,cboe:SKEW_History.csv
2019-11-21,124.87,cboe:SKEW_History.csv
2019-11-22,125.53,cboe:SKEW_History.csv
2019-11-25,128.65,cboe:SKEW_History.csv
2019-11-26,130.28,cboe:SKEW_History.csv
2019-11-27,130.37,cboe:SKEW_History.csv
2019-11-29,129.83,cboe:SKEW_History.csv
2019-12-02,126.35,cboe:SKEW_History.csv
2019-12-03,122.78,cboe:SKEW_History.csv
2019-12-04,123.31,cboe:SKEW_History.csv
2019-12-05,123.64,cboe:SKEW_History.csv
2019-12-06,131.48,cboe:SKEW_History.csv
2019-12-09,136.56,cboe:SKEW_History.csv
2019-12-10,135.0,cboe:SKEW_History.csv
2019-12-11,134.37,cboe:SKEW_History.csv
2019-12-12,132.68,cboe:SKEW_History.csv
2019-12-13,144.51,cboe:SKEW_History.csv
2019-12-16,143.85,cboe:SKEW_History.csv
2019-12-17,137.48,cboe:SKEW_History.csv
2019-12-18,144.56,cboe:SKEW_History.csv
2019-12-19,150.14,cboe:SKEW_History.csv
2019-12-20,147.17,cboe:SKEW_History.csv
2019-12-23,143.91,cboe:SKEW_History.csv
2019-12-24,143.87,cboe:SKEW_History.csv
2019-12-26,143.07,cboe:SKEW_History.csv
2019-12-27,140.29,cboe:SKEW_History.csv
2019-12-30,133.56,cboe:SKEW_History.csv
2019-12-31,139.52,cboe:SKEW_History.csv
2020-01-02,137.7,cboe:SKEW_History.csv
2020-01-03,133.46,cboe:SKEW_History.csv
2020-01-06,132.51,cboe:SKEW_History.csv
2020-01-07,129.78,cboe:SKEW_History.csv
2020-01-08,136.42,cboe:SKEW_History.csv
2020-01-09,133.47,cboe:SKEW_History.csv
2020-01-10,128.15,cboe:SKEW_History.csv
2020-01-13,131.27,cboe:SKEW_History.csv
2020-01-14,130.82,cboe:SKEW_History.csv
2020-01-15,135.53,cboe:SKEW_History.csv
2020-01-16,133.13,cboe:SKEW_History.csv
2020-01-17,134.62,cboe:SKEW_History.csv
2020-01-21,132.7,cboe:SKEW_History.csv
2020-01-22,129.93,cboe:SKEW_History.csv
2020-01-23,131.76,cboe:SKEW_History.csv
2020-01-24,127.02,cboe:SKEW_History.csv
2020-01-27,127.21,cboe:SKEW_History.csv
2020-01-28,125.61,cboe:SKEW_History.csv
2020-01-29,125.15,cboe:SKEW_History.csv
2020-01-30,129.95,cboe:SKEW_History.csv
2020-01-31,135.73,cboe:SKEW_History.csv
2020-02-03,127.7,cboe:SKEW_History.csv
2020-02-04,128.65,cboe:SKEW_History.csv
2020-02-05,129.78,cboe:SKEW_History.csv
2020-02-06,134.48,cboe:SKEW_History.csv
2020-02-07,132.21,cboe:SKEW_History.csv
2020-02-10,133.29,cboe:SKEW_History.csv
2020-02-11,132.95,cboe:SKEW_History.csv
2020-02-12,133.2,cboe:SKEW_History.csv
2020-02-13,133.04,cboe:SKEW_History.csv
2020-02-14,132.67,cboe:SKEW_History.csv
2020-02-18,137.66,cboe:SKEW_History.csv
2020-02-19,141.81,cboe:SKEW_History.csv
2020-02-20,137.12,cboe:SKEW_History.csv
2020-02-21,135.14,cboe:SKEW_History.csv
2020-02-24,130.48,cboe:SKEW_History.csv
2020-02-25,130.79,cboe:SKEW_History.csv
2020-02-26,130.65,cboe:SKEW_History.csv
2020-02-27,128.93,cboe:SKEW_History.csv
2020-02-28,130.82,cboe:SKEW_History.csv
2020-03-02,126.84,cboe:SKEW_History.csv
2020-03-03,123.06,cboe:SKEW_History.csv
2020-03-04,127.38,cboe:SKEW_History.csv
2020-03-05,123.61,cboe:SKEW_History.csv
2020-03-06,126.08,cboe:SKEW_History.csv
2020-03-09,121.57,cboe:SKEW_History.csv
2020-03-10,121.38,cboe:SKEW_History.csv
2020-03-11,121.72,cboe:SKEW_History.csv
2020-03-12,115.79,cboe:SKEW_History.csv
2020-03-13,132.37,cboe:SKEW_History.csv
2020-03-16,114.66,cboe:SKEW_History.csv
2020-03-17,116.67,cboe:SKEW_History.csv
2020-03-18,113.54,cboe:SKEW_History.csv
2020-03-19,115.44,cboe:SKEW_History.csv
2020-03-20,118.12,cboe:SKEW_History.csv
2020-03-23,117.05,cboe:SKEW_History.csv
2020-03-24,117.75,cboe:SKEW_History.csv
2020-03-25,116.6,cboe:SKEW_History.csv
2020-03-26,118.97,cboe:SKEW_History.csv
2020-03-27,117.41,cboe:SKEW_History.csv
2020-03-30,122.18,cboe:SKEW_History.csv
2020-03-31,125.49,cboe:SKEW_History.csv
2020-04-01,115.48,cboe:SKEW_History.csv
2020-04-02,118.43,cboe:SKEW_History.csv
2020-04-03,120.57,cboe:SKEW_History.csv
2020-04-06,121.01,cboe:SKEW_History.csv
2020-04-07,118.48,cboe:SKEW_History.csv
2020-04-08,119.3,cboe:SKEW_History.csv
2020-04-09,120.85,cboe:SKEW_History.csv
2020-04-13,119.6,cboe:SKEW_History.csv
2020-04-14,122.33,cboe:SKEW_History.csv
2020-04-15,122.42,cboe:SKEW_History.csv
2020-04-16,122.33,cboe:SKEW_History.csv
2020-04-17,126.43,cboe:SKEW_History.csv
2020-04-20,125.34,cboe:SKEW_History.csv
2020-04-21,123.71,cboe:SKEW_History.csv
2020-04-22,126.19,cboe:SKEW_History.csv
2020-04-23,125.22,cboe:SKEW_History.csv
2020-04-24,126.51,cboe:SKEW_History.csv
2020-04-27,129.29,cboe:SKEW_History.csv
2020-04-28,129.23,cboe:SKEW_History.csv
2020-04-29,132.6,cboe:SKEW_History.csv
2020-04-30,130.38,cboe:SKEW_History.csv
2020-05-01,129.97,cboe:SKEW_History.csv
2020-05-04,131.29,cboe:SKEW_History.csv
2020-05-05,128.26,cboe:SKEW_History.csv
2020-05-06,128.59,cboe:SKEW_History.csv
2020-05-07,130.67,cboe:SKEW_History.csv
2020-05-08,132.21,cboe:SKEW_History.csv
2020-05-11,129.1,cboe:SKEW_History.csv
2020-05-12,125.97,cboe:SKEW_History.csv
2020-05-13,123.43,cboe:SKEW_History.csv
2020-05-14,124.35,cboe:SKEW_History.csv
2020-05-15,124.47,cboe:SKEW_History.csv
2020-05-18,129.23,cboe:SKEW_History.csv
2020-05-19,127.48,cboe:SKEW_History.csv
2020-05-20,125.95,cboe:SKEW_History.csv
2020-05-21,124.53,cboe:SKEW_History.csv
2020-05-22,125.78,cboe:SKEW_History.csv
2020-05-26,129.11,cboe:SKEW_History.csv
2020-05-27,129.96,cboe:SKEW_History.csv
2020-05-28,130.78,cboe:SKEW_History.csv
2020-05-29,131.72,cboe:SKEW_History.csv
2020-06-01,132.09,cboe:SKEW_History.csv
2020-06-02,132.61,cboe:SKEW_History.csv
2020-06-03,131.5,cboe:SKEW_History.csv
2020-06-04,130.77,cboe:SKEW_History.csv
2020-06-05,129.87,cboe:SKEW_History.csv
2020-06-08,129.11,cboe:SKEW_History.csv
2020-06-09,124.93,cboe:SKEW_History.csv
2020-06-10,127.74,cboe:SKEW_History.csv
2020-06-11,131.29,cboe:SKEW_History.csv
2020-06-12,133.54,cboe:SKEW_History.csv
2020-06-15,137.33,cboe:SKEW_History.csv
2020-06-16,133.85,cboe:SKEW_History.csv
2020-06-17,135.49,cboe:SKEW_History.csv
2020-06-18,134.9,cboe:SKEW_History.csv
2020-06-19,125.38,cboe:SKEW_History.csv
2020-06-22,135.54,cboe:SKEW_History.csv
2020-06-23,135.2,cboe:SKEW_History.csv
2020-06-24,134.05,cboe:SKEW_History.csv
2020-06-25,131.92,cboe:SKEW_History.csv
2020-06-26,137.47,cboe:SKEW_History.csv
2020-06-29,135.75,cboe:SKEW_History.csv
2020-06-30,148.27,cboe:SKEW_History.csv
2020-07-01,142.44,cboe:SKEW_History.csv
2020-07-02,146.34,cboe:SKEW_History.csv
2020-07-06,140.98,cboe:SKEW_History.csv
2020-07-07,138.34,cboe:SKEW_History.csv
2020-07-08,144.46,cboe:SKEW_History.csv
2020-07-09,138.84,cboe:SKEW_History.csv
2020-07-10,135.68,cboe:SKEW_History.csv
2020-07-13,128.52,cboe:SKEW_History.csv
2020-07-14,131.1,cboe:SKEW_History.csv
2020-07-15,146.53,cboe:SKEW_History.csv
2020-07-16,142.44,cboe:SKEW_History.csv
2020-07-17,140.81,cboe:SKEW_History.csv
2020-07-20,145.9,cboe:SKEW_History.csv
2020-07-21,134.84,cboe:SKEW_History.csv
2020-07-22,140.39,cboe:SKEW_History.csv
2020-07-23,140.74,cboe:SKEW_History.csv
2020-07-24,139.4,cboe:SKEW_History.csv
2020-07-27,139.61,cboe:SKEW_History.csv
2020-07-28,139.64,cboe:SKEW_History.csv
2020-07-29,140.86,cboe:SKEW_History.csv
2020-07-30,138.99,cboe:SKEW_History.csv
2020-07-31,141.56,cboe:SKEW_History.csv
2020-08-03,141.77,cboe:SKEW_History.csv
2020-08-04,141.64,cboe:SKEW_History.csv
2020-08-05,139.59,cboe:SKEW_History.csv
2020-08-06,141.75,cboe:SKEW_History.csv
2020-08-07,139.75,cboe:SKEW_History.csv
2020-08-10,137.5,cboe:SKEW_History.csv
2020-08-11,136.39,cboe:SKEW_History.csv
2020-08-12,137.01,cboe:SKEW_History.csv
2020-08-13,136.11,cboe:SKEW_History.csv
2020-08-14,136.82,cboe:SKEW_History.csv
2020-08-17,137.45,cboe:SKEW_History.csv
2020-08-18,138.08,cboe:SKEW_History.csv
2020-08-19,138.2,cboe:SKEW_History.csv
2020-08-20,144.05,cboe:SKEW_History.csv
2020-08-21,146.73,cboe:SKEW_History.csv
2020-08-24,147.23,cboe:SKEW_History.csv
2020-08-25,146.53,cboe:SKEW_History.csv
2020-08-26,142.09,cboe:SKEW_History.csv
2020-08-27,145.07,cboe:SKEW_History.csv
2020-08-28,145.73,cboe:SKEW_History.csv
2020-08-31,144.67,cboe:SKEW_History.csv
2020-09-01,142.28,cboe:SKEW_History.csv
2020-09-02,141.1,cboe:SKEW_History.csv
2020-09-03,144.66,cboe:SKEW_History.csv
2020-09-04,133.28,cboe:SKEW_History.csv
2020-09-08,132.51,cboe:SKEW_History.csv
2020-09-09,133.2,cboe:SKEW_History.csv
2020-09-10,130.16,cboe:SKEW_History.csv
2020-09-11,125.42,cboe:SKEW_History.csv
2020-09-14,130.95,cboe:SKEW_History.csv
2020-09-15,132.95,cboe:SKEW_History.csv
2020-09-16,136.06,cboe:SKEW_History.csv
2020-09-17,139.41,cboe:SKEW_History.csv
2020-09-18,132.09,cboe:SKEW_History.csv
2020-09-21,130.64,cboe:SKEW_History.csv
2020-09-22,130.08,cboe:SKEW_History.csv
2020-09-23,129.84,cboe:SKEW_History.csv
2020-09-24,129.17,cboe:SKEW_History.csv
2020-09-25,129.26,cboe:SKEW_History.csv
2020-09-28,126.69,cboe:SKEW_History.csv
2020-09-29,123.93,cboe:SKEW_History.csv
2020-09-30,120.94,cboe:SKEW_History.csv
2020-10-01,117.78,cboe:SKEW_History.csv
2020-10-02,119.12,cboe:SKEW_History.csv
2020-10-05,119.53,cboe:SKEW_History.csv
2020-10-06,120.05,cboe:SKEW_History.csv
2020-10-07,120.6,cboe:SKEW_History.csv
2020-10-08,121.81,cboe:SKEW_History.csv
2020-10-09,121.93,cboe:SKEW_History.csv
2020-10-12,123.94,cboe:SKEW_History.csv
2020-10-13,122.54,cboe:SKEW_History.csv
2020-10-14,122.6,cboe:SKEW_History.csv
2020-10-15,123.47,cboe:SKEW_History.csv
2020-10-16,123.7,cboe:SKEW_History.csv
2020-10-19,124.75,cboe:SKEW_History.csv
2020-10-20,125.31,cboe:SKEW_History.csv
2020-10-21,124.38,cboe:SKEW_History.csv
2020-10-22,124.94,cboe:SKEW_History.csv
2020-10-23,126.7,cboe:SKEW_History.csv
2020-10-26,126.05,cboe:SKEW_History.csv
2020-10-27,127.58,cboe:SKEW_History.csv
2020-10-28,129.3,cboe:SKEW_History.csv
2020-10-29,128.05,cboe:SKEW_History.csv
2020-10-30,129.01,cboe:SKEW_History.csv
2020-11-02,133.86,cboe:SKEW_History.csv
2020-11-03,136.44,cboe:SKEW_History.csv
2020-11-04,133.32,cboe:SKEW_History.csv
2020-11-05,127.65,cboe:SKEW_History.csv
2020-11-06,124.56,cboe:SKEW_History.csv
2020-11-09,127.41,cboe:SKEW_History.csv
2020-11-10,126.3,cboe:SKEW_History.csv
2020-11-11,129.47,cboe:SKEW_History.csv
2020-11-12,131.42,cboe:SKEW_History.csv
2020-11-13,129.33,cboe:SKEW_History.csv
2020-11-16,129.56,cboe:SKEW_History.csv
2020-11-17,128.91,cboe:SKEW_History.csv
2020-11-18,133.59,cboe:SKEW_History.csv
2020-11-19,133.55,cboe:SKEW_History.csv
2020-11-20,133.54,cboe:SKEW_History.csv
2020-11-23,134.26,cboe:SKEW_History.csv
2020-11-24,134.19,cboe:SKEW_History.csv
2020-11-25,133.9,cboe:SKEW_History.csv
2020-11-27,132.43,cboe:SKEW_History.csv
2020-11-30,133.95,cboe:SKEW_History.csv
2020-12-01,132.6,cboe:SKEW_History.csv
2020-12-02,134.61,cboe:SKEW_History.csv
2020-12-03,132.46,cboe:SKEW_History.csv
2020-12-04,133.08,cboe:SKEW_History.csv
2020-12-07,132.44,cboe:SKEW_History.csv
2020-12-08,134.9,cboe:SKEW_History.csv
2020-12-09,135.75,cboe:SKEW_History.csv
2020-12-10,135.71,cboe:SKEW_History.csv
2020-12-11,139.92,cboe:SKEW_History.csv
2020-12-14,139.29,cboe:SKEW_History.csv
2020-12-15,138.95,cboe:SKEW_History.csv
2020-12-16,144.79,cboe:SKEW_History.csv
2020-12-17,147.07,cboe:SKEW_History.csv
2020-12-18,147.02,cboe:SKEW_History.csv
2020-12-21,146.53,cboe:SKEW_History.csv
2020-12-22,146.27,cboe:SKEW_History.csv
2020-12-23,147.39,cboe:SKEW_History.csv
2020-12-24,148.27,cboe:SKEW_History.csv
2020-12-28,145.3,cboe:SKEW_History.csv
2020-12-29,142.74,cboe:SKEW_History.csv
2020-12-30,143.03,cboe:SKEW_History.csv
2020-12-31,147.83,cboe:SKEW_History.csv
2021-01-04,143.84,cboe:SKEW_History.csv
2021-01-05,145.5,cboe:SKEW_History.csv
2021-01-06,147.06,cboe:SKEW_History.csv
2021-01-07,145.92,cboe:SKEW_History.csv
2021-01-08,139.25,cboe:SKEW_History.csv
2021-01-11,134.7,cboe:SKEW_History.csv
2021-01-12,139.99,cboe:SKEW_History.csv
2021-01-13,139.93,cboe:SKEW_History.csv
2021-01-14,138.06,cboe:SKEW_History.csv
2021-01-15,136.7,cboe:SKEW_History.csv
2021-01-19,141.32,cboe:SKEW_History.csv
2021-01-20,146.66,cboe:SKEW_History.csv
2021-01-21,144.2,cboe:SKEW_History.csv
2021-01-22,145.55,cboe:SKEW_History.csv
2021-01-25,145.56,cboe:SKEW_History.csv
2021-01-26,143.31,cboe:SKEW_History.csv
2021-01-27,137.93,cboe:SKEW_History.csv
2021-01-28,145.84,cboe:SKEW_History.csv
2021-01-29,134.3,cboe:SKEW_History.csv
2021-02-01,141.63,cboe:SKEW_History.csv
2021-02-02,141.15,cboe:SKEW_History.csv
2021-02-03,136.59,cboe:SKEW_History.csv
2021-02-04,136.01,cboe:SKEW_History.csv
2021-02-05,135.09,cboe:SKEW_History.csv
2021-02-08,136.65,cboe:SKEW_History.csv
2021-02-09,140.06,cboe:SKEW_History.csv
2021-02-10,139.33,cboe:SKEW_History.csv
2021-02-11,137.6,cboe:SKEW_History.csv
2021-02-12,137.66,cboe:SKEW_History.csv
2021-02-16,140.17,cboe:SKEW_History.csv
2021-02-17,144.45,cboe:SKEW_History.csv
2021-02-18,142.55,cboe:SKEW_History.csv
2021-02-19,141.53,cboe:SKEW_History.csv
2021-02-22,138.82,cboe:SKEW_History.csv
2021-02-23,136.64,cboe:SKEW_History.csv
2021-02-24,138.52,cboe:SKEW_History.csv
2021-02-25,142.07,cboe:SKEW_History.csv
2021-02-26,136.23,cboe:SKEW_History.csv
2021-03-01,141.33,cboe:SKEW_History.csv
2021-03-02,141.68,cboe:SKEW_History.csv
2021-03-03,140.53,cboe:SKEW_History.csv
2021-03-04,137.19,cboe:SKEW_History.csv
2021-03-05,135.9,cboe:SKEW_History.csv
2021-03-08,137.01,cboe:SKEW_History.csv
2021-03-09,134.45,cboe:SKEW_History.csv
2021-03-10,138.57,cboe:SKEW_History.csv
2021-03-11,139.61,cboe:SKEW_History.csv
2021-03-12,140.29,cboe:SKEW_History.csv
2021-03-15,141.26,cboe:SKEW_History.csv
2021-03-16,142.56,cboe:SKEW_History.csv
2021-03-17,143.19,cboe:SKEW_History.csv
2021-03-18,148.11,cboe:SKEW_History.csv
2021-03-19,141.47,cboe:SKEW_History.csv
2021-03-22,146.14,cboe:SKEW_History.csv
2021-03-23,143.44,cboe:SKEW_History.csv
2021-03-24,143.7,cboe:SKEW_History.csv
2021-03-25,140.86,cboe:SKEW_History.csv
2021-03-26,145.46,cboe:SKEW_History.csv
2021-03-29,143.67,cboe:SKEW_History.csv
2021-03-30,142.2,cboe:SKEW_History.csv
2021-03-31,140.93,cboe:SKEW_History.csv
2021-04-01,136.29,cboe:SKEW_History.csv
2021-04-05,139.63,cboe:SKEW_History.csv
2021-04-06,142.44,cboe:SKEW_History.csv
2021-04-07,140.6,cboe:SKEW_History.csv
2021-04-08,139.04,cboe:SKEW_History.csv
2021-04-09,132.88,cboe:SKEW_History.csv
2021-04-12,134.29,cboe:SKEW_History.csv
2021-04-13,134.72,cboe:SKEW_History.csv
2021-04-14,137.67,cboe:SKEW_History.csv
2021-04-15,139.29,cboe:SKEW_History.csv
2021-04-16,138.33,cboe:SKEW_History.csv
2021-04-19,137.15,cboe:SKEW_History.csv
2021-04-20,134.87,cboe:SKEW_History.csv
2021-04-21,139.43,cboe:SKEW_History.csv
2021-04-22,138.09,cboe:SKEW_History.csv
2021-04-23,140.09,cboe:SKEW_History.csv
2021-04-26,139.09,cboe:SKEW_History.csv
2021-04-27,139.13,cboe:SKEW_History.csv
2021-04-28,139.37,cboe:SKEW_History.csv
2021-04-29,139.3,cboe:SKEW_History.csv
2021-04-30,146.32,cboe:SKEW_History.csv
2021-05-03,143.75,cboe:SKEW_History.csv
2021-05-04,139.23,cboe:SKEW_History.csv
2021-05-05,142.12,cboe:SKEW_History.csv
2021-05-06,144.47,cboe:SKEW_History.csv
2021-05-07,145.76,cboe:SKEW_History.csv
2021-05-10,142.72,cboe:SKEW_History.csv
2021-05-11,140.12,cboe:SKEW_History.csv
2021-05-12,142.6,cboe:SKEW_History.csv
2021-05-13,139.26,cboe:SKEW_History.csv
2021-05-14,139.05,cboe:SKEW_History.csv
2021-05-17,138.35,cboe:SKEW_History.csv
2021-05-18,139.46,cboe:SKEW_History.csv
2021-05-19,143.75,cboe:SKEW_History.csv
2021-05-20,142.96,cboe:SKEW_History.csv
2021-05-21,144.51,cboe:SKEW_History.csv
2021-05-24,144.64,cboe:SKEW_History.csv
2021-05-25,144.6,cboe:SKEW_History.csv
2021-05-26,149.82,cboe:SKEW_History.csv
2021-05-27,149.35,cboe:SKEW_History.csv
2021-05-28,155.31,cboe:SKEW_History.csv
2021-06-01,149.04,cboe:SKEW_History.csv
2021-06-02,148.59,cboe:SKEW_History.csv
2021-06-03,145.21,cboe:SKEW_History.csv
2021-06-04,147.76,cboe:SKEW_History.csv
2021-06-07,151.29,cboe:SKEW_History.csv
2021-06-08,150.7,cboe:SKEW_History.csv
2021-06-09,150.71,cboe:SKEW_History.csv
2021-06-10,154.81,cboe:SKEW_History.csv
2021-06-11,159.28,cboe:SKEW_History.csv
2021-06-14,160.64,cboe:SKEW_History.csv
2021-06-15,161.35,cboe:SKEW_History.csv
2021-06-16,155.97,cboe:SKEW_History.csv
2021-06-17,161.01,cboe:SKEW_History.csv
2021-06-18,150.78,cboe:SKEW_History.csv
2021-06-21,158.36,cboe:SKEW_History.csv
2021-06-22,160.51,cboe:SKEW_History.csv
2021-06-23,154.85,cboe:SKEW_History.csv
2021-06-24,161.04,cboe:SKEW_History.csv
2021-06-25,170.55,cboe:SKEW_History.csv
2021-06-28,162.09,cboe:SKEW_History.csv
2021-06-29,163.84,cboe:SKEW_History.csv
2021-06-30,161.85,cboe:SKEW_History.csv
2021-07-01,155.65,cboe:SKEW_History.csv
2021-07-02,157.94,cboe:SKEW_History.csv
2021-07-06,153.75,cboe:SKEW_History.csv
2021-07-07,152.15,cboe:SKEW_History.csv
2021-07-08,152.82,cboe:SKEW_History.csv
2021-07-09,155.7,cboe:SKEW_History.csv
2021-07-12,157.93,cboe:SKEW_History.csv
2021-07-13,154.4,cboe:SKEW_History.csv
2021-07-14,154.31,cboe:SKEW_History.csv
2021-07-15,154.15,cboe:SKEW_History.csv
2021-07-16,151.94,cboe:SKEW_History.csv
2021-07-19,155.74,cboe:SKEW_History.csv
2021-07-20,154.5,cboe:SKEW_History.csv
2021-07-21,155.34,cboe:SKEW_History.csv
2021-07-22,152.63,cboe:SKEW_History.csv
2021-07-23,159.44,cboe:SKEW_History.csv
2021-07-26,153.2,cboe:SKEW_History.csv
2021-07-27,151.04,cboe:SKEW_History.csv
2021-07-28,152.23,cboe:SKEW_History.csv
2021-07-29,149.96,cboe:SKEW_History.csv
2021-07-30,153.71,cboe:SKEW_History.csv
2021-08-02,153.3,cboe:SKEW_History.csv
2021-08-03,152.56,cboe:SKEW_History.csv
2021-08-04,151.4,cboe:SKEW_History.csv
2021-08-05,150.26,cboe:SKEW_History.csv
2021-08-06,150.96,cboe:SKEW_History.csv
2021-08-09,153.13,cboe:SKEW_History.csv
2021-08-10,153.33,cboe:SKEW_History.csv
2021-08-11,154.32,cboe:SKEW_History.csv
2021-08-12,157.18,cboe:SKEW_History.csv
2021-08-13,159.66,cboe:SKEW_History.csv
2021-08-16,152.54,cboe:SKEW_History.csv
2021-08-17,149.05,cboe:SKEW_History.csv
2021-08-18,148.54,cboe:SKEW_History.csv
2021-08-19,151.19,cboe:SKEW_History.csv
2021-08-20,153.51,cboe:SKEW_History.csv
2021-08-23,159.02,cboe:SKEW_History.csv
2021-08-24,157.13,cboe:SKEW_History.csv
2021-08-25,159.51,cboe:SKEW_History.csv
2021-08-26,157.25,cboe:SKEW_History.csv
2021-08-27,162.43,cboe:SKEW_History.csv
2021-08-30,157.99,cboe:SKEW_History.csv
2021-08-31,155.91,cboe:SKEW_History.csv
2021-09-01,154.75,cboe:SKEW_History.csv
2021-09-02,156.98,cboe:SKEW_History.csv
2021-09-03,162.27,cboe:SKEW_History.csv
2021-09-07,154.76,cboe:SKEW_History.csv
2021-09-08,153.39,cboe:SKEW_History.csv
2021-09-09,149.97,cboe:SKEW_History.csv
2021-09-10,151.16,cboe:SKEW_History.csv
2021-09-13,148.5,cboe:SKEW_History.csv
2021-09-14,146.73,cboe:SKEW_History.csv
2021-09-15,154.33,cboe:SKEW_History.csv
2021-09-16,152.88,cboe:SKEW_History.csv
2021-09-17,149.52,cboe:SKEW_History.csv
2021-09-20,141.57,cboe:SKEW_History.csv
2021-09-21,139.98,cboe:SKEW_History.csv
2021-09-22,144.12,cboe:SKEW_History.csv
2021-09-23,146.87,cboe:SKEW_History.csv
2021-09-24,145.67,cboe:SKEW_History.csv
2021-09-27,144.66,cboe:SKEW_History.csv
2021-09-28,140.08,cboe:SKEW_History.csv
2021-09-29,137.99,cboe:SKEW_History.csv
2021-09-30,135.55,cboe:SKEW_History.csv
2021-10-01,135.05,cboe:SKEW_History.csv
2021-10-04,130.87,cboe:SKEW_History.csv
2021-10-05,131.68,cboe:SKEW_History.csv
2021-10-06,131.51,cboe:SKEW_History.csv
2021-10-07,133.32,cboe:SKEW_History.csv
2021-10-08,134.46,cboe:SKEW_History.csv
2021-10-11,134.7,cboe:SKEW_History.csv
2021-10-12,134.1,cboe:SKEW_History.csv
2021-10-13,135.77,cboe:SKEW_History.csv
2021-10-14,143.78,cboe:SKEW_History.csv
2021-10-15,147.27,cboe:SKEW_History.csv
2021-10-18,143.77,cboe:SKEW_History.csv
2021-10-19,141.01,cboe:SKEW_History.csv
2021-10-20,141.23,cboe:SKEW_History.csv
2021-10-21,140.94,cboe:SKEW_History.csv
2021-10-22,139.34,cboe:SKEW_History.csv
2021-10-25,140.94,cboe:SKEW_History.csv
2021-10-26,141.3,cboe:SKEW_History.csv
2021-10-27,140.6,cboe:SKEW_History.csv
2021-10-28,144.73,cboe:SKEW_History.csv
2021-10-29,148.09,cboe:SKEW_History.csv
2021-11-01,145.81,cboe:SKEW_History.csv
2021-11-02,146.68,cboe:SKEW_History.csv
2021-11-03,149.77,cboe:SKEW_History.csv
2021-11-04,151.67,cboe:SKEW_History.csv
2021-11-05,148.83,cboe:SKEW_History.csv
2021-11-08,149.24,cboe:SKEW_History.csv
2021-11-09,144.09,cboe:SKEW_History.csv
2021-11-10,144.89,cboe:SKEW_History.csv
2021-11-11,144.03,cboe:SKEW_History.csv
2021-11-12,144.37,cboe:SKEW_History.csv
2021-11-15,142.38,cboe:SKEW_History.csv
2021-11-16,139.56,cboe:SKEW_History.csv
2021-11-17,141.96,cboe:SKEW_History.csv
2021-11-18,144.8,cboe:SKEW_History.csv
2021-11-19,148.44,cboe:SKEW_History.csv
2021-11-22,147.44,cboe:SKEW_History.csv
2021-11-23,146.99,cboe:SKEW_History.csv
2021-11-24,148.15,cboe:SKEW_History.csv
2021-11-26,148.27,cboe:SKEW_History.csv
2021-11-29,149.93,cboe:SKEW_History.csv
2021-11-30,150.55,cboe:SKEW_History.csv
2021-12-01,155.21,cboe:SKEW_History.csv
2021-12-02,151.38,cboe:SKEW_History.csv
2021-12-03,149.64,cboe:SKEW_History.csv
2021-12-06,151.64,cboe:SKEW_History.csv
2021-12-07,151.66,cboe:SKEW_History.csv
2021-12-08,151.2,cboe:SKEW_History.csv
2021-12-09,149.66,cboe:SKEW_History.csv
2021-12-10,147.34,cboe:SKEW_History.csv
2021-12-13,146.07,cboe:SKEW_History.csv
2021-12-14,137.76,cboe:SKEW_History.csv
2021-12-15,141.75,cboe:SKEW_History.csv
2021-12-16,140.29,cboe:SKEW_History.csv
2021-12-17,134.94,cboe:SKEW_History.csv
2021-12-20,131.71,cboe:SKEW_History.csv
2021-12-21,136.33,cboe:SKEW_History.csv
2021-12-22,142.04,cboe:SKEW_History.csv
2021-12-23,150.26,cboe:SKEW_History.csv
2021-12-27,151.87,cboe:SKEW_History.csv
2021-12-28,153.21,cboe:SKEW_History.csv
2021-12-29,156.24,cboe:SKEW_History.csv
2021-12-30,155.27,cboe:SKEW_History.csv
2021-12-31,154.38,cboe:SKEW_History.csv
2022-01-03,151.49,cboe:SKEW_History.csv
2022-01-04,150.36,cboe:SKEW_History.csv
2022-01-05,143.41,cboe:SKEW_History.csv
2022-01-06,140.77,cboe:SKEW_History.csv
2022-01-07,139.14,cboe:SKEW_History.csv
2022-01-10,139.24,cboe:SKEW_History.csv
2022-01-11,138.09,cboe:SKEW_History.csv
2022-01-12,135.73,cboe:SKEW_History.csv
2022-01-13,133.13,cboe:SKEW_History.csv
2022-01-14,133.85,cboe:SKEW_History.csv
2022-01-18,129.72,cboe:SKEW_History.csv
2022-01-19,134.73,cboe:SKEW_History.csv
2022-01-20,127.58,cboe:SKEW_History.csv
2022-01-21,136.18,cboe:SKEW_History.csv
2022-01-24,136.06,cboe:SKEW_History.csv
2022-01-25,133.9,cboe:SKEW_History.csv
2022-01-26,133.38,cboe:SKEW_History.csv
2022-01-27,132.22,cboe:SKEW_History.csv
2022-01-28,132.96,cboe:SKEW_History.csv
2022-01-31,131.44,cboe:SKEW_History.csv
2022-02-01,133.0,cboe:SKEW_History.csv
2022-02-02,132.05,cboe:SKEW_History.csv
2022-02-03,132.75,cboe:SKEW_History.csv
2022-02-04,129.29,cboe:SKEW_History.csv
2022-02-07,126.25,cboe:SKEW_History.csv
2022-02-08,127.72,cboe:SKEW_History.csv
2022-02-09,129.78,cboe:SKEW_History.csv
2022-02-10,128.11,cboe:SKEW_History.csv
2022-02-11,126.81,cboe:SKEW_History.csv
2022-02-14,128.12,cboe:SKEW_History.csv
2022-02-15,129.76,cboe:SKEW_History.csv
2022-02-16,132.75,cboe:SKEW_History.csv
2022-02-17,131.31,cboe:SKEW_History.csv
2022-02-18,128.36,cboe:SKEW_History.csv
2022-02-22,128.33,cboe:SKEW_History.csv
2022-02-23,126.88,cboe:SKEW_History.csv
2022-02-24,130.48,cboe:SKEW_History.csv
2022-02-25,132.51,cboe:SKEW_History.csv
2022-02-28,137.36,cboe:SKEW_History.csv
2022-03-01,134.42,cboe:SKEW_History.csv
2022-03-02,136.11,cboe:SKEW_History.csv
2022-03-03,133.28,cboe:SKEW_History.csv
2022-03-04,134.98,cboe:SKEW_History.csv
2022-03-07,136.69,cboe:SKEW_History.csv
2022-03-08,135.25,cboe:SKEW_History.csv
2022-03-09,134.12,cboe:SKEW_History.csv
2022-03-10,130.94,cboe:SKEW_History.csv
2022-03-11,130.7,cboe:SKEW_History.csv
2022-03-14,131.81,cboe:SKEW_History.csv
2022-03-15,130.66,cboe:SKEW_History.csv
2022-03-16,132.0,cboe:SKEW_History.csv
2022-03-17,134.93,cboe:SKEW_History.csv
2022-03-18,136.64,cboe:SKEW_History.csv
2022-03-21,135.73,cboe:SKEW_History.csv
2022-03-22,139.72,cboe:SKEW_History.csv
2022-03-23,136.71,cboe:SKEW_History.csv
2022-03-24,138.39,cboe:SKEW_History.csv
2022-03-25,140.26,cboe:SKEW_History.csv
2022-03-28,138.87,cboe:SKEW_History.csv
2022-03-29,140.0,cboe:SKEW_History.csv
2022-03-30,139.28,cboe:SKEW_History.csv
2022-03-31,140.73,cboe:SKEW_History.csv
2022-04-01,145.51,cboe:SKEW_History.csv
2022-04-04,146.48,cboe:SKEW_History.csv
2022-04-05,141.33,cboe:SKEW_History.csv
2022-04-06,144.27,cboe:SKEW_History.csv
2022-04-07,139.55,cboe:SKEW_History.csv
2022-04-08,141.51,cboe:SKEW_History.csv
2022-04-11,137.91,cboe:SKEW_History.csv
2022-04-12,137.62,cboe:SKEW_History.csv
2022-04-13,139.86,cboe:SKEW_History.csv
2022-04-14,134.39,cboe:SKEW_History.csv
2022-04-18,130.94,cboe:SKEW_History.csv
2022-04-19,130.94,cboe:SKEW_History.csv
2022-04-20,134.18,cboe:SKEW_History.csv
2022-04-21,132.72,cboe:SKEW_History.csv
2022-04-22,136.22,cboe:SKEW_History.csv
2022-04-25,133.42,cboe:SKEW_History.csv
2022-04-26,137.43,cboe:SKEW_History.csv
2022-04-27,138.09,cboe:SKEW_History.csv
2022-04-28,136.35,cboe:SKEW_History.csv
2022-04-29,136.69,cboe:SKEW_History.csv
2022-05-02,131.4,cboe:SKEW_History.csv
2022-05-03,129.0,cboe:SKEW_History.csv
2022-05-04,127.75,cboe:SKEW_History.csv
2022-05-05,128.65,cboe:SKEW_History.csv
2022-05-06,126.21,cboe:SKEW_History.csv
2022-05-09,127.05,cboe:SKEW_History.csv
2022-05-10,125.86,cboe:SKEW_History.csv
2022-05-11,124.51,cboe:SKEW_History.csv
2022-05-12,119.91,cboe:SKEW_History.csv
2022-05-13,122.09,cboe:SKEW_History.csv
2022-05-16,117.53,cboe:SKEW_History.csv
2022-05-17,117.68,cboe:SKEW_History.csv
2022-05-18,123.46,cboe:SKEW_History.csv
2022-05-19,122.66,cboe:SKEW_History.csv
2022-05-20,122.32,cboe:SKEW_History.csv
2022-05-23,120.55,cboe:SKEW_History.csv
2022-05-24,122.96,cboe:SKEW_History.csv
2022-05-25,118.85,cboe:SKEW_History.csv
2022-05-26,122.28,cboe:SKEW_History.csv
2022-05-27,121.25,cboe:SKEW_History.csv
2022-05-31,119.1,cboe:SKEW_History.csv
2022-06-01,119.3,cboe:SKEW_History.csv
2022-06-02,121.4,cboe:SKEW_History.csv
2022-06-03,122.25,cboe:SKEW_History.csv
2022-06-06,122.36,cboe:SKEW_History.csv
2022-06-07,120.66,cboe:SKEW_History.csv
2022-06-08,119.13,cboe:SKEW_History.csv
2022-06-09,120.66,cboe:SKEW_History.csv
2022-06-10,121.64,cboe:SKEW_History.csv
2022-06-13,124.14,cboe:SKEW_History.csv
2022-06-14,125.16,cboe:SKEW_History.csv
2022-06-15,118.36,cboe:SKEW_History.csv
2022-06-16,122.48,cboe:SKEW_History.csv
2022-06-17,121.15,cboe:SKEW_History.csv
2022-06-21,121.38,cboe:SKEW_History.csv
2022-06-22,119.22,cboe:SKEW_History.csv
2022-06-23,121.11,cboe:SKEW_History.csv
2022-06-24,120.43,cboe:SKEW_History.csv
2022-06-27,119.98,cboe:SKEW_History.csv
2022-06-28,120.46,cboe:SKEW_History.csv
2022-06-29,119.26,cboe:SKEW_History.csv
2022-06-30,119.94,cboe:SKEW_History.csv
2022-07-01,118.59,cboe:SKEW_History.csv
2022-07-05,118.19,cboe:SKEW_History.csv
2022-07-06,117.45,cboe:SKEW_History.csv
2022-07-07,118.76,cboe:SKEW_History.csv
2022-07-08,118.13,cboe:SKEW_History.csv
2022-07-11,119.8,cboe:SKEW_History.csv
2022-07-12,121.33,cboe:SKEW_History.csv
2022-07-13,120.41,cboe:SKEW_History.csv
2022-07-14,121.92,cboe:SKEW_History.csv
2022-07-15,122.48,cboe:SKEW_History.csv
2022-07-18,120.55,cboe:SKEW_History.csv
2022-07-19,120.04,cboe:SKEW_History.csv
2022-07-20,117.24,cboe:SKEW_History.csv
2022-07-21,118.71,cboe:SKEW_History.csv
2022-07-22,119.15,cboe:SKEW_History.csv
2022-07-25,119.46,cboe:SKEW_History.csv
2022-07-26,121.29,cboe:SKEW_History.csv
2022-07-27,121.92,cboe:SKEW_History.csv
2022-07-28,122.67,cboe:SKEW_History.csv
2022-07-29,122.29,cboe:SKEW_History.csv
2022-08-01,122.94,cboe:SKEW_History.csv
2022-08-02,121.78,cboe:SKEW_History.csv
2022-08-03,121.16,cboe:SKEW_History.csv
2022-08-04,122.81,cboe:SKEW_History.csv
2022-08-05,125.97,cboe:SKEW_History.csv
2022-08-08,123.69,cboe:SKEW_History.csv
2022-08-09,123.91,cboe:SKEW_History.csv
2022-08-10,125.04,cboe:SKEW_History.csv
2022-08-11,126.84,cboe:SKEW_History.csv
2022-08-12,129.34,cboe:SKEW_History.csv
2022-08-15,127.62,cboe:SKEW_History.csv
2022-08-16,126.09,cboe:SKEW_History.csv
2022-08-17,122.06,cboe:SKEW_History.csv
2022-08-18,124.22,cboe:SKEW_History.csv
2022-08-19,123.68,cboe:SKEW_History.csv
2022-08-22,123.93,cboe:SKEW_History.csv
2022-08-23,123.83,cboe:SKEW_History.csv
2022-08-24,122.78,cboe:SKEW_History.csv
2022-08-25,123.1,cboe:SKEW_History.csv
2022-08-26,124.57,cboe:SKEW_History.csv
2022-08-29,121.97,cboe:SKEW_History.csv
2022-08-30,121.01,cboe:SKEW_History.csv
2022-08-31,119.71,cboe:SKEW_History.csv
2022-09-01,120.74,cboe:SKEW_History.csv
2022-09-02,119.81,cboe:SKEW_History.csv
2022-09-06,119.84,cboe:SKEW_History.csv
2022-09-07,119.05,cboe:SKEW_History.csv
2022-09-08,119.08,cboe:SKEW_History.csv
2022-09-09,119.66,cboe:SKEW_History.csv
2022-09-12,121.06,cboe:SKEW_History.csv
2022-09-13,125.46,cboe:SKEW_History.csv
2022-09-14,120.19,cboe:SKEW_History.csv
2022-09-15,119.97,cboe:SKEW_History.csv
2022-09-16,117.71,cboe:SKEW_History.csv
2022-09-19,116.26,cboe:SKEW_History.csv
2022-09-20,116.69,cboe:SKEW_History.csv
2022-09-21,116.21,cboe:SKEW_History.csv
2022-09-22,115.86,cboe:SKEW_History.csv
2022-09-23,118.99,cboe:SKEW_History.csv
2022-09-26,120.01,cboe:SKEW_History.csv
2022-09-27,120.39,cboe:SKEW_History.csv
2022-09-28,120.38,cboe:SKEW_History.csv
2022-09-29,121.54,cboe:SKEW_History.csv
2022-09-30,123.59,cboe:SKEW_History.csv
2022-10-03,121.38,cboe:SKEW_History.csv
2022-10-04,122.46,cboe:SKEW_History.csv
2022-10-05,121.78,cboe:SKEW_History.csv
2022-10-06,122.44,cboe:SKEW_History.csv
2022-10-07,121.81,cboe:SKEW_History.csv
2022-10-10,120.07,cboe:SKEW_History.csv
2022-10-11,120.12,cboe:SKEW_History.csv
2022-10-12,119.99,cboe:SKEW_History.csv
2022-10-13,117.82,cboe:SKEW_History.csv
2022-10-14,119.3,cboe:SKEW_History.csv
2022-10-17,116.97,cboe:SKEW_History.csv
2022-10-18,116.88,cboe:SKEW_History.csv
2022-10-19,117.26,cboe:SKEW_History.csv
2022-10-20,117.41,cboe:SKEW_History.csv
2022-10-21,116.19,cboe:SKEW_History.csv
2022-10-24,114.97,cboe:SKEW_History.csv
2022-10-25,114.64,cboe:SKEW_History.csv
2022-10-26,113.86,cboe:SKEW_History.csv
2022-10-27,113.23,cboe:SKEW_History.csv
2022-10-28,112.06,cboe:SKEW_History.csv
2022-10-31,111.96,cboe:SKEW_History.csv
2022-11-01,111.44,cboe:SKEW_History.csv
2022-11-02,111.99,cboe:SKEW_History.csv
2022-11-03,110.34,cboe:SKEW_History.csv
2022-11-04,111.62,cboe:SKEW_History.csv
2022-11-07,111.67,cboe:SKEW_History.csv
2022-11-08,113.55,cboe:SKEW_History.csv
2022-11-09,114.36,cboe:SKEW_History.csv
2022-11-10,111.42,cboe:SKEW_History.csv
2022-11-11,114.09,cboe:SKEW_History.csv
2022-11-14,113.67,cboe:SKEW_History.csv
2022-11-15,115.94,cboe:SKEW_History.csv
2022-11-16,115.56,cboe:SKEW_History.csv
2022-11-17,115.24,cboe:SKEW_History.csv
2022-11-18,114.97,cboe:SKEW_History.csv
2022-11-21,114.52,cboe:SKEW_History.csv
2022-11-22,116.24,cboe:SKEW_History.csv
2022-11-23,118.65,cboe:SKEW_History.csv
2022-11-25,128.11,cboe:SKEW_History.csv
2022-11-28,118.47,cboe:SKEW_History.csv
2022-11-29,120.38,cboe:SKEW_History.csv
2022-11-30,118.47,cboe:SKEW_History.csv
2022-12-01,117.79,cboe:SKEW_History.csv
2022-12-02,118.11,cboe:SKEW_History.csv
2022-12-05,117.75,cboe:SKEW_History.csv
2022-12-06,117.11,cboe:SKEW_History.csv
2022-12-07,117.81,cboe:SKEW_History.csv
2022-12-08,117.54,cboe:SKEW_History.csv
2022-12-09,119.24,cboe:SKEW_History.csv
2022-12-12,121.86,cboe:SKEW_History.csv
2022-12-13,122.73,cboe:SKEW_History.csv
2022-12-14,124.23,cboe:SKEW_History.csv
2022-12-15,124.49,cboe:SKEW_History.csv
2022-12-16,120.04,cboe:SKEW_History.csv
2022-12-19,117.09,cboe:SKEW_History.csv
2022-12-20,115.57,cboe:SKEW_History.csv
2022-12-21,114.25,cboe:SKEW_History.csv
2022-12-22,114.42,cboe:SKEW_History.csv
2022-12-23,114.57,cboe:SKEW_History.csv
2022-12-27,113.44,cboe:SKEW_History.csv
2022-12-28,112.03,cboe:SKEW_History.csv
2022-12-29,113.27,cboe:SKEW_History.csv
2022-12-30,113.57,cboe:SKEW_History.csv
2023-01-03,112.74,cboe:SKEW_History.csv
2023-01-04,112.14,cboe:SKEW_History.csv
2023-01-05,112.67,cboe:SKEW_History.csv
2023-01-06,113.86,cboe:SKEW_History.csv
2023-01-09,114.42,cboe:SKEW_History.csv
2023-01-10,114.65,cboe:SKEW_History.csv
2023-01-11,115.1,cboe:SKEW_History.csv
2023-01-12,117.39,cboe:SKEW_History.csv
2023-01-13,121.7,cboe:SKEW_History.csv
2023-01-17,120.01,cboe:SKEW_History.csv
2023-01-18,119.91,cboe:SKEW_History.csv
2023-01-19,121.23,cboe:SKEW_History.csv
2023-01-20,120.19,cboe:SKEW_History.csv
2023-01-23,120.91,cboe:SKEW_History.csv
2023-01-24,121.34,cboe:SKEW_History.csv
2023-01-25,121.04,cboe:SKEW_History.csv
2023-01-26,121.49,cboe:SKEW_History.csv
2023-01-27,121.97,cboe:SKEW_History.csv
2023-01-30,120.69,cboe:SKEW_History.csv
2023-01-31,123.29,cboe:SKEW_History.csv
2023-02-01,122.19,cboe:SKEW_History.csv
2023-02-02,123.88,cboe:SKEW_History.csv
2023-02-03,123.08,cboe:SKEW_History.csv
2023-02-06,123.01,cboe:SKEW_History.csv
2023-02-07,123.36,cboe:SKEW_History.csv
2023-02-08,121.52,cboe:SKEW_History.csv
2023-02-09,120.58,cboe:SKEW_History.csv
2023-02-10,120.88,cboe:SKEW_History.csv
2023-02-13,122.48,cboe:SKEW_History.csv
2023-02-14,121.27,cboe:SKEW_History.csv
2023-02-15,121.36,cboe:SKEW_History.csv
2023-02-16,123.09,cboe:SKEW_History.csv
2023-02-17,122.89,cboe:SKEW_History.csv
2023-02-21,124.09,cboe:SKEW_History.csv
2023-02-22,122.81,cboe:SKEW_History.csv
2023-02-23,121.85,cboe:SKEW_History.csv
2023-02-24,121.22,cboe:SKEW_History.csv
2023-02-27,120.54,cboe:SKEW_History.csv
2023-02-28,120.01,cboe:SKEW_History.csv
2023-03-01,118.89,cboe:SKEW_History.csv
2023-03-02,117.58,cboe:SKEW_History.csv
2023-03-03,118.14,cboe:SKEW_History.csv
2023-03-06,120.19,cboe:SKEW_History.csv
2023-03-07,120.56,cboe:SKEW_History.csv
2023-03-08,119.32,cboe:SKEW_History.csv
2023-03-09,122.22,cboe:SKEW_History.csv
2023-03-10,130.27,cboe:SKEW_History.csv
2023-03-13,132.14,cboe:SKEW_History.csv
2023-03-14,132.72,cboe:SKEW_History.csv
2023-03-15,136.62,cboe:SKEW_History.csv
2023-03-16,134.53,cboe:SKEW_History.csv
2023-03-17,131.34,cboe:SKEW_History.csv
2023-03-20,129.91,cboe:SKEW_History.csv
2023-03-21,127.46,cboe:SKEW_History.csv
2023-03-22,123.16,cboe:SKEW_History.csv
2023-03-23,125.5,cboe:SKEW_History.csv
2023-03-24,126.88,cboe:SKEW_History.csv
2023-03-27,126.0,cboe:SKEW_History.csv
2023-03-28,122.9,cboe:SKEW_History.csv
2023-03-29,123.76,cboe:SKEW_History.csv
2023-03-30,126.31,cboe:SKEW_History.csv
2023-03-31,125.85,cboe:SKEW_History.csv
2023-04-03,126.21,cboe:SKEW_History.csv
2023-04-04,127.03,cboe:SKEW_History.csv
2023-04-05,126.98,cboe:SKEW_History.csv
2023-04-06,124.42,cboe:SKEW_History.csv
2023-04-10,126.96,cboe:SKEW_History.csv
2023-04-11,127.42,cboe:SKEW_History.csv
2023-04-12,130.0,cboe:SKEW_History.csv
2023-04-13,132.36,cboe:SKEW_History.csv
2023-04-14,134.65,cboe:SKEW_History.csv
2023-04-17,135.04,cboe:SKEW_History.csv
2023-04-18,137.12,cboe:SKEW_History.csv
2023-04-19,130.48,cboe:SKEW_History.csv
2023-04-20,133.49,cboe:SKEW_History.csv
2023-04-21,132.94,cboe:SKEW_History.csv
2023-04-24,132.4,cboe:SKEW_History.csv
2023-04-25,130.29,cboe:SKEW_History.csv
2023-04-26,130.5,cboe:SKEW_History.csv
2023-04-27,136.6,cboe:SKEW_History.csv
2023-04-28,138.44,cboe:SKEW_History.csv
2023-05-01,135.66,cboe:SKEW_History.csv
2023-05-02,131.09,cboe:SKEW_History.csv
2023-05-03,130.41,cboe:SKEW_History.csv
2023-05-04,130.54,cboe:SKEW_History.csv
2023-05-05,134.32,cboe:SKEW_History.csv
2023-05-08,132.32,cboe:SKEW_History.csv
2023-05-09,133.88,cboe:SKEW_History.csv
2023-05-10,138.63,cboe:SKEW_History.csv
2023-05-11,138.18,cboe:SKEW_History.csv
2023-05-12,140.26,cboe:SKEW_History.csv
2023-05-15,138.57,cboe:SKEW_History.csv
2023-05-16,137.32,cboe:SKEW_History.csv
2023-05-17,137.53,cboe:SKEW_History.csv
2023-05-18,138.06,cboe:SKEW_History.csv
2023-05-19,135.52,cboe:SKEW_History.csv
2023-05-22,136.24,cboe:SKEW_History.csv
2023-05-23,136.42,cboe:SKEW_History.csv
2023-05-24,138.37,cboe:SKEW_History.csv
2023-05-25,140.73,cboe:SKEW_History.csv
2023-05-26,146.46,cboe:SKEW_History.csv
2023-05-30,145.14,cboe:SKEW_History.csv
2023-05-31,158.3,cboe:SKEW_History.csv
2023-06-01,151.98,cboe:SKEW_History.csv
2023-06-02,142.61,cboe:SKEW_History.csv
2023-06-05,143.18,cboe:SKEW_History.csv
2023-06-06,146.27,cboe:SKEW_History.csv
2023-06-07,151.01,cboe:SKEW_History.csv
2023-06-08,155.53,cboe:SKEW_History.csv
2023-06-09,152.78,cboe:SKEW_History.csv
2023-06-12,157.71,cboe:SKEW_History.csv
2023-06-13,156.44,cboe:SKEW_History.csv
2023-06-14,150.37,cboe:SKEW_History.csv
2023-06-15,147.86,cboe:SKEW_History.csv
2023-06-16,143.07,cboe:SKEW_History.csv
2023-06-20,138.75,cboe:SKEW_History.csv
2023-06-21,133.72,cboe:SKEW_History.csv
2023-06-22,136.15,cboe:SKEW_History.csv
2023-06-23,137.85,cboe:SKEW_History.csv
2023-06-26,140.09,cboe:SKEW_History.csv
2023-06-27,140.56,cboe:SKEW_History.csv
2023-06-28,138.37,cboe:SKEW_History.csv
2023-06-29,143.05,cboe:SKEW_History.csv
2023-06-30,149.96,cboe:SKEW_History.csv
2023-07-03,145.24,cboe:SKEW_History.csv
2023-07-05,144.08,cboe:SKEW_History.csv
2023-07-06,148.45,cboe:SKEW_History.csv
2023-07-07,148.13,cboe:SKEW_History.csv
2023-07-10,142.49,cboe:SKEW_History.csv
2023-07-11,143.99,cboe:SKEW_History.csv
2023-07-12,148.32,cboe:SKEW_History.csv
2023-07-13,147.08,cboe:SKEW_History.csv
2023-07-14,149.48,cboe:SKEW_History.csv
2023-07-17,142.24,cboe:SKEW_History.csv
2023-07-18,141.86,cboe:SKEW_History.csv
2023-07-19,141.25,cboe:SKEW_History.csv
2023-07-20,142.82,cboe:SKEW_History.csv
2023-07-21,142.55,cboe:SKEW_History.csv
2023-07-24,143.75,cboe:SKEW_History.csv
2023-07-25,142.18,cboe:SKEW_History.csv
2023-07-26,143.58,cboe:SKEW_History.csv
2023-07-27,147.93,cboe:SKEW_History.csv
2023-07-28,143.48,cboe:SKEW_History.csv
2023-07-31,145.47,cboe:SKEW_History.csv
2023-08-01,142.57,cboe:SKEW_History.csv
2023-08-02,145.75,cboe:SKEW_History.csv
2023-08-03,147.38,cboe:SKEW_History.csv
2023-08-04,153.35,cboe:SKEW_History.csv
2023-08-07,148.54,cboe:SKEW_History.csv
2023-08-08,142.3,cboe:SKEW_History.csv
2023-08-09,137.12,cboe:SKEW_History.csv
2023-08-10,136.58,cboe:SKEW_History.csv
2023-08-11,135.16,cboe:SKEW_History.csv
2023-08-14,136.9,cboe:SKEW_History.csv
2023-08-15,136.69,cboe:SKEW_History.csv
2023-08-16,132.09,cboe:SKEW_History.csv
2023-08-17,132.51,cboe:SKEW_History.csv
2023-08-18,134.77,cboe:SKEW_History.csv
2023-08-21,133.59,cboe:SKEW_History.csv
2023-08-22,134.06,cboe:SKEW_History.csv
2023-08-23,131.82,cboe:SKEW_History.csv
2023-08-24,132.48,cboe:SKEW_History.csv
2023-08-25,132.27,cboe:SKEW_History.csv
2023-08-28,130.19,cboe:SKEW_History.csv
2023-08-29,135.23,cboe:SKEW_History.csv
2023-08-30,142.14,cboe:SKEW_History.csv
2023-08-31,144.7,cboe:SKEW_History.csv
2023-09-01,144.28,cboe:SKEW_History.csv
2023-09-05,139.62,cboe:SKEW_History.csv
2023-09-06,137.88,cboe:SKEW_History.csv
2023-09-07,135.59,cboe:SKEW_History.csv
2023-09-08,138.18,cboe:SKEW_History.csv
2023-09-11,138.21,cboe:SKEW_History.csv
2023-09-12,136.25,cboe:SKEW_History.csv
2023-09-13,137.42,cboe:SKEW_History.csv
2023-09-14,144.32,cboe:SKEW_History.csv
2023-09-15,142.92,cboe:SKEW_History.csv
2023-09-18,137.65,cboe:SKEW_History.csv
2023-09-19,137.31,cboe:SKEW_History.csv
2023-09-20,135.74,cboe:SKEW_History.csv
2023-09-21,135.94,cboe:SKEW_History.csv
2023-09-22,137.74,cboe:SKEW_History.csv
2023-09-25,133.06,cboe:SKEW_History.csv
2023-09-26,136.3,cboe:SKEW_History.csv
2023-09-27,135.38,cboe:SKEW_History.csv
2023-09-28,133.48,cboe:SKEW_History.csv
2023-09-29,134.5,cboe:SKEW_History.csv
2023-10-02,129.17,cboe:SKEW_History.csv
2023-10-03,129.78,cboe:SKEW_History.csv
2023-10-04,130.68,cboe:SKEW_History.csv
2023-10-05,129.75,cboe:SKEW_History.csv
2023-10-06,129.36,cboe:SKEW_History.csv
2023-10-09,133.64,cboe:SKEW_History.csv
2023-10-10,135.17,cboe:SKEW_History.csv
2023-10-11,137.61,cboe:SKEW_History.csv
2023-10-12,136.13,cboe:SKEW_History.csv
2023-10-13,144.3,cboe:SKEW_History.csv
2023-10-16,137.95,cboe:SKEW_History.csv
2023-10-17,138.72,cboe:SKEW_History.csv
2023-10-18,137.1,cboe:SKEW_History.csv
2023-10-19,137.73,cboe:SKEW_History.csv
2023-10-20,136.74,cboe:SKEW_History.csv
2023-10-23,133.92,cboe:SKEW_History.csv
2023-10-24,132.44,cboe:SKEW_History.csv
2023-10-25,132.29,cboe:SKEW_History.csv
2023-10-26,133.38,cboe:SKEW_History.csv
2023-10-27,132.74,cboe:SKEW_History.csv
2023-10-30,130.13,cboe:SKEW_History.csv
2023-10-31,128.21,cboe:SKEW_History.csv
2023-11-01,129.82,cboe:SKEW_History.csv
2023-11-02,133.8,cboe:SKEW_History.csv
2023-11-03,140.09,cboe:SKEW_History.csv
2023-11-06,137.89,cboe:SKEW_History.csv
2023-11-07,139.52,cboe:SKEW_History.csv
2023-11-08,139.41,cboe:SKEW_History.csv
2023-11-09,139.28,cboe:SKEW_History.csv
2023-11-10,139.81,cboe:SKEW_History.csv
2023-11-13,135.27,cboe:SKEW_History.csv
2023-11-14,138.38,cboe:SKEW_History.csv
2023-11-15,142.98,cboe:SKEW_History.csv
2023-11-16,154.45,cboe:SKEW_History.csv
2023-11-17,146.88,cboe:SKEW_History.csv
2023-11-20,143.78,cboe:SKEW_History.csv
2023-11-21,140.8,cboe:SKEW_History.csv
2023-11-22,141.55,cboe:SKEW_History.csv
2023-11-24,144.54,cboe:SKEW_History.csv
2023-11-27,142.2,cboe:SKEW_History.csv
2023-11-28,142.68,cboe:SKEW_History.csv
2023-11-29,139.82,cboe:SKEW_History.csv
2023-11-30,140.91,cboe:SKEW_History.csv
2023-12-01,138.04,cboe:SKEW_History.csv
2023-12-04,136.04,cboe:SKEW_History.csv
2023-12-05,134.76,cboe:SKEW_History.csv
2023-12-06,132.5,cboe:SKEW_History.csv
2023-12-07,130.84,cboe:SKEW_History.csv
2023-12-08,134.1,cboe:SKEW_History.csv
2023-12-11,140.9,cboe:SKEW_History.csv
2023-12-12,148.83,cboe:SKEW_History.csv
2023-12-13,152.02,cboe:SKEW_History.csv
2023-12-14,162.51,cboe:SKEW_History.csv
2023-12-15,153.26,cboe:SKEW_History.csv
2023-12-18,139.36,cboe:SKEW_History.csv
2023-12-19,133.18,cboe:SKEW_History.csv
2023-12-20,136.86,cboe:SKEW_History.csv
2023-12-21,138.18,cboe:SKEW_History.csv
2023-12-22,134.46,cboe:SKEW_History.csv
2023-12-26,135.69,cboe:SKEW_History.csv
2023-12-27,135.64,cboe:SKEW_History.csv
2023-12-28,136.9,cboe:SKEW_History.csv
2023-12-29,138.05,cboe:SKEW_History.csv
2024-01-02,134.8,cboe:SKEW_History.csv
2024-01-03,134.23,cboe:SKEW_History.csv
2024-01-04,136.6,cboe:SKEW_History.csv
2024-01-05,132.68,cboe:SKEW_History.csv
2024-01-08,137.05,cboe:SKEW_History.csv
2024-01-09,140.95,cboe:SKEW_History.csv
2024-01-10,137.4,cboe:SKEW_History.csv
2024-01-11,140.36,cboe:SKEW_History.csv
2024-01-12,143.81,cboe:SKEW_History.csv
2024-01-16,139.94,cboe:SKEW_History.csv
2024-01-17,147.76,cboe:SKEW_History.csv
2024-01-18,148.15,cboe:SKEW_History.csv
2024-01-19,147.76,cboe:SKEW_History.csv
2024-01-22,146.01,cboe:SKEW_History.csv
2024-01-23,148.12,cboe:SKEW_History.csv
2024-01-24,150.25,cboe:SKEW_History.csv
2024-01-25,153.05,cboe:SKEW_History.csv
2024-01-26,151.36,cboe:SKEW_History.csv
2024-01-29,149.03,cboe:SKEW_History.csv
2024-01-30,148.73,cboe:SKEW_History.csv
2024-01-31,150.21,cboe:SKEW_History.csv
2024-02-01,160.08,cboe:SKEW_History.csv
2024-02-02,160.02,cboe:SKEW_History.csv
2024-02-05,155.49,cboe:SKEW_History.csv
2024-02-06,152.82,cboe:SKEW_History.csv
2024-02-07,151.41,cboe:SKEW_History.csv
2024-02-08,150.36,cboe:SKEW_History.csv
2024-02-09,156.62,cboe:SKEW_History.csv
2024-02-12,152.8,cboe:SKEW_History.csv
2024-02-13,170.52,cboe:SKEW_History.csv
2024-02-14,160.4,cboe:SKEW_History.csv
2024-02-15,148.9,cboe:SKEW_History.csv
2024-02-16,142.62,cboe:SKEW_History.csv
2024-02-20,141.45,cboe:SKEW_History.csv
2024-02-21,142.72,cboe:SKEW_History.csv
2024-02-22,145.91,cboe:SKEW_History.csv
2024-02-23,144.0,cboe:SKEW_History.csv
2024-02-26,143.6,cboe:SKEW_History.csv
2024-02-27,147.29,cboe:SKEW_History.csv
2024-02-28,149.09,cboe:SKEW_History.csv
2024-02-29,149.83,cboe:SKEW_History.csv
2024-03-01,150.42,cboe:SKEW_History.csv
2024-03-04,145.94,cboe:SKEW_History.csv
2024-03-05,144.9,cboe:SKEW_History.csv
2024-03-06,143.64,cboe:SKEW_History.csv
2024-03-07,142.94,cboe:SKEW_History.csv
2024-03-08,141.18,cboe:SKEW_History.csv
2024-03-11,142.27,cboe:SKEW_History.csv
2024-03-12,142.23,cboe:SKEW_History.csv
2024-03-13,144.17,cboe:SKEW_History.csv
2024-03-14,143.95,cboe:SKEW_History.csv
2024-03-15,138.91,cboe:SKEW_History.csv
2024-03-18,139.97,cboe:SKEW_History.csv
2024-03-19,141.61,cboe:SKEW_History.csv
2024-03-20,141.19,cboe:SKEW_History.csv
2024-03-21,154.0,cboe:SKEW_History.csv
2024-03-22,155.84,cboe:SKEW_History.csv
2024-03-25,151.6,cboe:SKEW_History.csv
2024-03-26,157.6,cboe:SKEW_History.csv
2024-03-27,157.11,cboe:SKEW_History.csv
2024-03-28,155.44,cboe:SKEW_History.csv
2024-04-01,146.33,cboe:SKEW_History.csv
2024-04-02,142.14,cboe:SKEW_History.csv
2024-04-03,138.52,cboe:SKEW_History.csv
2024-04-04,142.49,cboe:SKEW_History.csv
2024-04-05,142.64,cboe:SKEW_History.csv
2024-04-08,140.63,cboe:SKEW_History.csv
2024-04-09,139.28,cboe:SKEW_History.csv
2024-04-10,139.94,cboe:SKEW_History.csv
2024-04-11,136.16,cboe:SKEW_History.csv
2024-04-12,142.31,cboe:SKEW_History.csv
2024-04-15,137.72,cboe:SKEW_History.csv
2024-04-16,135.6,cboe:SKEW_History.csv
2024-04-17,134.38,cboe:SKEW_History.csv
2024-04-18,131.8,cboe:SKEW_History.csv
2024-04-19,133.4,cboe:SKEW_History.csv
2024-04-22,131.68,cboe:SKEW_History.csv
2024-04-23,135.61,cboe:SKEW_History.csv
2024-04-24,135.06,cboe:SKEW_History.csv
2024-04-25,134.08,cboe:SKEW_History.csv
2024-04-26,140.86,cboe:SKEW_History.csv
2024-04-29,138.3,cboe:SKEW_History.csv
2024-04-30,132.4,cboe:SKEW_History.csv
2024-05-01,133.35,cboe:SKEW_History.csv
2024-05-02,132.12,cboe:SKEW_History.csv
2024-05-03,135.18,cboe:SKEW_History.csv
2024-05-06,130.08,cboe:SKEW_History.csv
2024-05-07,133.64,cboe:SKEW_History.csv
2024-05-08,133.24,cboe:SKEW_History.csv
2024-05-09,136.46,cboe:SKEW_History.csv
2024-05-10,137.3,cboe:SKEW_History.csv
2024-05-13,139.65,cboe:SKEW_History.csv
2024-05-14,140.18,cboe:SKEW_History.csv
2024-05-15,140.64,cboe:SKEW_History.csv
2024-05-16,147.85,cboe:SKEW_History.csv
2024-05-17,143.05,cboe:SKEW_History.csv
2024-05-20,144.54,cboe:SKEW_History.csv
2024-05-21,149.52,cboe:SKEW_History.csv
2024-05-22,150.14,cboe:SKEW_History.csv
2024-05-23,153.33,cboe:SKEW_History.csv
2024-05-24,155.86,cboe:SKEW_History.csv
2024-05-28,152.23,cboe:SKEW_History.csv
2024-05-29,151.8,cboe:SKEW_History.csv
2024-05-30,146.61,cboe:SKEW_History.csv
2024-05-31,148.1,cboe:SKEW_History.csv
2024-06-03,139.01,cboe:SKEW_History.csv
2024-06-04,138.18,cboe:SKEW_History.csv
2024-06-05,141.4,cboe:SKEW_History.csv
2024-06-06,140.18,cboe:SKEW_History.csv
2024-06-07,139.61,cboe:SKEW_History.csv
2024-06-10,141.56,cboe:SKEW_History.csv
2024-06-11,144.7,cboe:SKEW_History.csv
2024-06-12,150.66,cboe:SKEW_History.csv
2024-06-13,162.25,cboe:SKEW_History.csv
2024-06-14,156.18,cboe:SKEW_History.csv
2024-06-17,153.84,cboe:SKEW_History.csv
2024-06-18,142.9,cboe:SKEW_History.csv
2024-06-20,148.6,cboe:SKEW_History.csv
2024-06-21,151.79,cboe:SKEW_History.csv
2024-06-24,147.13,cboe:SKEW_History.csv
2024-06-25,146.64,cboe:SKEW_History.csv
2024-06-26,143.49,cboe:SKEW_History.csv
2024-06-27,143.06,cboe:SKEW_History.csv
2024-06-28,141.79,cboe:SKEW_History.csv
2024-07-01,145.82,cboe:SKEW_History.csv
2024-07-02,147.16,cboe:SKEW_History.csv
2024-07-03,148.83,cboe:SKEW_History.csv
2024-07-05,150.2,cboe:SKEW_History.csv
2024-07-08,148.53,cboe:SKEW_History.csv
2024-07-09,151.09,cboe:SKEW_History.csv
2024-07-10,156.96,cboe:SKEW_History.csv
2024-07-11,152.23,cboe:SKEW_History.csv
2024-07-12,150.86,cboe:SKEW_History.csv
2024-07-15,147.4,cboe:SKEW_History.csv
2024-07-16,151.53,cboe:SKEW_History.csv
2024-07-17,146.39,cboe:SKEW_History.csv
2024-07-18,151.12,cboe:SKEW_History.csv
2024-07-19,146.99,cboe:SKEW_History.csv
2024-07-22,141.38,cboe:SKEW_History.csv
2024-07-23,137.0,cboe:SKEW_History.csv
2024-07-24,136.84,cboe:SKEW_History.csv
2024-07-25,134.17,cboe:SKEW_History.csv
2024-07-26,131.73,cboe:SKEW_History.csv
2024-07-29,128.93,cboe:SKEW_History.csv
2024-07-30,127.31,cboe:SKEW_History.csv
2024-07-31,136.69,cboe:SKEW_History.csv
2024-08-01,132.23,cboe:SKEW_History.csv
2024-08-02,139.65,cboe:SKEW_History.csv
2024-08-05,145.3,cboe:SKEW_History.csv
2024-08-06,145.43,cboe:SKEW_History.csv
2024-08-07,146.36,cboe:SKEW_History.csv
2024-08-08,147.37,cboe:SKEW_History.csv
2024-08-09,144.52,cboe:SKEW_History.csv
2024-08-12,140.82,cboe:SKEW_History.csv
2024-08-13,143.87,cboe:SKEW_History.csv
2024-08-14,141.82,cboe:SKEW_History.csv
2024-08-15,143.56,cboe:SKEW_History.csv
2024-08-16,142.55,cboe:SKEW_History.csv
2024-08-19,141.5,cboe:SKEW_History.csv
2024-08-20,146.26,cboe:SKEW_History.csv
2024-08-21,149.67,cboe:SKEW_History.csv
2024-08-22,154.16,cboe:SKEW_History.csv
2024-08-23,153.95,cboe:SKEW_History.csv
2024-08-26,151.5,cboe:SKEW_History.csv
2024-08-27,151.83,cboe:SKEW_History.csv
2024-08-28,151.68,cboe:SKEW_History.csv
2024-08-29,153.01,cboe:SKEW_History.csv
2024-08-30,159.0,cboe:SKEW_History.csv
2024-09-03,163.6,cboe:SKEW_History.csv
2024-09-04,160.9,cboe:SKEW_History.csv
2024-09-05,156.71,cboe:SKEW_History.csv
2024-09-06,148.98,cboe:SKEW_History.csv
2024-09-09,140.33,cboe:SKEW_History.csv
2024-09-10,139.75,cboe:SKEW_History.csv
2024-09-11,139.73,cboe:SKEW_History.csv
2024-09-12,145.88,cboe:SKEW_History.csv
2024-09-13,149.99,cboe:SKEW_History.csv
2024-09-16,152.17,cboe:SKEW_History.csv
2024-09-17,157.54,cboe:SKEW_History.csv
2024-09-18,167.42,cboe:SKEW_History.csv
2024-09-19,171.72,cboe:SKEW_History.csv
2024-09-20,165.75,cboe:SKEW_History.csv
2024-09-23,165.6,cboe:SKEW_History.csv
2024-09-24,162.41,cboe:SKEW_History.csv
2024-09-25,160.48,cboe:SKEW_History.csv
2024-09-26,158.67,cboe:SKEW_History.csv
2024-09-27,160.99,cboe:SKEW_History.csv
2024-09-30,154.3,cboe:SKEW_History.csv
2024-10-01,158.59,cboe:SKEW_History.csv
2024-10-02,161.5,cboe:SKEW_History.csv
2024-10-03,162.78,cboe:SKEW_History.csv
2024-10-04,156.43,cboe:SKEW_History.csv
2024-10-07,155.57,cboe:SKEW_History.csv
2024-10-08,156.28,cboe:SKEW_History.csv
2024-10-09,156.93,cboe:SKEW_History.csv
2024-10-10,154.09,cboe:SKEW_History.csv
2024-10-11,159.43,cboe:SKEW_History.csv
2024-10-14,153.08,cboe:SKEW_History.csv
2024-10-15,159.69,cboe:SKEW_History.csv
2024-10-16,161.85,cboe:SKEW_History.csv
2024-10-17,165.82,cboe:SKEW_History.csv
2024-10-18,155.55,cboe:SKEW_History.csv
2024-10-21,150.97,cboe:SKEW_History.csv
2024-10-22,146.8,cboe:SKEW_History.csv
2024-10-23,146.97,cboe:SKEW_History.csv
2024-10-24,144.71,cboe:SKEW_History.csv
2024-10-25,148.91,cboe:SKEW_History.csv
2024-10-28,148.46,cboe:SKEW_History.csv
2024-10-29,150.74,cboe:SKEW_History.csv
2024-10-30,153.45,cboe:SKEW_History.csv
2024-10-31,152.07,cboe:SKEW_History.csv
2024-11-01,146.66,cboe:SKEW_History.csv
2024-11-04,148.95,cboe:SKEW_History.csv
2024-11-05,152.68,cboe:SKEW_History.csv
2024-11-06,148.11,cboe:SKEW_History.csv
2024-11-07,152.12,cboe:SKEW_History.csv
2024-11-08,150.34,cboe:SKEW_History.csv
2024-11-11,140.32,cboe:SKEW_History.csv
2024-11-12,141.5,cboe:SKEW_History.csv
2024-11-13,142.92,cboe:SKEW_History.csv
2024-11-14,147.98,cboe:SKEW_History.csv
2024-11-15,149.55,cboe:SKEW_History.csv
2024-11-18,147.33,cboe:SKEW_History.csv
2024-11-19,149.46,cboe:SKEW_History.csv
2024-11-20,153.0,cboe:SKEW_History.csv
2024-11-21,155.72,cboe:SKEW_History.csv
2024-11-22,161.64,cboe:SKEW_History.csv
2024-11-25,167.28,cboe:SKEW_History.csv
2024-11-26,166.23,cboe:SKEW_History.csv
2024-11-27,167.94,cboe:SKEW_History.csv
2024-11-29,167.94000244140625,yahoo:^SKEW
2024-12-02,170.65,cboe:SKEW_History.csv
2024-12-03,170.23,cboe:SKEW_History.csv
2024-12-04,172.45,cboe:SKEW_History.csv
2024-12-05,173.93,cboe:SKEW_History.csv
2024-12-06,168.05,cboe:SKEW_History.csv
2024-12-09,163.14,cboe:SKEW_History.csv
2024-12-10,165.12,cboe:SKEW_History.csv
2024-12-11,169.06,cboe:SKEW_History.csv
2024-12-12,167.43,cboe:SKEW_History.csv
2024-12-13,169.91,cboe:SKEW_History.csv
2024-12-16,166.79,cboe:SKEW_History.csv
2024-12-17,173.04,cboe:SKEW_History.csv
2024-12-18,168.92,cboe:SKEW_History.csv
2024-12-19,163.1,cboe:SKEW_History.csv
2024-12-20,161.21,cboe:SKEW_History.csv
2024-12-23,170.65,cboe:SKEW_History.csv
2024-12-24,180.09,cboe:SKEW_History.csv
2024-12-26,173.72,cboe:SKEW_History.csv
2024-12-27,167.92,cboe:SKEW_History.csv
2024-12-30,161.08,cboe:SKEW_History.csv
2024-12-31,169.16,cboe:SKEW_History.csv
2025-01-02,157.2,cboe:SKEW_History.csv
2025-01-03,157.32,cboe:SKEW_History.csv
2025-01-06,152.64,cboe:SKEW_History.csv
2025-01-07,155.1,cboe:SKEW_History.csv
2025-01-08,154.34,cboe:SKEW_History.csv
2025-01-10,151.45,cboe:SKEW_History.csv
2025-01-13,170.55,cboe:SKEW_History.csv
2025-01-14,167.64,cboe:SKEW_History.csv
2025-01-15,163.54,cboe:SKEW_History.csv
2025-01-16,167.41,cboe:SKEW_History.csv
2025-01-17,165.35,cboe:SKEW_History.csv
2025-01-21,173.0,cboe:SKEW_History.csv
2025-01-22,179.98,cboe:SKEW_History.csv
2025-01-23,179.32,cboe:SKEW_History.csv
2025-01-24,173.16,cboe:SKEW_History.csv
2025-01-27,168.55,cboe:SKEW_History.csv
2025-01-28,163.64,cboe:SKEW_History.csv
2025-01-29,157.43,cboe:SKEW_History.csv
2025-01-30,156.7,cboe:SKEW_History.csv
2025-01-31,158.47,cboe:SKEW_History.csv
2025-02-03,155.45,cboe:SKEW_History.csv
2025-02-04,159.44,cboe:SKEW_History.csv
2025-02-05,162.64,cboe:SKEW_History.csv
2025-02-06,163.57,cboe:SKEW_History.csv
2025-02-07,166.53,cboe:SKEW_History.csv
2025-02-10,166.95,cboe:SKEW_History.csv
2025-02-11,168.81,cboe:SKEW_History.csv
2025-02-12,166.1,cboe:SKEW_History.csv
2025-02-13,163.36,cboe:SKEW_History.csv
2025-02-14,167.97,cboe:SKEW_History.csv
2025-02-18,183.12,cboe:SKEW_History.csv
2025-02-19,175.76,cboe:SKEW_History.csv
2025-02-20,178.57,cboe:SKEW_History.csv
2025-02-21,165.0,cboe:SKEW_History.csv
2025-02-24,156.93,cboe:SKEW_History.csv
2025-02-25,157.6,cboe:SKEW_History.csv
2025-02-26,153.44,cboe:SKEW_History.csv
2025-02-27,149.32,cboe:SKEW_History.csv
2025-02-28,157.94,cboe:SKEW_History.csv
2025-03-03,154.26,cboe:SKEW_History.csv
2025-03-04,151.38,cboe:SKEW_History.csv
2025-03-05,138.88,cboe:SKEW_History.csv
2025-03-06,137.65,cboe:SKEW_History.csv
2025-03-07,139.94,cboe:SKEW_History.csv
2025-03-10,146.04,cboe:SKEW_History.csv
2025-03-11,132.79,cboe:SKEW_History.csv
2025-03-12,128.69,cboe:SKEW_History.csv
2025-03-13,128.86,cboe:SKEW_History.csv
2025-03-14,130.3,cboe:SKEW_History.csv
2025-03-17,133.9,cboe:SKEW_History.csv
2025-03-18,136.75,cboe:SKEW_History.csv
2025-03-19,136.45,cboe:SKEW_History.csv
2025-03-20,140.79,cboe:SKEW_History.csv
2025-03-21,141.73,cboe:SKEW_History.csv
2025-03-24,144.01,cboe:SKEW_History.csv
2025-03-25,148.68,cboe:SKEW_History.csv
2025-03-26,144.75,cboe:SKEW_History.csv
2025-03-27,140.85,cboe:SKEW_History.csv
2025-03-28,139.04,cboe:SKEW_History.csv
2025-03-31,148.58,cboe:SKEW_History.csv
2025-04-01,143.01,cboe:SKEW_History.csv
2025-04-02,144.27,cboe:SKEW_History.csv
2025-04-03,139.2,cboe:SKEW_History.csv
2025-04-04,136.54,cboe:SKEW_History.csv
2025-04-07,133.82,cboe:SKEW_History.csv
2025-04-08,135.68,cboe:SKEW_History.csv
2025-04-09,142.23,cboe:SKEW_History.csv
2025-04-10,127.54,cboe:SKEW_History.csv
2025-04-11,128.64,cboe:SKEW_History.csv
2025-04-14,135.71,cboe:SKEW_History.csv
2025-04-15,135.76,cboe:SKEW_History.csv
2025-04-16,131.32,cboe:SKEW_History.csv
2025-04-17,130.02,cboe:SKEW_History.csv
2025-04-21,125.77,cboe:SKEW_History.csv
2025-04-22,125.93,cboe:SKEW_History.csv
2025-04-23,126.67,cboe:SKEW_History.csv
2025-04-24,129.02,cboe:SKEW_History.csv
2025-04-25,132.37,cboe:SKEW_History.csv
2025-04-28,131.28,cboe:SKEW_History.csv
2025-04-29,134.29,cboe:SKEW_History.csv
2025-04-30,132.73,cboe:SKEW_History.csv
2025-05-01,134.07,cboe:SKEW_History.csv
2025-05-02,134.78,cboe:SKEW_History.csv
2025-05-05,134.12,cboe:SKEW_History.csv
2025-05-06,133.24,cboe:SKEW_History.csv
2025-05-07,132.21,cboe:SKEW_History.csv
2025-05-08,131.52,cboe:SKEW_History.csv
2025-05-09,128.4,cboe:SKEW_History.csv
2025-05-12,137.67,cboe:SKEW_History.csv
2025-05-13,140.52,cboe:SKEW_History.csv
2025-05-14,138.94,cboe:SKEW_History.csv
2025-05-15,140.85,cboe:SKEW_History.csv
2025-05-16,136.01,cboe:SKEW_History.csv
2025-05-19,135.94,cboe:SKEW_History.csv
2025-05-20,137.27,cboe:SKEW_History.csv
2025-05-21,137.28,cboe:SKEW_History.csv
2025-05-22,139.04,cboe:SKEW_History.csv
2025-05-23,139.34,cboe:SKEW_History.csv
2025-05-27,140.89,cboe:SKEW_History.csv
2025-05-28,137.65,cboe:SKEW_History.csv
2025-05-29,137.26,cboe:SKEW_History.csv
2025-05-30,138.25,cboe:SKEW_History.csv
2025-06-02,141.04,cboe:SKEW_History.csv
2025-06-03,141.6,cboe:SKEW_History.csv
2025-06-04,137.46,cboe:SKEW_History.csv
2025-06-05,140.09,cboe:SKEW_History.csv
2025-06-06,138.85,cboe:SKEW_History.csv
2025-06-09,139.18,cboe:SKEW_History.csv
2025-06-10,141.22,cboe:SKEW_History.csv
2025-06-11,141.39,cboe:SKEW_History.csv
2025-06-12,145.6,cboe:SKEW_History.csv
2025-06-13,149.65,cboe:SKEW_History.csv
2025-06-16,156.6,cboe:SKEW_History.csv
2025-06-17,154.36,cboe:SKEW_History.csv
2025-06-18,148.41,cboe:SKEW_History.csv
2025-06-20,149.19,cboe:SKEW_History.csv
2025-06-23,154.78,cboe:SKEW_History.csv
2025-06-24,154.97,cboe:SKEW_History.csv
2025-06-25,152.24,cboe:SKEW_History.csv
2025-06-26,147.46,cboe:SKEW_History.csv
2025-06-27,143.44,cboe:SKEW_History.csv
2025-06-30,139.65,cboe:SKEW_History.csv
2025-07-01,140.07,cboe:SKEW_History.csv
2025-07-02,139.28,cboe:SKEW_History.csv
2025-07-03,141.36,cboe:SKEW_History.csv
2025-07-07,137.96,cboe:SKEW_History.csv
2025-07-08,140.8,cboe:SKEW_History.csv
2025-07-09,141.75,cboe:SKEW_History.csv
2025-07-10,143.32,cboe:SKEW_History.csv
2025-07-11,144.96,cboe:SKEW_History.csv
2025-07-14,147.0,cboe:SKEW_History.csv
2025-07-15,143.72,cboe:SKEW_History.csv
2025-07-16,146.71,cboe:SKEW_History.csv
2025-07-17,151.12,cboe:SKEW_History.csv
2025-07-18,150.45,cboe:SKEW_History.csv
2025-07-21,154.83,cboe:SKEW_History.csv
2025-07-22,153.44,cboe:SKEW_History.csv
2025-07-23,159.29,cboe:SKEW_History.csv
2025-07-24,159.41,cboe:SKEW_History.csv
2025-07-25,145.57,cboe:SKEW_History.csv
2025-07-28,147.65,cboe:SKEW_History.csv
2025-07-29,149.12,cboe:SKEW_History.csv
2025-07-30,154.08,cboe:SKEW_History.csv
2025-07-31,152.29,cboe:SKEW_History.csv
2025-08-01,155.49,cboe:SKEW_History.csv
2025-08-04,159.31,cboe:SKEW_History.csv
2025-08-05,149.91,cboe:SKEW_History.csv
2025-08-06,149.71,cboe:SKEW_History.csv
2025-08-07,147.03,cboe:SKEW_History.csv
2025-08-08,147.53,cboe:SKEW_History.csv
2025-08-11,148.55,cboe:SKEW_History.csv
2025-08-12,151.45,cboe:SKEW_History.csv
2025-08-13,153.13,cboe:SKEW_History.csv
2025-08-14,150.62,cboe:SKEW_History.csv
2025-08-15,153.79,cboe:SKEW_History.csv
2025-08-18,153.95,cboe:SKEW_History.csv
2025-08-19,153.17,cboe:SKEW_History.csv
2025-08-20,144.56,cboe:SKEW_History.csv
2025-08-21,144.32,cboe:SKEW_History.csv
2025-08-22,146.39,cboe:SKEW_History.csv
2025-08-25,149.99,cboe:SKEW_History.csv
2025-08-26,156.53,cboe:SKEW_History.csv
2025-08-27,150.88,cboe:SKEW_History.csv
2025-08-28,152.5,cboe:SKEW_History.csv
2025-08-29,152.1,cboe:SKEW_History.csv
2025-09-02,151.48,cboe:SKEW_History.csv
2025-09-03,150.22,cboe:SKEW_History.csv
2025-09-04,153.96,cboe:SKEW_History.csv
2025-09-05,148.16,cboe:SKEW_History.csv
2025-09-08,148.82,cboe:SKEW_History.csv
2025-09-09,150.93,cboe:SKEW_History.csv
2025-09-10,151.92,cboe:SKEW_History.csv
2025-09-11,147.63,cboe:SKEW_History.csv
2025-09-12,149.49,cboe:SKEW_History.csv
2025-09-15,152.11,cboe:SKEW_History.csv
2025-09-16,148.21,cboe:SKEW_History.csv
2025-09-17,146.37,cboe:SKEW_History.csv
2025-09-18,148.19,cboe:SKEW_History.csv
2025-09-19,146.97,cboe:SKEW_History.csv
2025-09-22,145.46,cboe:SKEW_History.csv
2025-09-23,146.53,cboe:SKEW_History.csv
2025-09-24,145.87,cboe:SKEW_History.csv
2025-09-25,145.89,cboe:SKEW_History.csv
2025-09-26,141.51,cboe:SKEW_History.csv
2025-09-29,143.03,cboe:SKEW_History.csv
2025-09-30,143.44,cboe:SKEW_History.csv
2025-10-01,143.68,cboe:SKEW_History.csv
2025-10-02,145.93,cboe:SKEW_History.csv
2025-10-03,144.65,cboe:SKEW_History.csv
2025-10-06,142.5,cboe:SKEW_History.csv
2025-10-07,145.22,cboe:SKEW_History.csv
2025-10-08,145.76,cboe:SKEW_History.csv
2025-10-09,145.34,cboe:SKEW_History.csv
2025-10-10,138.86,cboe:SKEW_History.csv
2025-10-13,142.81,cboe:SKEW_History.csv
2025-10-14,146.48,cboe:SKEW_History.csv
2025-10-15,144.98,cboe:SKEW_History.csv
2025-10-16,147.14,cboe:SKEW_History.csv
2025-10-17,147.63,cboe:SKEW_History.csv
2025-10-20,151.31,cboe:SKEW_History.csv
2025-10-21,149.95,cboe:SKEW_History.csv
2025-10-22,152.85,cboe:SKEW_History.csv
2025-10-23,154.34,cboe:SKEW_History.csv
2025-10-24,153.49,cboe:SKEW_History.csv
2025-10-27,148.5,cboe:SKEW_History.csv
2025-10-28,140.37,cboe:SKEW_History.csv
2025-10-29,139.45,cboe:SKEW_History.csv
2025-10-30,141.15,cboe:SKEW_History.csv
2025-10-31,142.78,cboe:SKEW_History.csv
2025-11-03,141.99,cboe:SKEW_History.csv
2025-11-04,144.01,cboe:SKEW_History.csv
2025-11-05,143.64,cboe:SKEW_History.csv
2025-11-06,143.54,cboe:SKEW_History.csv
2025-11-07,141.27,cboe:SKEW_History.csv
2025-11-10,142.94,cboe:SKEW_History.csv
2025-11-11,143.45,cboe:SKEW_History.csv
2025-11-12,138.57,cboe:SKEW_History.csv
2025-11-13,142.49,cboe:SKEW_History.csv
2025-11-14,137.93,cboe:SKEW_History.csv
2025-11-17,140.9,cboe:SKEW_History.csv
2025-11-18,142.98,cboe:SKEW_History.csv
2025-11-19,143.05,cboe:SKEW_History.csv
2025-11-20,144.96,cboe:SKEW_History.csv
2025-11-21,148.34,cboe:SKEW_History.csv
2025-11-24,148.6,cboe:SKEW_History.csv
2025-11-25,151.68,cboe:SKEW_History.csv
2025-11-26,145.04,cboe:SKEW_History.csv
2025-11-28,143.0,cboe:SKEW_History.csv
2025-12-01,144.86,cboe:SKEW_History.csv
2025-12-02,144.94,cboe:SKEW_History.csv
2025-12-03,149.23,cboe:SKEW_History.csv
2025-12-04,148.91,cboe:SKEW_History.csv
2025-12-05,148.83,cboe:SKEW_History.csv
2025-12-08,150.63,cboe:SKEW_History.csv
2025-12-09,150.32,cboe:SKEW_History.csv
2025-12-10,147.55,cboe:SKEW_History.csv
2025-12-11,148.32,cboe:SKEW_History.csv
2025-12-12,153.59,cboe:SKEW_History.csv
2025-12-15,161.86,cboe:SKEW_History.csv
2025-12-16,156.99,cboe:SKEW_History.csv
2025-12-17,153.49,cboe:SKEW_History.csv
2025-12-18,155.38,cboe:SKEW_History.csv
2025-12-19,155.87,cboe:SKEW_History.csv
2025-12-22,159.93,cboe:SKEW_History.csv
2025-12-23,160.53,cboe:SKEW_History.csv
2025-12-24,161.3,cboe:SKEW_History.csv
2025-12-26,151.45,cboe:SKEW_History.csv
2025-12-29,150.47,cboe:SKEW_History.csv
2025-12-30,148.33,cboe:SKEW_History.csv
2025-12-31,148.7,cboe:SKEW_History.csv
2026-01-02,141.86,cboe:SKEW_History.csv
2026-01-05,142.45,cboe:SKEW_History.csv
2026-01-06,146.23,cboe:SKEW_History.csv
2026-01-07,143.57,cboe:SKEW_History.csv
2026-01-08,147.08,cboe:SKEW_History.csv
2026-01-09,146.04,cboe:SKEW_History.csv
2026-01-12,149.75,cboe:SKEW_History.csv
2026-01-13,151.6,cboe:SKEW_History.csv
2026-01-14,152.52,cboe:SKEW_History.csv
2026-01-15,151.57,cboe:SKEW_History.csv
2026-01-16,153.59,cboe:SKEW_History.csv
2026-01-20,154.96,cboe:SKEW_History.csv
2026-01-21,144.41,cboe:SKEW_History.csv
2026-01-22,141.31,cboe:SKEW_History.csv
2026-01-23,144.02,cboe:SKEW_History.csv
2026-01-26,148.1,cboe:SKEW_History.csv
2026-01-27,147.25,cboe:SKEW_History.csv
2026-01-28,144.98,cboe:SKEW_History.csv
2026-01-29,143.74,cboe:SKEW_History.csv
2026-01-30,143.65,cboe:SKEW_History.csv
2026-02-02,146.56,cboe:SKEW_History.csv
2026-02-03,143.85,cboe:SKEW_History.csv
2026-02-04,143.16,cboe:SKEW_History.csv
2026-02-05,137.16,cboe:SKEW_History.csv
2026-02-06,140.31,cboe:SKEW_History.csv
2026-02-09,145.23,cboe:SKEW_History.csv
2026-02-10,145.71,cboe:SKEW_History.csv
2026-02-11,143.78,cboe:SKEW_History.csv
2026-02-12,142.5,cboe:SKEW_History.csv
2026-02-13,139.35,cboe:SKEW_History.csv
2026-02-17,140.28,cboe:SKEW_History.csv
2026-02-18,139.17,cboe:SKEW_History.csv
2026-02-19,141.19,cboe:SKEW_History.csv
2026-02-20,145.52,cboe:SKEW_History.csv
2026-02-23,141.43,cboe:SKEW_History.csv
2026-02-24,141.94,cboe:SKEW_History.csv
2026-02-25,146.05,cboe:SKEW_History.csv
2026-02-26,146.57,cboe:SKEW_History.csv
2026-02-27,146.67,cboe:SKEW_History.csv
2026-03-02,151.78,cboe:SKEW_History.csv
2026-03-03,152.83,cboe:SKEW_History.csv
2026-03-04,152.87,cboe:SKEW_History.csv
2026-03-05,153.95,cboe:SKEW_History.csv
2026-03-06,151.8,cboe:SKEW_History.csv
2026-03-09,157.98,cboe:SKEW_History.csv
2026-03-10,154.46,cboe:SKEW_History.csv
2026-03-11,152.44,cboe:SKEW_History.csv
2026-03-12,139.94,cboe:SKEW_History.csv
2026-03-13,137.76,cboe:SKEW_History.csv
2026-03-16,141.49,cboe:SKEW_History.csv
2026-03-17,145.04,cboe:SKEW_History.csv
2026-03-18,136.54,cboe:SKEW_History.csv
2026-03-19,138.26,cboe:SKEW_History.csv
2026-03-20,139.12,cboe:SKEW_History.csv
2026-03-23,142.02,cboe:SKEW_History.csv
2026-03-24,142.63,cboe:SKEW_History.csv
2026-03-25,140.88,cboe:SKEW_History.csv
2026-03-26,143.99,cboe:SKEW_History.csv
2026-03-27,139.0,cboe:SKEW_History.csv
2026-03-30,142.23,cboe:SKEW_History.csv
2026-03-31,145.45,cboe:SKEW_History.csv
2026-04-01,143.77,cboe:SKEW_History.csv
2026-04-02,146.95,cboe:SKEW_History.csv
2026-04-06,147.6,cboe:SKEW_History.csv
2026-04-07,148.45,cboe:SKEW_History.csv
2026-04-08,150.36,cboe:SKEW_History.csv
2026-04-09,143.27,cboe:SKEW_History.csv
2026-04-10,144.18,cboe:SKEW_History.csv
2026-04-13,156.93,cboe:SKEW_History.csv
2026-04-14,149.94,cboe:SKEW_History.csv
2026-04-15,139.23,cboe:SKEW_History.csv
2026-04-16,140.74,cboe:SKEW_History.csv
2026-04-17,141.82,cboe:SKEW_History.csv
2026-04-20,141.9,cboe:SKEW_History.csv
2026-04-21,140.91,cboe:SKEW_History.csv
2026-04-22,140.84,cboe:SKEW_History.csv
2026-04-23,139.59,cboe:SKEW_History.csv
2026-04-24,139.08,cboe:SKEW_History.csv
2026-04-27,139.64,cboe:SKEW_History.csv
2026-04-28,138.16,cboe:SKEW_History.csv
2026-04-29,141.88,cboe:SKEW_History.csv
2026-04-30,143.33,cboe:SKEW_History.csv
2026-05-01,141.38,cboe:SKEW_History.csv
2026-05-04,141.74,cboe:SKEW_History.csv
2026-05-05,138.74,cboe:SKEW_History.csv
2026-05-06,135.42,cboe:SKEW_History.csv
2026-05-07,136.11,cboe:SKEW_History.csv
2026-05-08,138.21,cboe:SKEW_History.csv
2026-05-11,140.21,cboe:SKEW_History.csv
2026-05-12,139.41,cboe:SKEW_History.csv
2026-05-13,141.51,cboe:SKEW_History.csv
2026-05-14,139.32,cboe:SKEW_History.csv
2026-05-15,145.77,cboe:SKEW_History.csv
2026-05-18,138.4,cboe:SKEW_History.csv
2026-05-19,135.5,cboe:SKEW_History.csv
2026-05-20,132.31,cboe:SKEW_History.csv
2026-05-21,136.96,cboe:SKEW_History.csv
2026-05-22,137.39,cboe:SKEW_History.csv
2026-05-26,139.04,cboe:SKEW_History.csv
2026-05-27,138.57,cboe:SKEW_History.csv
2026-05-28,139.52,cboe:SKEW_History.csv
2026-05-29,144.18,cboe:SKEW_History.csv
2026-06-01,142.46,cboe:SKEW_History.csv
2026-06-02,143.24,cboe:SKEW_History.csv
2026-06-03,136.86,cboe:SKEW_History.csv
2026-06-04,142.15,cboe:SKEW_History.csv
2026-06-05,152.25,cboe:SKEW_History.csv
2026-06-08,145.0,yahoo:^SKEW
