date,value,source
2007-01-03,15.18,cboe:VIX1Y_History.csv
2007-01-04,14.96,cboe:VIX1Y_History.csv
2007-01-05,15.21,cboe:VIX1Y_History.csv
2007-01-08,15.05,cboe:VIX1Y_History.csv
2007-01-09,15.09,cboe:VIX1Y_History.csv
2007-01-10,14.86,cboe:VIX1Y_History.csv
2007-01-11,14.63,cboe:VIX1Y_History.csv
2007-01-12,14.07,cboe:VIX1Y_History.csv
2007-01-16,14.43,cboe:VIX1Y_History.csv
2007-01-17,14.34,cboe:VIX1Y_History.csv
2007-01-18,14.42,cboe:VIX1Y_History.csv
2007-01-19,14.18,cboe:VIX1Y_History.csv
2007-01-22,14.31,cboe:VIX1Y_History.csv
2007-01-23,14.09,cboe:VIX1Y_History.csv
2007-01-24,13.85,cboe:VIX1Y_History.csv
2007-01-25,14.24,cboe:VIX1Y_History.csv
2007-01-26,14.18,cboe:VIX1Y_History.csv
2007-01-29,14.2,cboe:VIX1Y_History.csv
2007-01-30,14.07,cboe:VIX1Y_History.csv
2007-01-31,13.84,cboe:VIX1Y_History.csv
2007-02-01,13.77,cboe:VIX1Y_History.csv
2007-02-02,13.87,cboe:VIX1Y_History.csv
2007-02-05,13.95,cboe:VIX1Y_History.csv
2007-02-06,13.97,cboe:VIX1Y_History.csv
2007-02-07,13.88,cboe:VIX1Y_History.csv
2007-02-08,13.98,cboe:VIX1Y_History.csv
2007-02-09,14.28,cboe:VIX1Y_History.csv
2007-02-12,14.5,cboe:VIX1Y_History.csv
2007-02-13,14.01,cboe:VIX1Y_History.csv
2007-02-14,13.86,cboe:VIX1Y_History.csv
2007-02-15,13.89,cboe:VIX1Y_History.csv
2007-02-16,13.86,cboe:VIX1Y_History.csv
2007-02-20,13.88,cboe:VIX1Y_History.csv
2007-02-21,14.03,cboe:VIX1Y_History.csv
2007-02-22,14.15,cboe:VIX1Y_History.csv
2007-02-23,14.2,cboe:VIX1Y_History.csv
2007-02-26,14.46,cboe:VIX1Y_History.csv
2007-02-27,16.84,cboe:VIX1Y_History.csv
2007-02-28,15.53,cboe:VIX1Y_History.csv
2007-03-01,15.46,cboe:VIX1Y_History.csv
2007-03-02,16.41,cboe:VIX1Y_History.csv
2007-03-05,16.73,cboe:VIX1Y_History.csv
2007-03-06,15.75,cboe:VIX1Y_History.csv
2007-03-07,15.58,cboe:VIX1Y_History.csv
2007-03-08,15.2,cboe:VIX1Y_History.csv
2007-03-09,15.21,cboe:VIX1Y_History.csv
2007-03-12,15.08,cboe:VIX1Y_History.csv
2007-03-13,15.86,cboe:VIX1Y_History.csv
2007-03-14,15.59,cboe:VIX1Y_History.csv
2007-03-15,15.49,cboe:VIX1Y_History.csv
2007-03-16,15.7,cboe:VIX1Y_History.csv
2007-03-19,15.12,cboe:VIX1Y_History.csv
2007-03-20,14.76,cboe:VIX1Y_History.csv
2007-03-21,14.03,cboe:VIX1Y_History.csv
2007-03-22,14.15,cboe:VIX1Y_History.csv
2007-03-23,14.21,cboe:VIX1Y_History.csv
2007-03-26,14.37,cboe:VIX1Y_History.csv
2007-03-27,14.49,cboe:VIX1Y_History.csv
2007-03-28,14.98,cboe:VIX1Y_History.csv
2007-03-29,14.93,cboe:VIX1Y_History.csv
2007-03-30,14.88,cboe:VIX1Y_History.csv
2007-04-02,14.84,cboe:VIX1Y_History.csv
2007-04-03,14.51,cboe:VIX1Y_History.csv
2007-04-04,14.51,cboe:VIX1Y_History.csv
2007-04-05,14.39,cboe:VIX1Y_History.csv
2007-04-09,14.31,cboe:VIX1Y_History.csv
2007-04-10,14.24,cboe:VIX1Y_History.csv
2007-04-11,14.46,cboe:VIX1Y_History.csv
2007-04-12,14.31,cboe:VIX1Y_History.csv
2007-04-13,14.11,cboe:VIX1Y_History.csv
2007-04-16,13.86,cboe:VIX1Y_History.csv
2007-04-17,13.78,cboe:VIX1Y_History.csv
2007-04-18,13.83,cboe:VIX1Y_History.csv
2007-04-19,14.35,cboe:VIX1Y_History.csv
2007-04-20,14.08,cboe:VIX1Y_History.csv
2007-04-23,14.31,cboe:VIX1Y_History.csv
2007-04-24,14.27,cboe:VIX1Y_History.csv
2007-04-25,14.23,cboe:VIX1Y_History.csv
2007-04-26,14.11,cboe:VIX1Y_History.csv
2007-04-27,14.08,cboe:VIX1Y_History.csv
2007-04-30,14.62,cboe:VIX1Y_History.csv
2007-05-01,14.44,cboe:VIX1Y_History.csv
2007-05-02,14.2,cboe:VIX1Y_History.csv
2007-05-03,14.08,cboe:VIX1Y_History.csv
2007-05-04,14.13,cboe:VIX1Y_History.csv
2007-05-07,14.11,cboe:VIX1Y_History.csv
2007-05-08,14.21,cboe:VIX1Y_History.csv
2007-05-09,14.24,cboe:VIX1Y_History.csv
2007-05-10,14.62,cboe:VIX1Y_History.csv
2007-05-11,14.49,cboe:VIX1Y_History.csv
2007-05-14,14.82,cboe:VIX1Y_History.csv
2007-05-15,14.76,cboe:VIX1Y_History.csv
2007-05-16,14.84,cboe:VIX1Y_History.csv
2007-05-17,15.01,cboe:VIX1Y_History.csv
2007-05-18,14.77,cboe:VIX1Y_History.csv
2007-05-21,14.88,cboe:VIX1Y_History.csv
2007-05-22,14.84,cboe:VIX1Y_History.csv
2007-05-23,14.89,cboe:VIX1Y_History.csv
2007-05-24,15.26,cboe:VIX1Y_History.csv
2007-05-25,15.02,cboe:VIX1Y_History.csv
2007-05-29,14.97,cboe:VIX1Y_History.csv
2007-05-30,14.78,cboe:VIX1Y_History.csv
2007-05-31,14.9,cboe:VIX1Y_History.csv
2007-06-01,14.93,cboe:VIX1Y_History.csv
2007-06-04,15.22,cboe:VIX1Y_History.csv
2007-06-05,15.31,cboe:VIX1Y_History.csv
2007-06-06,15.8,cboe:VIX1Y_History.csv
2007-06-07,16.46,cboe:VIX1Y_History.csv
2007-06-08,15.59,cboe:VIX1Y_History.csv
2007-06-11,15.48,cboe:VIX1Y_History.csv
2007-06-12,15.95,cboe:VIX1Y_History.csv
2007-06-13,15.52,cboe:VIX1Y_History.csv
2007-06-14,15.3,cboe:VIX1Y_History.csv
2007-06-15,15.49,cboe:VIX1Y_History.csv
2007-06-18,15.54,cboe:VIX1Y_History.csv
2007-06-19,15.3,cboe:VIX1Y_History.csv
2007-06-20,16.02,cboe:VIX1Y_History.csv
2007-06-21,16.06,cboe:VIX1Y_History.csv
2007-06-22,16.55,cboe:VIX1Y_History.csv
2007-06-25,16.69,cboe:VIX1Y_History.csv
2007-06-26,17.38,cboe:VIX1Y_History.csv
2007-06-27,16.29,cboe:VIX1Y_History.csv
2007-06-28,16.29,cboe:VIX1Y_History.csv
2007-06-29,16.74,cboe:VIX1Y_History.csv
2007-07-02,16.45,cboe:VIX1Y_History.csv
2007-07-03,16.31,cboe:VIX1Y_History.csv
2007-07-05,16.54,cboe:VIX1Y_History.csv
2007-07-06,16.35,cboe:VIX1Y_History.csv
2007-07-09,16.59,cboe:VIX1Y_History.csv
2007-07-10,17.44,cboe:VIX1Y_History.csv
2007-07-11,17.3,cboe:VIX1Y_History.csv
2007-07-12,17.06,cboe:VIX1Y_History.csv
2007-07-13,17.09,cboe:VIX1Y_History.csv
2007-07-16,17.3,cboe:VIX1Y_History.csv
2007-07-17,17.4,cboe:VIX1Y_History.csv
2007-07-18,17.69,cboe:VIX1Y_History.csv
2007-07-19,17.4,cboe:VIX1Y_History.csv
2007-07-20,18.09,cboe:VIX1Y_History.csv
2007-07-23,17.99,cboe:VIX1Y_History.csv
2007-07-24,18.77,cboe:VIX1Y_History.csv
2007-07-25,18.62,cboe:VIX1Y_History.csv
2007-07-26,18.74,cboe:VIX1Y_History.csv
2007-07-27,19.89,cboe:VIX1Y_History.csv
2007-07-30,19.03,cboe:VIX1Y_History.csv
2007-07-31,20.42,cboe:VIX1Y_History.csv
2007-08-01,21.1,cboe:VIX1Y_History.csv
2007-08-02,20.62,cboe:VIX1Y_History.csv
2007-08-03,22.55,cboe:VIX1Y_History.csv
2007-08-06,21.7,cboe:VIX1Y_History.csv
2007-08-07,21.21,cboe:VIX1Y_History.csv
2007-08-08,21.02,cboe:VIX1Y_History.csv
2007-08-09,22.87,cboe:VIX1Y_History.csv
2007-08-10,23.43,cboe:VIX1Y_History.csv
2007-08-13,22.39,cboe:VIX1Y_History.csv
2007-08-14,22.93,cboe:VIX1Y_History.csv
2007-08-15,23.6,cboe:VIX1Y_History.csv
2007-08-16,24.0,cboe:VIX1Y_History.csv
2007-08-17,23.54,cboe:VIX1Y_History.csv
2007-08-20,23.17,cboe:VIX1Y_History.csv
2007-08-21,22.45,cboe:VIX1Y_History.csv
2007-08-22,20.94,cboe:VIX1Y_History.csv
2007-08-23,20.99,cboe:VIX1Y_History.csv
2007-08-24,20.57,cboe:VIX1Y_History.csv
2007-08-27,21.21,cboe:VIX1Y_History.csv
2007-08-28,22.9,cboe:VIX1Y_History.csv
2007-08-29,21.85,cboe:VIX1Y_History.csv
2007-08-30,22.11,cboe:VIX1Y_History.csv
2007-08-31,21.71,cboe:VIX1Y_History.csv
2007-09-04,21.25,cboe:VIX1Y_History.csv
2007-09-05,21.66,cboe:VIX1Y_History.csv
2007-09-06,21.66,cboe:VIX1Y_History.csv
2007-09-07,22.56,cboe:VIX1Y_History.csv
2007-09-10,22.8,cboe:VIX1Y_History.csv
2007-09-11,22.06,cboe:VIX1Y_History.csv
2007-09-12,21.98,cboe:VIX1Y_History.csv
2007-09-13,21.86,cboe:VIX1Y_History.csv
2007-09-14,21.91,cboe:VIX1Y_History.csv
2007-09-17,22.37,cboe:VIX1Y_History.csv
2007-09-18,20.82,cboe:VIX1Y_History.csv
2007-09-19,20.22,cboe:VIX1Y_History.csv
2007-09-20,20.32,cboe:VIX1Y_History.csv
2007-09-21,19.96,cboe:VIX1Y_History.csv
2007-09-24,19.93,cboe:VIX1Y_History.csv
2007-09-25,19.86,cboe:VIX1Y_History.csv
2007-09-26,19.09,cboe:VIX1Y_History.csv
2007-09-27,18.63,cboe:VIX1Y_History.csv
2007-09-28,18.91,cboe:VIX1Y_History.csv
2007-10-01,18.9,cboe:VIX1Y_History.csv
2007-10-02,19.29,cboe:VIX1Y_History.csv
2007-10-03,19.62,cboe:VIX1Y_History.csv
2007-10-04,19.64,cboe:VIX1Y_History.csv
2007-10-05,19.06,cboe:VIX1Y_History.csv
2007-10-09,18.94,cboe:VIX1Y_History.csv
2007-10-10,19.28,cboe:VIX1Y_History.csv
2007-10-11,20.05,cboe:VIX1Y_History.csv
2007-10-12,19.92,cboe:VIX1Y_History.csv
2007-10-15,20.64,cboe:VIX1Y_History.csv
2007-10-16,21.05,cboe:VIX1Y_History.csv
2007-10-17,20.85,cboe:VIX1Y_History.csv
2007-10-18,20.98,cboe:VIX1Y_History.csv
2007-10-19,22.52,cboe:VIX1Y_History.csv
2007-10-22,22.16,cboe:VIX1Y_History.csv
2007-10-23,21.88,cboe:VIX1Y_History.csv
2007-10-24,22.41,cboe:VIX1Y_History.csv
2007-10-25,22.18,cboe:VIX1Y_History.csv
2007-10-26,21.89,cboe:VIX1Y_History.csv
2007-10-29,21.86,cboe:VIX1Y_History.csv
2007-10-30,22.28,cboe:VIX1Y_History.csv
2007-10-31,21.64,cboe:VIX1Y_History.csv
2007-11-01,23.23,cboe:VIX1Y_History.csv
2007-11-02,23.33,cboe:VIX1Y_History.csv
2007-11-05,23.82,cboe:VIX1Y_History.csv
2007-11-06,23.11,cboe:VIX1Y_History.csv
2007-11-07,24.67,cboe:VIX1Y_History.csv
2007-11-08,24.86,cboe:VIX1Y_History.csv
2007-11-09,25.59,cboe:VIX1Y_History.csv
2007-11-13,24.37,cboe:VIX1Y_History.csv
2007-11-14,24.95,cboe:VIX1Y_History.csv
2007-11-15,25.76,cboe:VIX1Y_History.csv
2007-11-16,25.59,cboe:VIX1Y_History.csv
2007-11-19,26.22,cboe:VIX1Y_History.csv
2007-11-20,25.71,cboe:VIX1Y_History.csv
2007-11-21,26.28,cboe:VIX1Y_History.csv
2007-11-23,25.62,cboe:VIX1Y_History.csv
2007-11-26,26.82,cboe:VIX1Y_History.csv
2007-11-27,25.84,cboe:VIX1Y_History.csv
2007-11-28,24.8,cboe:VIX1Y_History.csv
2007-11-29,24.93,cboe:VIX1Y_History.csv
2007-11-30,24.58,cboe:VIX1Y_History.csv
2007-12-03,24.71,cboe:VIX1Y_History.csv
2007-12-04,24.84,cboe:VIX1Y_History.csv
2007-12-05,24.14,cboe:VIX1Y_History.csv
2007-12-06,23.36,cboe:VIX1Y_History.csv
2007-12-07,23.33,cboe:VIX1Y_History.csv
2007-12-10,23.15,cboe:VIX1Y_History.csv
2007-12-11,24.14,cboe:VIX1Y_History.csv
2007-12-12,23.59,cboe:VIX1Y_History.csv
2007-12-13,23.75,cboe:VIX1Y_History.csv
2007-12-14,24.03,cboe:VIX1Y_History.csv
2007-12-17,24.83,cboe:VIX1Y_History.csv
2007-12-18,24.47,cboe:VIX1Y_History.csv
2007-12-19,23.88,cboe:VIX1Y_History.csv
2007-12-20,23.51,cboe:VIX1Y_History.csv
2007-12-21,22.81,cboe:VIX1Y_History.csv
2007-12-24,22.88,cboe:VIX1Y_History.csv
2007-12-26,22.66,cboe:VIX1Y_History.csv
2007-12-27,23.31,cboe:VIX1Y_History.csv
2007-12-28,23.72,cboe:VIX1Y_History.csv
2007-12-31,24.32,cboe:VIX1Y_History.csv
2008-01-02,24.55,cboe:VIX1Y_History.csv
2008-01-03,23.98,cboe:VIX1Y_History.csv
2008-01-04,24.73,cboe:VIX1Y_History.csv
2008-01-07,24.41,cboe:VIX1Y_History.csv
2008-01-08,25.28,cboe:VIX1Y_History.csv
2008-01-09,24.88,cboe:VIX1Y_History.csv
2008-01-10,24.71,cboe:VIX1Y_History.csv
2008-01-11,24.97,cboe:VIX1Y_History.csv
2008-01-14,24.74,cboe:VIX1Y_History.csv
2008-01-15,25.01,cboe:VIX1Y_History.csv
2008-01-16,24.69,cboe:VIX1Y_History.csv
2008-01-17,26.23,cboe:VIX1Y_History.csv
2008-01-18,25.89,cboe:VIX1Y_History.csv
2008-01-22,26.32,cboe:VIX1Y_History.csv
2008-01-23,25.3,cboe:VIX1Y_History.csv
2008-01-24,25.29,cboe:VIX1Y_History.csv
2008-01-25,25.8,cboe:VIX1Y_History.csv
2008-01-28,25.27,cboe:VIX1Y_History.csv
2008-01-29,25.01,cboe:VIX1Y_History.csv
2008-01-30,25.27,cboe:VIX1Y_History.csv
2008-01-31,24.58,cboe:VIX1Y_History.csv
2008-02-01,24.13,cboe:VIX1Y_History.csv
2008-02-04,24.77,cboe:VIX1Y_History.csv
2008-02-05,25.95,cboe:VIX1Y_History.csv
2008-02-06,26.56,cboe:VIX1Y_History.csv
2008-02-07,25.94,cboe:VIX1Y_History.csv
2008-02-08,26.16,cboe:VIX1Y_History.csv
2008-02-11,25.89,cboe:VIX1Y_History.csv
2008-02-12,25.8,cboe:VIX1Y_History.csv
2008-02-13,25.26,cboe:VIX1Y_History.csv
2008-02-14,25.39,cboe:VIX1Y_History.csv
2008-02-15,25.43,cboe:VIX1Y_History.csv
2008-02-19,25.29,cboe:VIX1Y_History.csv
2008-02-20,24.94,cboe:VIX1Y_History.csv
2008-02-21,25.13,cboe:VIX1Y_History.csv
2008-02-22,24.76,cboe:VIX1Y_History.csv
2008-02-25,24.34,cboe:VIX1Y_History.csv
2008-02-26,23.92,cboe:VIX1Y_History.csv
2008-02-27,24.16,cboe:VIX1Y_History.csv
2008-02-28,24.61,cboe:VIX1Y_History.csv
2008-02-29,25.72,cboe:VIX1Y_History.csv
2008-03-03,25.52,cboe:VIX1Y_History.csv
2008-03-04,25.47,cboe:VIX1Y_History.csv
2008-03-05,25.03,cboe:VIX1Y_History.csv
2008-03-06,26.08,cboe:VIX1Y_History.csv
2008-03-07,25.95,cboe:VIX1Y_History.csv
2008-03-10,26.61,cboe:VIX1Y_History.csv
2008-03-11,25.67,cboe:VIX1Y_History.csv
2008-03-12,26.4,cboe:VIX1Y_History.csv
2008-03-13,26.63,cboe:VIX1Y_History.csv
2008-03-14,27.66,cboe:VIX1Y_History.csv
2008-03-17,27.46,cboe:VIX1Y_History.csv
2008-03-18,25.42,cboe:VIX1Y_History.csv
2008-03-19,27.05,cboe:VIX1Y_History.csv
2008-03-20,26.34,cboe:VIX1Y_History.csv
2008-03-24,25.81,cboe:VIX1Y_History.csv
2008-03-25,24.84,cboe:VIX1Y_History.csv
2008-03-26,25.16,cboe:VIX1Y_History.csv
2008-03-27,25.1,cboe:VIX1Y_History.csv
2008-03-28,25.69,cboe:VIX1Y_History.csv
2008-03-31,25.27,cboe:VIX1Y_History.csv
2008-04-01,24.17,cboe:VIX1Y_History.csv
2008-04-02,24.55,cboe:VIX1Y_History.csv
2008-04-03,24.55,cboe:VIX1Y_History.csv
2008-04-04,24.18,cboe:VIX1Y_History.csv
2008-04-07,23.8,cboe:VIX1Y_History.csv
2008-04-08,23.87,cboe:VIX1Y_History.csv
2008-04-09,24.15,cboe:VIX1Y_History.csv
2008-04-10,23.89,cboe:VIX1Y_History.csv
2008-04-11,24.46,cboe:VIX1Y_History.csv
2008-04-14,24.53,cboe:VIX1Y_History.csv
2008-04-15,24.3,cboe:VIX1Y_History.csv
2008-04-16,23.23,cboe:VIX1Y_History.csv
2008-04-17,23.11,cboe:VIX1Y_History.csv
2008-04-18,22.8,cboe:VIX1Y_History.csv
2008-04-21,22.66,cboe:VIX1Y_History.csv
2008-04-22,23.03,cboe:VIX1Y_History.csv
2008-04-23,23.11,cboe:VIX1Y_History.csv
2008-04-24,22.78,cboe:VIX1Y_History.csv
2008-04-25,22.27,cboe:VIX1Y_History.csv
2008-04-28,21.95,cboe:VIX1Y_History.csv
2008-04-29,22.07,cboe:VIX1Y_History.csv
2008-04-30,22.03,cboe:VIX1Y_History.csv
2008-05-01,21.36,cboe:VIX1Y_History.csv
2008-05-02,21.16,cboe:VIX1Y_History.csv
2008-05-05,21.41,cboe:VIX1Y_History.csv
2008-05-06,21.38,cboe:VIX1Y_History.csv
2008-05-07,22.08,cboe:VIX1Y_History.csv
2008-05-08,22.15,cboe:VIX1Y_History.csv
2008-05-09,22.21,cboe:VIX1Y_History.csv
2008-05-12,21.87,cboe:VIX1Y_History.csv
2008-05-13,21.88,cboe:VIX1Y_History.csv
2008-05-14,21.78,cboe:VIX1Y_History.csv
2008-05-15,21.56,cboe:VIX1Y_History.csv
2008-05-16,21.99,cboe:VIX1Y_History.csv
2008-05-19,22.06,cboe:VIX1Y_History.csv
2008-05-20,22.55,cboe:VIX1Y_History.csv
2008-05-21,23.39,cboe:VIX1Y_History.csv
2008-05-22,23.37,cboe:VIX1Y_History.csv
2008-05-23,23.75,cboe:VIX1Y_History.csv
2008-05-27,23.58,cboe:VIX1Y_History.csv
2008-05-28,23.45,cboe:VIX1Y_History.csv
2008-05-29,23.35,cboe:VIX1Y_History.csv
2008-05-30,23.0,cboe:VIX1Y_History.csv
2008-06-02,23.69,cboe:VIX1Y_History.csv
2008-06-03,23.81,cboe:VIX1Y_History.csv
2008-06-04,24.03,cboe:VIX1Y_History.csv
2008-06-05,23.39,cboe:VIX1Y_History.csv
2008-06-06,25.21,cboe:VIX1Y_History.csv
2008-06-09,24.68,cboe:VIX1Y_History.csv
2008-06-10,24.82,cboe:VIX1Y_History.csv
2008-06-11,25.03,cboe:VIX1Y_History.csv
2008-06-12,24.76,cboe:VIX1Y_History.csv
2008-06-13,24.03,cboe:VIX1Y_History.csv
2008-06-16,23.67,cboe:VIX1Y_History.csv
2008-06-17,23.58,cboe:VIX1Y_History.csv
2008-06-18,24.29,cboe:VIX1Y_History.csv
2008-06-19,23.83,cboe:VIX1Y_History.csv
2008-06-20,24.12,cboe:VIX1Y_History.csv
2008-06-23,24.01,cboe:VIX1Y_History.csv
2008-06-24,24.03,cboe:VIX1Y_History.csv
2008-06-25,23.54,cboe:VIX1Y_History.csv
2008-06-26,24.54,cboe:VIX1Y_History.csv
2008-06-27,24.42,cboe:VIX1Y_History.csv
2008-06-30,24.25,cboe:VIX1Y_History.csv
2008-07-01,24.25,cboe:VIX1Y_History.csv
2008-07-02,24.92,cboe:VIX1Y_History.csv
2008-07-03,24.64,cboe:VIX1Y_History.csv
2008-07-07,24.88,cboe:VIX1Y_History.csv
2008-07-08,23.93,cboe:VIX1Y_History.csv
2008-07-09,24.75,cboe:VIX1Y_History.csv
2008-07-10,24.78,cboe:VIX1Y_History.csv
2008-07-11,25.36,cboe:VIX1Y_History.csv
2008-07-14,25.67,cboe:VIX1Y_History.csv
2008-07-15,25.89,cboe:VIX1Y_History.csv
2008-07-16,24.65,cboe:VIX1Y_History.csv
2008-07-17,24.46,cboe:VIX1Y_History.csv
2008-07-18,24.27,cboe:VIX1Y_History.csv
2008-07-21,24.08,cboe:VIX1Y_History.csv
2008-07-22,23.33,cboe:VIX1Y_History.csv
2008-07-23,23.33,cboe:VIX1Y_History.csv
2008-07-24,24.22,cboe:VIX1Y_History.csv
2008-07-25,24.14,cboe:VIX1Y_History.csv
2008-07-28,24.67,cboe:VIX1Y_History.csv
2008-07-29,23.71,cboe:VIX1Y_History.csv
2008-07-30,23.15,cboe:VIX1Y_History.csv
2008-07-31,23.82,cboe:VIX1Y_History.csv
2008-08-01,23.97,cboe:VIX1Y_History.csv
2008-08-04,24.14,cboe:VIX1Y_History.csv
2008-08-05,25.32,cboe:VIX1Y_History.csv
2008-08-06,23.03,cboe:VIX1Y_History.csv
2008-08-07,23.54,cboe:VIX1Y_History.csv
2008-08-08,23.35,cboe:VIX1Y_History.csv
2008-08-11,23.19,cboe:VIX1Y_History.csv
2008-08-12,23.68,cboe:VIX1Y_History.csv
2008-08-13,24.07,cboe:VIX1Y_History.csv
2008-08-14,23.7,cboe:VIX1Y_History.csv
2008-08-15,23.48,cboe:VIX1Y_History.csv
2008-08-18,24.02,cboe:VIX1Y_History.csv
2008-08-19,24.27,cboe:VIX1Y_History.csv
2008-08-20,23.95,cboe:VIX1Y_History.csv
2008-08-21,23.95,cboe:VIX1Y_History.csv
2008-08-22,23.75,cboe:VIX1Y_History.csv
2008-08-25,24.42,cboe:VIX1Y_History.csv
2008-08-26,24.35,cboe:VIX1Y_History.csv
2008-08-27,24.06,cboe:VIX1Y_History.csv
2008-08-28,23.66,cboe:VIX1Y_History.csv
2008-08-29,24.22,cboe:VIX1Y_History.csv
2008-09-02,24.56,cboe:VIX1Y_History.csv
2008-09-03,24.42,cboe:VIX1Y_History.csv
2008-09-04,25.17,cboe:VIX1Y_History.csv
2008-09-05,25.04,cboe:VIX1Y_History.csv
2008-09-08,24.46,cboe:VIX1Y_History.csv
2008-09-09,25.56,cboe:VIX1Y_History.csv
2008-09-10,25.15,cboe:VIX1Y_History.csv
2008-09-11,25.0,cboe:VIX1Y_History.csv
2008-09-12,25.13,cboe:VIX1Y_History.csv
2008-09-15,27.11,cboe:VIX1Y_History.csv
2008-09-16,26.33,cboe:VIX1Y_History.csv
2008-09-17,28.13,cboe:VIX1Y_History.csv
2008-09-18,26.96,cboe:VIX1Y_History.csv
2008-09-19,26.53,cboe:VIX1Y_History.csv
2008-09-22,26.68,cboe:VIX1Y_History.csv
2008-09-23,27.37,cboe:VIX1Y_History.csv
2008-09-24,27.15,cboe:VIX1Y_History.csv
2008-09-25,26.33,cboe:VIX1Y_History.csv
2008-09-26,26.5,cboe:VIX1Y_History.csv
2008-09-29,29.46,cboe:VIX1Y_History.csv
2008-09-30,27.91,cboe:VIX1Y_History.csv
2008-10-01,28.29,cboe:VIX1Y_History.csv
2008-10-02,29.63,cboe:VIX1Y_History.csv
2008-10-03,29.8,cboe:VIX1Y_History.csv
2008-10-06,30.37,cboe:VIX1Y_History.csv
2008-10-07,30.93,cboe:VIX1Y_History.csv
2008-10-08,31.83,cboe:VIX1Y_History.csv
2008-10-09,32.96,cboe:VIX1Y_History.csv
2008-10-10,33.7,cboe:VIX1Y_History.csv
2008-10-14,32.04,cboe:VIX1Y_History.csv
2008-10-15,34.26,cboe:VIX1Y_History.csv
2008-10-16,34.4,cboe:VIX1Y_History.csv
2008-10-17,35.63,cboe:VIX1Y_History.csv
2008-10-20,33.95,cboe:VIX1Y_History.csv
2008-10-21,34.35,cboe:VIX1Y_History.csv
2008-10-22,36.5,cboe:VIX1Y_History.csv
2008-10-23,36.67,cboe:VIX1Y_History.csv
2008-10-24,45.01,cboe:VIX1Y_History.csv
2008-10-27,45.48,cboe:VIX1Y_History.csv
2008-10-28,42.24,cboe:VIX1Y_History.csv
2008-10-29,44.19,cboe:VIX1Y_History.csv
2008-10-30,43.18,cboe:VIX1Y_History.csv
2008-10-31,43.5,cboe:VIX1Y_History.csv
2008-11-03,42.17,cboe:VIX1Y_History.csv
2008-11-04,39.98,cboe:VIX1Y_History.csv
2008-11-05,41.71,cboe:VIX1Y_History.csv
2008-11-06,44.97,cboe:VIX1Y_History.csv
2008-11-07,42.8,cboe:VIX1Y_History.csv
2008-11-10,44.01,cboe:VIX1Y_History.csv
2008-11-12,46.83,cboe:VIX1Y_History.csv
2008-11-13,44.84,cboe:VIX1Y_History.csv
2008-11-14,48.02,cboe:VIX1Y_History.csv
2008-11-17,48.95,cboe:VIX1Y_History.csv
2008-11-18,48.5,cboe:VIX1Y_History.csv
2008-11-19,51.98,cboe:VIX1Y_History.csv
2008-11-20,53.53,cboe:VIX1Y_History.csv
2008-11-21,50.96,cboe:VIX1Y_History.csv
2008-11-24,47.61,cboe:VIX1Y_History.csv
2008-11-25,46.91,cboe:VIX1Y_History.csv
2008-11-26,45.27,cboe:VIX1Y_History.csv
2008-11-28,45.48,cboe:VIX1Y_History.csv
2008-12-01,49.64,cboe:VIX1Y_History.csv
2008-12-02,48.54,cboe:VIX1Y_History.csv
2008-12-03,48.24,cboe:VIX1Y_History.csv
2008-12-04,50.09,cboe:VIX1Y_History.csv
2008-12-05,49.38,cboe:VIX1Y_History.csv
2008-12-08,48.09,cboe:VIX1Y_History.csv
2008-12-09,48.83,cboe:VIX1Y_History.csv
2008-12-10,48.1,cboe:VIX1Y_History.csv
2008-12-11,47.75,cboe:VIX1Y_History.csv
2008-12-12,47.42,cboe:VIX1Y_History.csv
2008-12-15,47.65,cboe:VIX1Y_History.csv
2008-12-16,45.57,cboe:VIX1Y_History.csv
2008-12-17,44.96,cboe:VIX1Y_History.csv
2008-12-18,44.2,cboe:VIX1Y_History.csv
2008-12-19,43.4,cboe:VIX1Y_History.csv
2008-12-22,43.36,cboe:VIX1Y_History.csv
2008-12-23,43.09,cboe:VIX1Y_History.csv
2008-12-24,42.76,cboe:VIX1Y_History.csv
2008-12-26,42.5,cboe:VIX1Y_History.csv
2008-12-29,42.38,cboe:VIX1Y_History.csv
2008-12-30,41.33,cboe:VIX1Y_History.csv
2008-12-31,40.69,cboe:VIX1Y_History.csv
2009-01-02,38.46,cboe:VIX1Y_History.csv
2009-01-05,38.64,cboe:VIX1Y_History.csv
2009-01-06,38.44,cboe:VIX1Y_History.csv
2009-01-07,40.01,cboe:VIX1Y_History.csv
2009-01-08,40.05,cboe:VIX1Y_History.csv
2009-01-09,40.54,cboe:VIX1Y_History.csv
2009-01-12,42.52,cboe:VIX1Y_History.csv
2009-01-13,42.33,cboe:VIX1Y_History.csv
2009-01-14,44.35,cboe:VIX1Y_History.csv
2009-01-15,44.97,cboe:VIX1Y_History.csv
2009-01-16,44.08,cboe:VIX1Y_History.csv
2009-01-20,47.1,cboe:VIX1Y_History.csv
2009-01-21,44.1,cboe:VIX1Y_History.csv
2009-01-22,44.22,cboe:VIX1Y_History.csv
2009-01-23,44.02,cboe:VIX1Y_History.csv
2009-01-26,43.11,cboe:VIX1Y_History.csv
2009-01-27,41.81,cboe:VIX1Y_History.csv
2009-01-28,40.61,cboe:VIX1Y_History.csv
2009-01-29,41.57,cboe:VIX1Y_History.csv
2009-01-30,42.52,cboe:VIX1Y_History.csv
2009-02-02,42.25,cboe:VIX1Y_History.csv
2009-02-03,41.23,cboe:VIX1Y_History.csv
2009-02-04,40.94,cboe:VIX1Y_History.csv
2009-02-05,40.81,cboe:VIX1Y_History.csv
2009-02-06,40.48,cboe:VIX1Y_History.csv
2009-02-09,40.42,cboe:VIX1Y_History.csv
2009-02-10,42.18,cboe:VIX1Y_History.csv
2009-02-11,41.29,cboe:VIX1Y_History.csv
2009-02-12,40.62,cboe:VIX1Y_History.csv
2009-02-13,40.63,cboe:VIX1Y_History.csv
2009-02-17,42.07,cboe:VIX1Y_History.csv
2009-02-18,42.3,cboe:VIX1Y_History.csv
2009-02-19,42.08,cboe:VIX1Y_History.csv
2009-02-20,42.92,cboe:VIX1Y_History.csv
2009-02-23,44.05,cboe:VIX1Y_History.csv
2009-02-24,41.9,cboe:VIX1Y_History.csv
2009-02-25,41.77,cboe:VIX1Y_History.csv
2009-02-26,41.89,cboe:VIX1Y_History.csv
2009-02-27,42.2,cboe:VIX1Y_History.csv
2009-03-02,43.83,cboe:VIX1Y_History.csv
2009-03-03,43.13,cboe:VIX1Y_History.csv
2009-03-04,40.97,cboe:VIX1Y_History.csv
2009-03-05,41.49,cboe:VIX1Y_History.csv
2009-03-06,41.12,cboe:VIX1Y_History.csv
2009-03-09,41.0,cboe:VIX1Y_History.csv
2009-03-10,38.36,cboe:VIX1Y_History.csv
2009-03-11,38.42,cboe:VIX1Y_History.csv
2009-03-12,37.45,cboe:VIX1Y_History.csv
2009-03-13,38.62,cboe:VIX1Y_History.csv
2009-03-16,38.66,cboe:VIX1Y_History.csv
2009-03-17,37.83,cboe:VIX1Y_History.csv
2009-03-18,38.12,cboe:VIX1Y_History.csv
2009-03-19,39.99,cboe:VIX1Y_History.csv
2009-03-20,41.69,cboe:VIX1Y_History.csv
2009-03-23,36.49,cboe:VIX1Y_History.csv
2009-03-24,37.16,cboe:VIX1Y_History.csv
2009-03-25,38.81,cboe:VIX1Y_History.csv
2009-03-26,38.31,cboe:VIX1Y_History.csv
2009-03-27,39.49,cboe:VIX1Y_History.csv
2009-03-30,41.26,cboe:VIX1Y_History.csv
2009-03-31,41.03,cboe:VIX1Y_History.csv
2009-04-01,40.17,cboe:VIX1Y_History.csv
2009-04-02,39.93,cboe:VIX1Y_History.csv
2009-04-03,39.76,cboe:VIX1Y_History.csv
2009-04-06,39.95,cboe:VIX1Y_History.csv
2009-04-07,40.05,cboe:VIX1Y_History.csv
2009-04-08,39.53,cboe:VIX1Y_History.csv
2009-04-09,38.5,cboe:VIX1Y_History.csv
2009-04-13,38.51,cboe:VIX1Y_History.csv
2009-04-14,38.9,cboe:VIX1Y_History.csv
2009-04-15,38.45,cboe:VIX1Y_History.csv
2009-04-16,37.64,cboe:VIX1Y_History.csv
2009-04-17,36.73,cboe:VIX1Y_History.csv
2009-04-20,38.55,cboe:VIX1Y_History.csv
2009-04-21,37.8,cboe:VIX1Y_History.csv
2009-04-22,38.42,cboe:VIX1Y_History.csv
2009-04-23,38.17,cboe:VIX1Y_History.csv
2009-04-24,38.11,cboe:VIX1Y_History.csv
2009-04-27,38.55,cboe:VIX1Y_History.csv
2009-04-28,38.14,cboe:VIX1Y_History.csv
2009-04-29,37.04,cboe:VIX1Y_History.csv
2009-04-30,36.74,cboe:VIX1Y_History.csv
2009-05-01,36.24,cboe:VIX1Y_History.csv
2009-05-04,35.07,cboe:VIX1Y_History.csv
2009-05-05,35.26,cboe:VIX1Y_History.csv
2009-05-06,34.34,cboe:VIX1Y_History.csv
2009-05-07,34.66,cboe:VIX1Y_History.csv
2009-05-08,33.57,cboe:VIX1Y_History.csv
2009-05-11,33.94,cboe:VIX1Y_History.csv
2009-05-12,33.33,cboe:VIX1Y_History.csv
2009-05-13,33.72,cboe:VIX1Y_History.csv
2009-05-14,32.51,cboe:VIX1Y_History.csv
2009-05-15,33.05,cboe:VIX1Y_History.csv
2009-05-18,31.74,cboe:VIX1Y_History.csv
2009-05-19,31.38,cboe:VIX1Y_History.csv
2009-05-20,31.46,cboe:VIX1Y_History.csv
2009-05-21,32.61,cboe:VIX1Y_History.csv
2009-05-22,33.15,cboe:VIX1Y_History.csv
2009-05-26,31.98,cboe:VIX1Y_History.csv
2009-05-27,32.64,cboe:VIX1Y_History.csv
2009-05-28,32.43,cboe:VIX1Y_History.csv
2009-05-29,31.52,cboe:VIX1Y_History.csv
2009-06-01,31.57,cboe:VIX1Y_History.csv
2009-06-02,31.58,cboe:VIX1Y_History.csv
2009-06-03,32.7,cboe:VIX1Y_History.csv
2009-06-04,32.49,cboe:VIX1Y_History.csv
2009-06-05,32.58,cboe:VIX1Y_History.csv
2009-06-08,32.68,cboe:VIX1Y_History.csv
2009-06-09,32.16,cboe:VIX1Y_History.csv
2009-06-10,32.07,cboe:VIX1Y_History.csv
2009-06-11,31.51,cboe:VIX1Y_History.csv
2009-06-12,31.27,cboe:VIX1Y_History.csv
2009-06-15,32.2,cboe:VIX1Y_History.csv
2009-06-16,32.67,cboe:VIX1Y_History.csv
2009-06-17,32.68,cboe:VIX1Y_History.csv
2009-06-18,32.43,cboe:VIX1Y_History.csv
2009-06-19,32.46,cboe:VIX1Y_History.csv
2009-06-22,32.96,cboe:VIX1Y_History.csv
2009-06-23,32.79,cboe:VIX1Y_History.csv
2009-06-24,32.42,cboe:VIX1Y_History.csv
2009-06-25,31.41,cboe:VIX1Y_History.csv
2009-06-26,31.49,cboe:VIX1Y_History.csv
2009-06-29,30.42,cboe:VIX1Y_History.csv
2009-06-30,30.61,cboe:VIX1Y_History.csv
2009-07-01,30.44,cboe:VIX1Y_History.csv
2009-07-02,31.43,cboe:VIX1Y_History.csv
2009-07-06,31.51,cboe:VIX1Y_History.csv
2009-07-07,32.2,cboe:VIX1Y_History.csv
2009-07-08,32.51,cboe:VIX1Y_History.csv
2009-07-09,32.31,cboe:VIX1Y_History.csv
2009-07-10,32.41,cboe:VIX1Y_History.csv
2009-07-13,31.67,cboe:VIX1Y_History.csv
2009-07-14,31.33,cboe:VIX1Y_History.csv
2009-07-15,30.87,cboe:VIX1Y_History.csv
2009-07-16,30.21,cboe:VIX1Y_History.csv
2009-07-17,30.3,cboe:VIX1Y_History.csv
2009-07-20,29.95,cboe:VIX1Y_History.csv
2009-07-21,29.8,cboe:VIX1Y_History.csv
2009-07-22,29.7,cboe:VIX1Y_History.csv
2009-07-23,29.84,cboe:VIX1Y_History.csv
2009-07-24,28.96,cboe:VIX1Y_History.csv
2009-07-27,28.9,cboe:VIX1Y_History.csv
2009-07-28,29.48,cboe:VIX1Y_History.csv
2009-07-29,29.68,cboe:VIX1Y_History.csv
2009-07-30,29.48,cboe:VIX1Y_History.csv
2009-07-31,29.8,cboe:VIX1Y_History.csv
2009-08-03,29.19,cboe:VIX1Y_History.csv
2009-08-04,28.9,cboe:VIX1Y_History.csv
2009-08-05,29.05,cboe:VIX1Y_History.csv
2009-08-06,29.44,cboe:VIX1Y_History.csv
2009-08-07,28.92,cboe:VIX1Y_History.csv
2009-08-10,28.91,cboe:VIX1Y_History.csv
2009-08-11,29.54,cboe:VIX1Y_History.csv
2009-08-12,29.25,cboe:VIX1Y_History.csv
2009-08-13,29.02,cboe:VIX1Y_History.csv
2009-08-14,29.01,cboe:VIX1Y_History.csv
2009-08-17,30.63,cboe:VIX1Y_History.csv
2009-08-18,30.3,cboe:VIX1Y_History.csv
2009-08-19,30.32,cboe:VIX1Y_History.csv
2009-08-20,30.09,cboe:VIX1Y_History.csv
2009-08-21,29.93,cboe:VIX1Y_History.csv
2009-08-24,30.0,cboe:VIX1Y_History.csv
2009-08-25,30.12,cboe:VIX1Y_History.csv
2009-08-26,30.25,cboe:VIX1Y_History.csv
2009-08-27,30.27,cboe:VIX1Y_History.csv
2009-08-28,30.14,cboe:VIX1Y_History.csv
2009-08-31,30.61,cboe:VIX1Y_History.csv
2009-09-01,31.57,cboe:VIX1Y_History.csv
2009-09-02,31.85,cboe:VIX1Y_History.csv
2009-09-03,31.05,cboe:VIX1Y_History.csv
2009-09-04,30.54,cboe:VIX1Y_History.csv
2009-09-08,30.25,cboe:VIX1Y_History.csv
2009-09-09,29.65,cboe:VIX1Y_History.csv
2009-09-10,28.98,cboe:VIX1Y_History.csv
2009-09-11,29.14,cboe:VIX1Y_History.csv
2009-09-14,28.94,cboe:VIX1Y_History.csv
2009-09-15,28.85,cboe:VIX1Y_History.csv
2009-09-16,28.47,cboe:VIX1Y_History.csv
2009-09-17,28.48,cboe:VIX1Y_History.csv
2009-09-18,28.77,cboe:VIX1Y_History.csv
2009-09-21,28.49,cboe:VIX1Y_History.csv
2009-09-22,28.59,cboe:VIX1Y_History.csv
2009-09-23,28.77,cboe:VIX1Y_History.csv
2009-09-24,29.52,cboe:VIX1Y_History.csv
2009-09-25,29.43,cboe:VIX1Y_History.csv
2009-09-28,28.87,cboe:VIX1Y_History.csv
2009-09-29,29.03,cboe:VIX1Y_History.csv
2009-09-30,29.02,cboe:VIX1Y_History.csv
2009-10-01,30.07,cboe:VIX1Y_History.csv
2009-10-02,30.25,cboe:VIX1Y_History.csv
2009-10-05,29.44,cboe:VIX1Y_History.csv
2009-10-06,28.77,cboe:VIX1Y_History.csv
2009-10-07,28.64,cboe:VIX1Y_History.csv
2009-10-08,28.39,cboe:VIX1Y_History.csv
2009-10-09,27.92,cboe:VIX1Y_History.csv
2009-10-13,27.86,cboe:VIX1Y_History.csv
2009-10-14,27.53,cboe:VIX1Y_History.csv
2009-10-15,27.21,cboe:VIX1Y_History.csv
2009-10-16,27.41,cboe:VIX1Y_History.csv
2009-10-19,27.13,cboe:VIX1Y_History.csv
2009-10-20,27.13,cboe:VIX1Y_History.csv
2009-10-21,27.63,cboe:VIX1Y_History.csv
2009-10-22,26.79,cboe:VIX1Y_History.csv
2009-10-23,27.36,cboe:VIX1Y_History.csv
2009-10-26,27.83,cboe:VIX1Y_History.csv
2009-10-27,27.79,cboe:VIX1Y_History.csv
2009-10-28,28.7,cboe:VIX1Y_History.csv
2009-10-29,27.79,cboe:VIX1Y_History.csv
2009-10-30,29.52,cboe:VIX1Y_History.csv
2009-11-02,29.47,cboe:VIX1Y_History.csv
2009-11-03,29.77,cboe:VIX1Y_History.csv
2009-11-04,29.45,cboe:VIX1Y_History.csv
2009-11-05,28.69,cboe:VIX1Y_History.csv
2009-11-06,28.4,cboe:VIX1Y_History.csv
2009-11-09,27.64,cboe:VIX1Y_History.csv
2009-11-10,27.81,cboe:VIX1Y_History.csv
2009-11-12,28.73,cboe:VIX1Y_History.csv
2009-11-13,28.56,cboe:VIX1Y_History.csv
2009-11-16,28.17,cboe:VIX1Y_History.csv
2009-11-17,28.21,cboe:VIX1Y_History.csv
2009-11-18,28.4,cboe:VIX1Y_History.csv
2009-11-19,28.88,cboe:VIX1Y_History.csv
2009-11-20,28.68,cboe:VIX1Y_History.csv
2009-11-23,28.26,cboe:VIX1Y_History.csv
2009-11-24,27.68,cboe:VIX1Y_History.csv
2009-11-25,27.67,cboe:VIX1Y_History.csv
2009-11-27,28.84,cboe:VIX1Y_History.csv
2009-11-30,28.89,cboe:VIX1Y_History.csv
2009-12-01,28.23,cboe:VIX1Y_History.csv
2009-12-02,28.33,cboe:VIX1Y_History.csv
2009-12-03,28.64,cboe:VIX1Y_History.csv
2009-12-04,28.26,cboe:VIX1Y_History.csv
2009-12-07,28.32,cboe:VIX1Y_History.csv
2009-12-08,28.4,cboe:VIX1Y_History.csv
2009-12-09,28.23,cboe:VIX1Y_History.csv
2009-12-10,28.4,cboe:VIX1Y_History.csv
2009-12-11,27.78,cboe:VIX1Y_History.csv
2009-12-14,27.97,cboe:VIX1Y_History.csv
2009-12-15,27.94,cboe:VIX1Y_History.csv
2009-12-16,27.55,cboe:VIX1Y_History.csv
2009-12-17,27.97,cboe:VIX1Y_History.csv
2009-12-18,27.3,cboe:VIX1Y_History.csv
2009-12-21,26.77,cboe:VIX1Y_History.csv
2009-12-22,26.06,cboe:VIX1Y_History.csv
2009-12-23,26.43,cboe:VIX1Y_History.csv
2009-12-24,26.01,cboe:VIX1Y_History.csv
2009-12-28,25.92,cboe:VIX1Y_History.csv
2009-12-29,25.94,cboe:VIX1Y_History.csv
2009-12-30,25.74,cboe:VIX1Y_History.csv
2009-12-31,26.33,cboe:VIX1Y_History.csv
2010-01-04,25.8,cboe:VIX1Y_History.csv
2010-01-05,25.56,cboe:VIX1Y_History.csv
2010-01-06,24.99,cboe:VIX1Y_History.csv
2010-01-07,24.7,cboe:VIX1Y_History.csv
2010-01-08,24.18,cboe:VIX1Y_History.csv
2010-01-11,23.99,cboe:VIX1Y_History.csv
2010-01-12,24.22,cboe:VIX1Y_History.csv
2010-01-13,23.8,cboe:VIX1Y_History.csv
2010-01-14,23.36,cboe:VIX1Y_History.csv
2010-01-15,24.07,cboe:VIX1Y_History.csv
2010-01-19,23.53,cboe:VIX1Y_History.csv
2010-01-20,23.72,cboe:VIX1Y_History.csv
2010-01-21,24.83,cboe:VIX1Y_History.csv
2010-01-22,26.42,cboe:VIX1Y_History.csv
2010-01-25,26.09,cboe:VIX1Y_History.csv
2010-01-26,25.84,cboe:VIX1Y_History.csv
2010-01-27,25.67,cboe:VIX1Y_History.csv
2010-01-28,26.08,cboe:VIX1Y_History.csv
2010-01-29,26.43,cboe:VIX1Y_History.csv
2010-02-01,25.38,cboe:VIX1Y_History.csv
2010-02-02,24.84,cboe:VIX1Y_History.csv
2010-02-03,24.93,cboe:VIX1Y_History.csv
2010-02-04,26.83,cboe:VIX1Y_History.csv
2010-02-05,27.16,cboe:VIX1Y_History.csv
2010-02-08,27.4,cboe:VIX1Y_History.csv
2010-02-09,27.43,cboe:VIX1Y_History.csv
2010-02-10,27.34,cboe:VIX1Y_History.csv
2010-02-11,26.36,cboe:VIX1Y_History.csv
2010-02-12,26.27,cboe:VIX1Y_History.csv
2010-02-16,25.54,cboe:VIX1Y_History.csv
2010-02-17,25.22,cboe:VIX1Y_History.csv
2010-02-18,24.81,cboe:VIX1Y_History.csv
2010-02-19,24.36,cboe:VIX1Y_History.csv
2010-02-22,24.08,cboe:VIX1Y_History.csv
2010-02-23,24.57,cboe:VIX1Y_History.csv
2010-02-24,24.28,cboe:VIX1Y_History.csv
2010-02-25,24.24,cboe:VIX1Y_History.csv
2010-02-26,24.01,cboe:VIX1Y_History.csv
2010-03-01,23.73,cboe:VIX1Y_History.csv
2010-03-02,23.58,cboe:VIX1Y_History.csv
2010-03-03,23.37,cboe:VIX1Y_History.csv
2010-03-04,23.56,cboe:VIX1Y_History.csv
2010-03-05,23.18,cboe:VIX1Y_History.csv
2010-03-08,23.05,cboe:VIX1Y_History.csv
2010-03-09,22.94,cboe:VIX1Y_History.csv
2010-03-10,23.24,cboe:VIX1Y_History.csv
2010-03-11,23.44,cboe:VIX1Y_History.csv
2010-03-12,23.34,cboe:VIX1Y_History.csv
2010-03-15,23.31,cboe:VIX1Y_History.csv
2010-03-16,23.06,cboe:VIX1Y_History.csv
2010-03-17,22.75,cboe:VIX1Y_History.csv
2010-03-18,22.7,cboe:VIX1Y_History.csv
2010-03-19,23.33,cboe:VIX1Y_History.csv
2010-03-22,22.83,cboe:VIX1Y_History.csv
2010-03-23,22.62,cboe:VIX1Y_History.csv
2010-03-24,22.97,cboe:VIX1Y_History.csv
2010-03-25,23.26,cboe:VIX1Y_History.csv
2010-03-26,22.99,cboe:VIX1Y_History.csv
2010-03-29,22.96,cboe:VIX1Y_History.csv
2010-03-30,22.84,cboe:VIX1Y_History.csv
2010-03-31,22.95,cboe:VIX1Y_History.csv
2010-04-01,23.13,cboe:VIX1Y_History.csv
2010-04-05,22.81,cboe:VIX1Y_History.csv
2010-04-06,22.73,cboe:VIX1Y_History.csv
2010-04-07,22.87,cboe:VIX1Y_History.csv
2010-04-08,22.92,cboe:VIX1Y_History.csv
2010-04-09,22.67,cboe:VIX1Y_History.csv
2010-04-12,22.8,cboe:VIX1Y_History.csv
2010-04-13,22.94,cboe:VIX1Y_History.csv
2010-04-14,22.88,cboe:VIX1Y_History.csv
2010-04-15,23.52,cboe:VIX1Y_History.csv
2010-04-16,24.32,cboe:VIX1Y_History.csv
2010-04-19,24.49,cboe:VIX1Y_History.csv
2010-04-20,23.84,cboe:VIX1Y_History.csv
2010-04-21,24.32,cboe:VIX1Y_History.csv
2010-04-22,24.49,cboe:VIX1Y_History.csv
2010-04-23,23.81,cboe:VIX1Y_History.csv
2010-04-26,24.46,cboe:VIX1Y_History.csv
2010-04-27,26.01,cboe:VIX1Y_History.csv
2010-04-28,25.99,cboe:VIX1Y_History.csv
2010-04-29,25.16,cboe:VIX1Y_History.csv
2010-04-30,26.8,cboe:VIX1Y_History.csv
2010-05-03,26.29,cboe:VIX1Y_History.csv
2010-05-04,27.91,cboe:VIX1Y_History.csv
2010-05-05,28.9,cboe:VIX1Y_History.csv
2010-05-06,33.66,cboe:VIX1Y_History.csv
2010-05-07,35.11,cboe:VIX1Y_History.csv
2010-05-10,29.69,cboe:VIX1Y_History.csv
2010-05-11,31.69,cboe:VIX1Y_History.csv
2010-05-12,27.92,cboe:VIX1Y_History.csv
2010-05-13,29.93,cboe:VIX1Y_History.csv
2010-05-14,30.66,cboe:VIX1Y_History.csv
2010-05-17,30.84,cboe:VIX1Y_History.csv
2010-05-18,32.17,cboe:VIX1Y_History.csv
2010-05-19,34.11,cboe:VIX1Y_History.csv
2010-05-20,38.27,cboe:VIX1Y_History.csv
2010-05-21,37.34,cboe:VIX1Y_History.csv
2010-05-24,36.96,cboe:VIX1Y_History.csv
2010-05-25,35.88,cboe:VIX1Y_History.csv
2010-05-26,35.62,cboe:VIX1Y_History.csv
2010-05-27,32.03,cboe:VIX1Y_History.csv
2010-05-28,33.7,cboe:VIX1Y_History.csv
2010-06-01,33.54,cboe:VIX1Y_History.csv
2010-06-02,32.87,cboe:VIX1Y_History.csv
2010-06-03,32.4,cboe:VIX1Y_History.csv
2010-06-04,34.52,cboe:VIX1Y_History.csv
2010-06-07,35.25,cboe:VIX1Y_History.csv
2010-06-08,33.63,cboe:VIX1Y_History.csv
2010-06-09,33.85,cboe:VIX1Y_History.csv
2010-06-10,32.78,cboe:VIX1Y_History.csv
2010-06-11,32.22,cboe:VIX1Y_History.csv
2010-06-14,31.97,cboe:VIX1Y_History.csv
2010-06-15,30.41,cboe:VIX1Y_History.csv
2010-06-16,30.59,cboe:VIX1Y_History.csv
2010-06-17,30.23,cboe:VIX1Y_History.csv
2010-06-18,30.06,cboe:VIX1Y_History.csv
2010-06-21,30.79,cboe:VIX1Y_History.csv
2010-06-22,32.05,cboe:VIX1Y_History.csv
2010-06-23,32.28,cboe:VIX1Y_History.csv
2010-06-24,33.76,cboe:VIX1Y_History.csv
2010-06-25,33.78,cboe:VIX1Y_History.csv
2010-06-28,33.46,cboe:VIX1Y_History.csv
2010-06-29,36.08,cboe:VIX1Y_History.csv
2010-06-30,37.0,cboe:VIX1Y_History.csv
2010-07-01,36.85,cboe:VIX1Y_History.csv
2010-07-02,36.61,cboe:VIX1Y_History.csv
2010-07-06,35.6,cboe:VIX1Y_History.csv
2010-07-07,33.93,cboe:VIX1Y_History.csv
2010-07-08,33.43,cboe:VIX1Y_History.csv
2010-07-09,32.94,cboe:VIX1Y_History.csv
2010-07-12,33.13,cboe:VIX1Y_History.csv
2010-07-13,32.49,cboe:VIX1Y_History.csv
2010-07-14,33.16,cboe:VIX1Y_History.csv
2010-07-15,33.65,cboe:VIX1Y_History.csv
2010-07-16,34.97,cboe:VIX1Y_History.csv
2010-07-19,34.77,cboe:VIX1Y_History.csv
2010-07-20,33.06,cboe:VIX1Y_History.csv
2010-07-21,33.76,cboe:VIX1Y_History.csv
2010-07-22,32.45,cboe:VIX1Y_History.csv
2010-07-23,31.95,cboe:VIX1Y_History.csv
2010-07-26,31.25,cboe:VIX1Y_History.csv
2010-07-27,30.61,cboe:VIX1Y_History.csv
2010-07-28,30.89,cboe:VIX1Y_History.csv
2010-07-29,30.75,cboe:VIX1Y_History.csv
2010-07-30,30.67,cboe:VIX1Y_History.csv
2010-08-02,29.56,cboe:VIX1Y_History.csv
2010-08-03,30.03,cboe:VIX1Y_History.csv
2010-08-04,29.95,cboe:VIX1Y_History.csv
2010-08-05,30.22,cboe:VIX1Y_History.csv
2010-08-06,30.18,cboe:VIX1Y_History.csv
2010-08-09,30.02,cboe:VIX1Y_History.csv
2010-08-10,30.46,cboe:VIX1Y_History.csv
2010-08-11,32.17,cboe:VIX1Y_History.csv
2010-08-12,32.82,cboe:VIX1Y_History.csv
2010-08-13,33.25,cboe:VIX1Y_History.csv
2010-08-16,33.3,cboe:VIX1Y_History.csv
2010-08-17,32.97,cboe:VIX1Y_History.csv
2010-08-18,32.87,cboe:VIX1Y_History.csv
2010-08-19,33.71,cboe:VIX1Y_History.csv
2010-08-20,33.64,cboe:VIX1Y_History.csv
2010-08-23,33.93,cboe:VIX1Y_History.csv
2010-08-24,34.56,cboe:VIX1Y_History.csv
2010-08-25,34.13,cboe:VIX1Y_History.csv
2010-08-26,34.4,cboe:VIX1Y_History.csv
2010-08-27,33.63,cboe:VIX1Y_History.csv
2010-08-30,34.65,cboe:VIX1Y_History.csv
2010-08-31,34.37,cboe:VIX1Y_History.csv
2010-09-01,33.25,cboe:VIX1Y_History.csv
2010-09-02,32.63,cboe:VIX1Y_History.csv
2010-09-03,31.43,cboe:VIX1Y_History.csv
2010-09-07,32.17,cboe:VIX1Y_History.csv
2010-09-08,31.92,cboe:VIX1Y_History.csv
2010-09-09,31.57,cboe:VIX1Y_History.csv
2010-09-10,31.22,cboe:VIX1Y_History.csv
2010-09-13,30.3,cboe:VIX1Y_History.csv
2010-09-14,30.28,cboe:VIX1Y_History.csv
2010-09-15,30.35,cboe:VIX1Y_History.csv
2010-09-16,30.52,cboe:VIX1Y_History.csv
2010-09-17,30.75,cboe:VIX1Y_History.csv
2010-09-20,29.2,cboe:VIX1Y_History.csv
2010-09-21,29.45,cboe:VIX1Y_History.csv
2010-09-22,29.88,cboe:VIX1Y_History.csv
2010-09-23,30.95,cboe:VIX1Y_History.csv
2010-09-24,29.75,cboe:VIX1Y_History.csv
2010-09-27,30.33,cboe:VIX1Y_History.csv
2010-09-28,30.49,cboe:VIX1Y_History.csv
2010-09-29,31.06,cboe:VIX1Y_History.csv
2010-09-30,31.42,cboe:VIX1Y_History.csv
2010-10-01,31.02,cboe:VIX1Y_History.csv
2010-10-04,31.53,cboe:VIX1Y_History.csv
2010-10-05,30.81,cboe:VIX1Y_History.csv
2010-10-06,30.81,cboe:VIX1Y_History.csv
2010-10-07,30.79,cboe:VIX1Y_History.csv
2010-10-08,30.22,cboe:VIX1Y_History.csv
2010-10-11,29.84,cboe:VIX1Y_History.csv
2010-10-12,29.37,cboe:VIX1Y_History.csv
2010-10-13,28.84,cboe:VIX1Y_History.csv
2010-10-14,29.17,cboe:VIX1Y_History.csv
2010-10-15,29.15,cboe:VIX1Y_History.csv
2010-10-18,28.84,cboe:VIX1Y_History.csv
2010-10-19,29.7,cboe:VIX1Y_History.csv
2010-10-20,29.16,cboe:VIX1Y_History.csv
2010-10-21,28.77,cboe:VIX1Y_History.csv
2010-10-22,28.29,cboe:VIX1Y_History.csv
2010-10-25,27.44,cboe:VIX1Y_History.csv
2010-10-26,27.36,cboe:VIX1Y_History.csv
2010-10-27,27.78,cboe:VIX1Y_History.csv
2010-10-28,27.44,cboe:VIX1Y_History.csv
2010-10-29,27.31,cboe:VIX1Y_History.csv
2010-11-01,27.5,cboe:VIX1Y_History.csv
2010-11-02,27.24,cboe:VIX1Y_History.csv
2010-11-03,26.44,cboe:VIX1Y_History.csv
2010-11-04,25.77,cboe:VIX1Y_History.csv
2010-11-05,25.82,cboe:VIX1Y_History.csv
2010-11-08,25.82,cboe:VIX1Y_History.csv
2010-11-09,26.32,cboe:VIX1Y_History.csv
2010-11-10,26.42,cboe:VIX1Y_History.csv
2010-11-11,27.47,cboe:VIX1Y_History.csv
2010-11-12,27.6,cboe:VIX1Y_History.csv
2010-11-15,27.25,cboe:VIX1Y_History.csv
2010-11-16,28.34,cboe:VIX1Y_History.csv
2010-11-17,28.01,cboe:VIX1Y_History.csv
2010-11-18,27.2,cboe:VIX1Y_History.csv
2010-11-19,27.01,cboe:VIX1Y_History.csv
2010-11-22,26.57,cboe:VIX1Y_History.csv
2010-11-23,27.32,cboe:VIX1Y_History.csv
2010-11-24,26.93,cboe:VIX1Y_History.csv
2010-11-26,28.06,cboe:VIX1Y_History.csv
2010-11-29,27.89,cboe:VIX1Y_History.csv
2010-11-30,28.82,cboe:VIX1Y_History.csv
2010-12-01,28.02,cboe:VIX1Y_History.csv
2010-12-02,26.8,cboe:VIX1Y_History.csv
2010-12-03,26.41,cboe:VIX1Y_History.csv
2010-12-06,26.14,cboe:VIX1Y_History.csv
2010-12-07,26.09,cboe:VIX1Y_History.csv
2010-12-08,25.94,cboe:VIX1Y_History.csv
2010-12-09,25.48,cboe:VIX1Y_History.csv
2010-12-10,25.4,cboe:VIX1Y_History.csv
2010-12-13,25.49,cboe:VIX1Y_History.csv
2010-12-14,25.58,cboe:VIX1Y_History.csv
2010-12-15,25.82,cboe:VIX1Y_History.csv
2010-12-16,25.7,cboe:VIX1Y_History.csv
2010-12-17,25.85,cboe:VIX1Y_History.csv
2010-12-20,25.62,cboe:VIX1Y_History.csv
2010-12-21,25.58,cboe:VIX1Y_History.csv
2010-12-22,25.58,cboe:VIX1Y_History.csv
2010-12-23,26.14,cboe:VIX1Y_History.csv
2010-12-27,26.44,cboe:VIX1Y_History.csv
2010-12-28,26.43,cboe:VIX1Y_History.csv
2010-12-29,26.35,cboe:VIX1Y_History.csv
2010-12-30,26.43,cboe:VIX1Y_History.csv
2010-12-31,26.32,cboe:VIX1Y_History.csv
2011-01-03,26.26,cboe:VIX1Y_History.csv
2011-01-04,25.8,cboe:VIX1Y_History.csv
2011-01-05,25.62,cboe:VIX1Y_History.csv
2011-01-06,25.61,cboe:VIX1Y_History.csv
2011-01-07,25.57,cboe:VIX1Y_History.csv
2011-01-10,25.81,cboe:VIX1Y_History.csv
2011-01-11,25.55,cboe:VIX1Y_History.csv
2011-01-12,24.72,cboe:VIX1Y_History.csv
2011-01-13,24.7,cboe:VIX1Y_History.csv
2011-01-14,24.48,cboe:VIX1Y_History.csv
2011-01-18,24.29,cboe:VIX1Y_History.csv
2011-01-19,24.76,cboe:VIX1Y_History.csv
2011-01-20,24.77,cboe:VIX1Y_History.csv
2011-01-21,24.92,cboe:VIX1Y_History.csv
2011-01-24,24.6,cboe:VIX1Y_History.csv
2011-01-25,24.18,cboe:VIX1Y_History.csv
2011-01-26,23.48,cboe:VIX1Y_History.csv
2011-01-27,23.04,cboe:VIX1Y_History.csv
2011-01-28,24.14,cboe:VIX1Y_History.csv
2011-01-31,23.9,cboe:VIX1Y_History.csv
2011-02-01,23.15,cboe:VIX1Y_History.csv
2011-02-02,23.21,cboe:VIX1Y_History.csv
2011-02-03,23.02,cboe:VIX1Y_History.csv
2011-02-04,22.82,cboe:VIX1Y_History.csv
2011-02-07,22.53,cboe:VIX1Y_History.csv
2011-02-08,22.01,cboe:VIX1Y_History.csv
2011-02-09,22.09,cboe:VIX1Y_History.csv
2011-02-10,22.06,cboe:VIX1Y_History.csv
2011-02-11,22.28,cboe:VIX1Y_History.csv
2011-02-14,22.44,cboe:VIX1Y_History.csv
2011-02-15,22.71,cboe:VIX1Y_History.csv
2011-02-16,22.53,cboe:VIX1Y_History.csv
2011-02-17,22.74,cboe:VIX1Y_History.csv
2011-02-18,23.02,cboe:VIX1Y_History.csv
2011-02-22,24.72,cboe:VIX1Y_History.csv
2011-02-23,25.3,cboe:VIX1Y_History.csv
2011-02-24,25.39,cboe:VIX1Y_History.csv
2011-02-25,24.46,cboe:VIX1Y_History.csv
2011-02-28,23.44,cboe:VIX1Y_History.csv
2011-03-01,24.54,cboe:VIX1Y_History.csv
2011-03-02,24.53,cboe:VIX1Y_History.csv
2011-03-03,23.8,cboe:VIX1Y_History.csv
2011-03-04,24.25,cboe:VIX1Y_History.csv
2011-03-07,24.79,cboe:VIX1Y_History.csv
2011-03-08,24.58,cboe:VIX1Y_History.csv
2011-03-09,24.86,cboe:VIX1Y_History.csv
2011-03-10,25.65,cboe:VIX1Y_History.csv
2011-03-11,25.24,cboe:VIX1Y_History.csv
2011-03-14,25.72,cboe:VIX1Y_History.csv
2011-03-15,26.5,cboe:VIX1Y_History.csv
2011-03-16,27.84,cboe:VIX1Y_History.csv
2011-03-17,26.96,cboe:VIX1Y_History.csv
2011-03-18,26.37,cboe:VIX1Y_History.csv
2011-03-21,24.61,cboe:VIX1Y_History.csv
2011-03-22,24.48,cboe:VIX1Y_History.csv
2011-03-23,24.34,cboe:VIX1Y_History.csv
2011-03-24,23.73,cboe:VIX1Y_History.csv
2011-03-25,23.78,cboe:VIX1Y_History.csv
2011-03-28,24.11,cboe:VIX1Y_History.csv
2011-03-29,23.69,cboe:VIX1Y_History.csv
2011-03-30,23.54,cboe:VIX1Y_History.csv
2011-03-31,23.58,cboe:VIX1Y_History.csv
2011-04-01,23.46,cboe:VIX1Y_History.csv
2011-04-04,23.31,cboe:VIX1Y_History.csv
2011-04-05,23.33,cboe:VIX1Y_History.csv
2011-04-06,23.47,cboe:VIX1Y_History.csv
2011-04-07,23.87,cboe:VIX1Y_History.csv
2011-04-08,24.29,cboe:VIX1Y_History.csv
2011-04-11,24.15,cboe:VIX1Y_History.csv
2011-04-12,24.4,cboe:VIX1Y_History.csv
2011-04-13,24.23,cboe:VIX1Y_History.csv
2011-04-14,24.35,cboe:VIX1Y_History.csv
2011-04-15,23.86,cboe:VIX1Y_History.csv
2011-04-18,24.42,cboe:VIX1Y_History.csv
2011-04-19,23.94,cboe:VIX1Y_History.csv
2011-04-20,23.37,cboe:VIX1Y_History.csv
2011-04-21,23.34,cboe:VIX1Y_History.csv
2011-04-25,23.35,cboe:VIX1Y_History.csv
2011-04-26,23.2,cboe:VIX1Y_History.csv
2011-04-27,22.89,cboe:VIX1Y_History.csv
2011-04-28,22.62,cboe:VIX1Y_History.csv
2011-04-29,22.45,cboe:VIX1Y_History.csv
2011-05-02,22.9,cboe:VIX1Y_History.csv
2011-05-03,23.25,cboe:VIX1Y_History.csv
2011-05-04,23.5,cboe:VIX1Y_History.csv
2011-05-05,23.74,cboe:VIX1Y_History.csv
2011-05-06,23.76,cboe:VIX1Y_History.csv
2011-05-09,23.45,cboe:VIX1Y_History.csv
2011-05-10,23.04,cboe:VIX1Y_History.csv
2011-05-11,23.4,cboe:VIX1Y_History.csv
2011-05-12,23.05,cboe:VIX1Y_History.csv
2011-05-13,23.45,cboe:VIX1Y_History.csv
2011-05-16,23.77,cboe:VIX1Y_History.csv
2011-05-17,23.61,cboe:VIX1Y_History.csv
2011-05-18,23.11,cboe:VIX1Y_History.csv
2011-05-19,23.04,cboe:VIX1Y_History.csv
2011-05-20,23.96,cboe:VIX1Y_History.csv
2011-05-23,24.23,cboe:VIX1Y_History.csv
2011-05-24,23.76,cboe:VIX1Y_History.csv
2011-05-25,23.68,cboe:VIX1Y_History.csv
2011-05-26,23.02,cboe:VIX1Y_History.csv
2011-05-27,22.74,cboe:VIX1Y_History.csv
2011-05-31,22.13,cboe:VIX1Y_History.csv
2011-06-01,23.22,cboe:VIX1Y_History.csv
2011-06-02,23.24,cboe:VIX1Y_History.csv
2011-06-03,24.63,cboe:VIX1Y_History.csv
2011-06-06,23.62,cboe:VIX1Y_History.csv
2011-06-07,23.34,cboe:VIX1Y_History.csv
2011-06-08,23.5,cboe:VIX1Y_History.csv
2011-06-09,23.03,cboe:VIX1Y_History.csv
2011-06-10,22.43,cboe:VIX1Y_History.csv
2011-06-13,23.56,cboe:VIX1Y_History.csv
2011-06-14,22.94,cboe:VIX1Y_History.csv
2011-06-15,24.17,cboe:VIX1Y_History.csv
2011-06-16,25.1,cboe:VIX1Y_History.csv
2011-06-17,24.94,cboe:VIX1Y_History.csv
2011-06-20,24.51,cboe:VIX1Y_History.csv
2011-06-21,24.14,cboe:VIX1Y_History.csv
2011-06-22,24.4,cboe:VIX1Y_History.csv
2011-06-23,25.3,cboe:VIX1Y_History.csv
2011-06-24,25.53,cboe:VIX1Y_History.csv
2011-06-27,25.49,cboe:VIX1Y_History.csv
2011-06-28,24.89,cboe:VIX1Y_History.csv
2011-06-29,24.54,cboe:VIX1Y_History.csv
2011-06-30,23.97,cboe:VIX1Y_History.csv
2011-07-01,23.04,cboe:VIX1Y_History.csv
2011-07-05,22.95,cboe:VIX1Y_History.csv
2011-07-06,23.12,cboe:VIX1Y_History.csv
2011-07-07,21.68,cboe:VIX1Y_History.csv
2011-07-08,22.47,cboe:VIX1Y_History.csv
2011-07-11,23.59,cboe:VIX1Y_History.csv
2011-07-12,24.2,cboe:VIX1Y_History.csv
2011-07-13,24.27,cboe:VIX1Y_History.csv
2011-07-14,24.72,cboe:VIX1Y_History.csv
2011-07-15,24.42,cboe:VIX1Y_History.csv
2011-07-18,25.0,cboe:VIX1Y_History.csv
2011-07-19,24.21,cboe:VIX1Y_History.csv
2011-07-20,24.24,cboe:VIX1Y_History.csv
2011-07-21,23.24,cboe:VIX1Y_History.csv
2011-07-22,23.17,cboe:VIX1Y_History.csv
2011-07-25,23.71,cboe:VIX1Y_History.csv
2011-07-26,23.89,cboe:VIX1Y_History.csv
2011-07-27,24.81,cboe:VIX1Y_History.csv
2011-07-28,24.75,cboe:VIX1Y_History.csv
2011-07-29,25.04,cboe:VIX1Y_History.csv
2011-08-01,24.31,cboe:VIX1Y_History.csv
2011-08-02,25.38,cboe:VIX1Y_History.csv
2011-08-03,25.23,cboe:VIX1Y_History.csv
2011-08-04,28.11,cboe:VIX1Y_History.csv
2011-08-05,29.06,cboe:VIX1Y_History.csv
2011-08-08,33.6,cboe:VIX1Y_History.csv
2011-08-09,29.59,cboe:VIX1Y_History.csv
2011-08-10,32.59,cboe:VIX1Y_History.csv
2011-08-11,31.15,cboe:VIX1Y_History.csv
2011-08-12,30.67,cboe:VIX1Y_History.csv
2011-08-15,29.96,cboe:VIX1Y_History.csv
2011-08-16,29.73,cboe:VIX1Y_History.csv
2011-08-17,29.57,cboe:VIX1Y_History.csv
2011-08-18,32.33,cboe:VIX1Y_History.csv
2011-08-19,33.69,cboe:VIX1Y_History.csv
2011-08-22,33.84,cboe:VIX1Y_History.csv
2011-08-23,32.31,cboe:VIX1Y_History.csv
2011-08-24,33.12,cboe:VIX1Y_History.csv
2011-08-25,34.28,cboe:VIX1Y_History.csv
2011-08-26,33.36,cboe:VIX1Y_History.csv
2011-08-29,32.18,cboe:VIX1Y_History.csv
2011-08-30,32.21,cboe:VIX1Y_History.csv
2011-08-31,31.7,cboe:VIX1Y_History.csv
2011-09-01,32.2,cboe:VIX1Y_History.csv
2011-09-02,33.23,cboe:VIX1Y_History.csv
2011-09-06,33.76,cboe:VIX1Y_History.csv
2011-09-07,32.44,cboe:VIX1Y_History.csv
2011-09-08,33.0,cboe:VIX1Y_History.csv
2011-09-09,34.62,cboe:VIX1Y_History.csv
2011-09-12,34.81,cboe:VIX1Y_History.csv
2011-09-13,34.78,cboe:VIX1Y_History.csv
2011-09-14,34.16,cboe:VIX1Y_History.csv
2011-09-15,33.29,cboe:VIX1Y_History.csv
2011-09-16,33.09,cboe:VIX1Y_History.csv
2011-09-19,33.24,cboe:VIX1Y_History.csv
2011-09-20,32.95,cboe:VIX1Y_History.csv
2011-09-21,35.03,cboe:VIX1Y_History.csv
2011-09-22,35.76,cboe:VIX1Y_History.csv
2011-09-23,36.27,cboe:VIX1Y_History.csv
2011-09-26,35.55,cboe:VIX1Y_History.csv
2011-09-27,35.49,cboe:VIX1Y_History.csv
2011-09-28,36.91,cboe:VIX1Y_History.csv
2011-09-29,36.14,cboe:VIX1Y_History.csv
2011-09-30,37.96,cboe:VIX1Y_History.csv
2011-10-03,39.89,cboe:VIX1Y_History.csv
2011-10-04,38.34,cboe:VIX1Y_History.csv
2011-10-05,37.31,cboe:VIX1Y_History.csv
2011-10-06,36.23,cboe:VIX1Y_History.csv
2011-10-07,36.48,cboe:VIX1Y_History.csv
2011-10-10,35.25,cboe:VIX1Y_History.csv
2011-10-11,34.97,cboe:VIX1Y_History.csv
2011-10-12,33.92,cboe:VIX1Y_History.csv
2011-10-13,33.56,cboe:VIX1Y_History.csv
2011-10-14,32.26,cboe:VIX1Y_History.csv
2011-10-17,33.98,cboe:VIX1Y_History.csv
2011-10-18,33.56,cboe:VIX1Y_History.csv
2011-10-19,34.73,cboe:VIX1Y_History.csv
2011-10-20,35.15,cboe:VIX1Y_History.csv
2011-10-21,33.54,cboe:VIX1Y_History.csv
2011-10-24,32.32,cboe:VIX1Y_History.csv
2011-10-25,33.3,cboe:VIX1Y_History.csv
2011-10-26,32.42,cboe:VIX1Y_History.csv
2011-10-27,29.77,cboe:VIX1Y_History.csv
2011-10-28,29.44,cboe:VIX1Y_History.csv
2011-10-31,31.69,cboe:VIX1Y_History.csv
2011-11-01,34.28,cboe:VIX1Y_History.csv
2011-11-02,33.75,cboe:VIX1Y_History.csv
2011-11-03,32.78,cboe:VIX1Y_History.csv
2011-11-04,33.01,cboe:VIX1Y_History.csv
2011-11-07,32.79,cboe:VIX1Y_History.csv
2011-11-08,32.23,cboe:VIX1Y_History.csv
2011-11-09,35.28,cboe:VIX1Y_History.csv
2011-11-10,34.54,cboe:VIX1Y_History.csv
2011-11-11,33.47,cboe:VIX1Y_History.csv
2011-11-14,34.06,cboe:VIX1Y_History.csv
2011-11-15,33.96,cboe:VIX1Y_History.csv
2011-11-16,35.19,cboe:VIX1Y_History.csv
2011-11-17,36.32,cboe:VIX1Y_History.csv
2011-11-18,35.87,cboe:VIX1Y_History.csv
2011-11-21,36.45,cboe:VIX1Y_History.csv
2011-11-22,35.78,cboe:VIX1Y_History.csv
2011-11-23,36.88,cboe:VIX1Y_History.csv
2011-11-25,37.25,cboe:VIX1Y_History.csv
2011-11-28,35.25,cboe:VIX1Y_History.csv
2011-11-29,34.74,cboe:VIX1Y_History.csv
2011-11-30,33.24,cboe:VIX1Y_History.csv
2011-12-01,32.71,cboe:VIX1Y_History.csv
2011-12-02,32.61,cboe:VIX1Y_History.csv
2011-12-05,32.29,cboe:VIX1Y_History.csv
2011-12-06,32.63,cboe:VIX1Y_History.csv
2011-12-07,32.67,cboe:VIX1Y_History.csv
2011-12-08,33.57,cboe:VIX1Y_History.csv
2011-12-09,32.09,cboe:VIX1Y_History.csv
2011-12-12,32.64,cboe:VIX1Y_History.csv
2011-12-13,33.08,cboe:VIX1Y_History.csv
2011-12-14,33.5,cboe:VIX1Y_History.csv
2011-12-15,33.2,cboe:VIX1Y_History.csv
2011-12-16,32.81,cboe:VIX1Y_History.csv
2011-12-19,32.6,cboe:VIX1Y_History.csv
2011-12-20,31.06,cboe:VIX1Y_History.csv
2011-12-21,30.12,cboe:VIX1Y_History.csv
2011-12-22,29.44,cboe:VIX1Y_History.csv
2011-12-23,29.49,cboe:VIX1Y_History.csv
2011-12-27,29.41,cboe:VIX1Y_History.csv
2011-12-28,30.51,cboe:VIX1Y_History.csv
2011-12-29,29.91,cboe:VIX1Y_History.csv
2011-12-30,30.07,cboe:VIX1Y_History.csv
2012-01-03,29.69,cboe:VIX1Y_History.csv
2012-01-04,28.91,cboe:VIX1Y_History.csv
2012-01-05,28.55,cboe:VIX1Y_History.csv
2012-01-06,28.29,cboe:VIX1Y_History.csv
2012-01-09,28.11,cboe:VIX1Y_History.csv
2012-01-10,27.77,cboe:VIX1Y_History.csv
2012-01-11,28.0,cboe:VIX1Y_History.csv
2012-01-12,28.08,cboe:VIX1Y_History.csv
2012-01-13,28.44,cboe:VIX1Y_History.csv
2012-01-17,28.63,cboe:VIX1Y_History.csv
2012-01-18,28.19,cboe:VIX1Y_History.csv
2012-01-19,27.91,cboe:VIX1Y_History.csv
2012-01-20,27.39,cboe:VIX1Y_History.csv
2012-01-23,26.98,cboe:VIX1Y_History.csv
2012-01-24,26.62,cboe:VIX1Y_History.csv
2012-01-25,26.21,cboe:VIX1Y_History.csv
2012-01-26,26.35,cboe:VIX1Y_History.csv
2012-01-27,26.27,cboe:VIX1Y_History.csv
2012-01-30,26.56,cboe:VIX1Y_History.csv
2012-01-31,26.74,cboe:VIX1Y_History.csv
2012-02-01,26.39,cboe:VIX1Y_History.csv
2012-02-02,25.96,cboe:VIX1Y_History.csv
2012-02-03,25.28,cboe:VIX1Y_History.csv
2012-02-06,25.29,cboe:VIX1Y_History.csv
2012-02-07,25.12,cboe:VIX1Y_History.csv
2012-02-08,25.35,cboe:VIX1Y_History.csv
2012-02-09,25.85,cboe:VIX1Y_History.csv
2012-02-10,26.94,cboe:VIX1Y_History.csv
2012-02-13,26.35,cboe:VIX1Y_History.csv
2012-02-14,27.08,cboe:VIX1Y_History.csv
2012-02-15,27.98,cboe:VIX1Y_History.csv
2012-02-16,27.07,cboe:VIX1Y_History.csv
2012-02-17,27.31,cboe:VIX1Y_History.csv
2012-02-21,27.08,cboe:VIX1Y_History.csv
2012-02-22,27.47,cboe:VIX1Y_History.csv
2012-02-23,26.65,cboe:VIX1Y_History.csv
2012-02-24,26.69,cboe:VIX1Y_History.csv
2012-02-27,27.14,cboe:VIX1Y_History.csv
2012-02-28,27.27,cboe:VIX1Y_History.csv
2012-02-29,27.19,cboe:VIX1Y_History.csv
2012-03-01,26.94,cboe:VIX1Y_History.csv
2012-03-02,26.67,cboe:VIX1Y_History.csv
2012-03-05,27.03,cboe:VIX1Y_History.csv
2012-03-06,28.2,cboe:VIX1Y_History.csv
2012-03-07,27.52,cboe:VIX1Y_History.csv
2012-03-08,27.05,cboe:VIX1Y_History.csv
2012-03-09,26.4,cboe:VIX1Y_History.csv
2012-03-12,25.98,cboe:VIX1Y_History.csv
2012-03-13,25.18,cboe:VIX1Y_History.csv
2012-03-14,26.23,cboe:VIX1Y_History.csv
2012-03-15,26.16,cboe:VIX1Y_History.csv
2012-03-16,27.15,cboe:VIX1Y_History.csv
2012-03-19,25.16,cboe:VIX1Y_History.csv
2012-03-20,25.09,cboe:VIX1Y_History.csv
2012-03-21,24.74,cboe:VIX1Y_History.csv
2012-03-22,24.84,cboe:VIX1Y_History.csv
2012-03-23,24.32,cboe:VIX1Y_History.csv
2012-03-26,23.39,cboe:VIX1Y_History.csv
2012-03-27,23.9,cboe:VIX1Y_History.csv
2012-03-28,24.35,cboe:VIX1Y_History.csv
2012-03-29,23.72,cboe:VIX1Y_History.csv
2012-03-30,23.65,cboe:VIX1Y_History.csv
2012-04-02,23.62,cboe:VIX1Y_History.csv
2012-04-03,23.72,cboe:VIX1Y_History.csv
2012-04-04,24.3,cboe:VIX1Y_History.csv
2012-04-05,24.59,cboe:VIX1Y_History.csv
2012-04-09,25.46,cboe:VIX1Y_History.csv
2012-04-10,26.68,cboe:VIX1Y_History.csv
2012-04-11,26.68,cboe:VIX1Y_History.csv
2012-04-12,25.5,cboe:VIX1Y_History.csv
2012-04-13,27.35,cboe:VIX1Y_History.csv
2012-04-16,26.6,cboe:VIX1Y_History.csv
2012-04-17,25.75,cboe:VIX1Y_History.csv
2012-04-18,25.82,cboe:VIX1Y_History.csv
2012-04-19,26.04,cboe:VIX1Y_History.csv
2012-04-20,25.63,cboe:VIX1Y_History.csv
2012-04-23,26.41,cboe:VIX1Y_History.csv
2012-04-24,26.07,cboe:VIX1Y_History.csv
2012-04-25,25.43,cboe:VIX1Y_History.csv
2012-04-26,24.99,cboe:VIX1Y_History.csv
2012-04-27,25.12,cboe:VIX1Y_History.csv
2012-04-30,25.43,cboe:VIX1Y_History.csv
2012-05-01,25.2,cboe:VIX1Y_History.csv
2012-05-02,25.05,cboe:VIX1Y_History.csv
2012-05-03,25.43,cboe:VIX1Y_History.csv
2012-05-04,26.19,cboe:VIX1Y_History.csv
2012-05-07,25.96,cboe:VIX1Y_History.csv
2012-05-08,25.74,cboe:VIX1Y_History.csv
2012-05-09,26.69,cboe:VIX1Y_History.csv
2012-05-10,26.29,cboe:VIX1Y_History.csv
2012-05-11,25.95,cboe:VIX1Y_History.csv
2012-05-14,26.84,cboe:VIX1Y_History.csv
2012-05-15,27.52,cboe:VIX1Y_History.csv
2012-05-16,28.07,cboe:VIX1Y_History.csv
2012-05-17,30.14,cboe:VIX1Y_History.csv
2012-05-18,30.95,cboe:VIX1Y_History.csv
2012-05-21,29.46,cboe:VIX1Y_History.csv
2012-05-22,29.77,cboe:VIX1Y_History.csv
2012-05-23,29.78,cboe:VIX1Y_History.csv
2012-05-24,29.5,cboe:VIX1Y_History.csv
2012-05-25,29.84,cboe:VIX1Y_History.csv
2012-05-29,28.84,cboe:VIX1Y_History.csv
2012-05-30,30.34,cboe:VIX1Y_History.csv
2012-05-31,30.4,cboe:VIX1Y_History.csv
2012-06-01,31.47,cboe:VIX1Y_History.csv
2012-06-04,31.72,cboe:VIX1Y_History.csv
2012-06-05,30.96,cboe:VIX1Y_History.csv
2012-06-06,29.44,cboe:VIX1Y_History.csv
2012-06-07,30.09,cboe:VIX1Y_History.csv
2012-06-08,30.13,cboe:VIX1Y_History.csv
2012-06-11,30.28,cboe:VIX1Y_History.csv
2012-06-12,30.1,cboe:VIX1Y_History.csv
2012-06-13,30.82,cboe:VIX1Y_History.csv
2012-06-14,29.91,cboe:VIX1Y_History.csv
2012-06-15,29.53,cboe:VIX1Y_History.csv
2012-06-18,28.37,cboe:VIX1Y_History.csv
2012-06-19,28.04,cboe:VIX1Y_History.csv
2012-06-20,27.06,cboe:VIX1Y_History.csv
2012-06-21,28.33,cboe:VIX1Y_History.csv
2012-06-22,27.42,cboe:VIX1Y_History.csv
2012-06-25,28.23,cboe:VIX1Y_History.csv
2012-06-26,27.68,cboe:VIX1Y_History.csv
2012-06-27,27.34,cboe:VIX1Y_History.csv
2012-06-28,27.31,cboe:VIX1Y_History.csv
2012-06-29,26.03,cboe:VIX1Y_History.csv
2012-07-02,25.85,cboe:VIX1Y_History.csv
2012-07-03,25.64,cboe:VIX1Y_History.csv
2012-07-05,26.11,cboe:VIX1Y_History.csv
2012-07-06,26.15,cboe:VIX1Y_History.csv
2012-07-09,26.15,cboe:VIX1Y_History.csv
2012-07-10,26.32,cboe:VIX1Y_History.csv
2012-07-11,26.01,cboe:VIX1Y_History.csv
2012-07-12,26.36,cboe:VIX1Y_History.csv
2012-07-13,25.2,cboe:VIX1Y_History.csv
2012-07-16,25.23,cboe:VIX1Y_History.csv
2012-07-17,24.72,cboe:VIX1Y_History.csv
2012-07-18,24.73,cboe:VIX1Y_History.csv
2012-07-19,24.56,cboe:VIX1Y_History.csv
2012-07-20,25.1,cboe:VIX1Y_History.csv
2012-07-23,26.04,cboe:VIX1Y_History.csv
2012-07-24,26.9,cboe:VIX1Y_History.csv
2012-07-25,26.65,cboe:VIX1Y_History.csv
2012-07-26,24.29,cboe:VIX1Y_History.csv
2012-07-27,25.15,cboe:VIX1Y_History.csv
2012-07-30,25.7,cboe:VIX1Y_History.csv
2012-07-31,25.79,cboe:VIX1Y_History.csv
2012-08-01,25.76,cboe:VIX1Y_History.csv
2012-08-02,25.61,cboe:VIX1Y_History.csv
2012-08-03,25.53,cboe:VIX1Y_History.csv
2012-08-06,24.82,cboe:VIX1Y_History.csv
2012-08-07,24.66,cboe:VIX1Y_History.csv
2012-08-08,24.57,cboe:VIX1Y_History.csv
2012-08-09,24.42,cboe:VIX1Y_History.csv
2012-08-10,24.34,cboe:VIX1Y_History.csv
2012-08-13,24.3,cboe:VIX1Y_History.csv
2012-08-14,24.87,cboe:VIX1Y_History.csv
2012-08-15,25.11,cboe:VIX1Y_History.csv
2012-08-16,24.62,cboe:VIX1Y_History.csv
2012-08-17,24.81,cboe:VIX1Y_History.csv
2012-08-20,25.29,cboe:VIX1Y_History.csv
2012-08-21,25.61,cboe:VIX1Y_History.csv
2012-08-22,26.0,cboe:VIX1Y_History.csv
2012-08-23,26.2,cboe:VIX1Y_History.csv
2012-08-24,25.72,cboe:VIX1Y_History.csv
2012-08-27,26.18,cboe:VIX1Y_History.csv
2012-08-28,25.85,cboe:VIX1Y_History.csv
2012-08-29,26.17,cboe:VIX1Y_History.csv
2012-08-30,26.39,cboe:VIX1Y_History.csv
2012-08-31,26.75,cboe:VIX1Y_History.csv
2012-09-04,26.8,cboe:VIX1Y_History.csv
2012-09-05,25.85,cboe:VIX1Y_History.csv
2012-09-06,25.3,cboe:VIX1Y_History.csv
2012-09-07,24.81,cboe:VIX1Y_History.csv
2012-09-10,24.56,cboe:VIX1Y_History.csv
2012-09-11,24.41,cboe:VIX1Y_History.csv
2012-09-12,24.07,cboe:VIX1Y_History.csv
2012-09-13,23.22,cboe:VIX1Y_History.csv
2012-09-14,23.58,cboe:VIX1Y_History.csv
2012-09-17,23.7,cboe:VIX1Y_History.csv
2012-09-18,23.39,cboe:VIX1Y_History.csv
2012-09-19,22.98,cboe:VIX1Y_History.csv
2012-09-20,23.3,cboe:VIX1Y_History.csv
2012-09-21,23.72,cboe:VIX1Y_History.csv
2012-09-24,22.79,cboe:VIX1Y_History.csv
2012-09-25,23.52,cboe:VIX1Y_History.csv
2012-09-26,23.94,cboe:VIX1Y_History.csv
2012-09-27,23.14,cboe:VIX1Y_History.csv
2012-09-28,23.32,cboe:VIX1Y_History.csv
2012-10-01,24.1,cboe:VIX1Y_History.csv
2012-10-02,23.33,cboe:VIX1Y_History.csv
2012-10-03,23.36,cboe:VIX1Y_History.csv
2012-10-04,23.0,cboe:VIX1Y_History.csv
2012-10-05,22.57,cboe:VIX1Y_History.csv
2012-10-08,22.8,cboe:VIX1Y_History.csv
2012-10-09,22.91,cboe:VIX1Y_History.csv
2012-10-10,23.05,cboe:VIX1Y_History.csv
2012-10-11,22.57,cboe:VIX1Y_History.csv
2012-10-12,22.61,cboe:VIX1Y_History.csv
2012-10-15,22.25,cboe:VIX1Y_History.csv
2012-10-16,21.93,cboe:VIX1Y_History.csv
2012-10-17,21.64,cboe:VIX1Y_History.csv
2012-10-18,21.78,cboe:VIX1Y_History.csv
2012-10-19,22.71,cboe:VIX1Y_History.csv
2012-10-22,22.4,cboe:VIX1Y_History.csv
2012-10-23,23.53,cboe:VIX1Y_History.csv
2012-10-24,23.48,cboe:VIX1Y_History.csv
2012-10-25,23.36,cboe:VIX1Y_History.csv
2012-10-26,23.25,cboe:VIX1Y_History.csv
2012-10-31,23.41,cboe:VIX1Y_History.csv
2012-11-01,22.31,cboe:VIX1Y_History.csv
2012-11-02,22.69,cboe:VIX1Y_History.csv
2012-11-05,22.91,cboe:VIX1Y_History.csv
2012-11-06,22.16,cboe:VIX1Y_History.csv
2012-11-07,23.5,cboe:VIX1Y_History.csv
2012-11-08,23.58,cboe:VIX1Y_History.csv
2012-11-09,23.65,cboe:VIX1Y_History.csv
2012-11-12,22.92,cboe:VIX1Y_History.csv
2012-11-13,22.72,cboe:VIX1Y_History.csv
2012-11-14,23.21,cboe:VIX1Y_History.csv
2012-11-15,23.2,cboe:VIX1Y_History.csv
2012-11-16,22.7,cboe:VIX1Y_History.csv
2012-11-19,21.77,cboe:VIX1Y_History.csv
2012-11-20,21.66,cboe:VIX1Y_History.csv
2012-11-21,21.67,cboe:VIX1Y_History.csv
2012-11-23,21.41,cboe:VIX1Y_History.csv
2012-11-26,21.37,cboe:VIX1Y_History.csv
2012-11-27,21.62,cboe:VIX1Y_History.csv
2012-11-28,21.37,cboe:VIX1Y_History.csv
2012-11-29,21.06,cboe:VIX1Y_History.csv
2012-11-30,21.22,cboe:VIX1Y_History.csv
2012-12-03,21.57,cboe:VIX1Y_History.csv
2012-12-04,21.53,cboe:VIX1Y_History.csv
2012-12-05,21.52,cboe:VIX1Y_History.csv
2012-12-06,21.48,cboe:VIX1Y_History.csv
2012-12-07,21.26,cboe:VIX1Y_History.csv
2012-12-10,21.08,cboe:VIX1Y_History.csv
2012-12-11,21.06,cboe:VIX1Y_History.csv
2012-12-12,21.36,cboe:VIX1Y_History.csv
2012-12-13,21.79,cboe:VIX1Y_History.csv
2012-12-14,21.91,cboe:VIX1Y_History.csv
2012-12-17,21.34,cboe:VIX1Y_History.csv
2012-12-18,20.98,cboe:VIX1Y_History.csv
2012-12-19,21.55,cboe:VIX1Y_History.csv
2012-12-20,21.48,cboe:VIX1Y_History.csv
2012-12-21,22.03,cboe:VIX1Y_History.csv
2012-12-24,22.4,cboe:VIX1Y_History.csv
2012-12-26,22.73,cboe:VIX1Y_History.csv
2012-12-27,22.77,cboe:VIX1Y_History.csv
2012-12-28,23.79,cboe:VIX1Y_History.csv
2012-12-31,21.76,cboe:VIX1Y_History.csv
2013-01-02,20.76,cboe:VIX1Y_History.csv
2013-01-03,20.78,cboe:VIX1Y_History.csv
2013-01-04,20.47,cboe:VIX1Y_History.csv
2013-01-07,20.71,cboe:VIX1Y_History.csv
2013-01-08,20.77,cboe:VIX1Y_History.csv
2013-01-09,20.83,cboe:VIX1Y_History.csv
2013-01-10,20.48,cboe:VIX1Y_History.csv
2013-01-11,20.3,cboe:VIX1Y_History.csv
2013-01-14,20.38,cboe:VIX1Y_History.csv
2013-01-15,20.34,cboe:VIX1Y_History.csv
2013-01-16,20.31,cboe:VIX1Y_History.csv
2013-01-17,20.03,cboe:VIX1Y_History.csv
2013-01-18,19.7,cboe:VIX1Y_History.csv
2013-01-22,19.06,cboe:VIX1Y_History.csv
2013-01-23,18.66,cboe:VIX1Y_History.csv
2013-01-24,18.81,cboe:VIX1Y_History.csv
2013-01-25,18.74,cboe:VIX1Y_History.csv
2013-01-28,18.73,cboe:VIX1Y_History.csv
2013-01-29,18.4,cboe:VIX1Y_History.csv
2013-01-30,18.76,cboe:VIX1Y_History.csv
2013-01-31,19.02,cboe:VIX1Y_History.csv
2013-02-01,18.6,cboe:VIX1Y_History.csv
2013-02-04,19.25,cboe:VIX1Y_History.csv
2013-02-05,18.93,cboe:VIX1Y_History.csv
2013-02-06,18.88,cboe:VIX1Y_History.csv
2013-02-07,18.96,cboe:VIX1Y_History.csv
2013-02-08,18.74,cboe:VIX1Y_History.csv
2013-02-11,18.68,cboe:VIX1Y_History.csv
2013-02-12,18.52,cboe:VIX1Y_History.csv
2013-02-13,18.51,cboe:VIX1Y_History.csv
2013-02-14,18.45,cboe:VIX1Y_History.csv
2013-02-15,18.46,cboe:VIX1Y_History.csv
2013-02-19,18.22,cboe:VIX1Y_History.csv
2013-02-20,19.06,cboe:VIX1Y_History.csv
2013-02-21,19.2,cboe:VIX1Y_History.csv
2013-02-22,18.78,cboe:VIX1Y_History.csv
2013-02-25,20.17,cboe:VIX1Y_History.csv
2013-02-26,19.9,cboe:VIX1Y_History.csv
2013-02-27,19.11,cboe:VIX1Y_History.csv
2013-02-28,19.34,cboe:VIX1Y_History.csv
2013-03-01,19.43,cboe:VIX1Y_History.csv
2013-03-04,19.05,cboe:VIX1Y_History.csv
2013-03-05,18.76,cboe:VIX1Y_History.csv
2013-03-06,18.78,cboe:VIX1Y_History.csv
2013-03-07,18.58,cboe:VIX1Y_History.csv
2013-03-08,18.57,cboe:VIX1Y_History.csv
2013-03-11,18.29,cboe:VIX1Y_History.csv
2013-03-12,18.43,cboe:VIX1Y_History.csv
2013-03-13,18.56,cboe:VIX1Y_History.csv
2013-03-14,18.22,cboe:VIX1Y_History.csv
2013-03-15,18.61,cboe:VIX1Y_History.csv
2013-03-18,18.63,cboe:VIX1Y_History.csv
2013-03-19,18.88,cboe:VIX1Y_History.csv
2013-03-20,18.55,cboe:VIX1Y_History.csv
2013-03-21,18.98,cboe:VIX1Y_History.csv
2013-03-22,18.81,cboe:VIX1Y_History.csv
2013-03-25,18.9,cboe:VIX1Y_History.csv
2013-03-26,18.68,cboe:VIX1Y_History.csv
2013-03-27,18.9,cboe:VIX1Y_History.csv
2013-03-28,18.67,cboe:VIX1Y_History.csv
2013-04-01,19.13,cboe:VIX1Y_History.csv
2013-04-02,18.88,cboe:VIX1Y_History.csv
2013-04-03,19.28,cboe:VIX1Y_History.csv
2013-04-04,19.47,cboe:VIX1Y_History.csv
2013-04-05,19.54,cboe:VIX1Y_History.csv
2013-04-08,19.18,cboe:VIX1Y_History.csv
2013-04-09,19.04,cboe:VIX1Y_History.csv
2013-04-10,18.68,cboe:VIX1Y_History.csv
2013-04-11,18.54,cboe:VIX1Y_History.csv
2013-04-12,18.55,cboe:VIX1Y_History.csv
2013-04-15,19.83,cboe:VIX1Y_History.csv
2013-04-16,18.82,cboe:VIX1Y_History.csv
2013-04-17,20.05,cboe:VIX1Y_History.csv
2013-04-18,20.4,cboe:VIX1Y_History.csv
2013-04-19,19.86,cboe:VIX1Y_History.csv
2013-04-22,19.61,cboe:VIX1Y_History.csv
2013-04-23,18.99,cboe:VIX1Y_History.csv
2013-04-24,18.96,cboe:VIX1Y_History.csv
2013-04-25,18.77,cboe:VIX1Y_History.csv
2013-04-26,18.49,cboe:VIX1Y_History.csv
2013-04-29,18.52,cboe:VIX1Y_History.csv
2013-04-30,18.44,cboe:VIX1Y_History.csv
2013-05-01,18.86,cboe:VIX1Y_History.csv
2013-05-02,18.62,cboe:VIX1Y_History.csv
2013-05-03,18.3,cboe:VIX1Y_History.csv
2013-05-06,18.25,cboe:VIX1Y_History.csv
2013-05-07,18.25,cboe:VIX1Y_History.csv
2013-05-08,18.16,cboe:VIX1Y_History.csv
2013-05-09,18.59,cboe:VIX1Y_History.csv
2013-05-10,18.64,cboe:VIX1Y_History.csv
2013-05-13,18.81,cboe:VIX1Y_History.csv
2013-05-14,18.89,cboe:VIX1Y_History.csv
2013-05-15,19.07,cboe:VIX1Y_History.csv
2013-05-16,19.45,cboe:VIX1Y_History.csv
2013-05-17,19.28,cboe:VIX1Y_History.csv
2013-05-20,19.28,cboe:VIX1Y_History.csv
2013-05-21,19.45,cboe:VIX1Y_History.csv
2013-05-22,19.66,cboe:VIX1Y_History.csv
2013-05-23,19.79,cboe:VIX1Y_History.csv
2013-05-24,19.81,cboe:VIX1Y_History.csv
2013-05-28,19.67,cboe:VIX1Y_History.csv
2013-05-29,19.88,cboe:VIX1Y_History.csv
2013-05-30,19.7,cboe:VIX1Y_History.csv
2013-05-31,20.34,cboe:VIX1Y_History.csv
2013-06-03,20.51,cboe:VIX1Y_History.csv
2013-06-04,20.55,cboe:VIX1Y_History.csv
2013-06-05,20.96,cboe:VIX1Y_History.csv
2013-06-06,20.75,cboe:VIX1Y_History.csv
2013-06-07,20.27,cboe:VIX1Y_History.csv
2013-06-10,20.34,cboe:VIX1Y_History.csv
2013-06-11,21.33,cboe:VIX1Y_History.csv
2013-06-12,21.64,cboe:VIX1Y_History.csv
2013-06-13,21.2,cboe:VIX1Y_History.csv
2013-06-14,21.17,cboe:VIX1Y_History.csv
2013-06-17,20.88,cboe:VIX1Y_History.csv
2013-06-18,20.78,cboe:VIX1Y_History.csv
2013-06-19,20.64,cboe:VIX1Y_History.csv
2013-06-20,22.02,cboe:VIX1Y_History.csv
2013-06-21,21.7,cboe:VIX1Y_History.csv
2013-06-24,22.45,cboe:VIX1Y_History.csv
2013-06-25,22.09,cboe:VIX1Y_History.csv
2013-06-26,21.68,cboe:VIX1Y_History.csv
2013-06-27,21.5,cboe:VIX1Y_History.csv
2013-06-28,20.67,cboe:VIX1Y_History.csv
2013-07-01,21.16,cboe:VIX1Y_History.csv
2013-07-02,21.36,cboe:VIX1Y_History.csv
2013-07-03,21.01,cboe:VIX1Y_History.csv
2013-07-05,20.51,cboe:VIX1Y_History.csv
2013-07-08,20.26,cboe:VIX1Y_History.csv
2013-07-09,19.9,cboe:VIX1Y_History.csv
2013-07-10,19.79,cboe:VIX1Y_History.csv
2013-07-11,19.44,cboe:VIX1Y_History.csv
2013-07-12,19.59,cboe:VIX1Y_History.csv
2013-07-15,19.46,cboe:VIX1Y_History.csv
2013-07-16,19.69,cboe:VIX1Y_History.csv
2013-07-17,19.43,cboe:VIX1Y_History.csv
2013-07-18,19.43,cboe:VIX1Y_History.csv
2013-07-19,19.3,cboe:VIX1Y_History.csv
2013-07-22,19.06,cboe:VIX1Y_History.csv
2013-07-23,19.29,cboe:VIX1Y_History.csv
2013-07-24,19.5,cboe:VIX1Y_History.csv
2013-07-25,19.53,cboe:VIX1Y_History.csv
2013-07-26,19.19,cboe:VIX1Y_History.csv
2013-07-29,19.4,cboe:VIX1Y_History.csv
2013-07-30,19.29,cboe:VIX1Y_History.csv
2013-07-31,19.2,cboe:VIX1Y_History.csv
2013-08-01,18.91,cboe:VIX1Y_History.csv
2013-08-02,18.65,cboe:VIX1Y_History.csv
2013-08-05,18.56,cboe:VIX1Y_History.csv
2013-08-06,18.85,cboe:VIX1Y_History.csv
2013-08-07,19.11,cboe:VIX1Y_History.csv
2013-08-08,18.91,cboe:VIX1Y_History.csv
2013-08-09,19.12,cboe:VIX1Y_History.csv
2013-08-12,19.11,cboe:VIX1Y_History.csv
2013-08-13,19.05,cboe:VIX1Y_History.csv
2013-08-14,19.29,cboe:VIX1Y_History.csv
2013-08-15,19.79,cboe:VIX1Y_History.csv
2013-08-16,19.73,cboe:VIX1Y_History.csv
2013-08-19,19.8,cboe:VIX1Y_History.csv
2013-08-20,19.74,cboe:VIX1Y_History.csv
2013-08-21,19.81,cboe:VIX1Y_History.csv
2013-08-22,19.49,cboe:VIX1Y_History.csv
2013-08-23,19.25,cboe:VIX1Y_History.csv
2013-08-26,19.5,cboe:VIX1Y_History.csv
2013-08-27,20.47,cboe:VIX1Y_History.csv
2013-08-28,20.68,cboe:VIX1Y_History.csv
2013-08-29,20.9,cboe:VIX1Y_History.csv
2013-08-30,20.95,cboe:VIX1Y_History.csv
2013-09-03,20.72,cboe:VIX1Y_History.csv
2013-09-04,20.55,cboe:VIX1Y_History.csv
2013-09-05,20.63,cboe:VIX1Y_History.csv
2013-09-06,20.53,cboe:VIX1Y_History.csv
2013-09-09,20.22,cboe:VIX1Y_History.csv
2013-09-10,19.78,cboe:VIX1Y_History.csv
2013-09-11,19.43,cboe:VIX1Y_History.csv
2013-09-12,19.53,cboe:VIX1Y_History.csv
2013-09-13,19.4,cboe:VIX1Y_History.csv
2013-09-16,19.23,cboe:VIX1Y_History.csv
2013-09-17,19.23,cboe:VIX1Y_History.csv
2013-09-18,19.0,cboe:VIX1Y_History.csv
2013-09-19,19.12,cboe:VIX1Y_History.csv
2013-09-20,19.47,cboe:VIX1Y_History.csv
2013-09-23,19.18,cboe:VIX1Y_History.csv
2013-09-24,19.16,cboe:VIX1Y_History.csv
2013-09-25,19.1,cboe:VIX1Y_History.csv
2013-09-26,18.94,cboe:VIX1Y_History.csv
2013-09-27,19.32,cboe:VIX1Y_History.csv
2013-09-30,19.58,cboe:VIX1Y_History.csv
2013-10-01,19.33,cboe:VIX1Y_History.csv
2013-10-02,19.56,cboe:VIX1Y_History.csv
2013-10-03,20.05,cboe:VIX1Y_History.csv
2013-10-04,19.84,cboe:VIX1Y_History.csv
2013-10-07,20.63,cboe:VIX1Y_History.csv
2013-10-08,21.15,cboe:VIX1Y_History.csv
2013-10-09,20.96,cboe:VIX1Y_History.csv
2013-10-10,19.89,cboe:VIX1Y_History.csv
2013-10-11,19.47,cboe:VIX1Y_History.csv
2013-10-14,19.56,cboe:VIX1Y_History.csv
2013-10-15,20.18,cboe:VIX1Y_History.csv
2013-10-16,19.46,cboe:VIX1Y_History.csv
2013-10-17,18.91,cboe:VIX1Y_History.csv
2013-10-18,18.63,cboe:VIX1Y_History.csv
2013-10-21,18.66,cboe:VIX1Y_History.csv
2013-10-22,18.69,cboe:VIX1Y_History.csv
2013-10-23,18.85,cboe:VIX1Y_History.csv
2013-10-24,18.64,cboe:VIX1Y_History.csv
2013-10-25,18.67,cboe:VIX1Y_History.csv
2013-10-28,18.64,cboe:VIX1Y_History.csv
2013-10-29,18.64,cboe:VIX1Y_History.csv
2013-10-30,18.91,cboe:VIX1Y_History.csv
2013-10-31,18.85,cboe:VIX1Y_History.csv
2013-11-01,18.82,cboe:VIX1Y_History.csv
2013-11-04,18.65,cboe:VIX1Y_History.csv
2013-11-05,18.86,cboe:VIX1Y_History.csv
2013-11-06,18.7,cboe:VIX1Y_History.csv
2013-11-07,19.05,cboe:VIX1Y_History.csv
2013-11-08,18.62,cboe:VIX1Y_History.csv
2013-11-11,18.72,cboe:VIX1Y_History.csv
2013-11-12,19.01,cboe:VIX1Y_History.csv
2013-11-13,19.04,cboe:VIX1Y_History.csv
2013-11-14,18.91,cboe:VIX1Y_History.csv
2013-11-15,19.03,cboe:VIX1Y_History.csv
2013-11-18,19.08,cboe:VIX1Y_History.csv
2013-11-19,19.4,cboe:VIX1Y_History.csv
2013-11-20,19.26,cboe:VIX1Y_History.csv
2013-11-21,18.88,cboe:VIX1Y_History.csv
2013-11-22,18.62,cboe:VIX1Y_History.csv
2013-11-25,18.75,cboe:VIX1Y_History.csv
2013-11-26,18.68,cboe:VIX1Y_History.csv
2013-11-27,18.66,cboe:VIX1Y_History.csv
2013-11-29,18.75,cboe:VIX1Y_History.csv
2013-12-02,18.91,cboe:VIX1Y_History.csv
2013-12-03,19.1,cboe:VIX1Y_History.csv
2013-12-04,19.14,cboe:VIX1Y_History.csv
2013-12-05,19.13,cboe:VIX1Y_History.csv
2013-12-06,18.55,cboe:VIX1Y_History.csv
2013-12-09,18.46,cboe:VIX1Y_History.csv
2013-12-10,18.6,cboe:VIX1Y_History.csv
2013-12-11,19.12,cboe:VIX1Y_History.csv
2013-12-12,19.1,cboe:VIX1Y_History.csv
2013-12-13,19.22,cboe:VIX1Y_History.csv
2013-12-16,19.38,cboe:VIX1Y_History.csv
2013-12-17,19.46,cboe:VIX1Y_History.csv
2013-12-18,18.7,cboe:VIX1Y_History.csv
2013-12-19,18.82,cboe:VIX1Y_History.csv
2013-12-20,18.75,cboe:VIX1Y_History.csv
2013-12-23,18.35,cboe:VIX1Y_History.csv
2013-12-24,18.21,cboe:VIX1Y_History.csv
2013-12-26,18.16,cboe:VIX1Y_History.csv
2013-12-27,18.07,cboe:VIX1Y_History.csv
2013-12-30,18.34,cboe:VIX1Y_History.csv
2013-12-31,18.25,cboe:VIX1Y_History.csv
2014-01-02,18.43,cboe:VIX1Y_History.csv
2014-01-03,18.44,cboe:VIX1Y_History.csv
2014-01-06,18.29,cboe:VIX1Y_History.csv
2014-01-07,17.91,cboe:VIX1Y_History.csv
2014-01-08,17.96,cboe:VIX1Y_History.csv
2014-01-09,17.87,cboe:VIX1Y_History.csv
2014-01-10,17.68,cboe:VIX1Y_History.csv
2014-01-13,18.19,cboe:VIX1Y_History.csv
2014-01-14,17.87,cboe:VIX1Y_History.csv
2014-01-15,17.82,cboe:VIX1Y_History.csv
2014-01-16,18.3,cboe:VIX1Y_History.csv
2014-01-17,18.24,cboe:VIX1Y_History.csv
2014-01-21,17.99,cboe:VIX1Y_History.csv
2014-01-22,17.91,cboe:VIX1Y_History.csv
2014-01-23,18.11,cboe:VIX1Y_History.csv
2014-01-24,19.16,cboe:VIX1Y_History.csv
2014-01-27,19.08,cboe:VIX1Y_History.csv
2014-01-28,18.74,cboe:VIX1Y_History.csv
2014-01-29,19.12,cboe:VIX1Y_History.csv
2014-01-30,19.09,cboe:VIX1Y_History.csv
2014-01-31,19.43,cboe:VIX1Y_History.csv
2014-02-03,20.71,cboe:VIX1Y_History.csv
2014-02-04,20.33,cboe:VIX1Y_History.csv
2014-02-05,20.69,cboe:VIX1Y_History.csv
2014-02-06,19.83,cboe:VIX1Y_History.csv
2014-02-07,19.2,cboe:VIX1Y_History.csv
2014-02-10,18.97,cboe:VIX1Y_History.csv
2014-02-11,18.56,cboe:VIX1Y_History.csv
2014-02-12,18.49,cboe:VIX1Y_History.csv
2014-02-13,18.45,cboe:VIX1Y_History.csv
2014-02-14,18.43,cboe:VIX1Y_History.csv
2014-02-18,18.17,cboe:VIX1Y_History.csv
2014-02-19,18.8,cboe:VIX1Y_History.csv
2014-02-20,18.38,cboe:VIX1Y_History.csv
2014-02-21,18.37,cboe:VIX1Y_History.csv
2014-02-24,18.2,cboe:VIX1Y_History.csv
2014-02-25,18.16,cboe:VIX1Y_History.csv
2014-02-26,18.53,cboe:VIX1Y_History.csv
2014-02-27,18.39,cboe:VIX1Y_History.csv
2014-02-28,18.42,cboe:VIX1Y_History.csv
2014-03-03,19.08,cboe:VIX1Y_History.csv
2014-03-04,18.42,cboe:VIX1Y_History.csv
2014-03-05,18.47,cboe:VIX1Y_History.csv
2014-03-06,18.57,cboe:VIX1Y_History.csv
2014-03-07,18.7,cboe:VIX1Y_History.csv
2014-03-10,18.62,cboe:VIX1Y_History.csv
2014-03-11,18.93,cboe:VIX1Y_History.csv
2014-03-12,18.81,cboe:VIX1Y_History.csv
2014-03-13,19.31,cboe:VIX1Y_History.csv
2014-03-14,19.7,cboe:VIX1Y_History.csv
2014-03-17,19.3,cboe:VIX1Y_History.csv
2014-03-18,18.78,cboe:VIX1Y_History.csv
2014-03-19,19.06,cboe:VIX1Y_History.csv
2014-03-20,18.55,cboe:VIX1Y_History.csv
2014-03-21,18.79,cboe:VIX1Y_History.csv
2014-03-24,18.73,cboe:VIX1Y_History.csv
2014-03-25,18.4,cboe:VIX1Y_History.csv
2014-03-26,18.77,cboe:VIX1Y_History.csv
2014-03-27,18.63,cboe:VIX1Y_History.csv
2014-03-28,18.41,cboe:VIX1Y_History.csv
2014-03-31,18.17,cboe:VIX1Y_History.csv
2014-04-01,17.87,cboe:VIX1Y_History.csv
2014-04-02,17.83,cboe:VIX1Y_History.csv
2014-04-03,17.75,cboe:VIX1Y_History.csv
2014-04-04,18.03,cboe:VIX1Y_History.csv
2014-04-07,18.58,cboe:VIX1Y_History.csv
2014-04-08,18.35,cboe:VIX1Y_History.csv
2014-04-09,17.9,cboe:VIX1Y_History.csv
2014-04-10,18.68,cboe:VIX1Y_History.csv
2014-04-11,19.12,cboe:VIX1Y_History.csv
2014-04-14,18.78,cboe:VIX1Y_History.csv
2014-04-15,18.61,cboe:VIX1Y_History.csv
2014-04-16,18.29,cboe:VIX1Y_History.csv
2014-04-17,18.31,cboe:VIX1Y_History.csv
2014-04-21,18.16,cboe:VIX1Y_History.csv
2014-04-22,18.06,cboe:VIX1Y_History.csv
2014-04-23,18.06,cboe:VIX1Y_History.csv
2014-04-24,18.0,cboe:VIX1Y_History.csv
2014-04-25,18.25,cboe:VIX1Y_History.csv
2014-04-28,18.04,cboe:VIX1Y_History.csv
2014-04-29,17.88,cboe:VIX1Y_History.csv
2014-04-30,17.79,cboe:VIX1Y_History.csv
2014-05-01,17.83,cboe:VIX1Y_History.csv
2014-05-02,17.95,cboe:VIX1Y_History.csv
2014-05-05,18.01,cboe:VIX1Y_History.csv
2014-05-06,18.08,cboe:VIX1Y_History.csv
2014-05-07,17.84,cboe:VIX1Y_History.csv
2014-05-08,17.81,cboe:VIX1Y_History.csv
2014-05-09,17.65,cboe:VIX1Y_History.csv
2014-05-12,17.38,cboe:VIX1Y_History.csv
2014-05-13,17.45,cboe:VIX1Y_History.csv
2014-05-14,17.75,cboe:VIX1Y_History.csv
2014-05-15,17.91,cboe:VIX1Y_History.csv
2014-05-16,17.57,cboe:VIX1Y_History.csv
2014-05-19,17.37,cboe:VIX1Y_History.csv
2014-05-20,17.39,cboe:VIX1Y_History.csv
2014-05-21,17.12,cboe:VIX1Y_History.csv
2014-05-22,17.22,cboe:VIX1Y_History.csv
2014-05-23,17.11,cboe:VIX1Y_History.csv
2014-05-27,17.16,cboe:VIX1Y_History.csv
2014-05-28,17.44,cboe:VIX1Y_History.csv
2014-05-29,17.49,cboe:VIX1Y_History.csv
2014-05-30,17.58,cboe:VIX1Y_History.csv
2014-06-02,17.8,cboe:VIX1Y_History.csv
2014-06-03,17.71,cboe:VIX1Y_History.csv
2014-06-04,17.53,cboe:VIX1Y_History.csv
2014-06-05,17.33,cboe:VIX1Y_History.csv
2014-06-06,16.9,cboe:VIX1Y_History.csv
2014-06-09,16.94,cboe:VIX1Y_History.csv
2014-06-10,16.98,cboe:VIX1Y_History.csv
2014-06-11,17.1,cboe:VIX1Y_History.csv
2014-06-12,17.56,cboe:VIX1Y_History.csv
2014-06-13,17.53,cboe:VIX1Y_History.csv
2014-06-16,17.64,cboe:VIX1Y_History.csv
2014-06-17,17.44,cboe:VIX1Y_History.csv
2014-06-18,16.98,cboe:VIX1Y_History.csv
2014-06-19,16.91,cboe:VIX1Y_History.csv
2014-06-20,17.09,cboe:VIX1Y_History.csv
2014-06-23,17.2,cboe:VIX1Y_History.csv
2014-06-24,17.58,cboe:VIX1Y_History.csv
2014-06-25,17.36,cboe:VIX1Y_History.csv
2014-06-26,17.22,cboe:VIX1Y_History.csv
2014-06-27,17.15,cboe:VIX1Y_History.csv
2014-06-30,17.16,cboe:VIX1Y_History.csv
2014-07-01,17.07,cboe:VIX1Y_History.csv
2014-07-02,16.8,cboe:VIX1Y_History.csv
2014-07-03,16.57,cboe:VIX1Y_History.csv
2014-07-07,16.94,cboe:VIX1Y_History.csv
2014-07-08,17.14,cboe:VIX1Y_History.csv
2014-07-09,16.98,cboe:VIX1Y_History.csv
2014-07-10,17.28,cboe:VIX1Y_History.csv
2014-07-11,17.13,cboe:VIX1Y_History.csv
2014-07-14,16.89,cboe:VIX1Y_History.csv
2014-07-15,17.06,cboe:VIX1Y_History.csv
2014-07-16,16.8,cboe:VIX1Y_History.csv
2014-07-17,18.17,cboe:VIX1Y_History.csv
2014-07-18,17.12,cboe:VIX1Y_History.csv
2014-07-21,17.38,cboe:VIX1Y_History.csv
2014-07-22,17.49,cboe:VIX1Y_History.csv
2014-07-23,17.29,cboe:VIX1Y_History.csv
2014-07-24,17.49,cboe:VIX1Y_History.csv
2014-07-25,17.72,cboe:VIX1Y_History.csv
2014-07-28,17.74,cboe:VIX1Y_History.csv
2014-07-29,17.93,cboe:VIX1Y_History.csv
2014-07-30,17.84,cboe:VIX1Y_History.csv
2014-07-31,18.95,cboe:VIX1Y_History.csv
2014-08-01,19.38,cboe:VIX1Y_History.csv
2014-08-04,18.86,cboe:VIX1Y_History.csv
2014-08-05,19.71,cboe:VIX1Y_History.csv
2014-08-06,19.86,cboe:VIX1Y_History.csv
2014-08-07,20.17,cboe:VIX1Y_History.csv
2014-08-08,19.4,cboe:VIX1Y_History.csv
2014-08-11,18.92,cboe:VIX1Y_History.csv
2014-08-12,18.94,cboe:VIX1Y_History.csv
2014-08-13,18.56,cboe:VIX1Y_History.csv
2014-08-14,18.36,cboe:VIX1Y_History.csv
2014-08-15,18.32,cboe:VIX1Y_History.csv
2014-08-18,17.91,cboe:VIX1Y_History.csv
2014-08-19,17.85,cboe:VIX1Y_History.csv
2014-08-20,17.78,cboe:VIX1Y_History.csv
2014-08-21,17.67,cboe:VIX1Y_History.csv
2014-08-22,17.7,cboe:VIX1Y_History.csv
2014-08-25,17.62,cboe:VIX1Y_History.csv
2014-08-26,17.7,cboe:VIX1Y_History.csv
2014-08-27,17.96,cboe:VIX1Y_History.csv
2014-08-28,18.1,cboe:VIX1Y_History.csv
2014-08-29,18.11,cboe:VIX1Y_History.csv
2014-09-02,18.13,cboe:VIX1Y_History.csv
2014-09-03,18.04,cboe:VIX1Y_History.csv
2014-09-04,18.33,cboe:VIX1Y_History.csv
2014-09-05,17.9,cboe:VIX1Y_History.csv
2014-09-08,18.16,cboe:VIX1Y_History.csv
2014-09-09,18.46,cboe:VIX1Y_History.csv
2014-09-10,18.33,cboe:VIX1Y_History.csv
2014-09-11,18.3,cboe:VIX1Y_History.csv
2014-09-12,18.45,cboe:VIX1Y_History.csv
2014-09-15,18.69,cboe:VIX1Y_History.csv
2014-09-16,18.36,cboe:VIX1Y_History.csv
2014-09-17,18.22,cboe:VIX1Y_History.csv
2014-09-18,18.06,cboe:VIX1Y_History.csv
2014-09-19,18.15,cboe:VIX1Y_History.csv
2014-09-22,18.6,cboe:VIX1Y_History.csv
2014-09-23,18.93,cboe:VIX1Y_History.csv
2014-09-24,18.48,cboe:VIX1Y_History.csv
2014-09-25,19.2,cboe:VIX1Y_History.csv
2014-09-26,19.0,cboe:VIX1Y_History.csv
2014-09-29,19.55,cboe:VIX1Y_History.csv
2014-09-30,19.59,cboe:VIX1Y_History.csv
2014-10-01,19.99,cboe:VIX1Y_History.csv
2014-10-02,19.93,cboe:VIX1Y_History.csv
2014-10-03,19.21,cboe:VIX1Y_History.csv
2014-10-06,19.4,cboe:VIX1Y_History.csv
2014-10-07,20.22,cboe:VIX1Y_History.csv
2014-10-08,19.38,cboe:VIX1Y_History.csv
2014-10-09,21.62,cboe:VIX1Y_History.csv
2014-10-10,24.74,cboe:VIX1Y_History.csv
2014-10-13,23.43,cboe:VIX1Y_History.csv
2014-10-14,22.45,cboe:VIX1Y_History.csv
2014-10-15,24.7,cboe:VIX1Y_History.csv
2014-10-16,23.33,cboe:VIX1Y_History.csv
2014-10-17,22.77,cboe:VIX1Y_History.csv
2014-10-20,21.57,cboe:VIX1Y_History.csv
2014-10-21,20.55,cboe:VIX1Y_History.csv
2014-10-22,21.2,cboe:VIX1Y_History.csv
2014-10-23,20.83,cboe:VIX1Y_History.csv
2014-10-24,20.42,cboe:VIX1Y_History.csv
2014-10-27,20.26,cboe:VIX1Y_History.csv
2014-10-28,19.85,cboe:VIX1Y_History.csv
2014-10-29,20.17,cboe:VIX1Y_History.csv
2014-10-30,19.96,cboe:VIX1Y_History.csv
2014-10-31,19.68,cboe:VIX1Y_History.csv
2014-11-03,19.93,cboe:VIX1Y_History.csv
2014-11-04,20.21,cboe:VIX1Y_History.csv
2014-11-05,19.96,cboe:VIX1Y_History.csv
2014-11-06,19.78,cboe:VIX1Y_History.csv
2014-11-07,19.58,cboe:VIX1Y_History.csv
2014-11-10,19.22,cboe:VIX1Y_History.csv
2014-11-11,19.24,cboe:VIX1Y_History.csv
2014-11-12,19.28,cboe:VIX1Y_History.csv
2014-11-13,19.57,cboe:VIX1Y_History.csv
2014-11-14,19.36,cboe:VIX1Y_History.csv
2014-11-17,19.43,cboe:VIX1Y_History.csv
2014-11-18,19.29,cboe:VIX1Y_History.csv
2014-11-19,19.49,cboe:VIX1Y_History.csv
2014-11-20,19.51,cboe:VIX1Y_History.csv
2014-11-21,19.45,cboe:VIX1Y_History.csv
2014-11-24,19.26,cboe:VIX1Y_History.csv
2014-11-25,19.37,cboe:VIX1Y_History.csv
2014-11-26,19.38,cboe:VIX1Y_History.csv
2014-11-28,19.43,cboe:VIX1Y_History.csv
2014-12-01,19.86,cboe:VIX1Y_History.csv
2014-12-02,19.42,cboe:VIX1Y_History.csv
2014-12-03,19.13,cboe:VIX1Y_History.csv
2014-12-04,19.23,cboe:VIX1Y_History.csv
2014-12-05,19.25,cboe:VIX1Y_History.csv
2014-12-08,19.92,cboe:VIX1Y_History.csv
2014-12-09,20.06,cboe:VIX1Y_History.csv
2014-12-10,21.17,cboe:VIX1Y_History.csv
2014-12-11,21.99,cboe:VIX1Y_History.csv
2014-12-12,22.86,cboe:VIX1Y_History.csv
2014-12-15,22.66,cboe:VIX1Y_History.csv
2014-12-16,23.78,cboe:VIX1Y_History.csv
2014-12-17,21.96,cboe:VIX1Y_History.csv
2014-12-18,22.61,cboe:VIX1Y_History.csv
2014-12-19,21.02,cboe:VIX1Y_History.csv
2014-12-22,20.76,cboe:VIX1Y_History.csv
2014-12-23,20.85,cboe:VIX1Y_History.csv
2014-12-24,20.64,cboe:VIX1Y_History.csv
2014-12-26,20.38,cboe:VIX1Y_History.csv
2014-12-29,20.33,cboe:VIX1Y_History.csv
2014-12-30,20.56,cboe:VIX1Y_History.csv
2014-12-31,21.34,cboe:VIX1Y_History.csv
2015-01-02,21.22,cboe:VIX1Y_History.csv
2015-01-05,21.98,cboe:VIX1Y_History.csv
2015-01-06,22.37,cboe:VIX1Y_History.csv
2015-01-07,21.82,cboe:VIX1Y_History.csv
2015-01-08,20.93,cboe:VIX1Y_History.csv
2015-01-09,21.55,cboe:VIX1Y_History.csv
2015-01-12,21.93,cboe:VIX1Y_History.csv
2015-01-13,22.16,cboe:VIX1Y_History.csv
2015-01-14,22.51,cboe:VIX1Y_History.csv
2015-01-15,22.35,cboe:VIX1Y_History.csv
2015-01-16,22.08,cboe:VIX1Y_History.csv
2015-01-20,21.57,cboe:VIX1Y_History.csv
2015-01-21,21.35,cboe:VIX1Y_History.csv
2015-01-22,20.68,cboe:VIX1Y_History.csv
2015-01-23,20.76,cboe:VIX1Y_History.csv
2015-01-26,20.39,cboe:VIX1Y_History.csv
2015-01-27,21.02,cboe:VIX1Y_History.csv
2015-01-28,22.11,cboe:VIX1Y_History.csv
2015-01-29,21.36,cboe:VIX1Y_History.csv
2015-01-30,22.34,cboe:VIX1Y_History.csv
2015-02-02,22.06,cboe:VIX1Y_History.csv
2015-02-03,21.33,cboe:VIX1Y_History.csv
2015-02-04,21.85,cboe:VIX1Y_History.csv
2015-02-05,21.42,cboe:VIX1Y_History.csv
2015-02-06,21.86,cboe:VIX1Y_History.csv
2015-02-09,22.31,cboe:VIX1Y_History.csv
2015-02-10,21.78,cboe:VIX1Y_History.csv
2015-02-11,21.68,cboe:VIX1Y_History.csv
2015-02-12,20.98,cboe:VIX1Y_History.csv
2015-02-13,20.73,cboe:VIX1Y_History.csv
2015-02-17,20.76,cboe:VIX1Y_History.csv
2015-02-18,20.78,cboe:VIX1Y_History.csv
2015-02-19,20.96,cboe:VIX1Y_History.csv
2015-02-20,20.68,cboe:VIX1Y_History.csv
2015-02-23,20.53,cboe:VIX1Y_History.csv
2015-02-24,20.19,cboe:VIX1Y_History.csv
2015-02-25,20.13,cboe:VIX1Y_History.csv
2015-02-26,19.92,cboe:VIX1Y_History.csv
2015-02-27,20.06,cboe:VIX1Y_History.csv
2015-03-02,19.71,cboe:VIX1Y_History.csv
2015-03-03,20.14,cboe:VIX1Y_History.csv
2015-03-04,20.04,cboe:VIX1Y_History.csv
2015-03-05,20.02,cboe:VIX1Y_History.csv
2015-03-06,20.25,cboe:VIX1Y_History.csv
2015-03-09,20.07,cboe:VIX1Y_History.csv
2015-03-10,20.7,cboe:VIX1Y_History.csv
2015-03-11,20.77,cboe:VIX1Y_History.csv
2015-03-12,20.28,cboe:VIX1Y_History.csv
2015-03-13,20.44,cboe:VIX1Y_History.csv
2015-03-16,19.98,cboe:VIX1Y_History.csv
2015-03-17,20.14,cboe:VIX1Y_History.csv
2015-03-18,19.78,cboe:VIX1Y_History.csv
2015-03-19,20.15,cboe:VIX1Y_History.csv
2015-03-20,20.03,cboe:VIX1Y_History.csv
2015-03-23,19.43,cboe:VIX1Y_History.csv
2015-03-24,19.64,cboe:VIX1Y_History.csv
2015-03-25,20.15,cboe:VIX1Y_History.csv
2015-03-26,20.15,cboe:VIX1Y_History.csv
2015-03-27,20.08,cboe:VIX1Y_History.csv
2015-03-30,19.82,cboe:VIX1Y_History.csv
2015-03-31,20.38,cboe:VIX1Y_History.csv
2015-04-01,20.5,cboe:VIX1Y_History.csv
2015-04-02,20.42,cboe:VIX1Y_History.csv
2015-04-06,20.21,cboe:VIX1Y_History.csv
2015-04-07,20.29,cboe:VIX1Y_History.csv
2015-04-08,20.05,cboe:VIX1Y_History.csv
2015-04-09,19.76,cboe:VIX1Y_History.csv
2015-04-10,19.48,cboe:VIX1Y_History.csv
2015-04-13,19.81,cboe:VIX1Y_History.csv
2015-04-14,19.77,cboe:VIX1Y_History.csv
2015-04-15,19.57,cboe:VIX1Y_History.csv
2015-04-16,19.48,cboe:VIX1Y_History.csv
2015-04-17,20.01,cboe:VIX1Y_History.csv
2015-04-20,19.86,cboe:VIX1Y_History.csv
2015-04-21,19.81,cboe:VIX1Y_History.csv
2015-04-22,19.66,cboe:VIX1Y_History.csv
2015-04-23,19.6,cboe:VIX1Y_History.csv
2015-04-24,19.69,cboe:VIX1Y_History.csv
2015-04-27,19.91,cboe:VIX1Y_History.csv
2015-04-28,19.65,cboe:VIX1Y_History.csv
2015-04-29,19.94,cboe:VIX1Y_History.csv
2015-04-30,20.27,cboe:VIX1Y_History.csv
2015-05-01,19.7,cboe:VIX1Y_History.csv
2015-05-04,19.73,cboe:VIX1Y_History.csv
2015-05-05,20.08,cboe:VIX1Y_History.csv
2015-05-06,20.48,cboe:VIX1Y_History.csv
2015-05-07,20.27,cboe:VIX1Y_History.csv
2015-05-08,19.65,cboe:VIX1Y_History.csv
2015-05-11,19.98,cboe:VIX1Y_History.csv
2015-05-12,19.91,cboe:VIX1Y_History.csv
2015-05-13,19.87,cboe:VIX1Y_History.csv
2015-05-14,19.69,cboe:VIX1Y_History.csv
2015-05-15,19.57,cboe:VIX1Y_History.csv
2015-05-18,19.41,cboe:VIX1Y_History.csv
2015-05-19,19.2,cboe:VIX1Y_History.csv
2015-05-20,18.9,cboe:VIX1Y_History.csv
2015-05-21,18.65,cboe:VIX1Y_History.csv
2015-05-22,18.88,cboe:VIX1Y_History.csv
2015-05-26,19.35,cboe:VIX1Y_History.csv
2015-05-27,19.03,cboe:VIX1Y_History.csv
2015-05-28,19.08,cboe:VIX1Y_History.csv
2015-05-29,19.34,cboe:VIX1Y_History.csv
2015-06-01,19.35,cboe:VIX1Y_History.csv
2015-06-02,19.38,cboe:VIX1Y_History.csv
2015-06-03,19.29,cboe:VIX1Y_History.csv
2015-06-04,19.7,cboe:VIX1Y_History.csv
2015-06-05,19.65,cboe:VIX1Y_History.csv
2015-06-08,19.81,cboe:VIX1Y_History.csv
2015-06-09,19.65,cboe:VIX1Y_History.csv
2015-06-10,19.06,cboe:VIX1Y_History.csv
2015-06-11,18.92,cboe:VIX1Y_History.csv
2015-06-12,19.16,cboe:VIX1Y_History.csv
2015-06-15,19.6,cboe:VIX1Y_History.csv
2015-06-16,19.65,cboe:VIX1Y_History.csv
2015-06-17,19.58,cboe:VIX1Y_History.csv
2015-06-18,19.27,cboe:VIX1Y_History.csv
2015-06-19,19.62,cboe:VIX1Y_History.csv
2015-06-22,19.03,cboe:VIX1Y_History.csv
2015-06-23,18.8,cboe:VIX1Y_History.csv
2015-06-24,19.01,cboe:VIX1Y_History.csv
2015-06-25,18.87,cboe:VIX1Y_History.csv
2015-06-26,18.88,cboe:VIX1Y_History.csv
2015-06-29,20.28,cboe:VIX1Y_History.csv
2015-06-30,20.02,cboe:VIX1Y_History.csv
2015-07-01,19.4,cboe:VIX1Y_History.csv
2015-07-02,19.68,cboe:VIX1Y_History.csv
2015-07-06,19.89,cboe:VIX1Y_History.csv
2015-07-07,19.31,cboe:VIX1Y_History.csv
2015-07-08,20.35,cboe:VIX1Y_History.csv
2015-07-09,20.66,cboe:VIX1Y_History.csv
2015-07-10,19.58,cboe:VIX1Y_History.csv
2015-07-13,18.66,cboe:VIX1Y_History.csv
2015-07-14,18.66,cboe:VIX1Y_History.csv
2015-07-15,18.83,cboe:VIX1Y_History.csv
2015-07-16,18.38,cboe:VIX1Y_History.csv
2015-07-17,18.37,cboe:VIX1Y_History.csv
2015-07-20,18.35,cboe:VIX1Y_History.csv
2015-07-21,18.43,cboe:VIX1Y_History.csv
2015-07-22,18.42,cboe:VIX1Y_History.csv
2015-07-23,18.66,cboe:VIX1Y_History.csv
2015-07-24,18.87,cboe:VIX1Y_History.csv
2015-07-27,19.39,cboe:VIX1Y_History.csv
2015-07-28,18.76,cboe:VIX1Y_History.csv
2015-07-29,18.37,cboe:VIX1Y_History.csv
2015-07-30,18.23,cboe:VIX1Y_History.csv
2015-07-31,18.26,cboe:VIX1Y_History.csv
2015-08-03,18.22,cboe:VIX1Y_History.csv
2015-08-04,18.37,cboe:VIX1Y_History.csv
2015-08-05,18.21,cboe:VIX1Y_History.csv
2015-08-06,18.5,cboe:VIX1Y_History.csv
2015-08-07,18.38,cboe:VIX1Y_History.csv
2015-08-10,18.34,cboe:VIX1Y_History.csv
2015-08-11,18.69,cboe:VIX1Y_History.csv
2015-08-12,18.63,cboe:VIX1Y_History.csv
2015-08-13,18.7,cboe:VIX1Y_History.csv
2015-08-14,18.61,cboe:VIX1Y_History.csv
2015-08-17,18.49,cboe:VIX1Y_History.csv
2015-08-18,18.7,cboe:VIX1Y_History.csv
2015-08-19,18.99,cboe:VIX1Y_History.csv
2015-08-20,19.89,cboe:VIX1Y_History.csv
2015-08-21,21.68,cboe:VIX1Y_History.csv
2015-08-24,24.77,cboe:VIX1Y_History.csv
2015-08-25,25.26,cboe:VIX1Y_History.csv
2015-08-26,23.6,cboe:VIX1Y_History.csv
2015-08-27,22.92,cboe:VIX1Y_History.csv
2015-08-28,23.58,cboe:VIX1Y_History.csv
2015-08-31,24.78,cboe:VIX1Y_History.csv
2015-09-01,25.98,cboe:VIX1Y_History.csv
2015-09-02,24.74,cboe:VIX1Y_History.csv
2015-09-03,24.95,cboe:VIX1Y_History.csv
2015-09-04,26.07,cboe:VIX1Y_History.csv
2015-09-08,24.79,cboe:VIX1Y_History.csv
2015-09-09,25.4,cboe:VIX1Y_History.csv
2015-09-10,25.08,cboe:VIX1Y_History.csv
2015-09-11,24.94,cboe:VIX1Y_History.csv
2015-09-14,24.72,cboe:VIX1Y_History.csv
2015-09-15,23.76,cboe:VIX1Y_History.csv
2015-09-16,23.03,cboe:VIX1Y_History.csv
2015-09-17,23.08,cboe:VIX1Y_History.csv
2015-09-18,23.72,cboe:VIX1Y_History.csv
2015-09-21,22.49,cboe:VIX1Y_History.csv
2015-09-22,23.37,cboe:VIX1Y_History.csv
2015-09-23,23.13,cboe:VIX1Y_History.csv
2015-09-24,23.36,cboe:VIX1Y_History.csv
2015-09-25,23.67,cboe:VIX1Y_History.csv
2015-09-28,24.96,cboe:VIX1Y_History.csv
2015-09-29,24.72,cboe:VIX1Y_History.csv
2015-09-30,24.28,cboe:VIX1Y_History.csv
2015-10-01,23.82,cboe:VIX1Y_History.csv
2015-10-02,23.33,cboe:VIX1Y_History.csv
2015-10-05,22.77,cboe:VIX1Y_History.csv
2015-10-06,22.89,cboe:VIX1Y_History.csv
2015-10-07,22.46,cboe:VIX1Y_History.csv
2015-10-08,22.21,cboe:VIX1Y_History.csv
2015-10-09,22.03,cboe:VIX1Y_History.csv
2015-10-12,21.6,cboe:VIX1Y_History.csv
2015-10-13,21.87,cboe:VIX1Y_History.csv
2015-10-14,22.53,cboe:VIX1Y_History.csv
2015-10-15,21.65,cboe:VIX1Y_History.csv
2015-10-16,21.5,cboe:VIX1Y_History.csv
2015-10-19,21.19,cboe:VIX1Y_History.csv
2015-10-20,21.59,cboe:VIX1Y_History.csv
2015-10-21,22.16,cboe:VIX1Y_History.csv
2015-10-22,20.9,cboe:VIX1Y_History.csv
2015-10-23,21.12,cboe:VIX1Y_History.csv
2015-10-26,21.18,cboe:VIX1Y_History.csv
2015-10-27,21.23,cboe:VIX1Y_History.csv
2015-10-28,20.85,cboe:VIX1Y_History.csv
2015-10-29,21.01,cboe:VIX1Y_History.csv
2015-10-30,21.19,cboe:VIX1Y_History.csv
2015-11-02,20.66,cboe:VIX1Y_History.csv
2015-11-03,20.68,cboe:VIX1Y_History.csv
2015-11-04,21.18,cboe:VIX1Y_History.csv
2015-11-05,21.14,cboe:VIX1Y_History.csv
2015-11-06,20.92,cboe:VIX1Y_History.csv
2015-11-09,21.35,cboe:VIX1Y_History.csv
2015-11-10,21.12,cboe:VIX1Y_History.csv
2015-11-11,21.38,cboe:VIX1Y_History.csv
2015-11-12,22.17,cboe:VIX1Y_History.csv
2015-11-13,22.84,cboe:VIX1Y_History.csv
2015-11-16,22.1,cboe:VIX1Y_History.csv
2015-11-17,22.13,cboe:VIX1Y_History.csv
2015-11-18,21.61,cboe:VIX1Y_History.csv
2015-11-19,21.89,cboe:VIX1Y_History.csv
2015-11-20,21.62,cboe:VIX1Y_History.csv
2015-11-23,21.87,cboe:VIX1Y_History.csv
2015-11-24,22.09,cboe:VIX1Y_History.csv
2015-11-25,21.71,cboe:VIX1Y_History.csv
2015-11-27,22.0,cboe:VIX1Y_History.csv
2015-11-30,21.86,cboe:VIX1Y_History.csv
2015-12-01,21.65,cboe:VIX1Y_History.csv
2015-12-02,22.0,cboe:VIX1Y_History.csv
2015-12-03,22.57,cboe:VIX1Y_History.csv
2015-12-04,21.46,cboe:VIX1Y_History.csv
2015-12-07,21.86,cboe:VIX1Y_History.csv
2015-12-08,22.5,cboe:VIX1Y_History.csv
2015-12-09,22.88,cboe:VIX1Y_History.csv
2015-12-10,22.93,cboe:VIX1Y_History.csv
2015-12-11,24.57,cboe:VIX1Y_History.csv
2015-12-14,24.02,cboe:VIX1Y_History.csv
2015-12-15,23.24,cboe:VIX1Y_History.csv
2015-12-16,22.46,cboe:VIX1Y_History.csv
2015-12-17,23.25,cboe:VIX1Y_History.csv
2015-12-18,23.66,cboe:VIX1Y_History.csv
2015-12-21,22.71,cboe:VIX1Y_History.csv
2015-12-22,22.09,cboe:VIX1Y_History.csv
2015-12-23,21.82,cboe:VIX1Y_History.csv
2015-12-24,21.71,cboe:VIX1Y_History.csv
2015-12-28,22.1,cboe:VIX1Y_History.csv
2015-12-29,21.41,cboe:VIX1Y_History.csv
2015-12-30,21.86,cboe:VIX1Y_History.csv
2015-12-31,22.21,cboe:VIX1Y_History.csv
2016-01-04,23.18,cboe:VIX1Y_History.csv
2016-01-05,22.76,cboe:VIX1Y_History.csv
2016-01-06,23.36,cboe:VIX1Y_History.csv
2016-01-07,24.72,cboe:VIX1Y_History.csv
2016-01-08,25.38,cboe:VIX1Y_History.csv
2016-01-11,24.79,cboe:VIX1Y_History.csv
2016-01-12,24.15,cboe:VIX1Y_History.csv
2016-01-13,25.32,cboe:VIX1Y_History.csv
2016-01-14,24.58,cboe:VIX1Y_History.csv
2016-01-15,25.82,cboe:VIX1Y_History.csv
2016-01-19,25.69,cboe:VIX1Y_History.csv
2016-01-20,26.41,cboe:VIX1Y_History.csv
2016-01-21,26.32,cboe:VIX1Y_History.csv
2016-01-22,25.05,cboe:VIX1Y_History.csv
2016-01-25,25.53,cboe:VIX1Y_History.csv
2016-01-26,24.89,cboe:VIX1Y_History.csv
2016-01-27,25.18,cboe:VIX1Y_History.csv
2016-01-28,24.9,cboe:VIX1Y_History.csv
2016-01-29,24.01,cboe:VIX1Y_History.csv
2016-02-01,23.92,cboe:VIX1Y_History.csv
2016-02-02,24.59,cboe:VIX1Y_History.csv
2016-02-03,24.62,cboe:VIX1Y_History.csv
2016-02-04,24.74,cboe:VIX1Y_History.csv
2016-02-05,25.59,cboe:VIX1Y_History.csv
2016-02-08,26.51,cboe:VIX1Y_History.csv
2016-02-09,26.68,cboe:VIX1Y_History.csv
2016-02-10,26.72,cboe:VIX1Y_History.csv
2016-02-11,27.75,cboe:VIX1Y_History.csv
2016-02-12,27.71,cboe:VIX1Y_History.csv
2016-02-16,26.76,cboe:VIX1Y_History.csv
2016-02-17,25.33,cboe:VIX1Y_History.csv
2016-02-18,25.22,cboe:VIX1Y_History.csv
2016-02-19,24.93,cboe:VIX1Y_History.csv
2016-02-22,24.35,cboe:VIX1Y_History.csv
2016-02-23,24.91,cboe:VIX1Y_History.csv
2016-02-24,24.58,cboe:VIX1Y_History.csv
2016-02-25,24.03,cboe:VIX1Y_History.csv
2016-02-26,24.31,cboe:VIX1Y_History.csv
2016-02-29,24.59,cboe:VIX1Y_History.csv
2016-03-01,23.6,cboe:VIX1Y_History.csv
2016-03-02,23.02,cboe:VIX1Y_History.csv
2016-03-03,22.64,cboe:VIX1Y_History.csv
2016-03-04,22.68,cboe:VIX1Y_History.csv
2016-03-07,22.69,cboe:VIX1Y_History.csv
2016-03-08,23.32,cboe:VIX1Y_History.csv
2016-03-09,23.36,cboe:VIX1Y_History.csv
2016-03-10,23.33,cboe:VIX1Y_History.csv
2016-03-11,22.74,cboe:VIX1Y_History.csv
2016-03-14,22.61,cboe:VIX1Y_History.csv
2016-03-15,22.66,cboe:VIX1Y_History.csv
2016-03-16,22.06,cboe:VIX1Y_History.csv
2016-03-17,21.76,cboe:VIX1Y_History.csv
2016-03-18,21.88,cboe:VIX1Y_History.csv
2016-03-21,20.93,cboe:VIX1Y_History.csv
2016-03-22,20.96,cboe:VIX1Y_History.csv
2016-03-23,21.07,cboe:VIX1Y_History.csv
2016-03-24,21.66,cboe:VIX1Y_History.csv
2016-03-28,21.25,cboe:VIX1Y_History.csv
2016-03-29,20.63,cboe:VIX1Y_History.csv
2016-03-30,20.79,cboe:VIX1Y_History.csv
2016-03-31,20.74,cboe:VIX1Y_History.csv
2016-04-01,20.28,cboe:VIX1Y_History.csv
2016-04-04,20.58,cboe:VIX1Y_History.csv
2016-04-05,21.32,cboe:VIX1Y_History.csv
2016-04-06,20.74,cboe:VIX1Y_History.csv
2016-04-07,21.82,cboe:VIX1Y_History.csv
2016-04-08,21.36,cboe:VIX1Y_History.csv
2016-04-11,21.66,cboe:VIX1Y_History.csv
2016-04-12,21.27,cboe:VIX1Y_History.csv
2016-04-13,20.82,cboe:VIX1Y_History.csv
2016-04-14,20.84,cboe:VIX1Y_History.csv
2016-04-15,20.77,cboe:VIX1Y_History.csv
2016-04-18,20.24,cboe:VIX1Y_History.csv
2016-04-19,20.38,cboe:VIX1Y_History.csv
2016-04-20,20.59,cboe:VIX1Y_History.csv
2016-04-21,20.94,cboe:VIX1Y_History.csv
2016-04-22,20.77,cboe:VIX1Y_History.csv
2016-04-25,21.0,cboe:VIX1Y_History.csv
2016-04-26,20.86,cboe:VIX1Y_History.csv
2016-04-27,20.72,cboe:VIX1Y_History.csv
2016-04-28,21.23,cboe:VIX1Y_History.csv
2016-04-29,21.65,cboe:VIX1Y_History.csv
2016-05-02,21.29,cboe:VIX1Y_History.csv
2016-05-03,21.76,cboe:VIX1Y_History.csv
2016-05-04,22.19,cboe:VIX1Y_History.csv
2016-05-05,22.23,cboe:VIX1Y_History.csv
2016-05-06,21.94,cboe:VIX1Y_History.csv
2016-05-09,21.87,cboe:VIX1Y_History.csv
2016-05-10,21.23,cboe:VIX1Y_History.csv
2016-05-11,21.74,cboe:VIX1Y_History.csv
2016-05-12,21.48,cboe:VIX1Y_History.csv
2016-05-13,21.82,cboe:VIX1Y_History.csv
2016-05-16,21.42,cboe:VIX1Y_History.csv
2016-05-17,21.71,cboe:VIX1Y_History.csv
2016-05-18,21.82,cboe:VIX1Y_History.csv
2016-05-19,22.03,cboe:VIX1Y_History.csv
2016-05-20,21.83,cboe:VIX1Y_History.csv
2016-05-23,21.82,cboe:VIX1Y_History.csv
2016-05-24,21.19,cboe:VIX1Y_History.csv
2016-05-25,20.93,cboe:VIX1Y_History.csv
2016-05-26,20.86,cboe:VIX1Y_History.csv
2016-05-27,20.67,cboe:VIX1Y_History.csv
2016-05-31,20.93,cboe:VIX1Y_History.csv
2016-06-01,20.87,cboe:VIX1Y_History.csv
2016-06-02,20.84,cboe:VIX1Y_History.csv
2016-06-03,20.66,cboe:VIX1Y_History.csv
2016-06-06,20.63,cboe:VIX1Y_History.csv
2016-06-07,20.89,cboe:VIX1Y_History.csv
2016-06-08,20.84,cboe:VIX1Y_History.csv
2016-06-09,21.3,cboe:VIX1Y_History.csv
2016-06-10,22.23,cboe:VIX1Y_History.csv
2016-06-13,23.82,cboe:VIX1Y_History.csv
2016-06-14,23.49,cboe:VIX1Y_History.csv
2016-06-15,23.11,cboe:VIX1Y_History.csv
2016-06-16,22.75,cboe:VIX1Y_History.csv
2016-06-17,22.81,cboe:VIX1Y_History.csv
2016-06-20,21.99,cboe:VIX1Y_History.csv
2016-06-21,21.86,cboe:VIX1Y_History.csv
2016-06-22,22.16,cboe:VIX1Y_History.csv
2016-06-23,20.88,cboe:VIX1Y_History.csv
2016-06-24,23.98,cboe:VIX1Y_History.csv
2016-06-27,24.28,cboe:VIX1Y_History.csv
2016-06-28,22.51,cboe:VIX1Y_History.csv
2016-06-29,21.92,cboe:VIX1Y_History.csv
2016-06-30,21.66,cboe:VIX1Y_History.csv
2016-07-01,21.63,cboe:VIX1Y_History.csv
2016-07-05,21.95,cboe:VIX1Y_History.csv
2016-07-06,22.05,cboe:VIX1Y_History.csv
2016-07-07,21.66,cboe:VIX1Y_History.csv
2016-07-08,21.08,cboe:VIX1Y_History.csv
2016-07-11,20.91,cboe:VIX1Y_History.csv
2016-07-12,20.54,cboe:VIX1Y_History.csv
2016-07-13,20.39,cboe:VIX1Y_History.csv
2016-07-14,20.39,cboe:VIX1Y_History.csv
2016-07-15,20.48,cboe:VIX1Y_History.csv
2016-07-18,20.48,cboe:VIX1Y_History.csv
2016-07-19,20.41,cboe:VIX1Y_History.csv
2016-07-20,20.38,cboe:VIX1Y_History.csv
2016-07-21,20.83,cboe:VIX1Y_History.csv
2016-07-22,20.54,cboe:VIX1Y_History.csv
2016-07-25,20.61,cboe:VIX1Y_History.csv
2016-07-26,20.6,cboe:VIX1Y_History.csv
2016-07-27,20.73,cboe:VIX1Y_History.csv
2016-07-28,20.74,cboe:VIX1Y_History.csv
2016-07-29,20.39,cboe:VIX1Y_History.csv
2016-08-01,20.5,cboe:VIX1Y_History.csv
2016-08-02,20.86,cboe:VIX1Y_History.csv
2016-08-03,20.69,cboe:VIX1Y_History.csv
2016-08-04,20.37,cboe:VIX1Y_History.csv
2016-08-05,20.02,cboe:VIX1Y_History.csv
2016-08-08,19.95,cboe:VIX1Y_History.csv
2016-08-09,19.83,cboe:VIX1Y_History.csv
2016-08-10,19.89,cboe:VIX1Y_History.csv
2016-08-11,19.91,cboe:VIX1Y_History.csv
2016-08-12,19.92,cboe:VIX1Y_History.csv
2016-08-15,20.02,cboe:VIX1Y_History.csv
2016-08-16,20.42,cboe:VIX1Y_History.csv
2016-08-17,20.23,cboe:VIX1Y_History.csv
2016-08-18,20.15,cboe:VIX1Y_History.csv
2016-08-19,20.17,cboe:VIX1Y_History.csv
2016-08-22,20.29,cboe:VIX1Y_History.csv
2016-08-23,20.25,cboe:VIX1Y_History.csv
2016-08-24,20.44,cboe:VIX1Y_History.csv
2016-08-25,20.44,cboe:VIX1Y_History.csv
2016-08-26,20.52,cboe:VIX1Y_History.csv
2016-08-29,20.33,cboe:VIX1Y_History.csv
2016-08-30,20.37,cboe:VIX1Y_History.csv
2016-08-31,20.56,cboe:VIX1Y_History.csv
2016-09-01,20.64,cboe:VIX1Y_History.csv
2016-09-02,20.44,cboe:VIX1Y_History.csv
2016-09-06,20.26,cboe:VIX1Y_History.csv
2016-09-07,20.23,cboe:VIX1Y_History.csv
2016-09-08,20.41,cboe:VIX1Y_History.csv
2016-09-09,21.82,cboe:VIX1Y_History.csv
2016-09-12,21.1,cboe:VIX1Y_History.csv
2016-09-13,21.74,cboe:VIX1Y_History.csv
2016-09-14,22.03,cboe:VIX1Y_History.csv
2016-09-15,21.49,cboe:VIX1Y_History.csv
2016-09-16,21.43,cboe:VIX1Y_History.csv
2016-09-19,20.88,cboe:VIX1Y_History.csv
2016-09-20,21.14,cboe:VIX1Y_History.csv
2016-09-21,20.38,cboe:VIX1Y_History.csv
2016-09-22,20.12,cboe:VIX1Y_History.csv
2016-09-23,20.11,cboe:VIX1Y_History.csv
2016-09-26,20.7,cboe:VIX1Y_History.csv
2016-09-27,20.24,cboe:VIX1Y_History.csv
2016-09-28,20.07,cboe:VIX1Y_History.csv
2016-09-29,20.48,cboe:VIX1Y_History.csv
2016-09-30,20.29,cboe:VIX1Y_History.csv
2016-10-03,20.12,cboe:VIX1Y_History.csv
2016-10-04,20.16,cboe:VIX1Y_History.csv
2016-10-05,20.07,cboe:VIX1Y_History.csv
2016-10-06,19.92,cboe:VIX1Y_History.csv
2016-10-07,20.12,cboe:VIX1Y_History.csv
2016-10-10,19.91,cboe:VIX1Y_History.csv
2016-10-11,20.42,cboe:VIX1Y_History.csv
2016-10-12,20.47,cboe:VIX1Y_History.csv
2016-10-13,20.7,cboe:VIX1Y_History.csv
2016-10-14,20.63,cboe:VIX1Y_History.csv
2016-10-17,20.7,cboe:VIX1Y_History.csv
2016-10-18,20.5,cboe:VIX1Y_History.csv
2016-10-19,20.21,cboe:VIX1Y_History.csv
2016-10-20,20.08,cboe:VIX1Y_History.csv
2016-10-21,20.01,cboe:VIX1Y_History.csv
2016-10-24,19.77,cboe:VIX1Y_History.csv
2016-10-25,19.92,cboe:VIX1Y_History.csv
2016-10-26,20.1,cboe:VIX1Y_History.csv
2016-10-27,20.49,cboe:VIX1Y_History.csv
2016-10-28,20.57,cboe:VIX1Y_History.csv
2016-10-31,20.68,cboe:VIX1Y_History.csv
2016-11-01,21.15,cboe:VIX1Y_History.csv
2016-11-02,21.22,cboe:VIX1Y_History.csv
2016-11-03,21.7,cboe:VIX1Y_History.csv
2016-11-04,22.08,cboe:VIX1Y_History.csv
2016-11-07,20.59,cboe:VIX1Y_History.csv
2016-11-08,20.45,cboe:VIX1Y_History.csv
2016-11-09,19.6,cboe:VIX1Y_History.csv
2016-11-10,20.07,cboe:VIX1Y_History.csv
2016-11-11,20.01,cboe:VIX1Y_History.csv
2016-11-14,20.24,cboe:VIX1Y_History.csv
2016-11-15,19.78,cboe:VIX1Y_History.csv
2016-11-16,19.9,cboe:VIX1Y_History.csv
2016-11-17,19.81,cboe:VIX1Y_History.csv
2016-11-18,19.92,cboe:VIX1Y_History.csv
2016-11-21,19.7,cboe:VIX1Y_History.csv
2016-11-22,19.66,cboe:VIX1Y_History.csv
2016-11-23,19.68,cboe:VIX1Y_History.csv
2016-11-25,19.52,cboe:VIX1Y_History.csv
2016-11-28,19.95,cboe:VIX1Y_History.csv
2016-11-29,19.96,cboe:VIX1Y_History.csv
2016-11-30,19.91,cboe:VIX1Y_History.csv
2016-12-01,20.23,cboe:VIX1Y_History.csv
2016-12-02,20.26,cboe:VIX1Y_History.csv
2016-12-05,19.78,cboe:VIX1Y_History.csv
2016-12-06,19.69,cboe:VIX1Y_History.csv
2016-12-07,19.57,cboe:VIX1Y_History.csv
2016-12-08,19.73,cboe:VIX1Y_History.csv
2016-12-09,19.53,cboe:VIX1Y_History.csv
2016-12-12,19.73,cboe:VIX1Y_History.csv
2016-12-13,19.64,cboe:VIX1Y_History.csv
2016-12-14,19.67,cboe:VIX1Y_History.csv
2016-12-15,19.74,cboe:VIX1Y_History.csv
2016-12-16,19.72,cboe:VIX1Y_History.csv
2016-12-19,19.61,cboe:VIX1Y_History.csv
2016-12-20,19.59,cboe:VIX1Y_History.csv
2016-12-21,19.65,cboe:VIX1Y_History.csv
2016-12-22,19.74,cboe:VIX1Y_History.csv
2016-12-23,19.73,cboe:VIX1Y_History.csv
2016-12-27,19.67,cboe:VIX1Y_History.csv
2016-12-28,19.89,cboe:VIX1Y_History.csv
2016-12-29,19.99,cboe:VIX1Y_History.csv
2016-12-30,20.36,cboe:VIX1Y_History.csv
2017-01-03,19.74,cboe:VIX1Y_History.csv
2017-01-04,19.32,cboe:VIX1Y_History.csv
2017-01-05,19.15,cboe:VIX1Y_History.csv
2017-01-06,18.94,cboe:VIX1Y_History.csv
2017-01-09,19.02,cboe:VIX1Y_History.csv
2017-01-10,19.13,cboe:VIX1Y_History.csv
2017-01-11,19.19,cboe:VIX1Y_History.csv
2017-01-12,19.32,cboe:VIX1Y_History.csv
2017-01-13,19.4,cboe:VIX1Y_History.csv
2017-01-17,19.57,cboe:VIX1Y_History.csv
2017-01-18,19.4,cboe:VIX1Y_History.csv
2017-01-19,19.46,cboe:VIX1Y_History.csv
2017-01-20,19.21,cboe:VIX1Y_History.csv
2017-01-23,19.08,cboe:VIX1Y_History.csv
2017-01-24,18.2,cboe:VIX1Y_History.csv
2017-01-25,18.28,cboe:VIX1Y_History.csv
2017-01-26,18.44,cboe:VIX1Y_History.csv
2017-01-27,18.65,cboe:VIX1Y_History.csv
2017-01-30,18.95,cboe:VIX1Y_History.csv
2017-01-31,18.88,cboe:VIX1Y_History.csv
2017-02-01,18.72,cboe:VIX1Y_History.csv
2017-02-02,18.57,cboe:VIX1Y_History.csv
2017-02-03,18.44,cboe:VIX1Y_History.csv
2017-02-06,18.42,cboe:VIX1Y_History.csv
2017-02-07,18.43,cboe:VIX1Y_History.csv
2017-02-08,18.52,cboe:VIX1Y_History.csv
2017-02-09,18.31,cboe:VIX1Y_History.csv
2017-02-10,18.16,cboe:VIX1Y_History.csv
2017-02-13,17.92,cboe:VIX1Y_History.csv
2017-02-14,17.63,cboe:VIX1Y_History.csv
2017-02-15,17.8,cboe:VIX1Y_History.csv
2017-02-16,17.75,cboe:VIX1Y_History.csv
2017-02-17,17.87,cboe:VIX1Y_History.csv
2017-02-21,17.95,cboe:VIX1Y_History.csv
2017-02-22,18.05,cboe:VIX1Y_History.csv
2017-02-23,18.15,cboe:VIX1Y_History.csv
2017-02-24,18.16,cboe:VIX1Y_History.csv
2017-02-27,18.19,cboe:VIX1Y_History.csv
2017-02-28,18.48,cboe:VIX1Y_History.csv
2017-03-01,18.33,cboe:VIX1Y_History.csv
2017-03-02,18.24,cboe:VIX1Y_History.csv
2017-03-03,18.03,cboe:VIX1Y_History.csv
2017-03-06,18.09,cboe:VIX1Y_History.csv
2017-03-07,18.16,cboe:VIX1Y_History.csv
2017-03-08,18.15,cboe:VIX1Y_History.csv
2017-03-09,18.26,cboe:VIX1Y_History.csv
2017-03-10,18.03,cboe:VIX1Y_History.csv
2017-03-13,18.05,cboe:VIX1Y_History.csv
2017-03-14,18.11,cboe:VIX1Y_History.csv
2017-03-15,17.95,cboe:VIX1Y_History.csv
2017-03-16,17.78,cboe:VIX1Y_History.csv
2017-03-17,17.83,cboe:VIX1Y_History.csv
2017-03-20,17.31,cboe:VIX1Y_History.csv
2017-03-21,17.77,cboe:VIX1Y_History.csv
2017-03-22,17.74,cboe:VIX1Y_History.csv
2017-03-23,17.86,cboe:VIX1Y_History.csv
2017-03-24,17.66,cboe:VIX1Y_History.csv
2017-03-27,17.51,cboe:VIX1Y_History.csv
2017-03-28,17.15,cboe:VIX1Y_History.csv
2017-03-29,16.96,cboe:VIX1Y_History.csv
2017-03-30,16.87,cboe:VIX1Y_History.csv
2017-03-31,16.95,cboe:VIX1Y_History.csv
2017-04-03,16.9,cboe:VIX1Y_History.csv
2017-04-04,16.75,cboe:VIX1Y_History.csv
2017-04-05,17.01,cboe:VIX1Y_History.csv
2017-04-06,16.79,cboe:VIX1Y_History.csv
2017-04-07,17.03,cboe:VIX1Y_History.csv
2017-04-10,17.25,cboe:VIX1Y_History.csv
2017-04-11,17.44,cboe:VIX1Y_History.csv
2017-04-12,17.29,cboe:VIX1Y_History.csv
2017-04-13,17.71,cboe:VIX1Y_History.csv
2017-04-17,17.45,cboe:VIX1Y_History.csv
2017-04-18,17.5,cboe:VIX1Y_History.csv
2017-04-19,17.51,cboe:VIX1Y_History.csv
2017-04-20,17.2,cboe:VIX1Y_History.csv
2017-04-21,17.28,cboe:VIX1Y_History.csv
2017-04-24,16.65,cboe:VIX1Y_History.csv
2017-04-25,16.55,cboe:VIX1Y_History.csv
2017-04-26,16.61,cboe:VIX1Y_History.csv
2017-04-27,16.6,cboe:VIX1Y_History.csv
2017-04-28,16.7,cboe:VIX1Y_History.csv
2017-05-01,16.35,cboe:VIX1Y_History.csv
2017-05-02,16.45,cboe:VIX1Y_History.csv
2017-05-03,16.62,cboe:VIX1Y_History.csv
2017-05-04,16.67,cboe:VIX1Y_History.csv
2017-05-05,16.45,cboe:VIX1Y_History.csv
2017-05-08,16.54,cboe:VIX1Y_History.csv
2017-05-09,16.77,cboe:VIX1Y_History.csv
2017-05-10,16.72,cboe:VIX1Y_History.csv
2017-05-11,16.88,cboe:VIX1Y_History.csv
2017-05-12,17.14,cboe:VIX1Y_History.csv
2017-05-15,16.95,cboe:VIX1Y_History.csv
2017-05-16,17.01,cboe:VIX1Y_History.csv
2017-05-17,18.27,cboe:VIX1Y_History.csv
2017-05-18,18.02,cboe:VIX1Y_History.csv
2017-05-19,17.55,cboe:VIX1Y_History.csv
2017-05-22,17.28,cboe:VIX1Y_History.csv
2017-05-23,17.13,cboe:VIX1Y_History.csv
2017-05-24,16.97,cboe:VIX1Y_History.csv
2017-05-25,16.87,cboe:VIX1Y_History.csv
2017-05-26,16.98,cboe:VIX1Y_History.csv
2017-05-30,17.14,cboe:VIX1Y_History.csv
2017-05-31,17.18,cboe:VIX1Y_History.csv
2017-06-01,17.12,cboe:VIX1Y_History.csv
2017-06-02,17.04,cboe:VIX1Y_History.csv
2017-06-05,17.15,cboe:VIX1Y_History.csv
2017-06-06,17.38,cboe:VIX1Y_History.csv
2017-06-07,17.31,cboe:VIX1Y_History.csv
2017-06-08,17.07,cboe:VIX1Y_History.csv
2017-06-09,17.23,cboe:VIX1Y_History.csv
2017-06-12,17.3,cboe:VIX1Y_History.csv
2017-06-13,17.23,cboe:VIX1Y_History.csv
2017-06-14,17.25,cboe:VIX1Y_History.csv
2017-06-15,17.18,cboe:VIX1Y_History.csv
2017-06-16,17.3,cboe:VIX1Y_History.csv
2017-06-19,16.97,cboe:VIX1Y_History.csv
2017-06-20,17.01,cboe:VIX1Y_History.csv
2017-06-21,17.03,cboe:VIX1Y_History.csv
2017-06-22,16.87,cboe:VIX1Y_History.csv
2017-06-23,16.83,cboe:VIX1Y_History.csv
2017-06-26,16.76,cboe:VIX1Y_History.csv
2017-06-27,17.09,cboe:VIX1Y_History.csv
2017-06-28,16.82,cboe:VIX1Y_History.csv
2017-06-29,16.98,cboe:VIX1Y_History.csv
2017-06-30,17.12,cboe:VIX1Y_History.csv
2017-07-03,13.31,cboe:VIX1Y_History.csv
2017-07-05,17.02,cboe:VIX1Y_History.csv
2017-07-06,17.32,cboe:VIX1Y_History.csv
2017-07-07,17.09,cboe:VIX1Y_History.csv
2017-07-10,17.04,cboe:VIX1Y_History.csv
2017-07-11,16.89,cboe:VIX1Y_History.csv
2017-07-12,16.63,cboe:VIX1Y_History.csv
2017-07-13,16.47,cboe:VIX1Y_History.csv
2017-07-14,16.17,cboe:VIX1Y_History.csv
2017-07-17,16.17,cboe:VIX1Y_History.csv
2017-07-18,16.22,cboe:VIX1Y_History.csv
2017-07-19,16.07,cboe:VIX1Y_History.csv
2017-07-20,16.06,cboe:VIX1Y_History.csv
2017-07-21,16.0,cboe:VIX1Y_History.csv
2017-07-24,15.95,cboe:VIX1Y_History.csv
2017-07-25,15.83,cboe:VIX1Y_History.csv
2017-07-26,15.77,cboe:VIX1Y_History.csv
2017-07-27,15.76,cboe:VIX1Y_History.csv
2017-07-28,15.86,cboe:VIX1Y_History.csv
2017-07-31,15.8,cboe:VIX1Y_History.csv
2017-08-01,15.56,cboe:VIX1Y_History.csv
2017-08-02,15.69,cboe:VIX1Y_History.csv
2017-08-03,15.91,cboe:VIX1Y_History.csv
2017-08-04,16.01,cboe:VIX1Y_History.csv
2017-08-07,16.12,cboe:VIX1Y_History.csv
2017-08-08,16.33,cboe:VIX1Y_History.csv
2017-08-09,16.43,cboe:VIX1Y_History.csv
2017-08-10,17.69,cboe:VIX1Y_History.csv
2017-08-11,17.84,cboe:VIX1Y_History.csv
2017-08-14,16.69,cboe:VIX1Y_History.csv
2017-08-15,16.56,cboe:VIX1Y_History.csv
2017-08-16,16.47,cboe:VIX1Y_History.csv
2017-08-17,17.4,cboe:VIX1Y_History.csv
2017-08-18,17.25,cboe:VIX1Y_History.csv
2017-08-21,17.06,cboe:VIX1Y_History.csv
2017-08-22,16.53,cboe:VIX1Y_History.csv
2017-08-23,16.93,cboe:VIX1Y_History.csv
2017-08-24,17.02,cboe:VIX1Y_History.csv
2017-08-25,16.96,cboe:VIX1Y_History.csv
2017-08-28,16.99,cboe:VIX1Y_History.csv
2017-08-29,17.11,cboe:VIX1Y_History.csv
2017-08-30,17.14,cboe:VIX1Y_History.csv
2017-08-31,17.14,cboe:VIX1Y_History.csv
2017-09-01,17.01,cboe:VIX1Y_History.csv
2017-09-05,17.44,cboe:VIX1Y_History.csv
2017-09-06,17.44,cboe:VIX1Y_History.csv
2017-09-07,17.4,cboe:VIX1Y_History.csv
2017-09-08,17.8,cboe:VIX1Y_History.csv
2017-09-11,17.37,cboe:VIX1Y_History.csv
2017-09-12,17.25,cboe:VIX1Y_History.csv
2017-09-13,17.09,cboe:VIX1Y_History.csv
2017-09-14,17.13,cboe:VIX1Y_History.csv
2017-09-15,17.13,cboe:VIX1Y_History.csv
2017-09-18,16.69,cboe:VIX1Y_History.csv
2017-09-19,16.76,cboe:VIX1Y_History.csv
2017-09-20,16.58,cboe:VIX1Y_History.csv
2017-09-21,16.71,cboe:VIX1Y_History.csv
2017-09-22,17.23,cboe:VIX1Y_History.csv
2017-09-25,16.96,cboe:VIX1Y_History.csv
2017-09-26,16.98,cboe:VIX1Y_History.csv
2017-09-27,16.92,cboe:VIX1Y_History.csv
2017-09-28,16.84,cboe:VIX1Y_History.csv
2017-09-29,16.64,cboe:VIX1Y_History.csv
2017-10-02,16.45,cboe:VIX1Y_History.csv
2017-10-03,16.4,cboe:VIX1Y_History.csv
2017-10-04,16.28,cboe:VIX1Y_History.csv
2017-10-05,16.34,cboe:VIX1Y_History.csv
2017-10-06,16.49,cboe:VIX1Y_History.csv
2017-10-09,16.68,cboe:VIX1Y_History.csv
2017-10-10,16.68,cboe:VIX1Y_History.csv
2017-10-11,16.64,cboe:VIX1Y_History.csv
2017-10-12,16.71,cboe:VIX1Y_History.csv
2017-10-13,16.63,cboe:VIX1Y_History.csv
2017-10-16,16.52,cboe:VIX1Y_History.csv
2017-10-17,16.51,cboe:VIX1Y_History.csv
2017-10-18,16.64,cboe:VIX1Y_History.csv
2017-10-19,16.55,cboe:VIX1Y_History.csv
2017-10-20,16.4,cboe:VIX1Y_History.csv
2017-10-23,16.75,cboe:VIX1Y_History.csv
2017-10-24,16.6,cboe:VIX1Y_History.csv
2017-10-25,16.8,cboe:VIX1Y_History.csv
2017-10-26,16.64,cboe:VIX1Y_History.csv
2017-10-27,16.5,cboe:VIX1Y_History.csv
2017-10-30,16.52,cboe:VIX1Y_History.csv
2017-10-31,16.41,cboe:VIX1Y_History.csv
2017-11-01,16.54,cboe:VIX1Y_History.csv
2017-11-02,16.72,cboe:VIX1Y_History.csv
2017-11-03,16.73,cboe:VIX1Y_History.csv
2017-11-06,16.63,cboe:VIX1Y_History.csv
2017-11-07,16.86,cboe:VIX1Y_History.csv
2017-11-08,16.87,cboe:VIX1Y_History.csv
2017-11-09,17.06,cboe:VIX1Y_History.csv
2017-11-10,17.44,cboe:VIX1Y_History.csv
2017-11-13,17.49,cboe:VIX1Y_History.csv
2017-11-14,17.65,cboe:VIX1Y_History.csv
2017-11-15,18.08,cboe:VIX1Y_History.csv
2017-11-16,17.55,cboe:VIX1Y_History.csv
2017-11-17,17.53,cboe:VIX1Y_History.csv
2017-11-20,17.17,cboe:VIX1Y_History.csv
2017-11-21,16.89,cboe:VIX1Y_History.csv
2017-11-22,16.96,cboe:VIX1Y_History.csv
2017-11-24,16.84,cboe:VIX1Y_History.csv
2017-11-27,16.93,cboe:VIX1Y_History.csv
2017-11-28,16.75,cboe:VIX1Y_History.csv
2017-11-29,17.19,cboe:VIX1Y_History.csv
2017-11-30,17.78,cboe:VIX1Y_History.csv
2017-12-01,17.25,cboe:VIX1Y_History.csv
2017-12-04,16.98,cboe:VIX1Y_History.csv
2017-12-05,17.2,cboe:VIX1Y_History.csv
2017-12-06,17.12,cboe:VIX1Y_History.csv
2017-12-07,16.94,cboe:VIX1Y_History.csv
2017-12-08,17.25,cboe:VIX1Y_History.csv
2017-12-11,16.58,cboe:VIX1Y_History.csv
2017-12-12,16.72,cboe:VIX1Y_History.csv
2017-12-13,16.76,cboe:VIX1Y_History.csv
2017-12-14,17.0,cboe:VIX1Y_History.csv
2017-12-15,16.72,cboe:VIX1Y_History.csv
2017-12-18,16.38,cboe:VIX1Y_History.csv
2017-12-19,16.55,cboe:VIX1Y_History.csv
2017-12-20,16.38,cboe:VIX1Y_History.csv
2017-12-21,16.38,cboe:VIX1Y_History.csv
2017-12-22,16.58,cboe:VIX1Y_History.csv
2017-12-26,16.58,cboe:VIX1Y_History.csv
2017-12-27,16.63,cboe:VIX1Y_History.csv
2017-12-28,16.81,cboe:VIX1Y_History.csv
2017-12-29,16.68,cboe:VIX1Y_History.csv
2018-01-02,16.35,cboe:VIX1Y_History.csv
2018-01-03,16.05,cboe:VIX1Y_History.csv
2018-01-04,15.97,cboe:VIX1Y_History.csv
2018-01-05,15.87,cboe:VIX1Y_History.csv
2018-01-08,15.73,cboe:VIX1Y_History.csv
2018-01-09,15.86,cboe:VIX1Y_History.csv
2018-01-10,15.93,cboe:VIX1Y_History.csv
2018-01-11,15.62,cboe:VIX1Y_History.csv
2018-01-12,15.63,cboe:VIX1Y_History.csv
2018-01-16,16.27,cboe:VIX1Y_History.csv
2018-01-17,16.16,cboe:VIX1Y_History.csv
2018-01-18,16.39,cboe:VIX1Y_History.csv
2018-01-19,16.24,cboe:VIX1Y_History.csv
2018-01-22,16.33,cboe:VIX1Y_History.csv
2018-01-23,16.39,cboe:VIX1Y_History.csv
2018-01-24,16.57,cboe:VIX1Y_History.csv
2018-01-25,16.64,cboe:VIX1Y_History.csv
2018-01-26,16.49,cboe:VIX1Y_History.csv
2018-01-29,17.2,cboe:VIX1Y_History.csv
2018-01-30,17.63,cboe:VIX1Y_History.csv
2018-01-31,17.22,cboe:VIX1Y_History.csv
2018-02-01,17.08,cboe:VIX1Y_History.csv
2018-02-02,18.07,cboe:VIX1Y_History.csv
2018-02-05,22.49,cboe:VIX1Y_History.csv
2018-02-06,20.33,cboe:VIX1Y_History.csv
2018-02-07,20.66,cboe:VIX1Y_History.csv
2018-02-08,22.8,cboe:VIX1Y_History.csv
2018-02-09,21.93,cboe:VIX1Y_History.csv
2018-02-12,20.92,cboe:VIX1Y_History.csv
2018-02-13,20.87,cboe:VIX1Y_History.csv
2018-02-14,19.46,cboe:VIX1Y_History.csv
2018-02-15,19.39,cboe:VIX1Y_History.csv
2018-02-16,19.52,cboe:VIX1Y_History.csv
2018-02-20,19.89,cboe:VIX1Y_History.csv
2018-02-21,19.91,cboe:VIX1Y_History.csv
2018-02-22,19.46,cboe:VIX1Y_History.csv
2018-02-23,18.3,cboe:VIX1Y_History.csv
2018-02-26,18.14,cboe:VIX1Y_History.csv
2018-02-27,19.17,cboe:VIX1Y_History.csv
2018-02-28,19.75,cboe:VIX1Y_History.csv
2018-03-01,20.29,cboe:VIX1Y_History.csv
2018-03-02,19.39,cboe:VIX1Y_History.csv
2018-03-05,19.04,cboe:VIX1Y_History.csv
2018-03-06,19.93,cboe:VIX1Y_History.csv
2018-03-07,19.84,cboe:VIX1Y_History.csv
2018-03-08,19.5,cboe:VIX1Y_History.csv
2018-03-09,18.51,cboe:VIX1Y_History.csv
2018-03-12,19.04,cboe:VIX1Y_History.csv
2018-03-13,18.83,cboe:VIX1Y_History.csv
2018-03-14,19.51,cboe:VIX1Y_History.csv
2018-03-15,19.42,cboe:VIX1Y_History.csv
2018-03-16,19.22,cboe:VIX1Y_History.csv
2018-03-19,19.76,cboe:VIX1Y_History.csv
2018-03-20,19.61,cboe:VIX1Y_History.csv
2018-03-21,19.56,cboe:VIX1Y_History.csv
2018-03-22,20.63,cboe:VIX1Y_History.csv
2018-03-23,21.31,cboe:VIX1Y_History.csv
2018-03-26,20.55,cboe:VIX1Y_History.csv
2018-03-27,21.32,cboe:VIX1Y_History.csv
2018-03-28,21.66,cboe:VIX1Y_History.csv
2018-03-29,20.87,cboe:VIX1Y_History.csv
2018-04-02,21.69,cboe:VIX1Y_History.csv
2018-04-03,20.84,cboe:VIX1Y_History.csv
2018-04-04,20.5,cboe:VIX1Y_History.csv
2018-04-05,20.1,cboe:VIX1Y_History.csv
2018-04-06,20.87,cboe:VIX1Y_History.csv
2018-04-09,20.87,cboe:VIX1Y_History.csv
2018-04-10,20.57,cboe:VIX1Y_History.csv
2018-04-11,20.72,cboe:VIX1Y_History.csv
2018-04-12,20.18,cboe:VIX1Y_History.csv
2018-04-13,19.7,cboe:VIX1Y_History.csv
2018-04-16,19.25,cboe:VIX1Y_History.csv
2018-04-17,18.68,cboe:VIX1Y_History.csv
2018-04-18,18.5,cboe:VIX1Y_History.csv
2018-04-19,18.71,cboe:VIX1Y_History.csv
2018-04-20,19.04,cboe:VIX1Y_History.csv
2018-04-23,18.83,cboe:VIX1Y_History.csv
2018-04-24,19.24,cboe:VIX1Y_History.csv
2018-04-25,19.18,cboe:VIX1Y_History.csv
2018-04-26,18.71,cboe:VIX1Y_History.csv
2018-04-27,18.71,cboe:VIX1Y_History.csv
2018-04-30,18.9,cboe:VIX1Y_History.csv
2018-05-01,18.68,cboe:VIX1Y_History.csv
2018-05-02,18.89,cboe:VIX1Y_History.csv
2018-05-03,18.7,cboe:VIX1Y_History.csv
2018-05-04,18.43,cboe:VIX1Y_History.csv
2018-05-07,18.47,cboe:VIX1Y_History.csv
2018-05-08,18.36,cboe:VIX1Y_History.csv
2018-05-09,18.05,cboe:VIX1Y_History.csv
2018-05-10,17.74,cboe:VIX1Y_History.csv
2018-05-11,17.59,cboe:VIX1Y_History.csv
2018-05-14,17.34,cboe:VIX1Y_History.csv
2018-05-15,17.86,cboe:VIX1Y_History.csv
2018-05-16,17.47,cboe:VIX1Y_History.csv
2018-05-17,17.49,cboe:VIX1Y_History.csv
2018-05-18,17.71,cboe:VIX1Y_History.csv
2018-05-21,17.35,cboe:VIX1Y_History.csv
2018-05-22,17.53,cboe:VIX1Y_History.csv
2018-05-23,17.35,cboe:VIX1Y_History.csv
2018-05-24,17.38,cboe:VIX1Y_History.csv
2018-05-25,17.55,cboe:VIX1Y_History.csv
2018-05-29,18.44,cboe:VIX1Y_History.csv
2018-05-30,17.98,cboe:VIX1Y_History.csv
2018-05-31,18.22,cboe:VIX1Y_History.csv
2018-06-01,17.59,cboe:VIX1Y_History.csv
2018-06-04,17.41,cboe:VIX1Y_History.csv
2018-06-05,17.29,cboe:VIX1Y_History.csv
2018-06-06,17.04,cboe:VIX1Y_History.csv
2018-06-07,17.22,cboe:VIX1Y_History.csv
2018-06-08,17.23,cboe:VIX1Y_History.csv
2018-06-11,17.17,cboe:VIX1Y_History.csv
2018-06-12,17.23,cboe:VIX1Y_History.csv
2018-06-13,17.44,cboe:VIX1Y_History.csv
2018-06-14,17.31,cboe:VIX1Y_History.csv
2018-06-15,17.54,cboe:VIX1Y_History.csv
2018-06-18,17.61,cboe:VIX1Y_History.csv
2018-06-19,18.09,cboe:VIX1Y_History.csv
2018-06-20,17.77,cboe:VIX1Y_History.csv
2018-06-21,18.18,cboe:VIX1Y_History.csv
2018-06-22,18.12,cboe:VIX1Y_History.csv
2018-06-25,18.87,cboe:VIX1Y_History.csv
2018-06-26,18.49,cboe:VIX1Y_History.csv
2018-06-27,18.99,cboe:VIX1Y_History.csv
2018-06-28,18.78,cboe:VIX1Y_History.csv
2018-06-29,18.67,cboe:VIX1Y_History.csv
2018-07-02,18.65,cboe:VIX1Y_History.csv
2018-07-03,18.82,cboe:VIX1Y_History.csv
2018-07-05,18.35,cboe:VIX1Y_History.csv
2018-07-06,18.0,cboe:VIX1Y_History.csv
2018-07-09,17.4,cboe:VIX1Y_History.csv
2018-07-10,17.23,cboe:VIX1Y_History.csv
2018-07-11,17.46,cboe:VIX1Y_History.csv
2018-07-12,17.22,cboe:VIX1Y_History.csv
2018-07-13,17.11,cboe:VIX1Y_History.csv
2018-07-16,17.21,cboe:VIX1Y_History.csv
2018-07-17,17.14,cboe:VIX1Y_History.csv
2018-07-18,17.17,cboe:VIX1Y_History.csv
2018-07-19,17.41,cboe:VIX1Y_History.csv
2018-07-20,17.62,cboe:VIX1Y_History.csv
2018-07-23,17.45,cboe:VIX1Y_History.csv
2018-07-24,17.33,cboe:VIX1Y_History.csv
2018-07-25,17.14,cboe:VIX1Y_History.csv
2018-07-26,17.18,cboe:VIX1Y_History.csv
2018-07-27,17.33,cboe:VIX1Y_History.csv
2018-07-30,17.66,cboe:VIX1Y_History.csv
2018-07-31,17.42,cboe:VIX1Y_History.csv
2018-08-01,17.59,cboe:VIX1Y_History.csv
2018-08-02,17.34,cboe:VIX1Y_History.csv
2018-08-03,17.13,cboe:VIX1Y_History.csv
2018-08-06,16.92,cboe:VIX1Y_History.csv
2018-08-07,16.76,cboe:VIX1Y_History.csv
2018-08-08,16.85,cboe:VIX1Y_History.csv
2018-08-09,16.89,cboe:VIX1Y_History.csv
2018-08-10,17.4,cboe:VIX1Y_History.csv
2018-08-13,17.83,cboe:VIX1Y_History.csv
2018-08-14,17.45,cboe:VIX1Y_History.csv
2018-08-15,17.72,cboe:VIX1Y_History.csv
2018-08-16,17.38,cboe:VIX1Y_History.csv
2018-08-17,17.27,cboe:VIX1Y_History.csv
2018-08-20,17.16,cboe:VIX1Y_History.csv
2018-08-21,17.24,cboe:VIX1Y_History.csv
2018-08-22,17.2,cboe:VIX1Y_History.csv
2018-08-23,17.25,cboe:VIX1Y_History.csv
2018-08-24,17.08,cboe:VIX1Y_History.csv
2018-08-27,17.01,cboe:VIX1Y_History.csv
2018-08-28,17.21,cboe:VIX1Y_History.csv
2018-08-29,17.2,cboe:VIX1Y_History.csv
2018-08-30,17.58,cboe:VIX1Y_History.csv
2018-08-31,17.41,cboe:VIX1Y_History.csv
2018-09-04,17.5,cboe:VIX1Y_History.csv
2018-09-05,17.8,cboe:VIX1Y_History.csv
2018-09-06,18.02,cboe:VIX1Y_History.csv
2018-09-07,18.18,cboe:VIX1Y_History.csv
2018-09-10,18.04,cboe:VIX1Y_History.csv
2018-09-11,17.68,cboe:VIX1Y_History.csv
2018-09-12,17.45,cboe:VIX1Y_History.csv
2018-09-13,17.11,cboe:VIX1Y_History.csv
2018-09-14,16.98,cboe:VIX1Y_History.csv
2018-09-17,17.23,cboe:VIX1Y_History.csv
2018-09-18,17.1,cboe:VIX1Y_History.csv
2018-09-19,16.99,cboe:VIX1Y_History.csv
2018-09-20,16.84,cboe:VIX1Y_History.csv
2018-09-21,17.0,cboe:VIX1Y_History.csv
2018-09-24,17.07,cboe:VIX1Y_History.csv
2018-09-25,17.11,cboe:VIX1Y_History.csv
2018-09-26,17.25,cboe:VIX1Y_History.csv
2018-09-27,17.23,cboe:VIX1Y_History.csv
2018-09-28,17.22,cboe:VIX1Y_History.csv
2018-10-01,17.2,cboe:VIX1Y_History.csv
2018-10-02,17.22,cboe:VIX1Y_History.csv
2018-10-03,17.17,cboe:VIX1Y_History.csv
2018-10-04,17.61,cboe:VIX1Y_History.csv
2018-10-05,17.97,cboe:VIX1Y_History.csv
2018-10-08,18.14,cboe:VIX1Y_History.csv
2018-10-09,18.22,cboe:VIX1Y_History.csv
2018-10-10,19.99,cboe:VIX1Y_History.csv
2018-10-11,20.53,cboe:VIX1Y_History.csv
2018-10-12,19.83,cboe:VIX1Y_History.csv
2018-10-15,20.19,cboe:VIX1Y_History.csv
2018-10-16,19.01,cboe:VIX1Y_History.csv
2018-10-17,19.07,cboe:VIX1Y_History.csv
2018-10-18,20.01,cboe:VIX1Y_History.csv
2018-10-19,20.08,cboe:VIX1Y_History.csv
2018-10-22,20.02,cboe:VIX1Y_History.csv
2018-10-23,20.21,cboe:VIX1Y_History.csv
2018-10-24,21.49,cboe:VIX1Y_History.csv
2018-10-25,21.36,cboe:VIX1Y_History.csv
2018-10-26,21.41,cboe:VIX1Y_History.csv
2018-10-29,21.45,cboe:VIX1Y_History.csv
2018-10-30,21.26,cboe:VIX1Y_History.csv
2018-10-31,20.7,cboe:VIX1Y_History.csv
2018-11-01,20.21,cboe:VIX1Y_History.csv
2018-11-02,20.47,cboe:VIX1Y_History.csv
2018-11-05,20.26,cboe:VIX1Y_History.csv
2018-11-06,19.89,cboe:VIX1Y_History.csv
2018-11-07,18.95,cboe:VIX1Y_History.csv
2018-11-08,18.93,cboe:VIX1Y_History.csv
2018-11-09,19.38,cboe:VIX1Y_History.csv
2018-11-12,20.01,cboe:VIX1Y_History.csv
2018-11-13,20.23,cboe:VIX1Y_History.csv
2018-11-14,20.77,cboe:VIX1Y_History.csv
2018-11-15,20.51,cboe:VIX1Y_History.csv
2018-11-16,20.02,cboe:VIX1Y_History.csv
2018-11-19,20.83,cboe:VIX1Y_History.csv
2018-11-20,21.7,cboe:VIX1Y_History.csv
2018-11-21,21.42,cboe:VIX1Y_History.csv
2018-11-23,21.64,cboe:VIX1Y_History.csv
2018-11-26,20.71,cboe:VIX1Y_History.csv
2018-11-27,21.15,cboe:VIX1Y_History.csv
2018-11-28,20.81,cboe:VIX1Y_History.csv
2018-11-29,20.74,cboe:VIX1Y_History.csv
2018-11-30,20.03,cboe:VIX1Y_History.csv
2018-12-03,19.24,cboe:VIX1Y_History.csv
2018-12-04,20.51,cboe:VIX1Y_History.csv
2018-12-06,20.56,cboe:VIX1Y_History.csv
2018-12-07,21.39,cboe:VIX1Y_History.csv
2018-12-10,21.28,cboe:VIX1Y_History.csv
2018-12-11,21.6,cboe:VIX1Y_History.csv
2018-12-12,21.43,cboe:VIX1Y_History.csv
2018-12-13,22.25,cboe:VIX1Y_History.csv
2018-12-14,22.7,cboe:VIX1Y_History.csv
2018-12-17,23.36,cboe:VIX1Y_History.csv
2018-12-18,22.95,cboe:VIX1Y_History.csv
2018-12-19,23.2,cboe:VIX1Y_History.csv
2018-12-20,23.54,cboe:VIX1Y_History.csv
2018-12-21,24.29,cboe:VIX1Y_History.csv
2018-12-24,25.09,cboe:VIX1Y_History.csv
2018-12-26,22.91,cboe:VIX1Y_History.csv
2018-12-27,23.12,cboe:VIX1Y_History.csv
2018-12-28,22.92,cboe:VIX1Y_History.csv
2018-12-31,22.17,cboe:VIX1Y_History.csv
2019-01-02,22.01,cboe:VIX1Y_History.csv
2019-01-03,22.6,cboe:VIX1Y_History.csv
2019-01-04,21.58,cboe:VIX1Y_History.csv
2019-01-07,21.4,cboe:VIX1Y_History.csv
2019-01-08,21.23,cboe:VIX1Y_History.csv
2019-01-09,21.04,cboe:VIX1Y_History.csv
2019-01-10,20.97,cboe:VIX1Y_History.csv
2019-01-11,20.62,cboe:VIX1Y_History.csv
2019-01-14,20.61,cboe:VIX1Y_History.csv
2019-01-15,20.13,cboe:VIX1Y_History.csv
2019-01-16,20.03,cboe:VIX1Y_History.csv
2019-01-17,19.96,cboe:VIX1Y_History.csv
2019-01-18,19.62,cboe:VIX1Y_History.csv
2019-01-22,20.42,cboe:VIX1Y_History.csv
2019-01-23,20.04,cboe:VIX1Y_History.csv
2019-01-24,19.98,cboe:VIX1Y_History.csv
2019-01-25,19.71,cboe:VIX1Y_History.csv
2019-01-28,19.89,cboe:VIX1Y_History.csv
2019-01-29,19.84,cboe:VIX1Y_History.csv
2019-01-30,19.35,cboe:VIX1Y_History.csv
2019-01-31,18.89,cboe:VIX1Y_History.csv
2019-02-01,18.85,cboe:VIX1Y_History.csv
2019-02-04,18.59,cboe:VIX1Y_History.csv
2019-02-05,18.37,cboe:VIX1Y_History.csv
2019-02-06,18.36,cboe:VIX1Y_History.csv
2019-02-07,18.63,cboe:VIX1Y_History.csv
2019-02-08,18.53,cboe:VIX1Y_History.csv
2019-02-11,18.5,cboe:VIX1Y_History.csv
2019-02-12,18.19,cboe:VIX1Y_History.csv
2019-02-13,18.28,cboe:VIX1Y_History.csv
2019-02-14,18.59,cboe:VIX1Y_History.csv
2019-02-15,18.22,cboe:VIX1Y_History.csv
2019-02-19,18.04,cboe:VIX1Y_History.csv
2019-02-20,17.73,cboe:VIX1Y_History.csv
2019-02-21,17.85,cboe:VIX1Y_History.csv
2019-02-22,17.56,cboe:VIX1Y_History.csv
2019-02-25,17.65,cboe:VIX1Y_History.csv
2019-02-26,17.83,cboe:VIX1Y_History.csv
2019-02-27,17.62,cboe:VIX1Y_History.csv
2019-02-28,17.7,cboe:VIX1Y_History.csv
2019-03-01,17.37,cboe:VIX1Y_History.csv
2019-03-04,17.64,cboe:VIX1Y_History.csv
2019-03-05,17.64,cboe:VIX1Y_History.csv
2019-03-06,18.04,cboe:VIX1Y_History.csv
2019-03-07,18.36,cboe:VIX1Y_History.csv
2019-03-08,18.35,cboe:VIX1Y_History.csv
2019-03-11,17.8,cboe:VIX1Y_History.csv
2019-03-12,17.62,cboe:VIX1Y_History.csv
2019-03-13,17.41,cboe:VIX1Y_History.csv
2019-03-14,17.45,cboe:VIX1Y_History.csv
2019-03-15,17.3,cboe:VIX1Y_History.csv
2019-03-18,17.4,cboe:VIX1Y_History.csv
2019-03-19,17.51,cboe:VIX1Y_History.csv
2019-03-20,17.69,cboe:VIX1Y_History.csv
2019-03-21,17.39,cboe:VIX1Y_History.csv
2019-03-22,18.25,cboe:VIX1Y_History.csv
2019-03-25,18.29,cboe:VIX1Y_History.csv
2019-03-26,17.93,cboe:VIX1Y_History.csv
2019-03-27,18.2,cboe:VIX1Y_History.csv
2019-03-28,18.05,cboe:VIX1Y_History.csv
2019-03-29,17.73,cboe:VIX1Y_History.csv
2019-04-01,17.41,cboe:VIX1Y_History.csv
2019-04-02,17.49,cboe:VIX1Y_History.csv
2019-04-03,17.45,cboe:VIX1Y_History.csv
2019-04-04,17.4,cboe:VIX1Y_History.csv
2019-04-05,17.22,cboe:VIX1Y_History.csv
2019-04-08,17.18,cboe:VIX1Y_History.csv
2019-04-09,17.52,cboe:VIX1Y_History.csv
2019-04-10,17.27,cboe:VIX1Y_History.csv
2019-04-11,17.28,cboe:VIX1Y_History.csv
2019-04-12,17.06,cboe:VIX1Y_History.csv
2019-04-15,17.2,cboe:VIX1Y_History.csv
2019-04-16,17.2,cboe:VIX1Y_History.csv
2019-04-17,17.34,cboe:VIX1Y_History.csv
2019-04-18,17.25,cboe:VIX1Y_History.csv
2019-04-22,17.3,cboe:VIX1Y_History.csv
2019-04-23,17.13,cboe:VIX1Y_History.csv
2019-04-24,17.39,cboe:VIX1Y_History.csv
2019-04-25,17.49,cboe:VIX1Y_History.csv
2019-04-26,17.29,cboe:VIX1Y_History.csv
2019-04-29,17.52,cboe:VIX1Y_History.csv
2019-04-30,17.53,cboe:VIX1Y_History.csv
2019-05-01,17.95,cboe:VIX1Y_History.csv
2019-05-02,17.83,cboe:VIX1Y_History.csv
2019-05-03,17.51,cboe:VIX1Y_History.csv
2019-05-06,17.98,cboe:VIX1Y_History.csv
2019-05-07,18.82,cboe:VIX1Y_History.csv
2019-05-08,18.71,cboe:VIX1Y_History.csv
2019-05-09,18.63,cboe:VIX1Y_History.csv
2019-05-10,18.06,cboe:VIX1Y_History.csv
2019-05-13,19.12,cboe:VIX1Y_History.csv
2019-05-14,18.57,cboe:VIX1Y_History.csv
2019-05-15,18.25,cboe:VIX1Y_History.csv
2019-05-16,17.96,cboe:VIX1Y_History.csv
2019-05-17,18.1,cboe:VIX1Y_History.csv
2019-05-20,18.21,cboe:VIX1Y_History.csv
2019-05-21,17.81,cboe:VIX1Y_History.csv
2019-05-22,17.8,cboe:VIX1Y_History.csv
2019-05-23,18.43,cboe:VIX1Y_History.csv
2019-05-24,18.27,cboe:VIX1Y_History.csv
2019-05-28,18.61,cboe:VIX1Y_History.csv
2019-05-29,18.89,cboe:VIX1Y_History.csv
2019-05-30,18.78,cboe:VIX1Y_History.csv
2019-05-31,19.23,cboe:VIX1Y_History.csv
2019-06-03,19.23,cboe:VIX1Y_History.csv
2019-06-04,18.53,cboe:VIX1Y_History.csv
2019-06-05,18.38,cboe:VIX1Y_History.csv
2019-06-06,18.17,cboe:VIX1Y_History.csv
2019-06-07,18.27,cboe:VIX1Y_History.csv
2019-06-10,18.18,cboe:VIX1Y_History.csv
2019-06-11,18.39,cboe:VIX1Y_History.csv
2019-06-12,18.37,cboe:VIX1Y_History.csv
2019-06-13,18.16,cboe:VIX1Y_History.csv
2019-06-14,18.06,cboe:VIX1Y_History.csv
2019-06-17,18.11,cboe:VIX1Y_History.csv
2019-06-18,18.06,cboe:VIX1Y_History.csv
2019-06-19,17.9,cboe:VIX1Y_History.csv
2019-06-20,17.73,cboe:VIX1Y_History.csv
2019-06-21,18.04,cboe:VIX1Y_History.csv
2019-06-24,17.96,cboe:VIX1Y_History.csv
2019-06-25,18.29,cboe:VIX1Y_History.csv
2019-06-26,18.34,cboe:VIX1Y_History.csv
2019-06-27,18.11,cboe:VIX1Y_History.csv
2019-06-28,17.73,cboe:VIX1Y_History.csv
2019-07-01,17.35,cboe:VIX1Y_History.csv
2019-07-02,17.06,cboe:VIX1Y_History.csv
2019-07-03,16.81,cboe:VIX1Y_History.csv
2019-07-05,16.94,cboe:VIX1Y_History.csv
2019-07-08,17.19,cboe:VIX1Y_History.csv
2019-07-09,17.28,cboe:VIX1Y_History.csv
2019-07-10,17.15,cboe:VIX1Y_History.csv
2019-07-11,17.1,cboe:VIX1Y_History.csv
2019-07-12,17.09,cboe:VIX1Y_History.csv
2019-07-15,17.27,cboe:VIX1Y_History.csv
2019-07-16,17.34,cboe:VIX1Y_History.csv
2019-07-17,17.68,cboe:VIX1Y_History.csv
2019-07-18,17.52,cboe:VIX1Y_History.csv
2019-07-19,17.77,cboe:VIX1Y_History.csv
2019-07-22,17.53,cboe:VIX1Y_History.csv
2019-07-23,17.22,cboe:VIX1Y_History.csv
2019-07-24,17.06,cboe:VIX1Y_History.csv
2019-07-25,17.26,cboe:VIX1Y_History.csv
2019-07-26,17.02,cboe:VIX1Y_History.csv
2019-07-29,17.19,cboe:VIX1Y_History.csv
2019-07-30,17.47,cboe:VIX1Y_History.csv
2019-07-31,18.09,cboe:VIX1Y_History.csv
2019-08-01,18.39,cboe:VIX1Y_History.csv
2019-08-02,18.31,cboe:VIX1Y_History.csv
2019-08-05,19.92,cboe:VIX1Y_History.csv
2019-08-06,19.01,cboe:VIX1Y_History.csv
2019-08-07,18.99,cboe:VIX1Y_History.csv
2019-08-08,18.18,cboe:VIX1Y_History.csv
2019-08-09,18.51,cboe:VIX1Y_History.csv
2019-08-12,19.35,cboe:VIX1Y_History.csv
2019-08-13,18.64,cboe:VIX1Y_History.csv
2019-08-14,19.96,cboe:VIX1Y_History.csv
2019-08-15,19.98,cboe:VIX1Y_History.csv
2019-08-16,19.33,cboe:VIX1Y_History.csv
2019-08-19,18.85,cboe:VIX1Y_History.csv
2019-08-20,19.22,cboe:VIX1Y_History.csv
2019-08-21,18.7,cboe:VIX1Y_History.csv
2019-08-22,18.97,cboe:VIX1Y_History.csv
2019-08-23,20.11,cboe:VIX1Y_History.csv
2019-08-26,19.82,cboe:VIX1Y_History.csv
2019-08-27,20.29,cboe:VIX1Y_History.csv
2019-08-28,20.06,cboe:VIX1Y_History.csv
2019-08-29,19.56,cboe:VIX1Y_History.csv
2019-08-30,19.86,cboe:VIX1Y_History.csv
2019-09-03,20.28,cboe:VIX1Y_History.csv
2019-09-04,19.71,cboe:VIX1Y_History.csv
2019-09-05,19.26,cboe:VIX1Y_History.csv
2019-09-06,19.01,cboe:VIX1Y_History.csv
2019-09-09,19.05,cboe:VIX1Y_History.csv
2019-09-10,18.99,cboe:VIX1Y_History.csv
2019-09-11,18.82,cboe:VIX1Y_History.csv
2019-09-12,18.65,cboe:VIX1Y_History.csv
2019-09-13,18.7,cboe:VIX1Y_History.csv
2019-09-16,19.05,cboe:VIX1Y_History.csv
2019-09-17,19.15,cboe:VIX1Y_History.csv
2019-09-18,19.0,cboe:VIX1Y_History.csv
2019-09-19,18.98,cboe:VIX1Y_History.csv
2019-09-20,19.57,cboe:VIX1Y_History.csv
2019-09-23,19.72,cboe:VIX1Y_History.csv
2019-09-24,19.84,cboe:VIX1Y_History.csv
2019-09-25,19.67,cboe:VIX1Y_History.csv
2019-09-26,19.74,cboe:VIX1Y_History.csv
2019-09-27,20.03,cboe:VIX1Y_History.csv
2019-09-30,19.6,cboe:VIX1Y_History.csv
2019-10-01,20.27,cboe:VIX1Y_History.csv
2019-10-02,20.91,cboe:VIX1Y_History.csv
2019-10-03,20.62,cboe:VIX1Y_History.csv
2019-10-04,20.0,cboe:VIX1Y_History.csv
2019-10-07,20.11,cboe:VIX1Y_History.csv
2019-10-08,20.94,cboe:VIX1Y_History.csv
2019-10-09,20.58,cboe:VIX1Y_History.csv
2019-10-10,20.19,cboe:VIX1Y_History.csv
2019-10-11,19.56,cboe:VIX1Y_History.csv
2019-10-14,19.49,cboe:VIX1Y_History.csv
2019-10-15,19.12,cboe:VIX1Y_History.csv
2019-10-16,19.26,cboe:VIX1Y_History.csv
2019-10-17,19.23,cboe:VIX1Y_History.csv
2019-10-18,19.45,cboe:VIX1Y_History.csv
2019-10-21,19.22,cboe:VIX1Y_History.csv
2019-10-22,19.34,cboe:VIX1Y_History.csv
2019-10-23,19.3,cboe:VIX1Y_History.csv
2019-10-24,19.3,cboe:VIX1Y_History.csv
2019-10-25,19.01,cboe:VIX1Y_History.csv
2019-10-28,19.11,cboe:VIX1Y_History.csv
2019-10-29,19.18,cboe:VIX1Y_History.csv
2019-10-30,19.02,cboe:VIX1Y_History.csv
2019-10-31,19.12,cboe:VIX1Y_History.csv
2019-11-01,18.83,cboe:VIX1Y_History.csv
2019-11-04,18.86,cboe:VIX1Y_History.csv
2019-11-05,19.09,cboe:VIX1Y_History.csv
2019-11-06,19.14,cboe:VIX1Y_History.csv
2019-11-07,19.14,cboe:VIX1Y_History.csv
2019-11-08,19.07,cboe:VIX1Y_History.csv
2019-11-11,19.1,cboe:VIX1Y_History.csv
2019-11-12,18.99,cboe:VIX1Y_History.csv
2019-11-13,18.95,cboe:VIX1Y_History.csv
2019-11-14,18.96,cboe:VIX1Y_History.csv
2019-11-15,18.68,cboe:VIX1Y_History.csv
2019-11-18,18.73,cboe:VIX1Y_History.csv
2019-11-19,18.87,cboe:VIX1Y_History.csv
2019-11-20,19.09,cboe:VIX1Y_History.csv
2019-11-21,19.27,cboe:VIX1Y_History.csv
2019-11-22,19.08,cboe:VIX1Y_History.csv
2019-11-25,18.74,cboe:VIX1Y_History.csv
2019-11-26,18.66,cboe:VIX1Y_History.csv
2019-11-27,18.62,cboe:VIX1Y_History.csv
2019-11-29,18.94,cboe:VIX1Y_History.csv
2019-12-02,19.39,cboe:VIX1Y_History.csv
2019-12-03,19.71,cboe:VIX1Y_History.csv
2019-12-04,19.39,cboe:VIX1Y_History.csv
2019-12-05,19.35,cboe:VIX1Y_History.csv
2019-12-06,19.1,cboe:VIX1Y_History.csv
2019-12-09,19.5,cboe:VIX1Y_History.csv
2019-12-10,19.44,cboe:VIX1Y_History.csv
2019-12-11,19.25,cboe:VIX1Y_History.csv
2019-12-12,18.91,cboe:VIX1Y_History.csv
2019-12-13,18.59,cboe:VIX1Y_History.csv
2019-12-16,18.37,cboe:VIX1Y_History.csv
2019-12-17,18.46,cboe:VIX1Y_History.csv
2019-12-18,18.37,cboe:VIX1Y_History.csv
2019-12-19,18.28,cboe:VIX1Y_History.csv
2019-12-20,18.37,cboe:VIX1Y_History.csv
2019-12-23,18.38,cboe:VIX1Y_History.csv
2019-12-24,18.37,cboe:VIX1Y_History.csv
2019-12-26,18.34,cboe:VIX1Y_History.csv
2019-12-27,18.51,cboe:VIX1Y_History.csv
2019-12-30,18.78,cboe:VIX1Y_History.csv
2019-12-31,18.5,cboe:VIX1Y_History.csv
2020-01-02,18.06,cboe:VIX1Y_History.csv
2020-01-03,18.44,cboe:VIX1Y_History.csv
2020-01-06,18.29,cboe:VIX1Y_History.csv
2020-01-07,18.2,cboe:VIX1Y_History.csv
2020-01-08,17.89,cboe:VIX1Y_History.csv
2020-01-09,17.6,cboe:VIX1Y_History.csv
2020-01-10,17.65,cboe:VIX1Y_History.csv
2020-01-13,17.41,cboe:VIX1Y_History.csv
2020-01-14,17.36,cboe:VIX1Y_History.csv
2020-01-15,17.35,cboe:VIX1Y_History.csv
2020-01-16,17.18,cboe:VIX1Y_History.csv
2020-01-17,17.08,cboe:VIX1Y_History.csv
2020-01-21,17.22,cboe:VIX1Y_History.csv
2020-01-22,17.29,cboe:VIX1Y_History.csv
2020-01-23,17.21,cboe:VIX1Y_History.csv
2020-01-24,17.75,cboe:VIX1Y_History.csv
2020-01-27,18.52,cboe:VIX1Y_History.csv
2020-01-28,18.05,cboe:VIX1Y_History.csv
2020-01-29,18.03,cboe:VIX1Y_History.csv
2020-01-30,17.84,cboe:VIX1Y_History.csv
2020-01-31,18.57,cboe:VIX1Y_History.csv
2020-02-03,18.38,cboe:VIX1Y_History.csv
2020-02-04,17.83,cboe:VIX1Y_History.csv
2020-02-05,17.53,cboe:VIX1Y_History.csv
2020-02-06,17.46,cboe:VIX1Y_History.csv
2020-02-07,17.73,cboe:VIX1Y_History.csv
2020-02-10,17.57,cboe:VIX1Y_History.csv
2020-02-11,17.61,cboe:VIX1Y_History.csv
2020-02-12,17.32,cboe:VIX1Y_History.csv
2020-02-13,17.46,cboe:VIX1Y_History.csv
2020-02-14,17.37,cboe:VIX1Y_History.csv
2020-02-18,17.59,cboe:VIX1Y_History.csv
2020-02-19,17.56,cboe:VIX1Y_History.csv
2020-02-20,17.86,cboe:VIX1Y_History.csv
2020-02-21,18.33,cboe:VIX1Y_History.csv
2020-02-24,19.9,cboe:VIX1Y_History.csv
2020-02-25,20.86,cboe:VIX1Y_History.csv
2020-02-26,20.79,cboe:VIX1Y_History.csv
2020-02-27,23.11,cboe:VIX1Y_History.csv
2020-02-28,23.14,cboe:VIX1Y_History.csv
2020-03-02,22.31,cboe:VIX1Y_History.csv
2020-03-03,23.5,cboe:VIX1Y_History.csv
2020-03-04,22.79,cboe:VIX1Y_History.csv
2020-03-05,25.55,cboe:VIX1Y_History.csv
2020-03-06,27.73,cboe:VIX1Y_History.csv
2020-03-09,31.16,cboe:VIX1Y_History.csv
2020-03-10,29.9,cboe:VIX1Y_History.csv
2020-03-11,32.29,cboe:VIX1Y_History.csv
2020-03-12,38.38,cboe:VIX1Y_History.csv
2020-03-13,34.04,cboe:VIX1Y_History.csv
2020-03-16,41.47,cboe:VIX1Y_History.csv
2020-03-17,42.01,cboe:VIX1Y_History.csv
2020-03-18,45.86,cboe:VIX1Y_History.csv
2020-03-19,43.09,cboe:VIX1Y_History.csv
2020-03-20,40.15,cboe:VIX1Y_History.csv
2020-03-23,36.37,cboe:VIX1Y_History.csv
2020-03-24,32.67,cboe:VIX1Y_History.csv
2020-03-25,34.16,cboe:VIX1Y_History.csv
2020-03-26,32.71,cboe:VIX1Y_History.csv
2020-03-27,35.21,cboe:VIX1Y_History.csv
2020-03-30,34.25,cboe:VIX1Y_History.csv
2020-03-31,34.12,cboe:VIX1Y_History.csv
2020-04-01,36.47,cboe:VIX1Y_History.csv
2020-04-02,34.79,cboe:VIX1Y_History.csv
2020-04-03,33.82,cboe:VIX1Y_History.csv
2020-04-06,32.6,cboe:VIX1Y_History.csv
2020-04-07,33.68,cboe:VIX1Y_History.csv
2020-04-08,32.95,cboe:VIX1Y_History.csv
2020-04-09,32.43,cboe:VIX1Y_History.csv
2020-04-13,32.37,cboe:VIX1Y_History.csv
2020-04-14,31.11,cboe:VIX1Y_History.csv
2020-04-15,32.74,cboe:VIX1Y_History.csv
2020-04-16,32.95,cboe:VIX1Y_History.csv
2020-04-17,32.43,cboe:VIX1Y_History.csv
2020-04-20,33.59,cboe:VIX1Y_History.csv
2020-04-21,35.35,cboe:VIX1Y_History.csv
2020-04-22,34.49,cboe:VIX1Y_History.csv
2020-04-23,34.8,cboe:VIX1Y_History.csv
2020-04-24,33.52,cboe:VIX1Y_History.csv
2020-04-27,32.11,cboe:VIX1Y_History.csv
2020-04-28,31.79,cboe:VIX1Y_History.csv
2020-04-29,30.68,cboe:VIX1Y_History.csv
2020-04-30,31.61,cboe:VIX1Y_History.csv
2020-05-01,33.29,cboe:VIX1Y_History.csv
2020-05-04,33.09,cboe:VIX1Y_History.csv
2020-05-05,32.38,cboe:VIX1Y_History.csv
2020-05-06,32.71,cboe:VIX1Y_History.csv
2020-05-07,31.91,cboe:VIX1Y_History.csv
2020-05-08,30.67,cboe:VIX1Y_History.csv
2020-05-11,30.27,cboe:VIX1Y_History.csv
2020-05-12,31.99,cboe:VIX1Y_History.csv
2020-05-13,33.3,cboe:VIX1Y_History.csv
2020-05-14,32.73,cboe:VIX1Y_History.csv
2020-05-15,32.83,cboe:VIX1Y_History.csv
2020-05-18,30.89,cboe:VIX1Y_History.csv
2020-05-19,31.16,cboe:VIX1Y_History.csv
2020-05-20,30.31,cboe:VIX1Y_History.csv
2020-05-21,31.13,cboe:VIX1Y_History.csv
2020-05-22,30.68,cboe:VIX1Y_History.csv
2020-05-26,29.94,cboe:VIX1Y_History.csv
2020-05-27,29.23,cboe:VIX1Y_History.csv
2020-05-28,29.66,cboe:VIX1Y_History.csv
2020-05-29,29.29,cboe:VIX1Y_History.csv
2020-06-01,29.43,cboe:VIX1Y_History.csv
2020-06-02,28.99,cboe:VIX1Y_History.csv
2020-06-03,28.56,cboe:VIX1Y_History.csv
2020-06-04,28.61,cboe:VIX1Y_History.csv
2020-06-05,27.47,cboe:VIX1Y_History.csv
2020-06-08,27.6,cboe:VIX1Y_History.csv
2020-06-09,28.7,cboe:VIX1Y_History.csv
2020-06-10,28.63,cboe:VIX1Y_History.csv
2020-06-11,33.18,cboe:VIX1Y_History.csv
2020-06-12,32.34,cboe:VIX1Y_History.csv
2020-06-15,31.55,cboe:VIX1Y_History.csv
2020-06-16,31.4,cboe:VIX1Y_History.csv
2020-06-17,31.79,cboe:VIX1Y_History.csv
2020-06-18,31.97,cboe:VIX1Y_History.csv
2020-06-19,32.92,cboe:VIX1Y_History.csv
2020-06-22,31.31,cboe:VIX1Y_History.csv
2020-06-23,30.94,cboe:VIX1Y_History.csv
2020-06-24,31.99,cboe:VIX1Y_History.csv
2020-06-25,31.41,cboe:VIX1Y_History.csv
2020-06-26,32.34,cboe:VIX1Y_History.csv
2020-06-29,31.18,cboe:VIX1Y_History.csv
2020-06-30,30.27,cboe:VIX1Y_History.csv
2020-07-01,29.88,cboe:VIX1Y_History.csv
2020-07-02,29.29,cboe:VIX1Y_History.csv
2020-07-06,29.05,cboe:VIX1Y_History.csv
2020-07-07,29.8,cboe:VIX1Y_History.csv
2020-07-08,29.36,cboe:VIX1Y_History.csv
2020-07-09,29.75,cboe:VIX1Y_History.csv
2020-07-10,29.23,cboe:VIX1Y_History.csv
2020-07-13,31.51,cboe:VIX1Y_History.csv
2020-07-14,31.85,cboe:VIX1Y_History.csv
2020-07-15,31.76,cboe:VIX1Y_History.csv
2020-07-16,31.06,cboe:VIX1Y_History.csv
2020-07-17,31.0,cboe:VIX1Y_History.csv
2020-07-20,30.11,cboe:VIX1Y_History.csv
2020-07-21,30.34,cboe:VIX1Y_History.csv
2020-07-22,30.05,cboe:VIX1Y_History.csv
2020-07-23,30.72,cboe:VIX1Y_History.csv
2020-07-24,30.52,cboe:VIX1Y_History.csv
2020-07-27,30.25,cboe:VIX1Y_History.csv
2020-07-28,30.93,cboe:VIX1Y_History.csv
2020-07-29,30.59,cboe:VIX1Y_History.csv
2020-07-30,30.04,cboe:VIX1Y_History.csv
2020-07-31,30.53,cboe:VIX1Y_History.csv
2020-08-03,30.65,cboe:VIX1Y_History.csv
2020-08-04,30.01,cboe:VIX1Y_History.csv
2020-08-05,29.67,cboe:VIX1Y_History.csv
2020-08-06,30.09,cboe:VIX1Y_History.csv
2020-08-07,30.27,cboe:VIX1Y_History.csv
2020-08-10,30.2,cboe:VIX1Y_History.csv
2020-08-11,30.81,cboe:VIX1Y_History.csv
2020-08-12,30.06,cboe:VIX1Y_History.csv
2020-08-13,30.11,cboe:VIX1Y_History.csv
2020-08-14,30.95,cboe:VIX1Y_History.csv
2020-08-17,30.21,cboe:VIX1Y_History.csv
2020-08-18,30.14,cboe:VIX1Y_History.csv
2020-08-19,30.27,cboe:VIX1Y_History.csv
2020-08-20,31.68,cboe:VIX1Y_History.csv
2020-08-21,31.79,cboe:VIX1Y_History.csv
2020-08-24,32.57,cboe:VIX1Y_History.csv
2020-08-25,31.38,cboe:VIX1Y_History.csv
2020-08-26,31.66,cboe:VIX1Y_History.csv
2020-08-27,33.92,cboe:VIX1Y_History.csv
2020-08-28,32.52,cboe:VIX1Y_History.csv
2020-08-31,34.46,cboe:VIX1Y_History.csv
2020-09-01,34.02,cboe:VIX1Y_History.csv
2020-09-02,35.77,cboe:VIX1Y_History.csv
2020-09-03,40.86,cboe:VIX1Y_History.csv
2020-09-04,34.33,cboe:VIX1Y_History.csv
2020-09-08,33.89,cboe:VIX1Y_History.csv
2020-09-09,33.12,cboe:VIX1Y_History.csv
2020-09-10,33.4,cboe:VIX1Y_History.csv
2020-09-11,33.07,cboe:VIX1Y_History.csv
2020-09-14,32.66,cboe:VIX1Y_History.csv
2020-09-15,32.33,cboe:VIX1Y_History.csv
2020-09-16,32.57,cboe:VIX1Y_History.csv
2020-09-17,32.74,cboe:VIX1Y_History.csv
2020-09-18,33.66,cboe:VIX1Y_History.csv
2020-09-21,32.76,cboe:VIX1Y_History.csv
2020-09-22,32.67,cboe:VIX1Y_History.csv
2020-09-23,33.26,cboe:VIX1Y_History.csv
2020-09-24,32.87,cboe:VIX1Y_History.csv
2020-09-25,32.28,cboe:VIX1Y_History.csv
2020-09-28,32.23,cboe:VIX1Y_History.csv
2020-09-29,31.73,cboe:VIX1Y_History.csv
2020-09-30,30.95,cboe:VIX1Y_History.csv
2020-10-01,31.79,cboe:VIX1Y_History.csv
2020-10-02,31.63,cboe:VIX1Y_History.csv
2020-10-05,31.01,cboe:VIX1Y_History.csv
2020-10-06,31.83,cboe:VIX1Y_History.csv
2020-10-07,31.19,cboe:VIX1Y_History.csv
2020-10-08,30.84,cboe:VIX1Y_History.csv
2020-10-09,29.49,cboe:VIX1Y_History.csv
2020-10-12,29.2,cboe:VIX1Y_History.csv
2020-10-13,29.35,cboe:VIX1Y_History.csv
2020-10-14,29.25,cboe:VIX1Y_History.csv
2020-10-15,29.93,cboe:VIX1Y_History.csv
2020-10-16,30.22,cboe:VIX1Y_History.csv
2020-10-19,30.91,cboe:VIX1Y_History.csv
2020-10-20,30.85,cboe:VIX1Y_History.csv
2020-10-21,30.36,cboe:VIX1Y_History.csv
2020-10-22,30.11,cboe:VIX1Y_History.csv
2020-10-23,29.89,cboe:VIX1Y_History.csv
2020-10-26,31.16,cboe:VIX1Y_History.csv
2020-10-27,31.34,cboe:VIX1Y_History.csv
2020-10-28,33.26,cboe:VIX1Y_History.csv
2020-10-29,32.83,cboe:VIX1Y_History.csv
2020-10-30,32.7,cboe:VIX1Y_History.csv
2020-11-02,32.12,cboe:VIX1Y_History.csv
2020-11-03,31.29,cboe:VIX1Y_History.csv
2020-11-04,29.72,cboe:VIX1Y_History.csv
2020-11-05,29.39,cboe:VIX1Y_History.csv
2020-11-06,28.77,cboe:VIX1Y_History.csv
2020-11-09,27.83,cboe:VIX1Y_History.csv
2020-11-10,28.01,cboe:VIX1Y_History.csv
2020-11-11,27.84,cboe:VIX1Y_History.csv
2020-11-12,28.36,cboe:VIX1Y_History.csv
2020-11-13,27.84,cboe:VIX1Y_History.csv
2020-11-16,27.55,cboe:VIX1Y_History.csv
2020-11-17,27.74,cboe:VIX1Y_History.csv
2020-11-18,28.81,cboe:VIX1Y_History.csv
2020-11-19,27.94,cboe:VIX1Y_History.csv
2020-11-20,27.76,cboe:VIX1Y_History.csv
2020-11-23,27.37,cboe:VIX1Y_History.csv
2020-11-24,27.15,cboe:VIX1Y_History.csv
2020-11-25,27.11,cboe:VIX1Y_History.csv
2020-11-27,27.03,cboe:VIX1Y_History.csv
2020-11-30,26.78,cboe:VIX1Y_History.csv
2020-12-01,26.95,cboe:VIX1Y_History.csv
2020-12-02,27.23,cboe:VIX1Y_History.csv
2020-12-03,27.06,cboe:VIX1Y_History.csv
2020-12-04,27.07,cboe:VIX1Y_History.csv
2020-12-07,27.18,cboe:VIX1Y_History.csv
2020-12-08,26.88,cboe:VIX1Y_History.csv
2020-12-09,27.29,cboe:VIX1Y_History.csv
2020-12-10,27.54,cboe:VIX1Y_History.csv
2020-12-11,28.03,cboe:VIX1Y_History.csv
2020-12-14,28.56,cboe:VIX1Y_History.csv
2020-12-15,28.1,cboe:VIX1Y_History.csv
2020-12-16,27.86,cboe:VIX1Y_History.csv
2020-12-17,27.81,cboe:VIX1Y_History.csv
2020-12-18,27.88,cboe:VIX1Y_History.csv
2020-12-21,28.81,cboe:VIX1Y_History.csv
2020-12-22,28.72,cboe:VIX1Y_History.csv
2020-12-23,28.28,cboe:VIX1Y_History.csv
2020-12-24,27.81,cboe:VIX1Y_History.csv
2020-12-28,27.56,cboe:VIX1Y_History.csv
2020-12-29,28.19,cboe:VIX1Y_History.csv
2020-12-30,27.93,cboe:VIX1Y_History.csv
2020-12-31,27.62,cboe:VIX1Y_History.csv
2021-01-04,29.19,cboe:VIX1Y_History.csv
2021-01-05,28.74,cboe:VIX1Y_History.csv
2021-01-06,28.29,cboe:VIX1Y_History.csv
2021-01-07,27.41,cboe:VIX1Y_History.csv
2021-01-08,27.27,cboe:VIX1Y_History.csv
2021-01-11,28.15,cboe:VIX1Y_History.csv
2021-01-12,27.88,cboe:VIX1Y_History.csv
2021-01-13,27.65,cboe:VIX1Y_History.csv
2021-01-14,28.11,cboe:VIX1Y_History.csv
2021-01-15,28.6,cboe:VIX1Y_History.csv
2021-01-19,28.2,cboe:VIX1Y_History.csv
2021-01-20,27.66,cboe:VIX1Y_History.csv
2021-01-21,27.8,cboe:VIX1Y_History.csv
2021-01-22,27.98,cboe:VIX1Y_History.csv
2021-01-25,28.57,cboe:VIX1Y_History.csv
2021-01-26,28.39,cboe:VIX1Y_History.csv
2021-01-27,32.97,cboe:VIX1Y_History.csv
2021-01-28,30.95,cboe:VIX1Y_History.csv
2021-01-29,31.92,cboe:VIX1Y_History.csv
2021-02-01,31.04,cboe:VIX1Y_History.csv
2021-02-02,29.7,cboe:VIX1Y_History.csv
2021-02-03,28.8,cboe:VIX1Y_History.csv
2021-02-04,28.35,cboe:VIX1Y_History.csv
2021-02-05,28.41,cboe:VIX1Y_History.csv
2021-02-08,28.41,cboe:VIX1Y_History.csv
2021-02-09,28.63,cboe:VIX1Y_History.csv
2021-02-10,28.99,cboe:VIX1Y_History.csv
2021-02-11,28.96,cboe:VIX1Y_History.csv
2021-02-12,28.84,cboe:VIX1Y_History.csv
2021-02-16,29.41,cboe:VIX1Y_History.csv
2021-02-17,29.4,cboe:VIX1Y_History.csv
2021-02-18,29.52,cboe:VIX1Y_History.csv
2021-02-19,29.27,cboe:VIX1Y_History.csv
2021-02-22,29.43,cboe:VIX1Y_History.csv
2021-02-23,28.95,cboe:VIX1Y_History.csv
2021-02-24,28.28,cboe:VIX1Y_History.csv
2021-02-25,29.73,cboe:VIX1Y_History.csv
2021-02-26,29.37,cboe:VIX1Y_History.csv
2021-03-01,28.03,cboe:VIX1Y_History.csv
2021-03-02,28.28,cboe:VIX1Y_History.csv
2021-03-03,28.86,cboe:VIX1Y_History.csv
2021-03-04,29.36,cboe:VIX1Y_History.csv
2021-03-05,28.1,cboe:VIX1Y_History.csv
2021-03-08,27.95,cboe:VIX1Y_History.csv
2021-03-09,27.74,cboe:VIX1Y_History.csv
2021-03-10,27.56,cboe:VIX1Y_History.csv
2021-03-11,27.23,cboe:VIX1Y_History.csv
2021-03-12,27.17,cboe:VIX1Y_History.csv
2021-03-15,26.91,cboe:VIX1Y_History.csv
2021-03-16,26.83,cboe:VIX1Y_History.csv
2021-03-17,26.42,cboe:VIX1Y_History.csv
2021-03-18,26.99,cboe:VIX1Y_History.csv
2021-03-19,26.88,cboe:VIX1Y_History.csv
2021-03-22,25.96,cboe:VIX1Y_History.csv
2021-03-23,26.01,cboe:VIX1Y_History.csv
2021-03-24,26.34,cboe:VIX1Y_History.csv
2021-03-25,25.72,cboe:VIX1Y_History.csv
2021-03-26,25.16,cboe:VIX1Y_History.csv
2021-03-29,25.39,cboe:VIX1Y_History.csv
2021-03-30,24.81,cboe:VIX1Y_History.csv
2021-03-31,24.64,cboe:VIX1Y_History.csv
2021-04-01,24.19,cboe:VIX1Y_History.csv
2021-04-05,24.04,cboe:VIX1Y_History.csv
2021-04-06,24.08,cboe:VIX1Y_History.csv
2021-04-07,23.78,cboe:VIX1Y_History.csv
2021-04-08,23.74,cboe:VIX1Y_History.csv
2021-04-09,23.81,cboe:VIX1Y_History.csv
2021-04-12,23.83,cboe:VIX1Y_History.csv
2021-04-13,23.82,cboe:VIX1Y_History.csv
2021-04-14,24.01,cboe:VIX1Y_History.csv
2021-04-15,23.85,cboe:VIX1Y_History.csv
2021-04-16,23.84,cboe:VIX1Y_History.csv
2021-04-19,24.1,cboe:VIX1Y_History.csv
2021-04-20,24.5,cboe:VIX1Y_History.csv
2021-04-21,24.04,cboe:VIX1Y_History.csv
2021-04-22,24.62,cboe:VIX1Y_History.csv
2021-04-23,24.21,cboe:VIX1Y_History.csv
2021-04-26,24.26,cboe:VIX1Y_History.csv
2021-04-27,24.25,cboe:VIX1Y_History.csv
2021-04-28,24.2,cboe:VIX1Y_History.csv
2021-04-29,24.22,cboe:VIX1Y_History.csv
2021-04-30,24.49,cboe:VIX1Y_History.csv
2021-05-03,24.34,cboe:VIX1Y_History.csv
2021-05-04,24.76,cboe:VIX1Y_History.csv
2021-05-05,24.58,cboe:VIX1Y_History.csv
2021-05-06,24.24,cboe:VIX1Y_History.csv
2021-05-07,23.77,cboe:VIX1Y_History.csv
2021-05-10,24.5,cboe:VIX1Y_History.csv
2021-05-11,25.29,cboe:VIX1Y_History.csv
2021-05-12,27.3,cboe:VIX1Y_History.csv
2021-05-13,26.02,cboe:VIX1Y_History.csv
2021-05-14,24.69,cboe:VIX1Y_History.csv
2021-05-17,25.2,cboe:VIX1Y_History.csv
2021-05-18,26.01,cboe:VIX1Y_History.csv
2021-05-19,26.3,cboe:VIX1Y_History.csv
2021-05-20,25.65,cboe:VIX1Y_History.csv
2021-05-21,25.51,cboe:VIX1Y_History.csv
2021-05-24,24.71,cboe:VIX1Y_History.csv
2021-05-25,24.81,cboe:VIX1Y_History.csv
2021-05-26,24.34,cboe:VIX1Y_History.csv
2021-05-27,23.85,cboe:VIX1Y_History.csv
2021-05-28,23.82,cboe:VIX1Y_History.csv
2021-06-01,24.27,cboe:VIX1Y_History.csv
2021-06-02,24.46,cboe:VIX1Y_History.csv
2021-06-03,24.74,cboe:VIX1Y_History.csv
2021-06-04,24.2,cboe:VIX1Y_History.csv
2021-06-07,24.1,cboe:VIX1Y_History.csv
2021-06-08,24.07,cboe:VIX1Y_History.csv
2021-06-09,24.23,cboe:VIX1Y_History.csv
2021-06-10,23.47,cboe:VIX1Y_History.csv
2021-06-11,23.24,cboe:VIX1Y_History.csv
2021-06-14,23.49,cboe:VIX1Y_History.csv
2021-06-15,23.77,cboe:VIX1Y_History.csv
2021-06-16,23.94,cboe:VIX1Y_History.csv
2021-06-17,23.73,cboe:VIX1Y_History.csv
2021-06-18,24.67,cboe:VIX1Y_History.csv
2021-06-21,23.86,cboe:VIX1Y_History.csv
2021-06-22,23.41,cboe:VIX1Y_History.csv
2021-06-23,23.21,cboe:VIX1Y_History.csv
2021-06-24,23.08,cboe:VIX1Y_History.csv
2021-06-25,23.18,cboe:VIX1Y_History.csv
2021-06-28,23.2,cboe:VIX1Y_History.csv
2021-06-29,23.49,cboe:VIX1Y_History.csv
2021-06-30,23.49,cboe:VIX1Y_History.csv
2021-07-01,23.54,cboe:VIX1Y_History.csv
2021-07-02,23.35,cboe:VIX1Y_History.csv
2021-07-06,23.73,cboe:VIX1Y_History.csv
2021-07-07,23.81,cboe:VIX1Y_History.csv
2021-07-08,24.29,cboe:VIX1Y_History.csv
2021-07-09,23.99,cboe:VIX1Y_History.csv
2021-07-12,24.02,cboe:VIX1Y_History.csv
2021-07-13,24.37,cboe:VIX1Y_History.csv
2021-07-14,24.49,cboe:VIX1Y_History.csv
2021-07-15,24.56,cboe:VIX1Y_History.csv
2021-07-16,25.04,cboe:VIX1Y_History.csv
2021-07-19,25.95,cboe:VIX1Y_History.csv
2021-07-20,25.37,cboe:VIX1Y_History.csv
2021-07-21,24.87,cboe:VIX1Y_History.csv
2021-07-22,24.84,cboe:VIX1Y_History.csv
2021-07-23,24.8,cboe:VIX1Y_History.csv
2021-07-26,24.99,cboe:VIX1Y_History.csv
2021-07-27,25.57,cboe:VIX1Y_History.csv
2021-07-28,25.34,cboe:VIX1Y_History.csv
2021-07-29,25.11,cboe:VIX1Y_History.csv
2021-07-30,25.3,cboe:VIX1Y_History.csv
2021-08-02,25.64,cboe:VIX1Y_History.csv
2021-08-03,25.4,cboe:VIX1Y_History.csv
2021-08-04,25.49,cboe:VIX1Y_History.csv
2021-08-05,25.17,cboe:VIX1Y_History.csv
2021-08-06,24.97,cboe:VIX1Y_History.csv
2021-08-09,25.36,cboe:VIX1Y_History.csv
2021-08-10,25.29,cboe:VIX1Y_History.csv
2021-08-11,25.11,cboe:VIX1Y_History.csv
2021-08-12,24.52,cboe:VIX1Y_History.csv
2021-08-13,24.53,cboe:VIX1Y_History.csv
2021-08-16,24.72,cboe:VIX1Y_History.csv
2021-08-17,25.26,cboe:VIX1Y_History.csv
2021-08-18,26.17,cboe:VIX1Y_History.csv
2021-08-19,26.22,cboe:VIX1Y_History.csv
2021-08-20,25.64,cboe:VIX1Y_History.csv
2021-08-23,25.52,cboe:VIX1Y_History.csv
2021-08-24,25.7,cboe:VIX1Y_History.csv
2021-08-25,25.52,cboe:VIX1Y_History.csv
2021-08-26,25.98,cboe:VIX1Y_History.csv
2021-08-27,25.32,cboe:VIX1Y_History.csv
2021-08-30,25.3,cboe:VIX1Y_History.csv
2021-08-31,25.32,cboe:VIX1Y_History.csv
2021-09-01,25.22,cboe:VIX1Y_History.csv
2021-09-02,25.12,cboe:VIX1Y_History.csv
2021-09-03,25.49,cboe:VIX1Y_History.csv
2021-09-07,26.09,cboe:VIX1Y_History.csv
2021-09-08,26.22,cboe:VIX1Y_History.csv
2021-09-09,26.46,cboe:VIX1Y_History.csv
2021-09-10,27.08,cboe:VIX1Y_History.csv
2021-09-13,26.62,cboe:VIX1Y_History.csv
2021-09-14,26.67,cboe:VIX1Y_History.csv
2021-09-15,26.28,cboe:VIX1Y_History.csv
2021-09-16,26.3,cboe:VIX1Y_History.csv
2021-09-17,26.88,cboe:VIX1Y_History.csv
2021-09-20,27.46,cboe:VIX1Y_History.csv
2021-09-21,27.14,cboe:VIX1Y_History.csv
2021-09-22,26.2,cboe:VIX1Y_History.csv
2021-09-23,25.49,cboe:VIX1Y_History.csv
2021-09-24,25.38,cboe:VIX1Y_History.csv
2021-09-27,25.81,cboe:VIX1Y_History.csv
2021-09-28,27.04,cboe:VIX1Y_History.csv
2021-09-29,26.8,cboe:VIX1Y_History.csv
2021-09-30,26.86,cboe:VIX1Y_History.csv
2021-10-01,26.82,cboe:VIX1Y_History.csv
2021-10-04,27.2,cboe:VIX1Y_History.csv
2021-10-05,26.57,cboe:VIX1Y_History.csv
2021-10-06,26.43,cboe:VIX1Y_History.csv
2021-10-07,26.12,cboe:VIX1Y_History.csv
2021-10-08,26.21,cboe:VIX1Y_History.csv
2021-10-11,26.27,cboe:VIX1Y_History.csv
2021-10-12,26.18,cboe:VIX1Y_History.csv
2021-10-13,25.86,cboe:VIX1Y_History.csv
2021-10-14,25.31,cboe:VIX1Y_History.csv
2021-10-15,25.49,cboe:VIX1Y_History.csv
2021-10-18,25.67,cboe:VIX1Y_History.csv
2021-10-19,25.46,cboe:VIX1Y_History.csv
2021-10-20,25.36,cboe:VIX1Y_History.csv
2021-10-21,25.16,cboe:VIX1Y_History.csv
2021-10-22,25.29,cboe:VIX1Y_History.csv
2021-10-25,24.82,cboe:VIX1Y_History.csv
2021-10-26,25.04,cboe:VIX1Y_History.csv
2021-10-27,25.03,cboe:VIX1Y_History.csv
2021-10-28,24.92,cboe:VIX1Y_History.csv
2021-10-29,24.8,cboe:VIX1Y_History.csv
2021-11-01,24.67,cboe:VIX1Y_History.csv
2021-11-02,24.72,cboe:VIX1Y_History.csv
2021-11-03,24.71,cboe:VIX1Y_History.csv
2021-11-04,24.86,cboe:VIX1Y_History.csv
2021-11-05,25.39,cboe:VIX1Y_History.csv
2021-11-08,25.55,cboe:VIX1Y_History.csv
2021-11-09,25.75,cboe:VIX1Y_History.csv
2021-11-10,25.88,cboe:VIX1Y_History.csv
2021-11-11,25.63,cboe:VIX1Y_History.csv
2021-11-12,25.4,cboe:VIX1Y_History.csv
2021-11-15,25.53,cboe:VIX1Y_History.csv
2021-11-16,25.86,cboe:VIX1Y_History.csv
2021-11-17,26.51,cboe:VIX1Y_History.csv
2021-11-18,26.62,cboe:VIX1Y_History.csv
2021-11-19,26.63,cboe:VIX1Y_History.csv
2021-11-22,26.91,cboe:VIX1Y_History.csv
2021-11-23,26.83,cboe:VIX1Y_History.csv
2021-11-24,26.56,cboe:VIX1Y_History.csv
2021-11-26,29.66,cboe:VIX1Y_History.csv
2021-11-29,27.84,cboe:VIX1Y_History.csv
2021-11-30,29.37,cboe:VIX1Y_History.csv
2021-12-01,30.37,cboe:VIX1Y_History.csv
2021-12-02,29.58,cboe:VIX1Y_History.csv
2021-12-03,31.14,cboe:VIX1Y_History.csv
2021-12-06,29.68,cboe:VIX1Y_History.csv
2021-12-07,27.96,cboe:VIX1Y_History.csv
2021-12-08,27.65,cboe:VIX1Y_History.csv
2021-12-09,28.21,cboe:VIX1Y_History.csv
2021-12-10,27.63,cboe:VIX1Y_History.csv
2021-12-13,28.18,cboe:VIX1Y_History.csv
2021-12-14,28.72,cboe:VIX1Y_History.csv
2021-12-15,27.87,cboe:VIX1Y_History.csv
2021-12-16,28.85,cboe:VIX1Y_History.csv
2021-12-17,29.09,cboe:VIX1Y_History.csv
2021-12-20,29.32,cboe:VIX1Y_History.csv
2021-12-21,28.95,cboe:VIX1Y_History.csv
2021-12-22,28.36,cboe:VIX1Y_History.csv
2021-12-23,28.31,cboe:VIX1Y_History.csv
2021-12-27,27.98,cboe:VIX1Y_History.csv
2021-12-28,28.1,cboe:VIX1Y_History.csv
2021-12-29,27.79,cboe:VIX1Y_History.csv
2021-12-30,27.92,cboe:VIX1Y_History.csv
2021-12-31,27.62,cboe:VIX1Y_History.csv
2022-01-03,27.27,cboe:VIX1Y_History.csv
2022-01-04,27.53,cboe:VIX1Y_History.csv
2022-01-05,28.24,cboe:VIX1Y_History.csv
2022-01-06,27.91,cboe:VIX1Y_History.csv
2022-01-07,27.55,cboe:VIX1Y_History.csv
2022-01-10,27.68,cboe:VIX1Y_History.csv
2022-01-11,26.93,cboe:VIX1Y_History.csv
2022-01-12,26.36,cboe:VIX1Y_History.csv
2022-01-13,27.02,cboe:VIX1Y_History.csv
2022-01-14,27.12,cboe:VIX1Y_History.csv
2022-01-18,28.01,cboe:VIX1Y_History.csv
2022-01-19,28.14,cboe:VIX1Y_History.csv
2022-01-20,28.45,cboe:VIX1Y_History.csv
2022-01-21,29.67,cboe:VIX1Y_History.csv
2022-01-24,30.36,cboe:VIX1Y_History.csv
2022-01-25,30.47,cboe:VIX1Y_History.csv
2022-01-26,30.38,cboe:VIX1Y_History.csv
2022-01-27,29.89,cboe:VIX1Y_History.csv
2022-01-28,29.05,cboe:VIX1Y_History.csv
2022-01-31,28.0,cboe:VIX1Y_History.csv
2022-02-01,27.05,cboe:VIX1Y_History.csv
2022-02-02,27.4,cboe:VIX1Y_History.csv
2022-02-03,28.25,cboe:VIX1Y_History.csv
2022-02-04,28.05,cboe:VIX1Y_History.csv
2022-02-07,27.8,cboe:VIX1Y_History.csv
2022-02-08,28.05,cboe:VIX1Y_History.csv
2022-02-09,26.6,cboe:VIX1Y_History.csv
2022-02-10,27.84,cboe:VIX1Y_History.csv
2022-02-11,28.85,cboe:VIX1Y_History.csv
2022-02-14,28.96,cboe:VIX1Y_History.csv
2022-02-15,28.01,cboe:VIX1Y_History.csv
2022-02-16,27.67,cboe:VIX1Y_History.csv
2022-02-17,28.99,cboe:VIX1Y_History.csv
2022-02-18,29.15,cboe:VIX1Y_History.csv
2022-02-22,28.85,cboe:VIX1Y_History.csv
2022-02-23,29.74,cboe:VIX1Y_History.csv
2022-02-24,29.79,cboe:VIX1Y_History.csv
2022-02-25,28.45,cboe:VIX1Y_History.csv
2022-02-28,29.41,cboe:VIX1Y_History.csv
2022-03-01,30.91,cboe:VIX1Y_History.csv
2022-03-02,29.86,cboe:VIX1Y_History.csv
2022-03-03,29.81,cboe:VIX1Y_History.csv
2022-03-04,30.68,cboe:VIX1Y_History.csv
2022-03-07,32.15,cboe:VIX1Y_History.csv
2022-03-08,32.05,cboe:VIX1Y_History.csv
2022-03-09,31.28,cboe:VIX1Y_History.csv
2022-03-10,30.92,cboe:VIX1Y_History.csv
2022-03-11,31.71,cboe:VIX1Y_History.csv
2022-03-14,32.52,cboe:VIX1Y_History.csv
2022-03-15,31.61,cboe:VIX1Y_History.csv
2022-03-16,30.26,cboe:VIX1Y_History.csv
2022-03-17,29.59,cboe:VIX1Y_History.csv
2022-03-18,28.43,cboe:VIX1Y_History.csv
2022-03-21,28.72,cboe:VIX1Y_History.csv
2022-03-22,28.48,cboe:VIX1Y_History.csv
2022-03-23,28.73,cboe:VIX1Y_History.csv
2022-03-24,28.41,cboe:VIX1Y_History.csv
2022-03-25,28.06,cboe:VIX1Y_History.csv
2022-03-28,28.01,cboe:VIX1Y_History.csv
2022-03-29,27.56,cboe:VIX1Y_History.csv
2022-03-30,27.8,cboe:VIX1Y_History.csv
2022-03-31,28.27,cboe:VIX1Y_History.csv
2022-04-01,28.14,cboe:VIX1Y_History.csv
2022-04-04,27.6,cboe:VIX1Y_History.csv
2022-04-05,28.51,cboe:VIX1Y_History.csv
2022-04-06,28.92,cboe:VIX1Y_History.csv
2022-04-07,28.61,cboe:VIX1Y_History.csv
2022-04-08,28.63,cboe:VIX1Y_History.csv
2022-04-11,29.37,cboe:VIX1Y_History.csv
2022-04-12,29.55,cboe:VIX1Y_History.csv
2022-04-13,28.8,cboe:VIX1Y_History.csv
2022-04-14,29.27,cboe:VIX1Y_History.csv
2022-04-18,29.09,cboe:VIX1Y_History.csv
2022-04-19,28.68,cboe:VIX1Y_History.csv
2022-04-20,28.23,cboe:VIX1Y_History.csv
2022-04-21,29.22,cboe:VIX1Y_History.csv
2022-04-22,30.8,cboe:VIX1Y_History.csv
2022-04-25,30.29,cboe:VIX1Y_History.csv
2022-04-26,32.03,cboe:VIX1Y_History.csv
2022-04-27,31.65,cboe:VIX1Y_History.csv
2022-04-28,31.11,cboe:VIX1Y_History.csv
2022-04-29,31.72,cboe:VIX1Y_History.csv
2022-05-02,31.71,cboe:VIX1Y_History.csv
2022-05-03,30.75,cboe:VIX1Y_History.csv
2022-05-04,29.52,cboe:VIX1Y_History.csv
2022-05-05,31.63,cboe:VIX1Y_History.csv
2022-05-06,31.96,cboe:VIX1Y_History.csv
2022-05-09,33.13,cboe:VIX1Y_History.csv
2022-05-10,32.52,cboe:VIX1Y_History.csv
2022-05-11,32.63,cboe:VIX1Y_History.csv
2022-05-12,32.15,cboe:VIX1Y_History.csv
2022-05-13,31.45,cboe:VIX1Y_History.csv
2022-05-16,31.06,cboe:VIX1Y_History.csv
2022-05-17,30.46,cboe:VIX1Y_History.csv
2022-05-18,32.8,cboe:VIX1Y_History.csv
2022-05-19,31.98,cboe:VIX1Y_History.csv
2022-05-20,31.99,cboe:VIX1Y_History.csv
2022-05-23,31.61,cboe:VIX1Y_History.csv
2022-05-24,31.72,cboe:VIX1Y_History.csv
2022-05-25,31.25,cboe:VIX1Y_History.csv
2022-05-26,30.87,cboe:VIX1Y_History.csv
2022-05-27,30.21,cboe:VIX1Y_History.csv
2022-05-31,30.3,cboe:VIX1Y_History.csv
2022-06-01,30.09,cboe:VIX1Y_History.csv
2022-06-02,29.43,cboe:VIX1Y_History.csv
2022-06-03,29.82,cboe:VIX1Y_History.csv
2022-06-06,29.91,cboe:VIX1Y_History.csv
2022-06-07,29.53,cboe:VIX1Y_History.csv
2022-06-08,29.55,cboe:VIX1Y_History.csv
2022-06-09,30.23,cboe:VIX1Y_History.csv
2022-06-10,31.06,cboe:VIX1Y_History.csv
2022-06-13,33.19,cboe:VIX1Y_History.csv
2022-06-14,32.89,cboe:VIX1Y_History.csv
2022-06-15,31.71,cboe:VIX1Y_History.csv
2022-06-16,33.29,cboe:VIX1Y_History.csv
2022-06-17,32.47,cboe:VIX1Y_History.csv
2022-06-21,31.59,cboe:VIX1Y_History.csv
2022-06-22,31.13,cboe:VIX1Y_History.csv
2022-06-23,31.02,cboe:VIX1Y_History.csv
2022-06-24,30.56,cboe:VIX1Y_History.csv
2022-06-27,30.1,cboe:VIX1Y_History.csv
2022-06-28,30.59,cboe:VIX1Y_History.csv
2022-06-29,30.65,cboe:VIX1Y_History.csv
2022-06-30,31.1,cboe:VIX1Y_History.csv
2022-07-01,30.41,cboe:VIX1Y_History.csv
2022-07-05,30.08,cboe:VIX1Y_History.csv
2022-07-06,29.97,cboe:VIX1Y_History.csv
2022-07-07,29.8,cboe:VIX1Y_History.csv
2022-07-08,29.54,cboe:VIX1Y_History.csv
2022-07-11,30.2,cboe:VIX1Y_History.csv
2022-07-12,30.66,cboe:VIX1Y_History.csv
2022-07-13,30.9,cboe:VIX1Y_History.csv
2022-07-14,31.11,cboe:VIX1Y_History.csv
2022-07-15,30.53,cboe:VIX1Y_History.csv
2022-07-18,30.92,cboe:VIX1Y_History.csv
2022-07-19,30.33,cboe:VIX1Y_History.csv
2022-07-20,30.08,cboe:VIX1Y_History.csv
2022-07-21,29.88,cboe:VIX1Y_History.csv
2022-07-22,29.9,cboe:VIX1Y_History.csv
2022-07-25,29.74,cboe:VIX1Y_History.csv
2022-07-26,30.02,cboe:VIX1Y_History.csv
2022-07-27,29.53,cboe:VIX1Y_History.csv
2022-07-28,28.79,cboe:VIX1Y_History.csv
2022-07-29,28.54,cboe:VIX1Y_History.csv
2022-08-01,28.76,cboe:VIX1Y_History.csv
2022-08-02,29.19,cboe:VIX1Y_History.csv
2022-08-03,28.49,cboe:VIX1Y_History.csv
2022-08-04,28.44,cboe:VIX1Y_History.csv
2022-08-05,28.45,cboe:VIX1Y_History.csv
2022-08-08,28.56,cboe:VIX1Y_History.csv
2022-08-09,28.62,cboe:VIX1Y_History.csv
2022-08-10,27.82,cboe:VIX1Y_History.csv
2022-08-11,27.97,cboe:VIX1Y_History.csv
2022-08-12,27.7,cboe:VIX1Y_History.csv
2022-08-15,27.64,cboe:VIX1Y_History.csv
2022-08-16,27.58,cboe:VIX1Y_History.csv
2022-08-17,27.94,cboe:VIX1Y_History.csv
2022-08-18,27.84,cboe:VIX1Y_History.csv
2022-08-19,28.36,cboe:VIX1Y_History.csv
2022-08-22,29.08,cboe:VIX1Y_History.csv
2022-08-23,28.85,cboe:VIX1Y_History.csv
2022-08-24,28.46,cboe:VIX1Y_History.csv
2022-08-25,28.21,cboe:VIX1Y_History.csv
2022-08-26,29.47,cboe:VIX1Y_History.csv
2022-08-29,29.32,cboe:VIX1Y_History.csv
2022-08-30,29.31,cboe:VIX1Y_History.csv
2022-08-31,29.26,cboe:VIX1Y_History.csv
2022-09-01,29.17,cboe:VIX1Y_History.csv
2022-09-02,29.15,cboe:VIX1Y_History.csv
2022-09-06,29.45,cboe:VIX1Y_History.csv
2022-09-07,28.75,cboe:VIX1Y_History.csv
2022-09-08,28.45,cboe:VIX1Y_History.csv
2022-09-09,28.29,cboe:VIX1Y_History.csv
2022-09-12,28.08,cboe:VIX1Y_History.csv
2022-09-13,29.69,cboe:VIX1Y_History.csv
2022-09-14,29.41,cboe:VIX1Y_History.csv
2022-09-15,29.47,cboe:VIX1Y_History.csv
2022-09-16,29.52,cboe:VIX1Y_History.csv
2022-09-19,29.13,cboe:VIX1Y_History.csv
2022-09-20,29.57,cboe:VIX1Y_History.csv
2022-09-21,30.0,cboe:VIX1Y_History.csv
2022-09-22,29.75,cboe:VIX1Y_History.csv
2022-09-23,30.83,cboe:VIX1Y_History.csv
2022-09-26,31.73,cboe:VIX1Y_History.csv
2022-09-27,32.22,cboe:VIX1Y_History.csv
2022-09-28,31.57,cboe:VIX1Y_History.csv
2022-09-29,32.12,cboe:VIX1Y_History.csv
2022-09-30,32.08,cboe:VIX1Y_History.csv
2022-10-03,31.38,cboe:VIX1Y_History.csv
2022-10-04,30.77,cboe:VIX1Y_History.csv
2022-10-05,30.89,cboe:VIX1Y_History.csv
2022-10-06,31.6,cboe:VIX1Y_History.csv
2022-10-07,32.58,cboe:VIX1Y_History.csv
2022-10-10,32.81,cboe:VIX1Y_History.csv
2022-10-11,33.14,cboe:VIX1Y_History.csv
2022-10-12,33.04,cboe:VIX1Y_History.csv
2022-10-13,32.24,cboe:VIX1Y_History.csv
2022-10-14,32.81,cboe:VIX1Y_History.csv
2022-10-17,32.14,cboe:VIX1Y_History.csv
2022-10-18,31.79,cboe:VIX1Y_History.csv
2022-10-19,32.08,cboe:VIX1Y_History.csv
2022-10-20,31.96,cboe:VIX1Y_History.csv
2022-10-21,31.71,cboe:VIX1Y_History.csv
2022-10-24,31.64,cboe:VIX1Y_History.csv
2022-10-25,31.0,cboe:VIX1Y_History.csv
2022-10-26,30.68,cboe:VIX1Y_History.csv
2022-10-27,30.58,cboe:VIX1Y_History.csv
2022-10-28,29.57,cboe:VIX1Y_History.csv
2022-10-31,29.73,cboe:VIX1Y_History.csv
2022-11-01,29.38,cboe:VIX1Y_History.csv
2022-11-02,29.74,cboe:VIX1Y_History.csv
2022-11-03,29.33,cboe:VIX1Y_History.csv
2022-11-04,29.16,cboe:VIX1Y_History.csv
2022-11-07,29.03,cboe:VIX1Y_History.csv
2022-11-08,29.6,cboe:VIX1Y_History.csv
2022-11-09,30.14,cboe:VIX1Y_History.csv
2022-11-10,31.29,cboe:VIX1Y_History.csv
2022-11-11,29.07,cboe:VIX1Y_History.csv
2022-11-14,29.42,cboe:VIX1Y_History.csv
2022-11-15,29.42,cboe:VIX1Y_History.csv
2022-11-16,29.19,cboe:VIX1Y_History.csv
2022-11-17,29.1,cboe:VIX1Y_History.csv
2022-11-18,28.88,cboe:VIX1Y_History.csv
2022-11-21,28.52,cboe:VIX1Y_History.csv
2022-11-22,27.97,cboe:VIX1Y_History.csv
2022-11-23,27.72,cboe:VIX1Y_History.csv
2022-11-25,27.92,cboe:VIX1Y_History.csv
2022-11-28,28.72,cboe:VIX1Y_History.csv
2022-11-29,28.65,cboe:VIX1Y_History.csv
2022-11-30,27.69,cboe:VIX1Y_History.csv
2022-12-01,27.51,cboe:VIX1Y_History.csv
2022-12-02,27.35,cboe:VIX1Y_History.csv
2022-12-05,27.33,cboe:VIX1Y_History.csv
2022-12-06,27.67,cboe:VIX1Y_History.csv
2022-12-07,27.99,cboe:VIX1Y_History.csv
2022-12-08,27.71,cboe:VIX1Y_History.csv
2022-12-09,28.0,cboe:VIX1Y_History.csv
2022-12-12,28.06,cboe:VIX1Y_History.csv
2022-12-13,27.85,cboe:VIX1Y_History.csv
2022-12-14,27.51,cboe:VIX1Y_History.csv
2022-12-15,28.57,cboe:VIX1Y_History.csv
2022-12-16,28.55,cboe:VIX1Y_History.csv
2022-12-19,28.38,cboe:VIX1Y_History.csv
2022-12-20,27.85,cboe:VIX1Y_History.csv
2022-12-21,27.13,cboe:VIX1Y_History.csv
2022-12-22,27.83,cboe:VIX1Y_History.csv
2022-12-23,27.34,cboe:VIX1Y_History.csv
2022-12-27,27.38,cboe:VIX1Y_History.csv
2022-12-28,27.5,cboe:VIX1Y_History.csv
2022-12-29,27.02,cboe:VIX1Y_History.csv
2022-12-30,27.3,cboe:VIX1Y_History.csv
2023-01-03,27.53,cboe:VIX1Y_History.csv
2023-01-04,26.82,cboe:VIX1Y_History.csv
2023-01-05,26.87,cboe:VIX1Y_History.csv
2023-01-06,26.16,cboe:VIX1Y_History.csv
2023-01-09,26.46,cboe:VIX1Y_History.csv
2023-01-10,25.56,cboe:VIX1Y_History.csv
2023-01-11,25.42,cboe:VIX1Y_History.csv
2023-01-12,25.04,cboe:VIX1Y_History.csv
2023-01-13,24.41,cboe:VIX1Y_History.csv
2023-01-17,24.81,cboe:VIX1Y_History.csv
2023-01-18,25.39,cboe:VIX1Y_History.csv
2023-01-19,25.3,cboe:VIX1Y_History.csv
2023-01-20,24.71,cboe:VIX1Y_History.csv
2023-01-23,24.34,cboe:VIX1Y_History.csv
2023-01-24,23.8,cboe:VIX1Y_History.csv
2023-01-25,23.94,cboe:VIX1Y_History.csv
2023-01-26,23.56,cboe:VIX1Y_History.csv
2023-01-27,23.29,cboe:VIX1Y_History.csv
2023-01-30,23.61,cboe:VIX1Y_History.csv
2023-01-31,23.4,cboe:VIX1Y_History.csv
2023-02-01,22.99,cboe:VIX1Y_History.csv
2023-02-02,23.45,cboe:VIX1Y_History.csv
2023-02-03,23.38,cboe:VIX1Y_History.csv
2023-02-06,23.82,cboe:VIX1Y_History.csv
2023-02-07,23.43,cboe:VIX1Y_History.csv
2023-02-08,23.75,cboe:VIX1Y_History.csv
2023-02-09,24.44,cboe:VIX1Y_History.csv
2023-02-10,24.59,cboe:VIX1Y_History.csv
2023-02-13,24.16,cboe:VIX1Y_History.csv
2023-02-14,23.53,cboe:VIX1Y_History.csv
2023-02-15,23.31,cboe:VIX1Y_History.csv
2023-02-16,23.96,cboe:VIX1Y_History.csv
2023-02-17,24.04,cboe:VIX1Y_History.csv
2023-02-21,25.0,cboe:VIX1Y_History.csv
2023-02-22,24.56,cboe:VIX1Y_History.csv
2023-02-23,24.13,cboe:VIX1Y_History.csv
2023-02-24,24.54,cboe:VIX1Y_History.csv
2023-02-27,24.1,cboe:VIX1Y_History.csv
2023-02-28,23.88,cboe:VIX1Y_History.csv
2023-03-01,23.98,cboe:VIX1Y_History.csv
2023-03-02,23.47,cboe:VIX1Y_History.csv
2023-03-03,23.0,cboe:VIX1Y_History.csv
2023-03-06,22.9,cboe:VIX1Y_History.csv
2023-03-07,23.16,cboe:VIX1Y_History.csv
2023-03-08,23.2,cboe:VIX1Y_History.csv
2023-03-09,24.2,cboe:VIX1Y_History.csv
2023-03-10,25.6,cboe:VIX1Y_History.csv
2023-03-13,26.3,cboe:VIX1Y_History.csv
2023-03-14,25.41,cboe:VIX1Y_History.csv
2023-03-15,27.57,cboe:VIX1Y_History.csv
2023-03-16,25.71,cboe:VIX1Y_History.csv
2023-03-17,27.63,cboe:VIX1Y_History.csv
2023-03-20,26.69,cboe:VIX1Y_History.csv
2023-03-21,25.18,cboe:VIX1Y_History.csv
2023-03-22,25.55,cboe:VIX1Y_History.csv
2023-03-23,25.99,cboe:VIX1Y_History.csv
2023-03-24,25.78,cboe:VIX1Y_History.csv
2023-03-27,25.09,cboe:VIX1Y_History.csv
2023-03-28,24.78,cboe:VIX1Y_History.csv
2023-03-29,24.22,cboe:VIX1Y_History.csv
2023-03-30,24.18,cboe:VIX1Y_History.csv
2023-03-31,24.12,cboe:VIX1Y_History.csv
2023-04-03,23.84,cboe:VIX1Y_History.csv
2023-04-04,24.33,cboe:VIX1Y_History.csv
2023-04-05,24.51,cboe:VIX1Y_History.csv
2023-04-06,24.34,cboe:VIX1Y_History.csv
2023-04-10,23.93,cboe:VIX1Y_History.csv
2023-04-11,23.93,cboe:VIX1Y_History.csv
2023-04-12,24.16,cboe:VIX1Y_History.csv
2023-04-13,23.62,cboe:VIX1Y_History.csv
2023-04-14,23.59,cboe:VIX1Y_History.csv
2023-04-17,23.31,cboe:VIX1Y_History.csv
2023-04-18,23.52,cboe:VIX1Y_History.csv
2023-04-19,23.65,cboe:VIX1Y_History.csv
2023-04-20,24.12,cboe:VIX1Y_History.csv
2023-04-21,24.12,cboe:VIX1Y_History.csv
2023-04-24,24.42,cboe:VIX1Y_History.csv
2023-04-25,25.03,cboe:VIX1Y_History.csv
2023-04-26,24.83,cboe:VIX1Y_History.csv
2023-04-27,24.3,cboe:VIX1Y_History.csv
2023-04-28,24.15,cboe:VIX1Y_History.csv
2023-05-01,23.96,cboe:VIX1Y_History.csv
2023-05-02,24.72,cboe:VIX1Y_History.csv
2023-05-03,24.42,cboe:VIX1Y_History.csv
2023-05-04,25.6,cboe:VIX1Y_History.csv
2023-05-05,24.45,cboe:VIX1Y_History.csv
2023-05-08,24.66,cboe:VIX1Y_History.csv
2023-05-09,24.75,cboe:VIX1Y_History.csv
2023-05-10,24.54,cboe:VIX1Y_History.csv
2023-05-11,24.48,cboe:VIX1Y_History.csv
2023-05-12,24.87,cboe:VIX1Y_History.csv
2023-05-15,24.25,cboe:VIX1Y_History.csv
2023-05-16,24.88,cboe:VIX1Y_History.csv
2023-05-17,24.12,cboe:VIX1Y_History.csv
2023-05-18,23.67,cboe:VIX1Y_History.csv
2023-05-19,24.37,cboe:VIX1Y_History.csv
2023-05-22,24.06,cboe:VIX1Y_History.csv
2023-05-23,24.35,cboe:VIX1Y_History.csv
2023-05-24,24.71,cboe:VIX1Y_History.csv
2023-05-25,24.48,cboe:VIX1Y_History.csv
2023-05-26,23.58,cboe:VIX1Y_History.csv
2023-05-30,23.64,cboe:VIX1Y_History.csv
2023-05-31,23.66,cboe:VIX1Y_History.csv
2023-06-01,23.03,cboe:VIX1Y_History.csv
2023-06-02,22.37,cboe:VIX1Y_History.csv
2023-06-05,22.11,cboe:VIX1Y_History.csv
2023-06-06,21.59,cboe:VIX1Y_History.csv
2023-06-07,21.6,cboe:VIX1Y_History.csv
2023-06-08,21.55,cboe:VIX1Y_History.csv
2023-06-09,21.34,cboe:VIX1Y_History.csv
2023-06-12,21.27,cboe:VIX1Y_History.csv
2023-06-13,21.26,cboe:VIX1Y_History.csv
2023-06-14,21.27,cboe:VIX1Y_History.csv
2023-06-15,21.27,cboe:VIX1Y_History.csv
2023-06-16,21.19,cboe:VIX1Y_History.csv
2023-06-20,21.51,cboe:VIX1Y_History.csv
2023-06-21,21.38,cboe:VIX1Y_History.csv
2023-06-22,21.25,cboe:VIX1Y_History.csv
2023-06-23,21.41,cboe:VIX1Y_History.csv
2023-06-26,21.44,cboe:VIX1Y_History.csv
2023-06-27,21.0,cboe:VIX1Y_History.csv
2023-06-28,20.55,cboe:VIX1Y_History.csv
2023-06-29,20.78,cboe:VIX1Y_History.csv
2023-06-30,20.53,cboe:VIX1Y_History.csv
2023-07-03,20.21,cboe:VIX1Y_History.csv
2023-07-05,20.75,cboe:VIX1Y_History.csv
2023-07-06,21.34,cboe:VIX1Y_History.csv
2023-07-07,21.23,cboe:VIX1Y_History.csv
2023-07-10,21.16,cboe:VIX1Y_History.csv
2023-07-11,20.89,cboe:VIX1Y_History.csv
2023-07-12,20.41,cboe:VIX1Y_History.csv
2023-07-13,20.3,cboe:VIX1Y_History.csv
2023-07-14,20.26,cboe:VIX1Y_History.csv
2023-07-17,20.59,cboe:VIX1Y_History.csv
2023-07-18,20.54,cboe:VIX1Y_History.csv
2023-07-19,20.81,cboe:VIX1Y_History.csv
2023-07-20,20.84,cboe:VIX1Y_History.csv
2023-07-21,20.7,cboe:VIX1Y_History.csv
2023-07-24,20.54,cboe:VIX1Y_History.csv
2023-07-25,20.54,cboe:VIX1Y_History.csv
2023-07-26,20.38,cboe:VIX1Y_History.csv
2023-07-27,20.76,cboe:VIX1Y_History.csv
2023-07-28,20.47,cboe:VIX1Y_History.csv
2023-07-31,20.54,cboe:VIX1Y_History.csv
2023-08-01,20.74,cboe:VIX1Y_History.csv
2023-08-02,21.63,cboe:VIX1Y_History.csv
2023-08-03,21.47,cboe:VIX1Y_History.csv
2023-08-04,21.78,cboe:VIX1Y_History.csv
2023-08-07,21.44,cboe:VIX1Y_History.csv
2023-08-08,21.71,cboe:VIX1Y_History.csv
2023-08-09,21.67,cboe:VIX1Y_History.csv
2023-08-10,21.27,cboe:VIX1Y_History.csv
2023-08-11,21.46,cboe:VIX1Y_History.csv
2023-08-14,21.36,cboe:VIX1Y_History.csv
2023-08-15,22.07,cboe:VIX1Y_History.csv
2023-08-16,22.24,cboe:VIX1Y_History.csv
2023-08-17,22.7,cboe:VIX1Y_History.csv
2023-08-18,22.44,cboe:VIX1Y_History.csv
2023-08-21,22.22,cboe:VIX1Y_History.csv
2023-08-22,22.54,cboe:VIX1Y_History.csv
2023-08-23,21.79,cboe:VIX1Y_History.csv
2023-08-24,22.09,cboe:VIX1Y_History.csv
2023-08-25,21.5,cboe:VIX1Y_History.csv
2023-08-28,21.19,cboe:VIX1Y_History.csv
2023-08-29,20.72,cboe:VIX1Y_History.csv
2023-08-30,20.21,cboe:VIX1Y_History.csv
2023-08-31,20.08,cboe:VIX1Y_History.csv
2023-09-01,20.25,cboe:VIX1Y_History.csv
2023-09-05,20.48,cboe:VIX1Y_History.csv
2023-09-06,20.8,cboe:VIX1Y_History.csv
2023-09-07,20.58,cboe:VIX1Y_History.csv
2023-09-08,20.32,cboe:VIX1Y_History.csv
2023-09-11,20.15,cboe:VIX1Y_History.csv
2023-09-12,20.26,cboe:VIX1Y_History.csv
2023-09-13,20.21,cboe:VIX1Y_History.csv
2023-09-14,19.78,cboe:VIX1Y_History.csv
2023-09-15,20.44,cboe:VIX1Y_History.csv
2023-09-18,20.19,cboe:VIX1Y_History.csv
2023-09-19,20.19,cboe:VIX1Y_History.csv
2023-09-20,20.45,cboe:VIX1Y_History.csv
2023-09-21,21.08,cboe:VIX1Y_History.csv
2023-09-22,21.24,cboe:VIX1Y_History.csv
2023-09-25,21.36,cboe:VIX1Y_History.csv
2023-09-26,22.37,cboe:VIX1Y_History.csv
2023-09-27,22.13,cboe:VIX1Y_History.csv
2023-09-28,22.0,cboe:VIX1Y_History.csv
2023-09-29,21.85,cboe:VIX1Y_History.csv
2023-10-02,22.13,cboe:VIX1Y_History.csv
2023-10-03,23.03,cboe:VIX1Y_History.csv
2023-10-04,22.74,cboe:VIX1Y_History.csv
2023-10-05,22.76,cboe:VIX1Y_History.csv
2023-10-06,22.25,cboe:VIX1Y_History.csv
2023-10-09,22.42,cboe:VIX1Y_History.csv
2023-10-10,22.18,cboe:VIX1Y_History.csv
2023-10-11,21.86,cboe:VIX1Y_History.csv
2023-10-12,22.08,cboe:VIX1Y_History.csv
2023-10-13,23.25,cboe:VIX1Y_History.csv
2023-10-16,22.62,cboe:VIX1Y_History.csv
2023-10-17,22.93,cboe:VIX1Y_History.csv
2023-10-18,23.55,cboe:VIX1Y_History.csv
2023-10-19,24.39,cboe:VIX1Y_History.csv
2023-10-20,24.61,cboe:VIX1Y_History.csv
2023-10-23,24.03,cboe:VIX1Y_History.csv
2023-10-24,23.47,cboe:VIX1Y_History.csv
2023-10-25,24.04,cboe:VIX1Y_History.csv
2023-10-26,24.31,cboe:VIX1Y_History.csv
2023-10-27,24.48,cboe:VIX1Y_History.csv
2023-10-30,23.71,cboe:VIX1Y_History.csv
2023-10-31,23.03,cboe:VIX1Y_History.csv
2023-11-01,22.36,cboe:VIX1Y_History.csv
2023-11-02,21.93,cboe:VIX1Y_History.csv
2023-11-03,21.58,cboe:VIX1Y_History.csv
2023-11-06,21.44,cboe:VIX1Y_History.csv
2023-11-07,21.44,cboe:VIX1Y_History.csv
2023-11-08,21.21,cboe:VIX1Y_History.csv
2023-11-09,21.55,cboe:VIX1Y_History.csv
2023-11-10,21.0,cboe:VIX1Y_History.csv
2023-11-13,21.07,cboe:VIX1Y_History.csv
2023-11-14,20.82,cboe:VIX1Y_History.csv
2023-11-15,20.96,cboe:VIX1Y_History.csv
2023-11-16,20.83,cboe:VIX1Y_History.csv
2023-11-17,20.73,cboe:VIX1Y_History.csv
2023-11-20,20.6,cboe:VIX1Y_History.csv
2023-11-21,20.52,cboe:VIX1Y_History.csv
2023-11-22,20.45,cboe:VIX1Y_History.csv
2023-11-24,20.36,cboe:VIX1Y_History.csv
2023-11-27,20.38,cboe:VIX1Y_History.csv
2023-11-28,20.33,cboe:VIX1Y_History.csv
2023-11-29,20.5,cboe:VIX1Y_History.csv
2023-11-30,20.44,cboe:VIX1Y_History.csv
2023-12-01,20.39,cboe:VIX1Y_History.csv
2023-12-04,20.62,cboe:VIX1Y_History.csv
2023-12-05,20.54,cboe:VIX1Y_History.csv
2023-12-06,20.6,cboe:VIX1Y_History.csv
2023-12-07,20.37,cboe:VIX1Y_History.csv
2023-12-08,20.22,cboe:VIX1Y_History.csv
2023-12-11,20.14,cboe:VIX1Y_History.csv
2023-12-12,19.69,cboe:VIX1Y_History.csv
2023-12-13,19.68,cboe:VIX1Y_History.csv
2023-12-14,19.48,cboe:VIX1Y_History.csv
2023-12-15,19.89,cboe:VIX1Y_History.csv
2023-12-18,20.03,cboe:VIX1Y_History.csv
2023-12-19,20.24,cboe:VIX1Y_History.csv
2023-12-20,20.77,cboe:VIX1Y_History.csv
2023-12-21,20.55,cboe:VIX1Y_History.csv
2023-12-22,20.72,cboe:VIX1Y_History.csv
2023-12-26,20.38,cboe:VIX1Y_History.csv
2023-12-27,20.05,cboe:VIX1Y_History.csv
2023-12-28,20.04,cboe:VIX1Y_History.csv
2023-12-29,20.07,cboe:VIX1Y_History.csv
2024-01-02,20.19,cboe:VIX1Y_History.csv
2024-01-03,20.51,cboe:VIX1Y_History.csv
2024-01-04,20.28,cboe:VIX1Y_History.csv
2024-01-05,20.05,cboe:VIX1Y_History.csv
2024-01-08,19.61,cboe:VIX1Y_History.csv
2024-01-09,19.66,cboe:VIX1Y_History.csv
2024-01-10,19.25,cboe:VIX1Y_History.csv
2024-01-11,19.17,cboe:VIX1Y_History.csv
2024-01-12,19.47,cboe:VIX1Y_History.csv
2024-01-16,19.75,cboe:VIX1Y_History.csv
2024-01-17,20.03,cboe:VIX1Y_History.csv
2024-01-18,19.55,cboe:VIX1Y_History.csv
2024-01-19,19.18,cboe:VIX1Y_History.csv
2024-01-22,18.94,cboe:VIX1Y_History.csv
2024-01-23,18.68,cboe:VIX1Y_History.csv
2024-01-24,18.91,cboe:VIX1Y_History.csv
2024-01-25,19.19,cboe:VIX1Y_History.csv
2024-01-26,19.05,cboe:VIX1Y_History.csv
2024-01-29,19.12,cboe:VIX1Y_History.csv
2024-01-30,20.55,cboe:VIX1Y_History.csv
2024-01-31,19.76,cboe:VIX1Y_History.csv
2024-02-01,19.52,cboe:VIX1Y_History.csv
2024-02-02,19.53,cboe:VIX1Y_History.csv
2024-02-05,19.26,cboe:VIX1Y_History.csv
2024-02-06,19.09,cboe:VIX1Y_History.csv
2024-02-07,18.97,cboe:VIX1Y_History.csv
2024-02-08,18.94,cboe:VIX1Y_History.csv
2024-02-09,19.07,cboe:VIX1Y_History.csv
2024-02-12,19.4,cboe:VIX1Y_History.csv
2024-02-13,19.8,cboe:VIX1Y_History.csv
2024-02-14,19.48,cboe:VIX1Y_History.csv
2024-02-15,19.77,cboe:VIX1Y_History.csv
2024-02-16,19.89,cboe:VIX1Y_History.csv
2024-02-20,20.2,cboe:VIX1Y_History.csv
2024-02-21,19.87,cboe:VIX1Y_History.csv
2024-02-22,19.51,cboe:VIX1Y_History.csv
2024-02-23,19.38,cboe:VIX1Y_History.csv
2024-02-26,19.35,cboe:VIX1Y_History.csv
2024-02-27,19.18,cboe:VIX1Y_History.csv
2024-02-28,19.43,cboe:VIX1Y_History.csv
2024-02-29,19.32,cboe:VIX1Y_History.csv
2024-03-01,19.4,cboe:VIX1Y_History.csv
2024-03-04,19.7,cboe:VIX1Y_History.csv
2024-03-05,20.08,cboe:VIX1Y_History.csv
2024-03-06,20.14,cboe:VIX1Y_History.csv
2024-03-07,20.06,cboe:VIX1Y_History.csv
2024-03-08,20.27,cboe:VIX1Y_History.csv
2024-03-11,20.45,cboe:VIX1Y_History.csv
2024-03-12,20.11,cboe:VIX1Y_History.csv
2024-03-13,20.2,cboe:VIX1Y_History.csv
2024-03-14,20.48,cboe:VIX1Y_History.csv
2024-03-15,20.65,cboe:VIX1Y_History.csv
2024-03-18,20.51,cboe:VIX1Y_History.csv
2024-03-19,20.27,cboe:VIX1Y_History.csv
2024-03-20,19.99,cboe:VIX1Y_History.csv
2024-03-21,19.97,cboe:VIX1Y_History.csv
2024-03-22,20.14,cboe:VIX1Y_History.csv
2024-03-25,20.23,cboe:VIX1Y_History.csv
2024-03-26,20.1,cboe:VIX1Y_History.csv
2024-03-27,19.88,cboe:VIX1Y_History.csv
2024-03-28,20.03,cboe:VIX1Y_History.csv
2024-04-01,19.93,cboe:VIX1Y_History.csv
2024-04-02,20.24,cboe:VIX1Y_History.csv
2024-04-03,20.21,cboe:VIX1Y_History.csv
2024-04-04,20.78,cboe:VIX1Y_History.csv
2024-04-05,20.83,cboe:VIX1Y_History.csv
2024-04-08,20.47,cboe:VIX1Y_History.csv
2024-04-09,20.38,cboe:VIX1Y_History.csv
2024-04-10,20.7,cboe:VIX1Y_History.csv
2024-04-11,20.45,cboe:VIX1Y_History.csv
2024-04-12,21.29,cboe:VIX1Y_History.csv
2024-04-15,22.0,cboe:VIX1Y_History.csv
2024-04-16,21.57,cboe:VIX1Y_History.csv
2024-04-17,21.52,cboe:VIX1Y_History.csv
2024-04-18,21.41,cboe:VIX1Y_History.csv
2024-04-19,21.59,cboe:VIX1Y_History.csv
2024-04-22,20.5,cboe:VIX1Y_History.csv
2024-04-23,20.0,cboe:VIX1Y_History.csv
2024-04-24,20.04,cboe:VIX1Y_History.csv
2024-04-25,19.6,cboe:VIX1Y_History.csv
2024-04-26,19.6,cboe:VIX1Y_History.csv
2024-04-29,19.44,cboe:VIX1Y_History.csv
2024-04-30,19.65,cboe:VIX1Y_History.csv
2024-05-01,19.72,cboe:VIX1Y_History.csv
2024-05-02,19.4,cboe:VIX1Y_History.csv
2024-05-03,18.98,cboe:VIX1Y_History.csv
2024-05-06,18.88,cboe:VIX1Y_History.csv
2024-05-07,18.87,cboe:VIX1Y_History.csv
2024-05-08,18.69,cboe:VIX1Y_History.csv
2024-05-09,18.55,cboe:VIX1Y_History.csv
2024-05-10,18.68,cboe:VIX1Y_History.csv
2024-05-13,18.65,cboe:VIX1Y_History.csv
2024-05-14,18.72,cboe:VIX1Y_History.csv
2024-05-15,18.28,cboe:VIX1Y_History.csv
2024-05-16,18.37,cboe:VIX1Y_History.csv
2024-05-17,18.31,cboe:VIX1Y_History.csv
2024-05-20,18.33,cboe:VIX1Y_History.csv
2024-05-21,18.27,cboe:VIX1Y_History.csv
2024-05-22,18.47,cboe:VIX1Y_History.csv
2024-05-23,18.66,cboe:VIX1Y_History.csv
2024-05-24,18.44,cboe:VIX1Y_History.csv
2024-05-28,18.56,cboe:VIX1Y_History.csv
2024-05-29,18.89,cboe:VIX1Y_History.csv
2024-05-30,18.9,cboe:VIX1Y_History.csv
2024-05-31,18.4,cboe:VIX1Y_History.csv
2024-06-03,18.5,cboe:VIX1Y_History.csv
2024-06-04,18.61,cboe:VIX1Y_History.csv
2024-06-05,18.37,cboe:VIX1Y_History.csv
2024-06-06,18.35,cboe:VIX1Y_History.csv
2024-06-07,18.25,cboe:VIX1Y_History.csv
2024-06-10,18.32,cboe:VIX1Y_History.csv
2024-06-11,18.25,cboe:VIX1Y_History.csv
2024-06-12,18.21,cboe:VIX1Y_History.csv
2024-06-13,18.25,cboe:VIX1Y_History.csv
2024-06-14,18.59,cboe:VIX1Y_History.csv
2024-06-17,18.56,cboe:VIX1Y_History.csv
2024-06-18,18.59,cboe:VIX1Y_History.csv
2024-06-20,19.09,cboe:VIX1Y_History.csv
2024-06-21,19.13,cboe:VIX1Y_History.csv
2024-06-24,19.25,cboe:VIX1Y_History.csv
2024-06-25,18.9,cboe:VIX1Y_History.csv
2024-06-26,18.89,cboe:VIX1Y_History.csv
2024-06-27,18.66,cboe:VIX1Y_History.csv
2024-06-28,18.73,cboe:VIX1Y_History.csv
2024-07-01,18.48,cboe:VIX1Y_History.csv
2024-07-02,18.38,cboe:VIX1Y_History.csv
2024-07-03,18.4,cboe:VIX1Y_History.csv
2024-07-05,18.44,cboe:VIX1Y_History.csv
2024-07-08,18.38,cboe:VIX1Y_History.csv
2024-07-09,18.48,cboe:VIX1Y_History.csv
2024-07-10,18.5,cboe:VIX1Y_History.csv
2024-07-11,18.8,cboe:VIX1Y_History.csv
2024-07-12,18.61,cboe:VIX1Y_History.csv
2024-07-15,18.86,cboe:VIX1Y_History.csv
2024-07-16,18.86,cboe:VIX1Y_History.csv
2024-07-17,19.28,cboe:VIX1Y_History.csv
2024-07-18,19.55,cboe:VIX1Y_History.csv
2024-07-19,19.83,cboe:VIX1Y_History.csv
2024-07-22,19.35,cboe:VIX1Y_History.csv
2024-07-23,19.37,cboe:VIX1Y_History.csv
2024-07-24,20.41,cboe:VIX1Y_History.csv
2024-07-25,20.56,cboe:VIX1Y_History.csv
2024-07-26,19.63,cboe:VIX1Y_History.csv
2024-07-29,19.51,cboe:VIX1Y_History.csv
2024-07-30,19.93,cboe:VIX1Y_History.csv
2024-07-31,19.25,cboe:VIX1Y_History.csv
2024-08-01,20.43,cboe:VIX1Y_History.csv
2024-08-02,22.43,cboe:VIX1Y_History.csv
2024-08-05,26.38,cboe:VIX1Y_History.csv
2024-08-06,23.96,cboe:VIX1Y_History.csv
2024-08-07,24.09,cboe:VIX1Y_History.csv
2024-08-08,23.3,cboe:VIX1Y_History.csv
2024-08-09,21.86,cboe:VIX1Y_History.csv
2024-08-12,21.91,cboe:VIX1Y_History.csv
2024-08-13,21.06,cboe:VIX1Y_History.csv
2024-08-14,20.72,cboe:VIX1Y_History.csv
2024-08-15,19.99,cboe:VIX1Y_History.csv
2024-08-16,20.08,cboe:VIX1Y_History.csv
2024-08-19,20.04,cboe:VIX1Y_History.csv
2024-08-20,20.66,cboe:VIX1Y_History.csv
2024-08-21,21.44,cboe:VIX1Y_History.csv
2024-08-22,21.65,cboe:VIX1Y_History.csv
2024-08-23,21.24,cboe:VIX1Y_History.csv
2024-08-26,20.27,cboe:VIX1Y_History.csv
2024-08-27,20.04,cboe:VIX1Y_History.csv
2024-08-28,20.81,cboe:VIX1Y_History.csv
2024-08-29,20.18,cboe:VIX1Y_History.csv
2024-08-30,20.29,cboe:VIX1Y_History.csv
2024-09-03,22.01,cboe:VIX1Y_History.csv
2024-09-04,22.76,cboe:VIX1Y_History.csv
2024-09-05,22.43,cboe:VIX1Y_History.csv
2024-09-06,23.38,cboe:VIX1Y_History.csv
2024-09-09,22.27,cboe:VIX1Y_History.csv
2024-09-10,22.19,cboe:VIX1Y_History.csv
2024-09-11,21.63,cboe:VIX1Y_History.csv
2024-09-12,21.91,cboe:VIX1Y_History.csv
2024-09-13,21.65,cboe:VIX1Y_History.csv
2024-09-16,21.83,cboe:VIX1Y_History.csv
2024-09-17,22.08,cboe:VIX1Y_History.csv
2024-09-18,22.25,cboe:VIX1Y_History.csv
2024-09-19,21.52,cboe:VIX1Y_History.csv
2024-09-20,21.47,cboe:VIX1Y_History.csv
2024-09-23,21.41,cboe:VIX1Y_History.csv
2024-09-24,21.29,cboe:VIX1Y_History.csv
2024-09-25,21.49,cboe:VIX1Y_History.csv
2024-09-26,21.6,cboe:VIX1Y_History.csv
2024-09-27,22.23,cboe:VIX1Y_History.csv
2024-09-30,21.85,cboe:VIX1Y_History.csv
2024-10-01,22.66,cboe:VIX1Y_History.csv
2024-10-02,22.43,cboe:VIX1Y_History.csv
2024-10-03,22.86,cboe:VIX1Y_History.csv
2024-10-04,22.32,cboe:VIX1Y_History.csv
2024-10-07,23.2,cboe:VIX1Y_History.csv
2024-10-08,22.8,cboe:VIX1Y_History.csv
2024-10-09,22.55,cboe:VIX1Y_History.csv
2024-10-10,22.54,cboe:VIX1Y_History.csv
2024-10-11,22.47,cboe:VIX1Y_History.csv
2024-10-14,21.95,cboe:VIX1Y_History.csv
2024-10-15,22.14,cboe:VIX1Y_History.csv
2024-10-16,21.92,cboe:VIX1Y_History.csv
2024-10-17,21.66,cboe:VIX1Y_History.csv
2024-10-18,21.29,cboe:VIX1Y_History.csv
2024-10-21,21.26,cboe:VIX1Y_History.csv
2024-10-22,21.26,cboe:VIX1Y_History.csv
2024-10-23,21.64,cboe:VIX1Y_History.csv
2024-10-24,21.61,cboe:VIX1Y_History.csv
2024-10-25,21.98,cboe:VIX1Y_History.csv
2024-10-28,21.6,cboe:VIX1Y_History.csv
2024-10-29,21.44,cboe:VIX1Y_History.csv
2024-10-30,21.94,cboe:VIX1Y_History.csv
2024-10-31,22.73,cboe:VIX1Y_History.csv
2024-11-01,22.41,cboe:VIX1Y_History.csv
2024-11-04,22.37,cboe:VIX1Y_History.csv
2024-11-05,21.51,cboe:VIX1Y_History.csv
2024-11-06,20.47,cboe:VIX1Y_History.csv
2024-11-07,20.26,cboe:VIX1Y_History.csv
2024-11-08,20.24,cboe:VIX1Y_History.csv
2024-11-11,20.14,cboe:VIX1Y_History.csv
2024-11-12,20.17,cboe:VIX1Y_History.csv
2024-11-13,20.06,cboe:VIX1Y_History.csv
2024-11-14,20.19,cboe:VIX1Y_History.csv
2024-11-15,20.72,cboe:VIX1Y_History.csv
2024-11-18,20.4,cboe:VIX1Y_History.csv
2024-11-19,20.52,cboe:VIX1Y_History.csv
2024-11-20,20.75,cboe:VIX1Y_History.csv
2024-11-21,20.63,cboe:VIX1Y_History.csv
2024-11-22,20.26,cboe:VIX1Y_History.csv
2024-11-25,20.06,cboe:VIX1Y_History.csv
2024-11-26,19.89,cboe:VIX1Y_History.csv
2024-11-27,20.03,cboe:VIX1Y_History.csv
2024-11-29,19.74,cboe:VIX1Y_History.csv
2024-12-02,19.81,cboe:VIX1Y_History.csv
2024-12-03,19.82,cboe:VIX1Y_History.csv
2024-12-04,20.08,cboe:VIX1Y_History.csv
2024-12-05,20.24,cboe:VIX1Y_History.csv
2024-12-06,20.18,cboe:VIX1Y_History.csv
2024-12-09,20.58,cboe:VIX1Y_History.csv
2024-12-10,20.53,cboe:VIX1Y_History.csv
2024-12-11,20.59,cboe:VIX1Y_History.csv
2024-12-12,20.73,cboe:VIX1Y_History.csv
2024-12-13,20.87,cboe:VIX1Y_History.csv
2024-12-16,21.0,cboe:VIX1Y_History.csv
2024-12-17,21.14,cboe:VIX1Y_History.csv
2024-12-18,23.88,cboe:VIX1Y_History.csv
2024-12-19,23.31,cboe:VIX1Y_History.csv
2024-12-20,21.94,cboe:VIX1Y_History.csv
2024-12-23,21.24,cboe:VIX1Y_History.csv
2024-12-24,20.8,cboe:VIX1Y_History.csv
2024-12-26,20.74,cboe:VIX1Y_History.csv
2024-12-27,20.89,cboe:VIX1Y_History.csv
2024-12-30,21.36,cboe:VIX1Y_History.csv
2024-12-31,21.48,cboe:VIX1Y_History.csv
2025-01-02,21.62,cboe:VIX1Y_History.csv
2025-01-03,20.87,cboe:VIX1Y_History.csv
2025-01-06,20.79,cboe:VIX1Y_History.csv
2025-01-07,21.24,cboe:VIX1Y_History.csv
2025-01-08,21.21,cboe:VIX1Y_History.csv
2025-01-10,22.02,cboe:VIX1Y_History.csv
2025-01-13,21.55,cboe:VIX1Y_History.csv
2025-01-14,21.3,cboe:VIX1Y_History.csv
2025-01-15,20.64,cboe:VIX1Y_History.csv
2025-01-16,20.8,cboe:VIX1Y_History.csv
2025-01-17,20.68,cboe:VIX1Y_History.csv
2025-01-21,20.22,cboe:VIX1Y_History.csv
2025-01-22,20.4,cboe:VIX1Y_History.csv
2025-01-23,20.16,cboe:VIX1Y_History.csv
2025-01-24,20.18,cboe:VIX1Y_History.csv
2025-01-27,20.61,cboe:VIX1Y_History.csv
2025-01-28,20.08,cboe:VIX1Y_History.csv
2025-01-29,19.68,cboe:VIX1Y_History.csv
2025-01-30,20.09,cboe:VIX1Y_History.csv
2025-01-31,20.39,cboe:VIX1Y_History.csv
2025-02-03,20.78,cboe:VIX1Y_History.csv
2025-02-04,20.66,cboe:VIX1Y_History.csv
2025-02-05,19.93,cboe:VIX1Y_History.csv
2025-02-06,20.11,cboe:VIX1Y_History.csv
2025-02-07,20.42,cboe:VIX1Y_History.csv
2025-02-10,20.21,cboe:VIX1Y_History.csv
2025-02-11,20.24,cboe:VIX1Y_History.csv
2025-02-12,20.3,cboe:VIX1Y_History.csv
2025-02-13,20.07,cboe:VIX1Y_History.csv
2025-02-14,20.14,cboe:VIX1Y_History.csv
2025-02-18,20.33,cboe:VIX1Y_History.csv
2025-02-19,20.42,cboe:VIX1Y_History.csv
2025-02-20,20.57,cboe:VIX1Y_History.csv
2025-02-21,21.26,cboe:VIX1Y_History.csv
2025-02-24,21.34,cboe:VIX1Y_History.csv
2025-02-25,21.39,cboe:VIX1Y_History.csv
2025-02-26,21.27,cboe:VIX1Y_History.csv
2025-02-27,22.13,cboe:VIX1Y_History.csv
2025-02-28,21.3,cboe:VIX1Y_History.csv
2025-03-03,22.03,cboe:VIX1Y_History.csv
2025-03-04,22.29,cboe:VIX1Y_History.csv
2025-03-05,21.95,cboe:VIX1Y_History.csv
2025-03-06,22.69,cboe:VIX1Y_History.csv
2025-03-07,22.49,cboe:VIX1Y_History.csv
2025-03-10,23.8,cboe:VIX1Y_History.csv
2025-03-11,24.39,cboe:VIX1Y_History.csv
2025-03-12,23.55,cboe:VIX1Y_History.csv
2025-03-13,23.67,cboe:VIX1Y_History.csv
2025-03-14,22.7,cboe:VIX1Y_History.csv
2025-03-17,22.19,cboe:VIX1Y_History.csv
2025-03-18,22.63,cboe:VIX1Y_History.csv
2025-03-19,22.2,cboe:VIX1Y_History.csv
2025-03-20,22.07,cboe:VIX1Y_History.csv
2025-03-21,21.82,cboe:VIX1Y_History.csv
2025-03-24,21.17,cboe:VIX1Y_History.csv
2025-03-25,21.1,cboe:VIX1Y_History.csv
2025-03-26,21.79,cboe:VIX1Y_History.csv
2025-03-27,21.76,cboe:VIX1Y_History.csv
2025-03-28,23.02,cboe:VIX1Y_History.csv
2025-03-31,22.75,cboe:VIX1Y_History.csv
2025-04-01,22.74,cboe:VIX1Y_History.csv
2025-04-02,21.4,cboe:VIX1Y_History.csv
2025-04-03,25.29,cboe:VIX1Y_History.csv
2025-04-04,29.22,cboe:VIX1Y_History.csv
2025-04-07,28.07,cboe:VIX1Y_History.csv
2025-04-08,30.69,cboe:VIX1Y_History.csv
2025-04-09,24.93,cboe:VIX1Y_History.csv
2025-04-10,28.86,cboe:VIX1Y_History.csv
2025-04-11,28.46,cboe:VIX1Y_History.csv
2025-04-14,26.97,cboe:VIX1Y_History.csv
2025-04-15,26.49,cboe:VIX1Y_History.csv
2025-04-16,27.82,cboe:VIX1Y_History.csv
2025-04-17,27.15,cboe:VIX1Y_History.csv
2025-04-21,28.62,cboe:VIX1Y_History.csv
2025-04-22,27.4,cboe:VIX1Y_History.csv
2025-04-23,26.72,cboe:VIX1Y_History.csv
2025-04-24,25.58,cboe:VIX1Y_History.csv
2025-04-25,25.15,cboe:VIX1Y_History.csv
2025-04-28,25.38,cboe:VIX1Y_History.csv
2025-04-29,25.38,cboe:VIX1Y_History.csv
2025-04-30,25.63,cboe:VIX1Y_History.csv
2025-05-01,25.49,cboe:VIX1Y_History.csv
2025-05-02,24.53,cboe:VIX1Y_History.csv
2025-05-05,24.78,cboe:VIX1Y_History.csv
2025-05-06,25.34,cboe:VIX1Y_History.csv
2025-05-07,25.11,cboe:VIX1Y_History.csv
2025-05-08,24.61,cboe:VIX1Y_History.csv
2025-05-09,24.5,cboe:VIX1Y_History.csv
2025-05-12,22.44,cboe:VIX1Y_History.csv
2025-05-13,22.12,cboe:VIX1Y_History.csv
2025-05-14,22.31,cboe:VIX1Y_History.csv
2025-05-15,22.17,cboe:VIX1Y_History.csv
2025-05-16,22.2,cboe:VIX1Y_History.csv
2025-05-19,22.5,cboe:VIX1Y_History.csv
2025-05-20,22.48,cboe:VIX1Y_History.csv
2025-05-21,23.62,cboe:VIX1Y_History.csv
2025-05-22,23.53,cboe:VIX1Y_History.csv
2025-05-23,24.35,cboe:VIX1Y_History.csv
2025-05-27,22.87,cboe:VIX1Y_History.csv
2025-05-28,23.11,cboe:VIX1Y_History.csv
2025-05-29,23.1,cboe:VIX1Y_History.csv
2025-05-30,23.0,cboe:VIX1Y_History.csv
2025-06-02,22.82,cboe:VIX1Y_History.csv
2025-06-03,22.66,cboe:VIX1Y_History.csv
2025-06-04,22.79,cboe:VIX1Y_History.csv
2025-06-05,22.68,cboe:VIX1Y_History.csv
2025-06-06,22.39,cboe:VIX1Y_History.csv
2025-06-09,22.49,cboe:VIX1Y_History.csv
2025-06-10,22.44,cboe:VIX1Y_History.csv
2025-06-11,22.45,cboe:VIX1Y_History.csv
2025-06-12,22.69,cboe:VIX1Y_History.csv
2025-06-13,23.43,cboe:VIX1Y_History.csv
2025-06-16,22.87,cboe:VIX1Y_History.csv
2025-06-17,23.73,cboe:VIX1Y_History.csv
2025-06-18,23.41,cboe:VIX1Y_History.csv
2025-06-20,23.64,cboe:VIX1Y_History.csv
2025-06-23,23.25,cboe:VIX1Y_History.csv
2025-06-24,22.74,cboe:VIX1Y_History.csv
2025-06-25,22.63,cboe:VIX1Y_History.csv
2025-06-26,22.53,cboe:VIX1Y_History.csv
2025-06-27,22.72,cboe:VIX1Y_History.csv
2025-06-30,22.48,cboe:VIX1Y_History.csv
2025-07-01,22.56,cboe:VIX1Y_History.csv
2025-07-02,22.3,cboe:VIX1Y_History.csv
2025-07-03,22.31,cboe:VIX1Y_History.csv
2025-07-07,22.68,cboe:VIX1Y_History.csv
2025-07-08,22.2,cboe:VIX1Y_History.csv
2025-07-09,22.01,cboe:VIX1Y_History.csv
2025-07-10,21.99,cboe:VIX1Y_History.csv
2025-07-11,22.23,cboe:VIX1Y_History.csv
2025-07-14,22.45,cboe:VIX1Y_History.csv
2025-07-15,22.56,cboe:VIX1Y_History.csv
2025-07-16,22.64,cboe:VIX1Y_History.csv
2025-07-17,22.59,cboe:VIX1Y_History.csv
2025-07-18,22.49,cboe:VIX1Y_History.csv
2025-07-21,22.4,cboe:VIX1Y_History.csv
2025-07-22,22.35,cboe:VIX1Y_History.csv
2025-07-23,21.79,cboe:VIX1Y_History.csv
2025-07-24,21.8,cboe:VIX1Y_History.csv
2025-07-25,21.64,cboe:VIX1Y_History.csv
2025-07-28,21.4,cboe:VIX1Y_History.csv
2025-07-29,21.76,cboe:VIX1Y_History.csv
2025-07-30,21.47,cboe:VIX1Y_History.csv
2025-07-31,21.82,cboe:VIX1Y_History.csv
2025-08-01,22.74,cboe:VIX1Y_History.csv
2025-08-04,21.89,cboe:VIX1Y_History.csv
2025-08-05,21.9,cboe:VIX1Y_History.csv
2025-08-06,21.95,cboe:VIX1Y_History.csv
2025-08-07,21.97,cboe:VIX1Y_History.csv
2025-08-08,21.69,cboe:VIX1Y_History.csv
2025-08-11,21.92,cboe:VIX1Y_History.csv
2025-08-12,21.79,cboe:VIX1Y_History.csv
2025-08-13,21.71,cboe:VIX1Y_History.csv
2025-08-14,21.92,cboe:VIX1Y_History.csv
2025-08-15,21.86,cboe:VIX1Y_History.csv
2025-08-18,21.71,cboe:VIX1Y_History.csv
2025-08-19,21.98,cboe:VIX1Y_History.csv
2025-08-20,22.02,cboe:VIX1Y_History.csv
2025-08-21,22.22,cboe:VIX1Y_History.csv
2025-08-22,21.49,cboe:VIX1Y_History.csv
2025-08-25,21.67,cboe:VIX1Y_History.csv
2025-08-26,21.69,cboe:VIX1Y_History.csv
2025-08-27,21.74,cboe:VIX1Y_History.csv
2025-08-28,21.66,cboe:VIX1Y_History.csv
2025-08-29,21.92,cboe:VIX1Y_History.csv
2025-09-02,22.2,cboe:VIX1Y_History.csv
2025-09-03,22.01,cboe:VIX1Y_History.csv
2025-09-04,21.74,cboe:VIX1Y_History.csv
2025-09-05,21.87,cboe:VIX1Y_History.csv
2025-09-08,21.8,cboe:VIX1Y_History.csv
2025-09-09,21.87,cboe:VIX1Y_History.csv
2025-09-10,21.93,cboe:VIX1Y_History.csv
2025-09-11,21.83,cboe:VIX1Y_History.csv
2025-09-12,21.87,cboe:VIX1Y_History.csv
2025-09-15,22.05,cboe:VIX1Y_History.csv
2025-09-16,22.32,cboe:VIX1Y_History.csv
2025-09-17,22.12,cboe:VIX1Y_History.csv
2025-09-18,22.05,cboe:VIX1Y_History.csv
2025-09-19,22.08,cboe:VIX1Y_History.csv
2025-09-22,22.38,cboe:VIX1Y_History.csv
2025-09-23,22.65,cboe:VIX1Y_History.csv
2025-09-24,22.53,cboe:VIX1Y_History.csv
2025-09-25,22.57,cboe:VIX1Y_History.csv
2025-09-26,22.13,cboe:VIX1Y_History.csv
2025-09-29,22.37,cboe:VIX1Y_History.csv
2025-09-30,22.33,cboe:VIX1Y_History.csv
2025-10-01,22.42,cboe:VIX1Y_History.csv
2025-10-02,22.63,cboe:VIX1Y_History.csv
2025-10-03,22.74,cboe:VIX1Y_History.csv
2025-10-06,22.78,cboe:VIX1Y_History.csv
2025-10-07,22.9,cboe:VIX1Y_History.csv
2025-10-08,22.81,cboe:VIX1Y_History.csv
2025-10-09,22.78,cboe:VIX1Y_History.csv
2025-10-10,24.05,cboe:VIX1Y_History.csv
2025-10-13,23.46,cboe:VIX1Y_History.csv
2025-10-14,23.85,cboe:VIX1Y_History.csv
2025-10-15,23.91,cboe:VIX1Y_History.csv
2025-10-16,25.06,cboe:VIX1Y_History.csv
2025-10-17,23.86,cboe:VIX1Y_History.csv
2025-10-20,23.14,cboe:VIX1Y_History.csv
2025-10-21,23.14,cboe:VIX1Y_History.csv
2025-10-22,23.36,cboe:VIX1Y_History.csv
2025-10-23,23.02,cboe:VIX1Y_History.csv
2025-10-24,22.79,cboe:VIX1Y_History.csv
2025-10-27,22.77,cboe:VIX1Y_History.csv
2025-10-28,23.21,cboe:VIX1Y_History.csv
2025-10-29,23.27,cboe:VIX1Y_History.csv
2025-10-30,23.35,cboe:VIX1Y_History.csv
2025-10-31,23.58,cboe:VIX1Y_History.csv
2025-11-03,23.74,cboe:VIX1Y_History.csv
2025-11-04,24.07,cboe:VIX1Y_History.csv
2025-11-05,23.7,cboe:VIX1Y_History.csv
2025-11-06,24.15,cboe:VIX1Y_History.csv
2025-11-07,24.01,cboe:VIX1Y_History.csv
2025-11-10,23.77,cboe:VIX1Y_History.csv
2025-11-11,23.83,cboe:VIX1Y_History.csv
2025-11-12,23.86,cboe:VIX1Y_History.csv
2025-11-13,24.46,cboe:VIX1Y_History.csv
2025-11-14,24.36,cboe:VIX1Y_History.csv
2025-11-17,24.82,cboe:VIX1Y_History.csv
2025-11-18,25.33,cboe:VIX1Y_History.csv
2025-11-19,25.27,cboe:VIX1Y_History.csv
2025-11-20,26.04,cboe:VIX1Y_History.csv
2025-11-21,25.58,cboe:VIX1Y_History.csv
2025-11-24,24.66,cboe:VIX1Y_History.csv
2025-11-25,24.13,cboe:VIX1Y_History.csv
2025-11-26,23.87,cboe:VIX1Y_History.csv
2025-11-28,23.66,cboe:VIX1Y_History.csv
2025-12-01,23.94,cboe:VIX1Y_History.csv
2025-12-02,23.67,cboe:VIX1Y_History.csv
2025-12-03,23.65,cboe:VIX1Y_History.csv
2025-12-04,23.55,cboe:VIX1Y_History.csv
2025-12-05,23.36,cboe:VIX1Y_History.csv
2025-12-08,23.6,cboe:VIX1Y_History.csv
2025-12-09,23.69,cboe:VIX1Y_History.csv
2025-12-10,23.33,cboe:VIX1Y_History.csv
2025-12-11,23.15,cboe:VIX1Y_History.csv
2025-12-12,23.29,cboe:VIX1Y_History.csv
2025-12-15,23.41,cboe:VIX1Y_History.csv
2025-12-16,23.36,cboe:VIX1Y_History.csv
2025-12-17,23.53,cboe:VIX1Y_History.csv
2025-12-18,23.23,cboe:VIX1Y_History.csv
2025-12-19,22.57,cboe:VIX1Y_History.csv
2025-12-22,22.3,cboe:VIX1Y_History.csv
2025-12-23,22.36,cboe:VIX1Y_History.csv
2025-12-24,22.38,cboe:VIX1Y_History.csv
2025-12-26,22.42,cboe:VIX1Y_History.csv
2025-12-29,22.43,cboe:VIX1Y_History.csv
2025-12-30,22.43,cboe:VIX1Y_History.csv
2025-12-31,22.54,cboe:VIX1Y_History.csv
2026-01-02,22.42,cboe:VIX1Y_History.csv
2026-01-05,22.5,cboe:VIX1Y_History.csv
2026-01-06,22.38,cboe:VIX1Y_History.csv
2026-01-07,22.61,cboe:VIX1Y_History.csv
2026-01-08,22.44,cboe:VIX1Y_History.csv
2026-01-09,22.29,cboe:VIX1Y_History.csv
2026-01-12,22.37,cboe:VIX1Y_History.csv
2026-01-13,22.67,cboe:VIX1Y_History.csv
2026-01-14,22.92,cboe:VIX1Y_History.csv
2026-01-15,22.71,cboe:VIX1Y_History.csv
2026-01-16,22.62,cboe:VIX1Y_History.csv
2026-01-20,23.54,cboe:VIX1Y_History.csv
2026-01-21,22.79,cboe:VIX1Y_History.csv
2026-01-22,22.63,cboe:VIX1Y_History.csv
2026-01-23,22.82,cboe:VIX1Y_History.csv
2026-01-26,22.85,cboe:VIX1Y_History.csv
2026-01-27,22.97,cboe:VIX1Y_History.csv
2026-01-28,23.02,cboe:VIX1Y_History.csv
2026-01-29,23.18,cboe:VIX1Y_History.csv
2026-01-30,23.39,cboe:VIX1Y_History.csv
2026-02-02,23.12,cboe:VIX1Y_History.csv
2026-02-03,23.43,cboe:VIX1Y_History.csv
2026-02-04,23.47,cboe:VIX1Y_History.csv
2026-02-05,24.38,cboe:VIX1Y_History.csv
2026-02-06,23.53,cboe:VIX1Y_History.csv
2026-02-09,23.4,cboe:VIX1Y_History.csv
2026-02-10,23.7,cboe:VIX1Y_History.csv
2026-02-11,23.66,cboe:VIX1Y_History.csv
2026-02-12,24.34,cboe:VIX1Y_History.csv
2026-02-13,24.39,cboe:VIX1Y_History.csv
2026-02-17,24.07,cboe:VIX1Y_History.csv
2026-02-18,24.05,cboe:VIX1Y_History.csv
2026-02-19,24.47,cboe:VIX1Y_History.csv
2026-02-20,24.18,cboe:VIX1Y_History.csv
2026-02-23,24.71,cboe:VIX1Y_History.csv
2026-02-24,24.41,cboe:VIX1Y_History.csv
2026-02-25,23.68,cboe:VIX1Y_History.csv
2026-02-26,24.12,cboe:VIX1Y_History.csv
2026-02-27,24.4,cboe:VIX1Y_History.csv
2026-03-02,24.75,cboe:VIX1Y_History.csv
2026-03-03,24.99,cboe:VIX1Y_History.csv
2026-03-04,24.13,cboe:VIX1Y_History.csv
2026-03-05,25.08,cboe:VIX1Y_History.csv
2026-03-06,26.22,cboe:VIX1Y_History.csv
2026-03-09,25.6,cboe:VIX1Y_History.csv
2026-03-10,25.77,cboe:VIX1Y_History.csv
2026-03-11,25.43,cboe:VIX1Y_History.csv
2026-03-12,26.24,cboe:VIX1Y_History.csv
2026-03-13,26.75,cboe:VIX1Y_History.csv
2026-03-16,25.63,cboe:VIX1Y_History.csv
2026-03-17,25.43,cboe:VIX1Y_History.csv
2026-03-18,26.48,cboe:VIX1Y_History.csv
2026-03-19,26.23,cboe:VIX1Y_History.csv
2026-03-20,26.84,cboe:VIX1Y_History.csv
2026-03-23,26.52,cboe:VIX1Y_History.csv
2026-03-24,26.64,cboe:VIX1Y_History.csv
2026-03-25,26.34,cboe:VIX1Y_History.csv
2026-03-26,26.76,cboe:VIX1Y_History.csv
2026-03-27,28.09,cboe:VIX1Y_History.csv
2026-03-30,28.07,cboe:VIX1Y_History.csv
2026-03-31,26.48,cboe:VIX1Y_History.csv
2026-04-01,25.84,cboe:VIX1Y_History.csv
2026-04-02,25.73,cboe:VIX1Y_History.csv
2026-04-06,25.62,cboe:VIX1Y_History.csv
2026-04-07,25.78,cboe:VIX1Y_History.csv
2026-04-08,24.45,cboe:VIX1Y_History.csv
2026-04-09,24.11,cboe:VIX1Y_History.csv
2026-04-10,24.25,cboe:VIX1Y_History.csv
2026-04-13,23.96,cboe:VIX1Y_History.csv
2026-04-14,23.95,cboe:VIX1Y_History.csv
2026-04-15,24.02,cboe:VIX1Y_History.csv
2026-04-16,23.94,cboe:VIX1Y_History.csv
2026-04-17,23.66,cboe:VIX1Y_History.csv
2026-04-20,23.95,cboe:VIX1Y_History.csv
2026-04-21,24.03,cboe:VIX1Y_History.csv
2026-04-22,23.95,cboe:VIX1Y_History.csv
2026-04-23,24.04,cboe:VIX1Y_History.csv
2026-04-24,24.03,cboe:VIX1Y_History.csv
2026-04-27,24.04,cboe:VIX1Y_History.csv
2026-04-28,23.98,cboe:VIX1Y_History.csv
2026-04-29,24.21,cboe:VIX1Y_History.csv
2026-04-30,23.65,cboe:VIX1Y_History.csv
2026-05-01,23.78,cboe:VIX1Y_History.csv
2026-05-04,24.07,cboe:VIX1Y_History.csv
2026-05-05,24.01,cboe:VIX1Y_History.csv
2026-05-06,24.02,cboe:VIX1Y_History.csv
2026-05-07,23.87,cboe:VIX1Y_History.csv
2026-05-08,23.93,cboe:VIX1Y_History.csv
2026-05-11,23.99,cboe:VIX1Y_History.csv
2026-05-12,24.0,cboe:VIX1Y_History.csv
2026-05-13,24.21,cboe:VIX1Y_History.csv
2026-05-14,23.95,cboe:VIX1Y_History.csv
