date,value,source
2006-07-17,18.049999237060547,yahoo:^VIX3M
2006-07-18,17.219999313354492,yahoo:^VIX3M
2006-07-19,15.600000381469727,yahoo:^VIX3M
2006-07-20,16.309999465942383,yahoo:^VIX3M
2006-07-21,17.040000915527344,yahoo:^VIX3M
2006-07-24,15.40999984741211,yahoo:^VIX3M
2006-07-25,14.609999656677246,yahoo:^VIX3M
2006-07-26,14.579999923706055,yahoo:^VIX3M
2006-07-27,15.15999984741211,yahoo:^VIX3M
2006-07-28,14.630000114440918,yahoo:^VIX3M
2006-07-31,15.25,yahoo:^VIX3M
2006-08-01,15.390000343322754,yahoo:^VIX3M
2006-08-02,15.0600004196167,yahoo:^VIX3M
2006-08-03,15.050000190734863,yahoo:^VIX3M
2006-08-04,15.09000015258789,yahoo:^VIX3M
2006-08-07,15.350000381469727,yahoo:^VIX3M
2006-08-08,15.470000267028809,yahoo:^VIX3M
2006-08-09,15.579999923706055,yahoo:^VIX3M
2006-08-10,15.279999732971191,yahoo:^VIX3M
2006-08-11,15.279999732971191,yahoo:^VIX3M
2006-08-14,15.279999732971191,yahoo:^VIX3M
2006-08-15,14.520000457763672,yahoo:^VIX3M
2006-08-16,14.029999732971191,yahoo:^VIX3M
2006-08-17,13.380000114440918,yahoo:^VIX3M
2006-08-18,13.100000381469727,yahoo:^VIX3M
2006-08-21,13.420000076293945,yahoo:^VIX3M
2006-08-22,13.430000305175781,yahoo:^VIX3M
2006-08-23,13.5600004196167,yahoo:^VIX3M
2006-08-24,13.579999923706055,yahoo:^VIX3M
2006-08-25,13.510000228881836,yahoo:^VIX3M
2006-08-28,13.359999656677246,yahoo:^VIX3M
2006-08-29,13.380000114440918,yahoo:^VIX3M
2006-08-30,13.319999694824219,yahoo:^VIX3M
2006-08-31,13.300000190734863,yahoo:^VIX3M
2006-09-01,13.1899995803833,yahoo:^VIX3M
2006-09-05,13.359999656677246,yahoo:^VIX3M
2006-09-06,14.319999694824219,yahoo:^VIX3M
2006-09-07,14.470000267028809,yahoo:^VIX3M
2006-09-08,14.1899995803833,yahoo:^VIX3M
2006-09-11,14.199999809265137,yahoo:^VIX3M
2006-09-12,13.520000457763672,yahoo:^VIX3M
2006-09-13,13.34000015258789,yahoo:^VIX3M
2006-09-14,13.550000190734863,yahoo:^VIX3M
2006-09-15,13.40999984741211,yahoo:^VIX3M
2006-09-18,13.399999618530273,yahoo:^VIX3M
2006-09-19,13.550000190734863,yahoo:^VIX3M
2006-09-20,13.279999732971191,yahoo:^VIX3M
2006-09-21,13.609999656677246,yahoo:^VIX3M
2006-09-22,14.09000015258789,yahoo:^VIX3M
2006-09-25,13.460000038146973,yahoo:^VIX3M
2006-09-26,13.100000381469727,yahoo:^VIX3M
2006-09-27,13.220000267028809,yahoo:^VIX3M
2006-09-28,13.289999961853027,yahoo:^VIX3M
2006-09-29,13.449999809265137,yahoo:^VIX3M
2006-10-02,13.59000015258789,yahoo:^VIX3M
2006-10-03,13.5,yahoo:^VIX3M
2006-10-04,13.239999771118164,yahoo:^VIX3M
2006-10-05,13.279999732971191,yahoo:^VIX3M
2006-10-06,13.079999923706055,yahoo:^VIX3M
2006-10-09,13.0600004196167,yahoo:^VIX3M
2006-10-10,13.050000190734863,yahoo:^VIX3M
2006-10-11,13.100000381469727,yahoo:^VIX3M
2006-10-12,12.420000076293945,yahoo:^VIX3M
2006-10-13,12.199999809265137,yahoo:^VIX3M
2006-10-16,12.350000381469727,yahoo:^VIX3M
2006-10-17,12.630000114440918,yahoo:^VIX3M
2006-10-18,12.470000267028809,yahoo:^VIX3M
2006-10-19,12.3100004196167,yahoo:^VIX3M
2006-10-20,12.0600004196167,yahoo:^VIX3M
2006-10-23,12.210000038146973,yahoo:^VIX3M
2006-10-24,11.510000228881836,yahoo:^VIX3M
2006-10-25,11.359999656677246,yahoo:^VIX3M
2006-10-26,11.229999542236328,yahoo:^VIX3M
2006-10-27,11.369999885559082,yahoo:^VIX3M
2006-10-30,12.039999961853027,yahoo:^VIX3M
2006-10-31,11.399999618530273,yahoo:^VIX3M
2006-11-01,12.079999923706055,yahoo:^VIX3M
2006-11-02,12.119999885559082,yahoo:^VIX3M
2006-11-03,12.079999923706055,yahoo:^VIX3M
2006-11-06,11.399999618530273,yahoo:^VIX3M
2006-11-07,11.350000381469727,yahoo:^VIX3M
2006-11-08,11.1899995803833,yahoo:^VIX3M
2006-11-09,11.369999885559082,yahoo:^VIX3M
2006-11-10,11.489999771118164,yahoo:^VIX3M
2006-11-13,11.380000114440918,yahoo:^VIX3M
2006-11-14,11.170000076293945,yahoo:^VIX3M
2006-11-15,11.119999885559082,yahoo:^VIX3M
2006-11-16,11.029999732971191,yahoo:^VIX3M
2006-11-17,11.0600004196167,yahoo:^VIX3M
2006-11-20,11.180000305175781,yahoo:^VIX3M
2006-11-21,11.1899995803833,yahoo:^VIX3M
2006-11-22,11.520000457763672,yahoo:^VIX3M
2006-11-24,12.279999732971191,yahoo:^VIX3M
2006-11-27,13.270000457763672,yahoo:^VIX3M
2006-11-28,12.630000114440918,yahoo:^VIX3M
2006-11-29,12.199999809265137,yahoo:^VIX3M
2006-11-30,12.3100004196167,yahoo:^VIX3M
2006-12-01,12.59000015258789,yahoo:^VIX3M
2006-12-04,12.399999618530273,yahoo:^VIX3M
2006-12-05,12.4399995803833,yahoo:^VIX3M
2006-12-06,12.510000228881836,yahoo:^VIX3M
2006-12-07,13.479999542236328,yahoo:^VIX3M
2006-12-08,13.3100004196167,yahoo:^VIX3M
2006-12-11,13.25,yahoo:^VIX3M
2006-12-12,13.170000076293945,yahoo:^VIX3M
2006-12-13,13.0600004196167,yahoo:^VIX3M
2006-12-14,13.010000228881836,yahoo:^VIX3M
2006-12-15,13.130000114440918,yahoo:^VIX3M
2006-12-18,13.1899995803833,yahoo:^VIX3M
2006-12-19,12.630000114440918,yahoo:^VIX3M
2006-12-20,12.529999732971191,yahoo:^VIX3M
2006-12-21,13.100000381469727,yahoo:^VIX3M
2006-12-22,13.300000190734863,yahoo:^VIX3M
2006-12-26,13.130000114440918,yahoo:^VIX3M
2006-12-27,12.59000015258789,yahoo:^VIX3M
2006-12-28,13.100000381469727,yahoo:^VIX3M
2006-12-29,13.289999961853027,yahoo:^VIX3M
2007-01-03,13.380000114440918,yahoo:^VIX3M
2007-01-04,13.130000114440918,yahoo:^VIX3M
2007-01-05,13.40999984741211,yahoo:^VIX3M
2007-01-08,13.279999732971191,yahoo:^VIX3M
2007-01-09,13.260000228881836,yahoo:^VIX3M
2007-01-10,13.020000457763672,yahoo:^VIX3M
2007-01-11,12.380000114440918,yahoo:^VIX3M
2007-01-12,12.069999694824219,yahoo:^VIX3M
2007-01-16,12.220000267028809,yahoo:^VIX3M
2007-01-17,12.079999923706055,yahoo:^VIX3M
2007-01-18,12.100000381469727,yahoo:^VIX3M
2007-01-19,11.609999656677246,yahoo:^VIX3M
2007-01-22,12.170000076293945,yahoo:^VIX3M
2007-01-23,11.539999961853027,yahoo:^VIX3M
2007-01-24,11.229999542236328,yahoo:^VIX3M
2007-01-25,12.119999885559082,yahoo:^VIX3M
2007-01-26,12.09000015258789,yahoo:^VIX3M
2007-01-29,12.170000076293945,yahoo:^VIX3M
2007-01-30,11.600000381469727,yahoo:^VIX3M
2007-01-31,11.329999923706055,yahoo:^VIX3M
2007-02-01,11.289999961853027,yahoo:^VIX3M
2007-02-02,11.239999771118164,yahoo:^VIX3M
2007-02-05,11.420000076293945,yahoo:^VIX3M
2007-02-06,11.399999618530273,yahoo:^VIX3M
2007-02-07,11.3100004196167,yahoo:^VIX3M
2007-02-08,11.420000076293945,yahoo:^VIX3M
2007-02-09,12.149999618530273,yahoo:^VIX3M
2007-02-12,12.369999885559082,yahoo:^VIX3M
2007-02-13,11.449999809265137,yahoo:^VIX3M
2007-02-14,11.260000228881836,yahoo:^VIX3M
2007-02-15,11.260000228881836,yahoo:^VIX3M
2007-02-16,11.199999809265137,yahoo:^VIX3M
2007-02-20,11.359999656677246,yahoo:^VIX3M
2007-02-21,11.380000114440918,yahoo:^VIX3M
2007-02-22,11.34000015258789,yahoo:^VIX3M
2007-02-23,12.0,yahoo:^VIX3M
2007-02-26,12.180000305175781,yahoo:^VIX3M
2007-02-27,17.059999465942383,yahoo:^VIX3M
2007-02-28,14.470000267028809,yahoo:^VIX3M
2007-03-01,14.579999923706055,yahoo:^VIX3M
2007-03-02,16.469999313354492,yahoo:^VIX3M
2007-03-05,17.360000610351562,yahoo:^VIX3M
2007-03-06,15.34000015258789,yahoo:^VIX3M
2007-03-07,15.029999732971191,yahoo:^VIX3M
2007-03-08,14.300000190734863,yahoo:^VIX3M
2007-03-09,14.260000228881836,yahoo:^VIX3M
2007-03-12,14.149999618530273,yahoo:^VIX3M
2007-03-13,16.3799991607666,yahoo:^VIX3M
2007-03-14,16.15999984741211,yahoo:^VIX3M
2007-03-15,16.020000457763672,yahoo:^VIX3M
2007-03-16,16.549999237060547,yahoo:^VIX3M
2007-03-19,15.130000114440918,yahoo:^VIX3M
2007-03-20,14.289999961853027,yahoo:^VIX3M
2007-03-21,13.109999656677246,yahoo:^VIX3M
2007-03-22,13.359999656677246,yahoo:^VIX3M
2007-03-23,13.449999809265137,yahoo:^VIX3M
2007-03-26,13.579999923706055,yahoo:^VIX3M
2007-03-27,14.119999885559082,yahoo:^VIX3M
2007-03-28,15.130000114440918,yahoo:^VIX3M
2007-03-29,15.239999771118164,yahoo:^VIX3M
2007-03-30,15.100000381469727,yahoo:^VIX3M
2007-04-02,15.039999961853027,yahoo:^VIX3M
2007-04-03,14.239999771118164,yahoo:^VIX3M
2007-04-04,14.25,yahoo:^VIX3M
2007-04-05,14.0600004196167,yahoo:^VIX3M
2007-04-09,14.029999732971191,yahoo:^VIX3M
2007-04-10,13.5,yahoo:^VIX3M
2007-04-11,14.1899995803833,yahoo:^VIX3M
2007-04-12,13.539999961853027,yahoo:^VIX3M
2007-04-13,13.3100004196167,yahoo:^VIX3M
2007-04-16,13.170000076293945,yahoo:^VIX3M
2007-04-17,13.09000015258789,yahoo:^VIX3M
2007-04-18,13.180000305175781,yahoo:^VIX3M
2007-04-19,13.300000190734863,yahoo:^VIX3M
2007-04-20,12.579999923706055,yahoo:^VIX3M
2007-04-23,13.079999923706055,yahoo:^VIX3M
2007-04-24,13.100000381469727,yahoo:^VIX3M
2007-04-25,13.050000190734863,yahoo:^VIX3M
2007-04-26,12.600000381469727,yahoo:^VIX3M
2007-04-27,12.489999771118164,yahoo:^VIX3M
2007-04-30,14.010000228881836,yahoo:^VIX3M
2007-05-01,13.390000343322754,yahoo:^VIX3M
2007-05-02,13.25,yahoo:^VIX3M
2007-05-03,13.220000267028809,yahoo:^VIX3M
2007-05-04,13.260000228881836,yahoo:^VIX3M
2007-05-07,13.329999923706055,yahoo:^VIX3M
2007-05-08,13.420000076293945,yahoo:^VIX3M
2007-05-09,13.239999771118164,yahoo:^VIX3M
2007-05-10,14.09000015258789,yahoo:^VIX3M
2007-05-11,13.4399995803833,yahoo:^VIX3M
2007-05-14,14.239999771118164,yahoo:^VIX3M
2007-05-15,14.239999771118164,yahoo:^VIX3M
2007-05-16,14.039999961853027,yahoo:^VIX3M
2007-05-17,14.170000076293945,yahoo:^VIX3M
2007-05-18,13.5,yahoo:^VIX3M
2007-05-21,13.609999656677246,yahoo:^VIX3M
2007-05-22,13.520000457763672,yahoo:^VIX3M
2007-05-23,13.600000381469727,yahoo:^VIX3M
2007-05-24,14.369999885559082,yahoo:^VIX3M
2007-05-25,14.140000343322754,yahoo:^VIX3M
2007-05-29,14.079999923706055,yahoo:^VIX3M
2007-05-30,13.449999809265137,yahoo:^VIX3M
2007-05-31,13.470000267028809,yahoo:^VIX3M
2007-06-01,13.489999771118164,yahoo:^VIX3M
2007-06-04,14.079999923706055,yahoo:^VIX3M
2007-06-05,14.260000228881836,yahoo:^VIX3M
2007-06-06,15.260000228881836,yahoo:^VIX3M
2007-06-07,16.450000762939453,yahoo:^VIX3M
2007-06-08,15.130000114440918,yahoo:^VIX3M
2007-06-11,15.100000381469727,yahoo:^VIX3M
2007-06-12,16.020000457763672,yahoo:^VIX3M
2007-06-13,15.079999923706055,yahoo:^VIX3M
2007-06-14,14.460000038146973,yahoo:^VIX3M
2007-06-15,15.010000228881836,yahoo:^VIX3M
2007-06-18,14.5600004196167,yahoo:^VIX3M
2007-06-19,14.289999961853027,yahoo:^VIX3M
2007-06-20,15.470000267028809,yahoo:^VIX3M
2007-06-21,15.289999961853027,yahoo:^VIX3M
2007-06-22,16.260000228881836,yahoo:^VIX3M
2007-06-25,16.479999542236328,yahoo:^VIX3M
2007-06-26,18.059999465942383,yahoo:^VIX3M
2007-06-27,16.040000915527344,yahoo:^VIX3M
2007-06-28,16.010000228881836,yahoo:^VIX3M
2007-06-29,16.399999618530273,yahoo:^VIX3M
2007-07-02,16.100000381469727,yahoo:^VIX3M
2007-07-03,15.609999656677246,yahoo:^VIX3M
2007-07-05,16.110000610351562,yahoo:^VIX3M
2007-07-06,15.529999732971191,yahoo:^VIX3M
2007-07-09,16.079999923706055,yahoo:^VIX3M
2007-07-10,17.3799991607666,yahoo:^VIX3M
2007-07-11,17.040000915527344,yahoo:^VIX3M
2007-07-12,16.350000381469727,yahoo:^VIX3M
2007-07-13,16.31999969482422,yahoo:^VIX3M
2007-07-16,16.450000762939453,yahoo:^VIX3M
2007-07-17,16.5,yahoo:^VIX3M
2007-07-18,17.049999237060547,yahoo:^VIX3M
2007-07-19,16.399999618530273,yahoo:^VIX3M
2007-07-20,17.440000534057617,yahoo:^VIX3M
2007-07-23,17.190000534057617,yahoo:^VIX3M
2007-07-24,18.329999923706055,yahoo:^VIX3M
2007-07-25,18.06999969482422,yahoo:^VIX3M
2007-07-26,19.010000228881836,yahoo:^VIX3M
2007-07-27,21.149999618530273,yahoo:^VIX3M
2007-07-30,19.329999923706055,yahoo:^VIX3M
2007-07-31,21.350000381469727,yahoo:^VIX3M
2007-08-01,21.600000381469727,yahoo:^VIX3M
2007-08-02,20.479999542236328,yahoo:^VIX3M
2007-08-03,22.6200008392334,yahoo:^VIX3M
2007-08-06,21.31999969482422,yahoo:^VIX3M
2007-08-07,20.610000610351562,yahoo:^VIX3M
2007-08-08,20.389999389648438,yahoo:^VIX3M
2007-08-09,24.440000534057617,yahoo:^VIX3M
2007-08-10,25.399999618530273,yahoo:^VIX3M
2007-08-13,23.540000915527344,yahoo:^VIX3M
2007-08-14,24.540000915527344,yahoo:^VIX3M
2007-08-15,26.479999542236328,yahoo:^VIX3M
2007-08-16,27.059999465942383,yahoo:^VIX3M
2007-08-17,26.15999984741211,yahoo:^VIX3M
2007-08-20,23.229999542236328,yahoo:^VIX3M
2007-08-21,22.600000381469727,yahoo:^VIX3M
2007-08-22,21.239999771118164,yahoo:^VIX3M
2007-08-23,21.170000076293945,yahoo:^VIX3M
2007-08-24,20.290000915527344,yahoo:^VIX3M
2007-08-27,21.420000076293945,yahoo:^VIX3M
2007-08-28,25.030000686645508,yahoo:^VIX3M
2007-08-29,23.170000076293945,yahoo:^VIX3M
2007-08-30,23.40999984741211,yahoo:^VIX3M
2007-08-31,22.440000534057617,yahoo:^VIX3M
2007-09-04,22.010000228881836,yahoo:^VIX3M
2007-09-05,23.229999542236328,yahoo:^VIX3M
2007-09-06,23.1299991607666,yahoo:^VIX3M
2007-09-07,24.520000457763672,yahoo:^VIX3M
2007-09-10,25.260000228881836,yahoo:^VIX3M
2007-09-11,23.600000381469727,yahoo:^VIX3M
2007-09-12,23.469999313354492,yahoo:^VIX3M
2007-09-13,23.420000076293945,yahoo:^VIX3M
2007-09-14,23.479999542236328,yahoo:^VIX3M
2007-09-17,24.31999969482422,yahoo:^VIX3M
2007-09-18,20.6299991607666,yahoo:^VIX3M
2007-09-19,20.280000686645508,yahoo:^VIX3M
2007-09-20,20.510000228881836,yahoo:^VIX3M
2007-09-21,20.010000228881836,yahoo:^VIX3M
2007-09-24,19.59000015258789,yahoo:^VIX3M
2007-09-25,19.450000762939453,yahoo:^VIX3M
2007-09-26,19.010000228881836,yahoo:^VIX3M
2007-09-27,18.229999542236328,yahoo:^VIX3M
2007-09-28,18.6299991607666,yahoo:^VIX3M
2007-10-01,18.610000610351562,yahoo:^VIX3M
2007-10-02,19.219999313354492,yahoo:^VIX3M
2007-10-03,19.530000686645508,yahoo:^VIX3M
2007-10-04,19.43000030517578,yahoo:^VIX3M
2007-10-05,18.34000015258789,yahoo:^VIX3M
2007-10-08,18.600000381469727,yahoo:^VIX3M
2007-10-09,17.6299991607666,yahoo:^VIX3M
2007-10-10,18.31999969482422,yahoo:^VIX3M
2007-10-11,19.579999923706055,yahoo:^VIX3M
2007-10-12,19.149999618530273,yahoo:^VIX3M
2007-10-15,20.389999389648438,yahoo:^VIX3M
2007-10-16,21.200000762939453,yahoo:^VIX3M
2007-10-17,20.360000610351562,yahoo:^VIX3M
2007-10-18,20.229999542236328,yahoo:^VIX3M
2007-10-19,23.219999313354492,yahoo:^VIX3M
2007-10-22,21.520000457763672,yahoo:^VIX3M
2007-10-23,21.010000228881836,yahoo:^VIX3M
2007-10-24,21.290000915527344,yahoo:^VIX3M
2007-10-25,21.3799991607666,yahoo:^VIX3M
2007-10-26,20.389999389648438,yahoo:^VIX3M
2007-10-29,20.399999618530273,yahoo:^VIX3M
2007-10-30,21.290000915527344,yahoo:^VIX3M
2007-10-31,19.520000457763672,yahoo:^VIX3M
2007-11-01,22.6299991607666,yahoo:^VIX3M
2007-11-02,23.139999389648438,yahoo:^VIX3M
2007-11-05,24.030000686645508,yahoo:^VIX3M
2007-11-06,22.170000076293945,yahoo:^VIX3M
2007-11-07,25.239999771118164,yahoo:^VIX3M
2007-11-08,25.360000610351562,yahoo:^VIX3M
2007-11-09,27.030000686645508,yahoo:^VIX3M
2007-11-12,27.350000381469727,yahoo:^VIX3M
2007-11-13,24.65999984741211,yahoo:^VIX3M
2007-11-14,25.649999618530273,yahoo:^VIX3M
2007-11-15,27.440000534057617,yahoo:^VIX3M
2007-11-16,26.440000534057617,yahoo:^VIX3M
2007-11-19,25.65999984741211,yahoo:^VIX3M
2007-11-20,26.09000015258789,yahoo:^VIX3M
2007-11-21,27.420000076293945,yahoo:^VIX3M
2007-11-23,25.969999313354492,yahoo:^VIX3M
2007-11-26,28.440000534057617,yahoo:^VIX3M
2007-11-27,26.59000015258789,yahoo:^VIX3M
2007-11-28,24.25,yahoo:^VIX3M
2007-11-29,24.5,yahoo:^VIX3M
2007-11-30,23.93000030517578,yahoo:^VIX3M
2007-12-03,24.299999237060547,yahoo:^VIX3M
2007-12-04,24.649999618530273,yahoo:^VIX3M
2007-12-05,23.329999923706055,yahoo:^VIX3M
2007-12-06,22.100000381469727,yahoo:^VIX3M
2007-12-07,22.18000030517578,yahoo:^VIX3M
2007-12-10,21.93000030517578,yahoo:^VIX3M
2007-12-11,24.1200008392334,yahoo:^VIX3M
2007-12-12,23.290000915527344,yahoo:^VIX3M
2007-12-13,23.520000457763672,yahoo:^VIX3M
2007-12-14,24.209999084472656,yahoo:^VIX3M
2007-12-17,25.530000686645508,yahoo:^VIX3M
2007-12-18,24.670000076293945,yahoo:^VIX3M
2007-12-19,23.809999465942383,yahoo:^VIX3M
2007-12-20,22.8700008392334,yahoo:^VIX3M
2007-12-21,21.5,yahoo:^VIX3M
2007-12-24,21.139999389648438,yahoo:^VIX3M
2007-12-26,20.93000030517578,yahoo:^VIX3M
2007-12-27,22.049999237060547,yahoo:^VIX3M
2007-12-28,22.559999465942383,yahoo:^VIX3M
2007-12-31,23.309999465942383,yahoo:^VIX3M
2008-01-02,23.600000381469727,yahoo:^VIX3M
2008-01-03,22.809999465942383,yahoo:^VIX3M
2008-01-04,23.690000534057617,yahoo:^VIX3M
2008-01-07,23.219999313354492,yahoo:^VIX3M
2008-01-08,25.489999771118164,yahoo:^VIX3M
2008-01-09,24.5,yahoo:^VIX3M
2008-01-10,23.950000762939453,yahoo:^VIX3M
2008-01-11,24.5,yahoo:^VIX3M
2008-01-14,23.670000076293945,yahoo:^VIX3M
2008-01-15,24.389999389648438,yahoo:^VIX3M
2008-01-16,24.360000610351562,yahoo:^VIX3M
2008-01-17,26.440000534057617,yahoo:^VIX3M
2008-01-18,25.989999771118164,yahoo:^VIX3M
2008-01-22,27.389999389648438,yahoo:^VIX3M
2008-01-23,26.25,yahoo:^VIX3M
2008-01-24,26.0,yahoo:^VIX3M
2008-01-25,26.860000610351562,yahoo:^VIX3M
2008-01-28,25.969999313354492,yahoo:^VIX3M
2008-01-29,25.649999618530273,yahoo:^VIX3M
2008-01-30,26.079999923706055,yahoo:^VIX3M
2008-01-31,25.209999084472656,yahoo:^VIX3M
2008-02-01,24.110000610351562,yahoo:^VIX3M
2008-02-04,25.360000610351562,yahoo:^VIX3M
2008-02-05,26.989999771118164,yahoo:^VIX3M
2008-02-06,27.610000610351562,yahoo:^VIX3M
2008-02-07,26.739999771118164,yahoo:^VIX3M
2008-02-08,27.059999465942383,yahoo:^VIX3M
2008-02-11,26.670000076293945,yahoo:^VIX3M
2008-02-12,26.110000610351562,yahoo:^VIX3M
2008-02-13,25.290000915527344,yahoo:^VIX3M
2008-02-14,25.469999313354492,yahoo:^VIX3M
2008-02-15,25.440000534057617,yahoo:^VIX3M
2008-02-19,25.469999313354492,yahoo:^VIX3M
2008-02-20,24.670000076293945,yahoo:^VIX3M
2008-02-21,25.09000015258789,yahoo:^VIX3M
2008-02-22,24.399999618530273,yahoo:^VIX3M
2008-02-25,23.93000030517578,yahoo:^VIX3M
2008-02-26,23.110000610351562,yahoo:^VIX3M
2008-02-27,23.690000534057617,yahoo:^VIX3M
2008-02-28,24.290000915527344,yahoo:^VIX3M
2008-02-29,26.389999389648438,yahoo:^VIX3M
2008-03-03,26.079999923706055,yahoo:^VIX3M
2008-03-04,25.760000228881836,yahoo:^VIX3M
2008-03-05,24.90999984741211,yahoo:^VIX3M
2008-03-06,27.0,yahoo:^VIX3M
2008-03-07,27.110000610351562,yahoo:^VIX3M
2008-03-10,28.329999923706055,yahoo:^VIX3M
2008-03-11,26.09000015258789,yahoo:^VIX3M
2008-03-12,27.3700008392334,yahoo:^VIX3M
2008-03-13,27.18000030517578,yahoo:^VIX3M
2008-03-14,29.360000610351562,yahoo:^VIX3M
2008-03-17,29.579999923706055,yahoo:^VIX3M
2008-03-18,26.010000228881836,yahoo:^VIX3M
2008-03-19,28.780000686645508,yahoo:^VIX3M
2008-03-20,27.290000915527344,yahoo:^VIX3M
2008-03-24,25.959999084472656,yahoo:^VIX3M
2008-03-25,26.18000030517578,yahoo:^VIX3M
2008-03-26,26.610000610351562,yahoo:^VIX3M
2008-03-27,26.280000686645508,yahoo:^VIX3M
2008-03-28,26.239999771118164,yahoo:^VIX3M
2008-03-31,25.639999389648438,yahoo:^VIX3M
2008-04-01,23.610000610351562,yahoo:^VIX3M
2008-04-02,24.299999237060547,yahoo:^VIX3M
2008-04-03,24.1200008392334,yahoo:^VIX3M
2008-04-04,23.520000457763672,yahoo:^VIX3M
2008-04-07,23.200000762939453,yahoo:^VIX3M
2008-04-08,23.06999969482422,yahoo:^VIX3M
2008-04-09,23.549999237060547,yahoo:^VIX3M
2008-04-10,23.059999465942383,yahoo:^VIX3M
2008-04-11,24.190000534057617,yahoo:^VIX3M
2008-04-14,24.40999984741211,yahoo:^VIX3M
2008-04-15,23.700000762939453,yahoo:^VIX3M
2008-04-16,21.81999969482422,yahoo:^VIX3M
2008-04-17,21.75,yahoo:^VIX3M
2008-04-18,21.3700008392334,yahoo:^VIX3M
2008-04-21,21.459999084472656,yahoo:^VIX3M
2008-04-22,21.799999237060547,yahoo:^VIX3M
2008-04-23,21.579999923706055,yahoo:^VIX3M
2008-04-24,21.18000030517578,yahoo:^VIX3M
2008-04-25,20.579999923706055,yahoo:^VIX3M
2008-04-28,20.40999984741211,yahoo:^VIX3M
2008-04-29,20.81999969482422,yahoo:^VIX3M
2008-04-30,21.25,yahoo:^VIX3M
2008-05-01,19.780000686645508,yahoo:^VIX3M
2008-05-02,19.530000686645508,yahoo:^VIX3M
2008-05-05,20.020000457763672,yahoo:^VIX3M
2008-05-06,19.75,yahoo:^VIX3M
2008-05-07,20.959999084472656,yahoo:^VIX3M
2008-05-08,20.8799991607666,yahoo:^VIX3M
2008-05-09,20.8700008392334,yahoo:^VIX3M
2008-05-12,20.239999771118164,yahoo:^VIX3M
2008-05-13,20.149999618530273,yahoo:^VIX3M
2008-05-14,20.0,yahoo:^VIX3M
2008-05-15,19.280000686645508,yahoo:^VIX3M
2008-05-16,19.56999969482422,yahoo:^VIX3M
2008-05-19,19.84000015258789,yahoo:^VIX3M
2008-05-20,20.809999465942383,yahoo:^VIX3M
2008-05-21,22.110000610351562,yahoo:^VIX3M
2008-05-22,21.520000457763672,yahoo:^VIX3M
2008-05-23,22.510000228881836,yahoo:^VIX3M
2008-05-27,22.15999984741211,yahoo:^VIX3M
2008-05-28,21.65999984741211,yahoo:^VIX3M
2008-05-29,20.799999237060547,yahoo:^VIX3M
2008-05-30,20.530000686645508,yahoo:^VIX3M
2008-06-02,21.719999313354492,yahoo:^VIX3M
2008-06-03,22.110000610351562,yahoo:^VIX3M
2008-06-04,22.59000015258789,yahoo:^VIX3M
2008-06-05,21.079999923706055,yahoo:^VIX3M
2008-06-06,24.200000762939453,yahoo:^VIX3M
2008-06-09,23.850000381469727,yahoo:^VIX3M
2008-06-10,23.84000015258789,yahoo:^VIX3M
2008-06-11,24.31999969482422,yahoo:^VIX3M
2008-06-12,23.700000762939453,yahoo:^VIX3M
2008-06-13,22.600000381469727,yahoo:^VIX3M
2008-06-16,22.43000030517578,yahoo:^VIX3M
2008-06-17,22.479999542236328,yahoo:^VIX3M
2008-06-18,23.549999237060547,yahoo:^VIX3M
2008-06-19,22.84000015258789,yahoo:^VIX3M
2008-06-20,23.56999969482422,yahoo:^VIX3M
2008-06-23,23.299999237060547,yahoo:^VIX3M
2008-06-24,23.209999084472656,yahoo:^VIX3M
2008-06-25,22.31999969482422,yahoo:^VIX3M
2008-06-26,24.309999465942383,yahoo:^VIX3M
2008-06-27,23.93000030517578,yahoo:^VIX3M
2008-06-30,23.770000457763672,yahoo:^VIX3M
2008-07-01,23.670000076293945,yahoo:^VIX3M
2008-07-02,25.020000457763672,yahoo:^VIX3M
2008-07-03,24.420000076293945,yahoo:^VIX3M
2008-07-07,24.75,yahoo:^VIX3M
2008-07-08,23.059999465942383,yahoo:^VIX3M
2008-07-09,24.360000610351562,yahoo:^VIX3M
2008-07-10,24.389999389648438,yahoo:^VIX3M
2008-07-11,25.520000457763672,yahoo:^VIX3M
2008-07-14,25.8799991607666,yahoo:^VIX3M
2008-07-15,25.969999313354492,yahoo:^VIX3M
2008-07-16,24.559999465942383,yahoo:^VIX3M
2008-07-17,24.3700008392334,yahoo:^VIX3M
2008-07-18,23.799999237060547,yahoo:^VIX3M
2008-07-21,23.18000030517578,yahoo:^VIX3M
2008-07-22,22.059999465942383,yahoo:^VIX3M
2008-07-23,22.200000762939453,yahoo:^VIX3M
2008-07-24,23.760000228881836,yahoo:^VIX3M
2008-07-25,23.290000915527344,yahoo:^VIX3M
2008-07-28,23.989999771118164,yahoo:^VIX3M
2008-07-29,22.219999313354492,yahoo:^VIX3M
2008-07-30,21.440000534057617,yahoo:^VIX3M
2008-07-31,22.670000076293945,yahoo:^VIX3M
2008-08-01,22.75,yahoo:^VIX3M
2008-08-04,23.09000015258789,yahoo:^VIX3M
2008-08-05,21.5,yahoo:^VIX3M
2008-08-06,21.18000030517578,yahoo:^VIX3M
2008-08-07,21.860000610351562,yahoo:^VIX3M
2008-08-08,21.649999618530273,yahoo:^VIX3M
2008-08-11,21.440000534057617,yahoo:^VIX3M
2008-08-12,22.200000762939453,yahoo:^VIX3M
2008-08-13,22.540000915527344,yahoo:^VIX3M
2008-08-14,21.65999984741211,yahoo:^VIX3M
2008-08-15,21.3799991607666,yahoo:^VIX3M
2008-08-18,22.110000610351562,yahoo:^VIX3M
2008-08-19,22.420000076293945,yahoo:^VIX3M
2008-08-20,22.459999084472656,yahoo:^VIX3M
2008-08-21,22.079999923706055,yahoo:^VIX3M
2008-08-22,21.479999542236328,yahoo:^VIX3M
2008-08-25,22.809999465942383,yahoo:^VIX3M
2008-08-26,22.520000457763672,yahoo:^VIX3M
2008-08-27,21.940000534057617,yahoo:^VIX3M
2008-08-28,21.540000915527344,yahoo:^VIX3M
2008-08-29,22.520000457763672,yahoo:^VIX3M
2008-09-02,23.110000610351562,yahoo:^VIX3M
2008-09-03,22.799999237060547,yahoo:^VIX3M
2008-09-04,24.350000381469727,yahoo:^VIX3M
2008-09-05,23.729999542236328,yahoo:^VIX3M
2008-09-08,23.149999618530273,yahoo:^VIX3M
2008-09-09,25.149999618530273,yahoo:^VIX3M
2008-09-10,24.540000915527344,yahoo:^VIX3M
2008-09-11,24.360000610351562,yahoo:^VIX3M
2008-09-12,25.020000457763672,yahoo:^VIX3M
2008-09-15,27.93000030517578,yahoo:^VIX3M
2008-09-16,26.8799991607666,yahoo:^VIX3M
2008-09-17,30.239999771118164,yahoo:^VIX3M
2008-09-18,28.579999923706055,yahoo:^VIX3M
2008-09-19,28.040000915527344,yahoo:^VIX3M
2008-09-22,29.729999542236328,yahoo:^VIX3M
2008-09-23,31.260000228881836,yahoo:^VIX3M
2008-09-24,30.559999465942383,yahoo:^VIX3M
2008-09-25,29.100000381469727,yahoo:^VIX3M
2008-09-26,29.739999771118164,yahoo:^VIX3M
2008-09-29,36.27000045776367,yahoo:^VIX3M
2008-09-30,33.029998779296875,yahoo:^VIX3M
2008-10-01,33.439998626708984,yahoo:^VIX3M
2008-10-02,36.4900016784668,yahoo:^VIX3M
2008-10-03,37.29999923706055,yahoo:^VIX3M
2008-10-06,39.130001068115234,yahoo:^VIX3M
2008-10-07,40.54999923706055,yahoo:^VIX3M
2008-10-08,42.220001220703125,yahoo:^VIX3M
2008-10-09,48.0099983215332,yahoo:^VIX3M
2008-10-10,50.90999984741211,yahoo:^VIX3M
2008-10-13,42.380001068115234,yahoo:^VIX3M
2008-10-14,42.9900016784668,yahoo:^VIX3M
2008-10-15,49.45000076293945,yahoo:^VIX3M
2008-10-16,48.7400016784668,yahoo:^VIX3M
2008-10-17,51.130001068115234,yahoo:^VIX3M
2008-10-20,43.619998931884766,yahoo:^VIX3M
2008-10-21,43.790000915527344,yahoo:^VIX3M
2008-10-22,49.83000183105469,yahoo:^VIX3M
2008-10-23,49.7599983215332,yahoo:^VIX3M
2008-10-24,55.29999923706055,yahoo:^VIX3M
2008-10-27,62.84000015258789,yahoo:^VIX3M
2008-10-28,54.380001068115234,yahoo:^VIX3M
2008-10-29,57.81999969482422,yahoo:^VIX3M
2008-10-30,53.75,yahoo:^VIX3M
2008-10-31,53.56999969482422,yahoo:^VIX3M
2008-11-03,51.20000076293945,yahoo:^VIX3M
2008-11-04,46.2599983215332,yahoo:^VIX3M
2008-11-05,49.720001220703125,yahoo:^VIX3M
2008-11-06,56.13999938964844,yahoo:^VIX3M
2008-11-07,52.61000061035156,yahoo:^VIX3M
2008-11-10,54.04999923706055,yahoo:^VIX3M
2008-11-11,55.630001068115234,yahoo:^VIX3M
2008-11-12,59.099998474121094,yahoo:^VIX3M
2008-11-13,54.099998474121094,yahoo:^VIX3M
2008-11-14,59.290000915527344,yahoo:^VIX3M
2008-11-17,62.5099983215332,yahoo:^VIX3M
2008-11-18,61.38999938964844,yahoo:^VIX3M
2008-11-19,66.48999786376953,yahoo:^VIX3M
2008-11-20,69.23999786376953,yahoo:^VIX3M
2008-11-21,64.3499984741211,yahoo:^VIX3M
2008-11-24,59.5,yahoo:^VIX3M
2008-11-25,57.9900016784668,yahoo:^VIX3M
2008-11-26,53.72999954223633,yahoo:^VIX3M
2008-11-28,54.18000030517578,yahoo:^VIX3M
2008-12-01,62.38999938964844,yahoo:^VIX3M
2008-12-02,59.650001525878906,yahoo:^VIX3M
2008-12-03,58.5,yahoo:^VIX3M
2008-12-04,61.290000915527344,yahoo:^VIX3M
2008-12-05,58.060001373291016,yahoo:^VIX3M
2008-12-08,56.599998474121094,yahoo:^VIX3M
2008-12-09,57.77000045776367,yahoo:^VIX3M
2008-12-10,56.15999984741211,yahoo:^VIX3M
2008-12-11,56.09000015258789,yahoo:^VIX3M
2008-12-12,55.13999938964844,yahoo:^VIX3M
2008-12-15,56.40999984741211,yahoo:^VIX3M
2008-12-16,52.90999984741211,yahoo:^VIX3M
2008-12-17,51.56999969482422,yahoo:^VIX3M
2008-12-18,49.79999923706055,yahoo:^VIX3M
2008-12-19,43.400001525878906,yahoo:^VIX3M
2008-12-22,43.709999084472656,yahoo:^VIX3M
2008-12-23,44.47999954223633,yahoo:^VIX3M
2008-12-24,43.959999084472656,yahoo:^VIX3M
2008-12-26,46.11000061035156,yahoo:^VIX3M
2008-12-29,46.540000915527344,yahoo:^VIX3M
2008-12-30,44.40999984741211,yahoo:^VIX3M
2008-12-31,43.18000030517578,yahoo:^VIX3M
2009-01-02,40.560001373291016,yahoo:^VIX3M
2009-01-05,40.81999969482422,yahoo:^VIX3M
2009-01-06,40.310001373291016,yahoo:^VIX3M
2009-01-07,43.810001373291016,yahoo:^VIX3M
2009-01-08,43.16999816894531,yahoo:^VIX3M
2009-01-09,44.880001068115234,yahoo:^VIX3M
2009-01-12,47.349998474121094,yahoo:^VIX3M
2009-01-13,47.13999938964844,yahoo:^VIX3M
2009-01-14,50.68000030517578,yahoo:^VIX3M
2009-01-15,51.709999084472656,yahoo:^VIX3M
2009-01-16,48.95000076293945,yahoo:^VIX3M
2009-01-20,54.869998931884766,yahoo:^VIX3M
2009-01-21,49.959999084472656,yahoo:^VIX3M
2009-01-22,50.130001068115234,yahoo:^VIX3M
2009-01-23,49.36000061035156,yahoo:^VIX3M
2009-01-26,47.470001220703125,yahoo:^VIX3M
2009-01-27,45.18000030517578,yahoo:^VIX3M
2009-01-28,42.20000076293945,yahoo:^VIX3M
2009-01-29,43.529998779296875,yahoo:^VIX3M
2009-01-30,44.599998474121094,yahoo:^VIX3M
2009-02-02,43.90999984741211,yahoo:^VIX3M
2009-02-03,42.2400016784668,yahoo:^VIX3M
2009-02-04,42.130001068115234,yahoo:^VIX3M
2009-02-05,42.599998474121094,yahoo:^VIX3M
2009-02-06,43.380001068115234,yahoo:^VIX3M
2009-02-09,43.43000030517578,yahoo:^VIX3M
2009-02-10,46.060001373291016,yahoo:^VIX3M
2009-02-11,45.06999969482422,yahoo:^VIX3M
2009-02-12,42.65999984741211,yahoo:^VIX3M
2009-02-13,42.470001220703125,yahoo:^VIX3M
2009-02-17,46.0,yahoo:^VIX3M
2009-02-18,46.970001220703125,yahoo:^VIX3M
2009-02-19,45.630001068115234,yahoo:^VIX3M
2009-02-20,47.029998779296875,yahoo:^VIX3M
2009-02-23,50.43000030517578,yahoo:^VIX3M
2009-02-24,45.11000061035156,yahoo:^VIX3M
2009-02-25,44.400001525878906,yahoo:^VIX3M
2009-02-26,44.18000030517578,yahoo:^VIX3M
2009-02-27,45.209999084472656,yahoo:^VIX3M
2009-03-02,48.66999816894531,yahoo:^VIX3M
2009-03-03,48.5099983215332,yahoo:^VIX3M
2009-03-04,44.720001220703125,yahoo:^VIX3M
2009-03-05,46.70000076293945,yahoo:^VIX3M
2009-03-06,46.47999954223633,yahoo:^VIX3M
2009-03-09,46.529998779296875,yahoo:^VIX3M
2009-03-10,42.40999984741211,yahoo:^VIX3M
2009-03-11,42.5,yahoo:^VIX3M
2009-03-12,40.70000076293945,yahoo:^VIX3M
2009-03-13,41.83000183105469,yahoo:^VIX3M
2009-03-16,42.2400016784668,yahoo:^VIX3M
2009-03-17,39.97999954223633,yahoo:^VIX3M
2009-03-18,39.900001525878906,yahoo:^VIX3M
2009-03-19,43.150001525878906,yahoo:^VIX3M
2009-03-20,46.279998779296875,yahoo:^VIX3M
2009-03-23,42.33000183105469,yahoo:^VIX3M
2009-03-24,43.63999938964844,yahoo:^VIX3M
2009-03-25,41.900001525878906,yahoo:^VIX3M
2009-03-26,40.68000030517578,yahoo:^VIX3M
2009-03-27,42.09000015258789,yahoo:^VIX3M
2009-03-30,44.9900016784668,yahoo:^VIX3M
2009-03-31,44.59000015258789,yahoo:^VIX3M
2009-04-01,43.029998779296875,yahoo:^VIX3M
2009-04-02,42.2400016784668,yahoo:^VIX3M
2009-04-03,41.06999969482422,yahoo:^VIX3M
2009-04-06,41.16999816894531,yahoo:^VIX3M
2009-04-07,41.66999816894531,yahoo:^VIX3M
2009-04-08,40.20000076293945,yahoo:^VIX3M
2009-04-09,38.529998779296875,yahoo:^VIX3M
2009-04-13,38.54999923706055,yahoo:^VIX3M
2009-04-14,38.689998626708984,yahoo:^VIX3M
2009-04-15,37.970001220703125,yahoo:^VIX3M
2009-04-16,36.959999084472656,yahoo:^VIX3M
2009-04-17,36.59000015258789,yahoo:^VIX3M
2009-04-20,39.40999984741211,yahoo:^VIX3M
2009-04-21,37.779998779296875,yahoo:^VIX3M
2009-04-22,38.5,yahoo:^VIX3M
2009-04-23,37.97999954223633,yahoo:^VIX3M
2009-04-24,37.810001373291016,yahoo:^VIX3M
2009-04-27,38.630001068115234,yahoo:^VIX3M
2009-04-28,38.400001525878906,yahoo:^VIX3M
2009-04-29,36.4900016784668,yahoo:^VIX3M
2009-04-30,36.72999954223633,yahoo:^VIX3M
2009-05-01,35.84000015258789,yahoo:^VIX3M
2009-05-04,34.79999923706055,yahoo:^VIX3M
2009-05-05,34.18000030517578,yahoo:^VIX3M
2009-05-06,33.36000061035156,yahoo:^VIX3M
2009-05-07,34.040000915527344,yahoo:^VIX3M
2009-05-08,32.81999969482422,yahoo:^VIX3M
2009-05-11,33.38999938964844,yahoo:^VIX3M
2009-05-12,32.77000045776367,yahoo:^VIX3M
2009-05-13,33.83000183105469,yahoo:^VIX3M
2009-05-14,32.25,yahoo:^VIX3M
2009-05-15,33.220001220703125,yahoo:^VIX3M
2009-05-18,31.229999542236328,yahoo:^VIX3M
2009-05-19,30.420000076293945,yahoo:^VIX3M
2009-05-20,30.739999771118164,yahoo:^VIX3M
2009-05-21,32.38999938964844,yahoo:^VIX3M
2009-05-22,33.040000915527344,yahoo:^VIX3M
2009-05-26,31.530000686645508,yahoo:^VIX3M
2009-05-27,32.470001220703125,yahoo:^VIX3M
2009-05-28,32.04999923706055,yahoo:^VIX3M
2009-05-29,30.43000030517578,yahoo:^VIX3M
2009-06-01,30.600000381469727,yahoo:^VIX3M
2009-06-02,30.579999923706055,yahoo:^VIX3M
2009-06-03,32.189998626708984,yahoo:^VIX3M
2009-06-04,31.579999923706055,yahoo:^VIX3M
2009-06-05,31.600000381469727,yahoo:^VIX3M
2009-06-08,31.770000457763672,yahoo:^VIX3M
2009-06-09,30.670000076293945,yahoo:^VIX3M
2009-06-10,30.610000610351562,yahoo:^VIX3M
2009-06-11,29.93000030517578,yahoo:^VIX3M
2009-06-12,29.5,yahoo:^VIX3M
2009-06-15,31.34000015258789,yahoo:^VIX3M
2009-06-16,32.790000915527344,yahoo:^VIX3M
2009-06-17,32.88999938964844,yahoo:^VIX3M
2009-06-18,31.510000228881836,yahoo:^VIX3M
2009-06-19,30.639999389648438,yahoo:^VIX3M
2009-06-22,33.0099983215332,yahoo:^VIX3M
2009-06-23,32.41999816894531,yahoo:^VIX3M
2009-06-24,31.06999969482422,yahoo:^VIX3M
2009-06-25,29.40999984741211,yahoo:^VIX3M
2009-06-26,29.280000686645508,yahoo:^VIX3M
2009-06-29,28.200000762939453,yahoo:^VIX3M
2009-06-30,28.760000228881836,yahoo:^VIX3M
2009-07-01,28.959999084472656,yahoo:^VIX3M
2009-07-02,30.530000686645508,yahoo:^VIX3M
2009-07-06,30.790000915527344,yahoo:^VIX3M
2009-07-07,32.09000015258789,yahoo:^VIX3M
2009-07-08,32.41999816894531,yahoo:^VIX3M
2009-07-09,31.670000076293945,yahoo:^VIX3M
2009-07-10,31.709999084472656,yahoo:^VIX3M
2009-07-13,30.100000381469727,yahoo:^VIX3M
2009-07-14,29.579999923706055,yahoo:^VIX3M
2009-07-15,29.110000610351562,yahoo:^VIX3M
2009-07-16,28.610000610351562,yahoo:^VIX3M
2009-07-17,28.649999618530273,yahoo:^VIX3M
2009-07-20,27.59000015258789,yahoo:^VIX3M
2009-07-21,27.440000534057617,yahoo:^VIX3M
2009-07-22,27.219999313354492,yahoo:^VIX3M
2009-07-23,26.959999084472656,yahoo:^VIX3M
2009-07-24,26.3700008392334,yahoo:^VIX3M
2009-07-27,26.989999771118164,yahoo:^VIX3M
2009-07-28,27.959999084472656,yahoo:^VIX3M
2009-07-29,28.420000076293945,yahoo:^VIX3M
2009-07-30,28.190000534057617,yahoo:^VIX3M
2009-07-31,28.399999618530273,yahoo:^VIX3M
2009-08-03,27.709999084472656,yahoo:^VIX3M
2009-08-04,27.219999313354492,yahoo:^VIX3M
2009-08-05,27.170000076293945,yahoo:^VIX3M
2009-08-06,27.979999542236328,yahoo:^VIX3M
2009-08-07,27.110000610351562,yahoo:^VIX3M
2009-08-10,27.059999465942383,yahoo:^VIX3M
2009-08-11,28.100000381469727,yahoo:^VIX3M
2009-08-12,27.739999771118164,yahoo:^VIX3M
2009-08-13,27.280000686645508,yahoo:^VIX3M
2009-08-14,27.110000610351562,yahoo:^VIX3M
2009-08-17,29.93000030517578,yahoo:^VIX3M
2009-08-18,28.899999618530273,yahoo:^VIX3M
2009-08-19,28.479999542236328,yahoo:^VIX3M
2009-08-20,28.290000915527344,yahoo:^VIX3M
2009-08-21,27.770000457763672,yahoo:^VIX3M
2009-08-24,28.15999984741211,yahoo:^VIX3M
2009-08-25,28.15999984741211,yahoo:^VIX3M
2009-08-26,28.360000610351562,yahoo:^VIX3M
2009-08-27,28.40999984741211,yahoo:^VIX3M
2009-08-28,28.5,yahoo:^VIX3M
2009-08-31,29.170000076293945,yahoo:^VIX3M
2009-09-01,30.8799991607666,yahoo:^VIX3M
2009-09-02,31.040000915527344,yahoo:^VIX3M
2009-09-03,29.600000381469727,yahoo:^VIX3M
2009-09-04,28.479999542236328,yahoo:^VIX3M
2009-09-08,28.209999084472656,yahoo:^VIX3M
2009-09-09,27.290000915527344,yahoo:^VIX3M
2009-09-10,26.510000228881836,yahoo:^VIX3M
2009-09-11,26.559999465942383,yahoo:^VIX3M
2009-09-14,26.40999984741211,yahoo:^VIX3M
2009-09-15,26.329999923706055,yahoo:^VIX3M
2009-09-16,25.8700008392334,yahoo:^VIX3M
2009-09-17,25.940000534057617,yahoo:^VIX3M
2009-09-18,26.54,cboe:VIX3M_History.csv
2009-09-21,26.23,cboe:VIX3M_History.csv
2009-09-22,25.69,cboe:VIX3M_History.csv
2009-09-23,26.09,cboe:VIX3M_History.csv
2009-09-24,27.13,cboe:VIX3M_History.csv
2009-09-25,27.21,cboe:VIX3M_History.csv
2009-09-28,26.27,cboe:VIX3M_History.csv
2009-09-29,26.48,cboe:VIX3M_History.csv
2009-09-30,26.66,cboe:VIX3M_History.csv
2009-10-01,28.33,cboe:VIX3M_History.csv
2009-10-02,28.8,cboe:VIX3M_History.csv
2009-10-05,27.61,cboe:VIX3M_History.csv
2009-10-06,26.73,cboe:VIX3M_History.csv
2009-10-07,26.12,cboe:VIX3M_History.csv
2009-10-08,25.74,cboe:VIX3M_History.csv
2009-10-09,25.08,cboe:VIX3M_History.csv
2009-10-12,25.17,cboe:VIX3M_History.csv
2009-10-13,25.09,cboe:VIX3M_History.csv
2009-10-14,24.58,cboe:VIX3M_History.csv
2009-10-15,24.22,cboe:VIX3M_History.csv
2009-10-16,24.4,cboe:VIX3M_History.csv
2009-10-19,24.15,cboe:VIX3M_History.csv
2009-10-20,23.72,cboe:VIX3M_History.csv
2009-10-21,24.55,cboe:VIX3M_History.csv
2009-10-22,23.35,cboe:VIX3M_History.csv
2009-10-23,24.31,cboe:VIX3M_History.csv
2009-10-26,25.37,cboe:VIX3M_History.csv
2009-10-27,25.46,cboe:VIX3M_History.csv
2009-10-28,27.42,cboe:VIX3M_History.csv
2009-10-29,25.66,cboe:VIX3M_History.csv
2009-10-30,29.07,cboe:VIX3M_History.csv
2009-11-02,28.82,cboe:VIX3M_History.csv
2009-11-03,28.87,cboe:VIX3M_History.csv
2009-11-04,28.18,cboe:VIX3M_History.csv
2009-11-05,26.61,cboe:VIX3M_History.csv
2009-11-06,25.88,cboe:VIX3M_History.csv
2009-11-09,24.41,cboe:VIX3M_History.csv
2009-11-10,24.71,cboe:VIX3M_History.csv
2009-11-11,24.97,cboe:VIX3M_History.csv
2009-11-12,26.07,cboe:VIX3M_History.csv
2009-11-13,25.6,cboe:VIX3M_History.csv
2009-11-16,25.15,cboe:VIX3M_History.csv
2009-11-17,25.04,cboe:VIX3M_History.csv
2009-11-18,24.72,cboe:VIX3M_History.csv
2009-11-19,25.11,cboe:VIX3M_History.csv
2009-11-20,24.66,cboe:VIX3M_History.csv
2009-11-23,24.11,cboe:VIX3M_History.csv
2009-11-24,23.74,cboe:VIX3M_History.csv
2009-11-25,23.66,cboe:VIX3M_History.csv
2009-11-27,26.15,cboe:VIX3M_History.csv
2009-11-30,26.24,cboe:VIX3M_History.csv
2009-12-01,24.94,cboe:VIX3M_History.csv
2009-12-02,24.8,cboe:VIX3M_History.csv
2009-12-03,25.51,cboe:VIX3M_History.csv
2009-12-04,24.76,cboe:VIX3M_History.csv
2009-12-07,25.3,cboe:VIX3M_History.csv
2009-12-08,26.13,cboe:VIX3M_History.csv
2009-12-09,25.8,cboe:VIX3M_History.csv
2009-12-10,25.34,cboe:VIX3M_History.csv
2009-12-11,25.12,cboe:VIX3M_History.csv
2009-12-14,24.56,cboe:VIX3M_History.csv
2009-12-15,24.73,cboe:VIX3M_History.csv
2009-12-16,24.25,cboe:VIX3M_History.csv
2009-12-17,24.78,cboe:VIX3M_History.csv
2009-12-18,24.52,cboe:VIX3M_History.csv
2009-12-21,23.53,cboe:VIX3M_History.csv
2009-12-22,22.76,cboe:VIX3M_History.csv
2009-12-23,22.68,cboe:VIX3M_History.csv
2009-12-24,22.43,cboe:VIX3M_History.csv
2009-12-28,22.49,cboe:VIX3M_History.csv
2009-12-29,22.63,cboe:VIX3M_History.csv
2009-12-30,22.66,cboe:VIX3M_History.csv
2009-12-31,23.89,cboe:VIX3M_History.csv
2010-01-04,22.77,cboe:VIX3M_History.csv
2010-01-05,22.39,cboe:VIX3M_History.csv
2010-01-06,21.8,cboe:VIX3M_History.csv
2010-01-07,21.6,cboe:VIX3M_History.csv
2010-01-08,21.0,cboe:VIX3M_History.csv
2010-01-11,21.27,cboe:VIX3M_History.csv
2010-01-12,21.79,cboe:VIX3M_History.csv
2010-01-13,21.29,cboe:VIX3M_History.csv
2010-01-14,20.71,cboe:VIX3M_History.csv
2010-01-15,21.48,cboe:VIX3M_History.csv
2010-01-19,20.89,cboe:VIX3M_History.csv
2010-01-20,21.4,cboe:VIX3M_History.csv
2010-01-21,23.15,cboe:VIX3M_History.csv
2010-01-22,26.29,cboe:VIX3M_History.csv
2010-01-25,25.19,cboe:VIX3M_History.csv
2010-01-26,25.17,cboe:VIX3M_History.csv
2010-01-27,24.13,cboe:VIX3M_History.csv
2010-01-28,24.67,cboe:VIX3M_History.csv
2010-01-29,25.38,cboe:VIX3M_History.csv
2010-02-01,23.64,cboe:VIX3M_History.csv
2010-02-02,22.93,cboe:VIX3M_History.csv
2010-02-03,23.0,cboe:VIX3M_History.csv
2010-02-04,25.98,cboe:VIX3M_History.csv
2010-02-05,26.0,cboe:VIX3M_History.csv
2010-02-08,26.43,cboe:VIX3M_History.csv
2010-02-09,26.04,cboe:VIX3M_History.csv
2010-02-10,25.87,cboe:VIX3M_History.csv
2010-02-11,24.57,cboe:VIX3M_History.csv
2010-02-12,24.46,cboe:VIX3M_History.csv
2010-02-16,23.57,cboe:VIX3M_History.csv
2010-02-17,23.29,cboe:VIX3M_History.csv
2010-02-18,22.78,cboe:VIX3M_History.csv
2010-02-19,22.31,cboe:VIX3M_History.csv
2010-02-22,21.73,cboe:VIX3M_History.csv
2010-02-23,22.62,cboe:VIX3M_History.csv
2010-02-24,22.08,cboe:VIX3M_History.csv
2010-02-25,22.07,cboe:VIX3M_History.csv
2010-02-26,21.65,cboe:VIX3M_History.csv
2010-03-01,21.44,cboe:VIX3M_History.csv
2010-03-02,21.18,cboe:VIX3M_History.csv
2010-03-03,20.97,cboe:VIX3M_History.csv
2010-03-04,21.03,cboe:VIX3M_History.csv
2010-03-05,20.23,cboe:VIX3M_History.csv
2010-03-08,20.26,cboe:VIX3M_History.csv
2010-03-09,20.16,cboe:VIX3M_History.csv
2010-03-10,20.51,cboe:VIX3M_History.csv
2010-03-11,20.7,cboe:VIX3M_History.csv
2010-03-12,20.27,cboe:VIX3M_History.csv
2010-03-15,20.72,cboe:VIX3M_History.csv
2010-03-16,20.16,cboe:VIX3M_History.csv
2010-03-17,19.72,cboe:VIX3M_History.csv
2010-03-18,19.48,cboe:VIX3M_History.csv
2010-03-19,19.95,cboe:VIX3M_History.csv
2010-03-22,20.11,cboe:VIX3M_History.csv
2010-03-23,19.68,cboe:VIX3M_History.csv
2010-03-24,20.08,cboe:VIX3M_History.csv
2010-03-25,20.58,cboe:VIX3M_History.csv
2010-03-26,20.06,cboe:VIX3M_History.csv
2010-03-29,19.85,cboe:VIX3M_History.csv
2010-03-30,19.54,cboe:VIX3M_History.csv
2010-03-31,19.92,cboe:VIX3M_History.csv
2010-04-01,19.9,cboe:VIX3M_History.csv
2010-04-05,19.35,cboe:VIX3M_History.csv
2010-04-06,18.84,cboe:VIX3M_History.csv
2010-04-07,19.19,cboe:VIX3M_History.csv
2010-04-08,19.08,cboe:VIX3M_History.csv
2010-04-09,18.62,cboe:VIX3M_History.csv
2010-04-12,18.96,cboe:VIX3M_History.csv
2010-04-13,18.99,cboe:VIX3M_History.csv
2010-04-14,18.77,cboe:VIX3M_History.csv
2010-04-15,18.9,cboe:VIX3M_History.csv
2010-04-16,20.23,cboe:VIX3M_History.csv
2010-04-19,19.79,cboe:VIX3M_History.csv
2010-04-20,18.99,cboe:VIX3M_History.csv
2010-04-21,19.3,cboe:VIX3M_History.csv
2010-04-22,19.59,cboe:VIX3M_History.csv
2010-04-23,19.39,cboe:VIX3M_History.csv
2010-04-26,19.86,cboe:VIX3M_History.csv
2010-04-27,22.72,cboe:VIX3M_History.csv
2010-04-28,22.31,cboe:VIX3M_History.csv
2010-04-29,20.96,cboe:VIX3M_History.csv
2010-04-30,23.67,cboe:VIX3M_History.csv
2010-05-03,22.58,cboe:VIX3M_History.csv
2010-05-04,25.07,cboe:VIX3M_History.csv
2010-05-05,26.37,cboe:VIX3M_History.csv
2010-05-06,26.37,cboe:VIX3M_History.csv
2010-05-07,36.62,cboe:VIX3M_History.csv
2010-05-10,28.98,cboe:VIX3M_History.csv
2010-05-11,28.87,cboe:VIX3M_History.csv
2010-05-12,26.65,cboe:VIX3M_History.csv
2010-05-13,27.61,cboe:VIX3M_History.csv
2010-05-14,30.8,cboe:VIX3M_History.csv
2010-05-17,30.51,cboe:VIX3M_History.csv
2010-05-18,32.81,cboe:VIX3M_History.csv
2010-05-19,34.18,cboe:VIX3M_History.csv
2010-05-20,40.83,cboe:VIX3M_History.csv
2010-05-21,37.4,cboe:VIX3M_History.csv
2010-05-24,36.91,cboe:VIX3M_History.csv
2010-05-25,34.9,cboe:VIX3M_History.csv
2010-05-26,33.95,cboe:VIX3M_History.csv
2010-05-27,30.64,cboe:VIX3M_History.csv
2010-05-28,32.0,cboe:VIX3M_History.csv
2010-06-01,34.02,cboe:VIX3M_History.csv
2010-06-02,30.59,cboe:VIX3M_History.csv
2010-06-03,30.24,cboe:VIX3M_History.csv
2010-06-04,34.37,cboe:VIX3M_History.csv
2010-06-07,35.3,cboe:VIX3M_History.csv
2010-06-08,33.65,cboe:VIX3M_History.csv
2010-06-09,33.8,cboe:VIX3M_History.csv
2010-06-10,31.47,cboe:VIX3M_History.csv
2010-06-11,30.95,cboe:VIX3M_History.csv
2010-06-14,30.68,cboe:VIX3M_History.csv
2010-06-15,28.45,cboe:VIX3M_History.csv
2010-06-16,28.78,cboe:VIX3M_History.csv
2010-06-17,28.21,cboe:VIX3M_History.csv
2010-06-18,27.96,cboe:VIX3M_History.csv
2010-06-21,27.54,cboe:VIX3M_History.csv
2010-06-22,29.09,cboe:VIX3M_History.csv
2010-06-23,29.26,cboe:VIX3M_History.csv
2010-06-24,31.36,cboe:VIX3M_History.csv
2010-06-25,30.7,cboe:VIX3M_History.csv
2010-06-28,30.96,cboe:VIX3M_History.csv
2010-06-29,34.38,cboe:VIX3M_History.csv
2010-06-30,35.23,cboe:VIX3M_History.csv
2010-07-01,34.49,cboe:VIX3M_History.csv
2010-07-02,33.29,cboe:VIX3M_History.csv
2010-07-06,32.01,cboe:VIX3M_History.csv
2010-07-07,29.72,cboe:VIX3M_History.csv
2010-07-08,28.83,cboe:VIX3M_History.csv
2010-07-09,28.17,cboe:VIX3M_History.csv
2010-07-12,28.39,cboe:VIX3M_History.csv
2010-07-13,28.32,cboe:VIX3M_History.csv
2010-07-14,28.83,cboe:VIX3M_History.csv
2010-07-15,29.23,cboe:VIX3M_History.csv
2010-07-16,30.6,cboe:VIX3M_History.csv
2010-07-19,30.08,cboe:VIX3M_History.csv
2010-07-20,28.22,cboe:VIX3M_History.csv
2010-07-21,29.08,cboe:VIX3M_History.csv
2010-07-22,27.9,cboe:VIX3M_History.csv
2010-07-23,26.99,cboe:VIX3M_History.csv
2010-07-26,26.44,cboe:VIX3M_History.csv
2010-07-27,26.37,cboe:VIX3M_History.csv
2010-07-28,26.71,cboe:VIX3M_History.csv
2010-07-29,27.12,cboe:VIX3M_History.csv
2010-07-30,27.14,cboe:VIX3M_History.csv
2010-08-02,25.4,cboe:VIX3M_History.csv
2010-08-03,26.01,cboe:VIX3M_History.csv
2010-08-04,25.96,cboe:VIX3M_History.csv
2010-08-05,26.16,cboe:VIX3M_History.csv
2010-08-06,26.12,cboe:VIX3M_History.csv
2010-08-09,26.03,cboe:VIX3M_History.csv
2010-08-10,26.31,cboe:VIX3M_History.csv
2010-08-11,28.69,cboe:VIX3M_History.csv
2010-08-12,29.25,cboe:VIX3M_History.csv
2010-08-13,29.97,cboe:VIX3M_History.csv
2010-08-16,29.8,cboe:VIX3M_History.csv
2010-08-17,28.57,cboe:VIX3M_History.csv
2010-08-18,28.58,cboe:VIX3M_History.csv
2010-08-19,29.63,cboe:VIX3M_History.csv
2010-08-20,29.54,cboe:VIX3M_History.csv
2010-08-23,29.29,cboe:VIX3M_History.csv
2010-08-24,30.31,cboe:VIX3M_History.csv
2010-08-25,29.85,cboe:VIX3M_History.csv
2010-08-26,30.37,cboe:VIX3M_History.csv
2010-08-27,28.4,cboe:VIX3M_History.csv
2010-08-30,30.01,cboe:VIX3M_History.csv
2010-08-31,29.04,cboe:VIX3M_History.csv
2010-09-01,27.29,cboe:VIX3M_History.csv
2010-09-02,26.62,cboe:VIX3M_History.csv
2010-09-03,25.31,cboe:VIX3M_History.csv
2010-09-07,26.77,cboe:VIX3M_History.csv
2010-09-08,26.3,cboe:VIX3M_History.csv
2010-09-09,26.1,cboe:VIX3M_History.csv
2010-09-10,25.59,cboe:VIX3M_History.csv
2010-09-13,24.75,cboe:VIX3M_History.csv
2010-09-14,24.74,cboe:VIX3M_History.csv
2010-09-15,24.93,cboe:VIX3M_History.csv
2010-09-16,24.96,cboe:VIX3M_History.csv
2010-09-17,25.12,cboe:VIX3M_History.csv
2010-09-20,24.59,cboe:VIX3M_History.csv
2010-09-21,24.94,cboe:VIX3M_History.csv
2010-09-22,25.16,cboe:VIX3M_History.csv
2010-09-23,26.16,cboe:VIX3M_History.csv
2010-09-24,24.75,cboe:VIX3M_History.csv
2010-09-27,25.2,cboe:VIX3M_History.csv
2010-09-28,25.34,cboe:VIX3M_History.csv
2010-09-29,25.91,cboe:VIX3M_History.csv
2010-09-30,26.4,cboe:VIX3M_History.csv
2010-10-01,25.7,cboe:VIX3M_History.csv
2010-10-04,26.32,cboe:VIX3M_History.csv
2010-10-05,25.08,cboe:VIX3M_History.csv
2010-10-06,24.91,cboe:VIX3M_History.csv
2010-10-07,24.89,cboe:VIX3M_History.csv
2010-10-08,24.06,cboe:VIX3M_History.csv
2010-10-11,23.98,cboe:VIX3M_History.csv
2010-10-12,23.37,cboe:VIX3M_History.csv
2010-10-13,22.98,cboe:VIX3M_History.csv
2010-10-14,23.56,cboe:VIX3M_History.csv
2010-10-15,23.2,cboe:VIX3M_History.csv
2010-10-18,22.8,cboe:VIX3M_History.csv
2010-10-19,23.59,cboe:VIX3M_History.csv
2010-10-20,22.66,cboe:VIX3M_History.csv
2010-10-21,22.22,cboe:VIX3M_History.csv
2010-10-22,21.65,cboe:VIX3M_History.csv
2010-10-25,21.91,cboe:VIX3M_History.csv
2010-10-26,22.2,cboe:VIX3M_History.csv
2010-10-27,22.6,cboe:VIX3M_History.csv
2010-10-28,22.81,cboe:VIX3M_History.csv
2010-10-29,22.95,cboe:VIX3M_History.csv
2010-11-01,23.29,cboe:VIX3M_History.csv
2010-11-02,23.02,cboe:VIX3M_History.csv
2010-11-03,21.65,cboe:VIX3M_History.csv
2010-11-04,20.57,cboe:VIX3M_History.csv
2010-11-05,20.66,cboe:VIX3M_History.csv
2010-11-08,20.73,cboe:VIX3M_History.csv
2010-11-09,21.53,cboe:VIX3M_History.csv
2010-11-10,21.28,cboe:VIX3M_History.csv
2010-11-11,21.47,cboe:VIX3M_History.csv
2010-11-12,22.93,cboe:VIX3M_History.csv
2010-11-15,22.81,cboe:VIX3M_History.csv
2010-11-16,24.08,cboe:VIX3M_History.csv
2010-11-17,23.83,cboe:VIX3M_History.csv
2010-11-18,22.43,cboe:VIX3M_History.csv
2010-11-19,21.4,cboe:VIX3M_History.csv
2010-11-22,21.33,cboe:VIX3M_History.csv
2010-11-23,22.59,cboe:VIX3M_History.csv
2010-11-24,21.81,cboe:VIX3M_History.csv
2010-11-26,21.81,cboe:VIX3M_History.csv
2010-11-29,23.35,cboe:VIX3M_History.csv
2010-11-30,25.19,cboe:VIX3M_History.csv
2010-12-01,23.99,cboe:VIX3M_History.csv
2010-12-02,21.99,cboe:VIX3M_History.csv
2010-12-03,21.0,cboe:VIX3M_History.csv
2010-12-06,21.04,cboe:VIX3M_History.csv
2010-12-07,20.97,cboe:VIX3M_History.csv
2010-12-08,20.38,cboe:VIX3M_History.csv
2010-12-09,19.98,cboe:VIX3M_History.csv
2010-12-10,19.84,cboe:VIX3M_History.csv
2010-12-13,20.46,cboe:VIX3M_History.csv
2010-12-14,20.39,cboe:VIX3M_History.csv
2010-12-15,20.74,cboe:VIX3M_History.csv
2010-12-16,20.82,cboe:VIX3M_History.csv
2010-12-17,20.29,cboe:VIX3M_History.csv
2010-12-20,20.1,cboe:VIX3M_History.csv
2010-12-21,19.91,cboe:VIX3M_History.csv
2010-12-22,19.57,cboe:VIX3M_History.csv
2010-12-23,20.44,cboe:VIX3M_History.csv
2010-12-27,21.04,cboe:VIX3M_History.csv
2010-12-28,21.18,cboe:VIX3M_History.csv
2010-12-29,20.84,cboe:VIX3M_History.csv
2010-12-30,21.01,cboe:VIX3M_History.csv
2010-12-31,20.9,cboe:VIX3M_History.csv
2011-01-03,20.62,cboe:VIX3M_History.csv
2011-01-04,20.61,cboe:VIX3M_History.csv
2011-01-05,20.05,cboe:VIX3M_History.csv
2011-01-06,20.35,cboe:VIX3M_History.csv
2011-01-07,20.29,cboe:VIX3M_History.csv
2011-01-10,20.48,cboe:VIX3M_History.csv
2011-01-11,20.14,cboe:VIX3M_History.csv
2011-01-12,19.23,cboe:VIX3M_History.csv
2011-01-13,19.2,cboe:VIX3M_History.csv
2011-01-14,18.37,cboe:VIX3M_History.csv
2011-01-18,18.38,cboe:VIX3M_History.csv
2011-01-19,19.64,cboe:VIX3M_History.csv
2011-01-20,19.9,cboe:VIX3M_History.csv
2011-01-21,19.97,cboe:VIX3M_History.csv
2011-01-24,19.58,cboe:VIX3M_History.csv
2011-01-25,19.34,cboe:VIX3M_History.csv
2011-01-26,18.82,cboe:VIX3M_History.csv
2011-01-27,18.48,cboe:VIX3M_History.csv
2011-01-28,20.59,cboe:VIX3M_History.csv
2011-01-31,20.15,cboe:VIX3M_History.csv
2011-02-01,18.97,cboe:VIX3M_History.csv
2011-02-02,19.09,cboe:VIX3M_History.csv
2011-02-03,18.92,cboe:VIX3M_History.csv
2011-02-04,18.33,cboe:VIX3M_History.csv
2011-02-07,18.26,cboe:VIX3M_History.csv
2011-02-08,17.85,cboe:VIX3M_History.csv
2011-02-09,17.86,cboe:VIX3M_History.csv
2011-02-10,18.1,cboe:VIX3M_History.csv
2011-02-11,17.86,cboe:VIX3M_History.csv
2011-02-14,17.94,cboe:VIX3M_History.csv
2011-02-15,18.27,cboe:VIX3M_History.csv
2011-02-16,18.32,cboe:VIX3M_History.csv
2011-02-17,18.63,cboe:VIX3M_History.csv
2011-02-18,18.9,cboe:VIX3M_History.csv
2011-02-22,21.32,cboe:VIX3M_History.csv
2011-02-23,22.47,cboe:VIX3M_History.csv
2011-02-24,22.26,cboe:VIX3M_History.csv
2011-02-25,20.57,cboe:VIX3M_History.csv
2011-02-28,20.0,cboe:VIX3M_History.csv
2011-03-01,21.9,cboe:VIX3M_History.csv
2011-03-02,21.68,cboe:VIX3M_History.csv
2011-03-03,20.44,cboe:VIX3M_History.csv
2011-03-04,20.8,cboe:VIX3M_History.csv
2011-03-07,21.85,cboe:VIX3M_History.csv
2011-03-08,21.45,cboe:VIX3M_History.csv
2011-03-09,21.82,cboe:VIX3M_History.csv
2011-03-10,22.76,cboe:VIX3M_History.csv
2011-03-11,21.87,cboe:VIX3M_History.csv
2011-03-14,22.49,cboe:VIX3M_History.csv
2011-03-15,24.03,cboe:VIX3M_History.csv
2011-03-16,26.91,cboe:VIX3M_History.csv
2011-03-17,25.44,cboe:VIX3M_History.csv
2011-03-18,24.34,cboe:VIX3M_History.csv
2011-03-21,21.95,cboe:VIX3M_History.csv
2011-03-22,21.7,cboe:VIX3M_History.csv
2011-03-23,20.93,cboe:VIX3M_History.csv
2011-03-24,20.08,cboe:VIX3M_History.csv
2011-03-25,20.03,cboe:VIX3M_History.csv
2011-03-28,20.86,cboe:VIX3M_History.csv
2011-03-29,19.97,cboe:VIX3M_History.csv
2011-03-30,19.75,cboe:VIX3M_History.csv
2011-03-31,19.84,cboe:VIX3M_History.csv
2011-04-01,19.59,cboe:VIX3M_History.csv
2011-04-04,19.39,cboe:VIX3M_History.csv
2011-04-05,19.4,cboe:VIX3M_History.csv
2011-04-06,19.38,cboe:VIX3M_History.csv
2011-04-07,19.5,cboe:VIX3M_History.csv
2011-04-08,20.05,cboe:VIX3M_History.csv
2011-04-11,20.01,cboe:VIX3M_History.csv
2011-04-12,20.33,cboe:VIX3M_History.csv
2011-04-13,19.99,cboe:VIX3M_History.csv
2011-04-14,19.96,cboe:VIX3M_History.csv
2011-04-15,19.17,cboe:VIX3M_History.csv
2011-04-18,19.92,cboe:VIX3M_History.csv
2011-04-19,19.18,cboe:VIX3M_History.csv
2011-04-20,18.48,cboe:VIX3M_History.csv
2011-04-21,18.35,cboe:VIX3M_History.csv
2011-04-25,18.55,cboe:VIX3M_History.csv
2011-04-26,18.27,cboe:VIX3M_History.csv
2011-04-27,17.9,cboe:VIX3M_History.csv
2011-04-28,17.52,cboe:VIX3M_History.csv
2011-04-29,17.5,cboe:VIX3M_History.csv
2011-05-02,18.39,cboe:VIX3M_History.csv
2011-05-03,19.11,cboe:VIX3M_History.csv
2011-05-04,19.44,cboe:VIX3M_History.csv
2011-05-05,19.84,cboe:VIX3M_History.csv
2011-05-06,19.91,cboe:VIX3M_History.csv
2011-05-09,19.2,cboe:VIX3M_History.csv
2011-05-10,18.37,cboe:VIX3M_History.csv
2011-05-11,19.05,cboe:VIX3M_History.csv
2011-05-12,18.44,cboe:VIX3M_History.csv
2011-05-13,19.07,cboe:VIX3M_History.csv
2011-05-16,19.87,cboe:VIX3M_History.csv
2011-05-17,19.45,cboe:VIX3M_History.csv
2011-05-18,18.53,cboe:VIX3M_History.csv
2011-05-19,18.17,cboe:VIX3M_History.csv
2011-05-20,19.05,cboe:VIX3M_History.csv
2011-05-23,19.79,cboe:VIX3M_History.csv
2011-05-24,19.17,cboe:VIX3M_History.csv
2011-05-25,18.87,cboe:VIX3M_History.csv
2011-05-26,18.19,cboe:VIX3M_History.csv
2011-05-27,18.13,cboe:VIX3M_History.csv
2011-05-31,17.56,cboe:VIX3M_History.csv
2011-06-01,19.36,cboe:VIX3M_History.csv
2011-06-02,19.32,cboe:VIX3M_History.csv
2011-06-03,19.47,cboe:VIX3M_History.csv
2011-06-06,19.96,cboe:VIX3M_History.csv
2011-06-07,19.5,cboe:VIX3M_History.csv
2011-06-08,19.95,cboe:VIX3M_History.csv
2011-06-09,19.26,cboe:VIX3M_History.csv
2011-06-10,20.11,cboe:VIX3M_History.csv
2011-06-13,20.44,cboe:VIX3M_History.csv
2011-06-14,19.43,cboe:VIX3M_History.csv
2011-06-15,21.38,cboe:VIX3M_History.csv
2011-06-16,22.61,cboe:VIX3M_History.csv
2011-06-17,22.44,cboe:VIX3M_History.csv
2011-06-20,21.22,cboe:VIX3M_History.csv
2011-06-21,20.5,cboe:VIX3M_History.csv
2011-06-22,20.72,cboe:VIX3M_History.csv
2011-06-23,20.93,cboe:VIX3M_History.csv
2011-06-24,21.92,cboe:VIX3M_History.csv
2011-06-27,21.5,cboe:VIX3M_History.csv
2011-06-28,20.52,cboe:VIX3M_History.csv
2011-06-29,19.42,cboe:VIX3M_History.csv
2011-06-30,18.91,cboe:VIX3M_History.csv
2011-07-01,17.93,cboe:VIX3M_History.csv
2011-07-05,18.11,cboe:VIX3M_History.csv
2011-07-06,18.41,cboe:VIX3M_History.csv
2011-07-07,17.77,cboe:VIX3M_History.csv
2011-07-08,17.96,cboe:VIX3M_History.csv
2011-07-11,19.98,cboe:VIX3M_History.csv
2011-07-12,20.93,cboe:VIX3M_History.csv
2011-07-13,20.85,cboe:VIX3M_History.csv
2011-07-14,21.59,cboe:VIX3M_History.csv
2011-07-15,20.94,cboe:VIX3M_History.csv
2011-07-18,21.84,cboe:VIX3M_History.csv
2011-07-19,20.5,cboe:VIX3M_History.csv
2011-07-20,20.37,cboe:VIX3M_History.csv
2011-07-21,19.2,cboe:VIX3M_History.csv
2011-07-22,19.2,cboe:VIX3M_History.csv
2011-07-25,20.26,cboe:VIX3M_History.csv
2011-07-26,20.89,cboe:VIX3M_History.csv
2011-07-27,22.69,cboe:VIX3M_History.csv
2011-07-28,22.95,cboe:VIX3M_History.csv
2011-07-29,22.91,cboe:VIX3M_History.csv
2011-08-01,22.38,cboe:VIX3M_History.csv
2011-08-02,23.6,cboe:VIX3M_History.csv
2011-08-03,23.12,cboe:VIX3M_History.csv
2011-08-04,28.56,cboe:VIX3M_History.csv
2011-08-05,29.59,cboe:VIX3M_History.csv
2011-08-08,38.1,cboe:VIX3M_History.csv
2011-08-09,31.07,cboe:VIX3M_History.csv
2011-08-10,36.58,cboe:VIX3M_History.csv
2011-08-11,33.82,cboe:VIX3M_History.csv
2011-08-12,32.75,cboe:VIX3M_History.csv
2011-08-15,30.08,cboe:VIX3M_History.csv
2011-08-16,30.44,cboe:VIX3M_History.csv
2011-08-17,30.03,cboe:VIX3M_History.csv
2011-08-18,36.6,cboe:VIX3M_History.csv
2011-08-19,37.9,cboe:VIX3M_History.csv
2011-08-22,38.26,cboe:VIX3M_History.csv
2011-08-23,34.79,cboe:VIX3M_History.csv
2011-08-24,34.8,cboe:VIX3M_History.csv
2011-08-25,36.61,cboe:VIX3M_History.csv
2011-08-26,34.41,cboe:VIX3M_History.csv
2011-08-29,31.98,cboe:VIX3M_History.csv
2011-08-30,32.47,cboe:VIX3M_History.csv
2011-08-31,31.67,cboe:VIX3M_History.csv
2011-09-01,31.99,cboe:VIX3M_History.csv
2011-09-02,33.79,cboe:VIX3M_History.csv
2011-09-06,35.38,cboe:VIX3M_History.csv
2011-09-07,32.96,cboe:VIX3M_History.csv
2011-09-08,33.71,cboe:VIX3M_History.csv
2011-09-09,36.64,cboe:VIX3M_History.csv
2011-09-12,37.06,cboe:VIX3M_History.csv
2011-09-13,36.06,cboe:VIX3M_History.csv
2011-09-14,34.96,cboe:VIX3M_History.csv
2011-09-15,33.52,cboe:VIX3M_History.csv
2011-09-16,32.95,cboe:VIX3M_History.csv
2011-09-19,33.81,cboe:VIX3M_History.csv
2011-09-20,33.62,cboe:VIX3M_History.csv
2011-09-21,36.19,cboe:VIX3M_History.csv
2011-09-22,39.15,cboe:VIX3M_History.csv
2011-09-23,39.55,cboe:VIX3M_History.csv
2011-09-26,38.03,cboe:VIX3M_History.csv
2011-09-27,37.21,cboe:VIX3M_History.csv
2011-09-28,39.52,cboe:VIX3M_History.csv
2011-09-29,38.18,cboe:VIX3M_History.csv
2011-09-30,41.24,cboe:VIX3M_History.csv
2011-10-03,43.38,cboe:VIX3M_History.csv
2011-10-04,40.45,cboe:VIX3M_History.csv
2011-10-05,38.31,cboe:VIX3M_History.csv
2011-10-06,37.04,cboe:VIX3M_History.csv
2011-10-07,37.31,cboe:VIX3M_History.csv
2011-10-10,34.79,cboe:VIX3M_History.csv
2011-10-11,34.06,cboe:VIX3M_History.csv
2011-10-12,32.97,cboe:VIX3M_History.csv
2011-10-13,32.71,cboe:VIX3M_History.csv
2011-10-14,30.39,cboe:VIX3M_History.csv
2011-10-17,33.6,cboe:VIX3M_History.csv
2011-10-18,31.98,cboe:VIX3M_History.csv
2011-10-19,34.39,cboe:VIX3M_History.csv
2011-10-20,34.2,cboe:VIX3M_History.csv
2011-10-21,31.97,cboe:VIX3M_History.csv
2011-10-24,30.47,cboe:VIX3M_History.csv
2011-10-25,32.36,cboe:VIX3M_History.csv
2011-10-26,30.94,cboe:VIX3M_History.csv
2011-10-27,27.03,cboe:VIX3M_History.csv
2011-10-28,26.52,cboe:VIX3M_History.csv
2011-10-31,30.37,cboe:VIX3M_History.csv
2011-11-01,34.02,cboe:VIX3M_History.csv
2011-11-02,32.88,cboe:VIX3M_History.csv
2011-11-03,31.62,cboe:VIX3M_History.csv
2011-11-04,31.23,cboe:VIX3M_History.csv
2011-11-07,31.38,cboe:VIX3M_History.csv
2011-11-08,29.52,cboe:VIX3M_History.csv
2011-11-09,35.49,cboe:VIX3M_History.csv
2011-11-10,33.75,cboe:VIX3M_History.csv
2011-11-11,31.6,cboe:VIX3M_History.csv
2011-11-14,32.72,cboe:VIX3M_History.csv
2011-11-15,32.52,cboe:VIX3M_History.csv
2011-11-16,34.39,cboe:VIX3M_History.csv
2011-11-17,35.32,cboe:VIX3M_History.csv
2011-11-18,34.2,cboe:VIX3M_History.csv
2011-11-21,34.78,cboe:VIX3M_History.csv
2011-11-22,34.24,cboe:VIX3M_History.csv
2011-11-23,35.87,cboe:VIX3M_History.csv
2011-11-25,36.45,cboe:VIX3M_History.csv
2011-11-28,33.94,cboe:VIX3M_History.csv
2011-11-29,33.21,cboe:VIX3M_History.csv
2011-11-30,30.58,cboe:VIX3M_History.csv
2011-12-01,30.03,cboe:VIX3M_History.csv
2011-12-02,29.85,cboe:VIX3M_History.csv
2011-12-05,29.9,cboe:VIX3M_History.csv
2011-12-06,30.16,cboe:VIX3M_History.csv
2011-12-07,30.62,cboe:VIX3M_History.csv
2011-12-08,32.09,cboe:VIX3M_History.csv
2011-12-09,29.53,cboe:VIX3M_History.csv
2011-12-12,30.17,cboe:VIX3M_History.csv
2011-12-13,30.17,cboe:VIX3M_History.csv
2011-12-14,30.42,cboe:VIX3M_History.csv
2011-12-15,29.46,cboe:VIX3M_History.csv
2011-12-16,29.03,cboe:VIX3M_History.csv
2011-12-19,28.74,cboe:VIX3M_History.csv
2011-12-20,26.87,cboe:VIX3M_History.csv
2011-12-21,25.56,cboe:VIX3M_History.csv
2011-12-22,25.28,cboe:VIX3M_History.csv
2011-12-23,25.22,cboe:VIX3M_History.csv
2011-12-27,25.54,cboe:VIX3M_History.csv
2011-12-28,26.75,cboe:VIX3M_History.csv
2011-12-29,26.25,cboe:VIX3M_History.csv
2011-12-30,26.86,cboe:VIX3M_History.csv
2012-01-03,26.05,cboe:VIX3M_History.csv
2012-01-04,25.31,cboe:VIX3M_History.csv
2012-01-05,24.7,cboe:VIX3M_History.csv
2012-01-06,24.09,cboe:VIX3M_History.csv
2012-01-09,24.12,cboe:VIX3M_History.csv
2012-01-10,23.68,cboe:VIX3M_History.csv
2012-01-11,24.11,cboe:VIX3M_History.csv
2012-01-12,24.04,cboe:VIX3M_History.csv
2012-01-13,24.67,cboe:VIX3M_History.csv
2012-01-17,25.0,cboe:VIX3M_History.csv
2012-01-18,24.18,cboe:VIX3M_History.csv
2012-01-19,23.65,cboe:VIX3M_History.csv
2012-01-20,22.82,cboe:VIX3M_History.csv
2012-01-23,22.32,cboe:VIX3M_History.csv
2012-01-24,22.03,cboe:VIX3M_History.csv
2012-01-25,21.36,cboe:VIX3M_History.csv
2012-01-26,21.68,cboe:VIX3M_History.csv
2012-01-27,21.4,cboe:VIX3M_History.csv
2012-01-30,21.92,cboe:VIX3M_History.csv
2012-01-31,22.09,cboe:VIX3M_History.csv
2012-02-01,21.54,cboe:VIX3M_History.csv
2012-02-02,21.01,cboe:VIX3M_History.csv
2012-02-03,20.05,cboe:VIX3M_History.csv
2012-02-06,20.39,cboe:VIX3M_History.csv
2012-02-07,20.14,cboe:VIX3M_History.csv
2012-02-08,20.68,cboe:VIX3M_History.csv
2012-02-09,21.34,cboe:VIX3M_History.csv
2012-02-10,23.28,cboe:VIX3M_History.csv
2012-02-13,22.12,cboe:VIX3M_History.csv
2012-02-14,22.82,cboe:VIX3M_History.csv
2012-02-15,24.12,cboe:VIX3M_History.csv
2012-02-16,23.17,cboe:VIX3M_History.csv
2012-02-17,22.39,cboe:VIX3M_History.csv
2012-02-21,22.35,cboe:VIX3M_History.csv
2012-02-22,22.09,cboe:VIX3M_History.csv
2012-02-23,20.78,cboe:VIX3M_History.csv
2012-02-24,21.18,cboe:VIX3M_History.csv
2012-02-27,21.87,cboe:VIX3M_History.csv
2012-02-28,21.6,cboe:VIX3M_History.csv
2012-02-29,21.8,cboe:VIX3M_History.csv
2012-03-01,21.03,cboe:VIX3M_History.csv
2012-03-02,21.26,cboe:VIX3M_History.csv
2012-03-05,21.99,cboe:VIX3M_History.csv
2012-03-06,23.9,cboe:VIX3M_History.csv
2012-03-07,22.72,cboe:VIX3M_History.csv
2012-03-08,21.84,cboe:VIX3M_History.csv
2012-03-09,21.22,cboe:VIX3M_History.csv
2012-03-12,20.81,cboe:VIX3M_History.csv
2012-03-13,19.6,cboe:VIX3M_History.csv
2012-03-14,20.75,cboe:VIX3M_History.csv
2012-03-15,20.54,cboe:VIX3M_History.csv
2012-03-16,20.37,cboe:VIX3M_History.csv
2012-03-19,19.94,cboe:VIX3M_History.csv
2012-03-20,19.96,cboe:VIX3M_History.csv
2012-03-21,19.25,cboe:VIX3M_History.csv
2012-03-22,19.55,cboe:VIX3M_History.csv
2012-03-23,18.64,cboe:VIX3M_History.csv
2012-03-26,17.43,cboe:VIX3M_History.csv
2012-03-27,18.57,cboe:VIX3M_History.csv
2012-03-28,18.79,cboe:VIX3M_History.csv
2012-03-29,18.84,cboe:VIX3M_History.csv
2012-03-30,18.61,cboe:VIX3M_History.csv
2012-04-02,18.46,cboe:VIX3M_History.csv
2012-04-03,18.81,cboe:VIX3M_History.csv
2012-04-04,19.45,cboe:VIX3M_History.csv
2012-04-05,19.82,cboe:VIX3M_History.csv
2012-04-09,21.21,cboe:VIX3M_History.csv
2012-04-10,22.62,cboe:VIX3M_History.csv
2012-04-11,22.47,cboe:VIX3M_History.csv
2012-04-12,20.25,cboe:VIX3M_History.csv
2012-04-13,21.99,cboe:VIX3M_History.csv
2012-04-16,22.04,cboe:VIX3M_History.csv
2012-04-17,20.85,cboe:VIX3M_History.csv
2012-04-18,21.12,cboe:VIX3M_History.csv
2012-04-19,21.23,cboe:VIX3M_History.csv
2012-04-20,20.48,cboe:VIX3M_History.csv
2012-04-23,21.39,cboe:VIX3M_History.csv
2012-04-24,20.51,cboe:VIX3M_History.csv
2012-04-25,19.46,cboe:VIX3M_History.csv
2012-04-26,18.55,cboe:VIX3M_History.csv
2012-04-27,18.74,cboe:VIX3M_History.csv
2012-04-30,19.32,cboe:VIX3M_History.csv
2012-05-01,19.13,cboe:VIX3M_History.csv
2012-05-02,19.01,cboe:VIX3M_History.csv
2012-05-03,19.5,cboe:VIX3M_History.csv
2012-05-04,20.72,cboe:VIX3M_History.csv
2012-05-07,20.45,cboe:VIX3M_History.csv
2012-05-08,20.81,cboe:VIX3M_History.csv
2012-05-09,21.53,cboe:VIX3M_History.csv
2012-05-10,20.87,cboe:VIX3M_History.csv
2012-05-11,21.55,cboe:VIX3M_History.csv
2012-05-14,22.97,cboe:VIX3M_History.csv
2012-05-15,23.92,cboe:VIX3M_History.csv
2012-05-16,24.92,cboe:VIX3M_History.csv
2012-05-17,26.41,cboe:VIX3M_History.csv
2012-05-18,27.66,cboe:VIX3M_History.csv
2012-05-21,24.71,cboe:VIX3M_History.csv
2012-05-22,25.23,cboe:VIX3M_History.csv
2012-05-23,25.11,cboe:VIX3M_History.csv
2012-05-24,24.78,cboe:VIX3M_History.csv
2012-05-25,24.93,cboe:VIX3M_History.csv
2012-05-29,23.89,cboe:VIX3M_History.csv
2012-05-30,26.19,cboe:VIX3M_History.csv
2012-05-31,26.22,cboe:VIX3M_History.csv
2012-06-01,28.47,cboe:VIX3M_History.csv
2012-06-04,28.12,cboe:VIX3M_History.csv
2012-06-05,26.87,cboe:VIX3M_History.csv
2012-06-06,24.71,cboe:VIX3M_History.csv
2012-06-07,24.47,cboe:VIX3M_History.csv
2012-06-08,23.64,cboe:VIX3M_History.csv
2012-06-11,25.5,cboe:VIX3M_History.csv
2012-06-12,24.94,cboe:VIX3M_History.csv
2012-06-13,26.5,cboe:VIX3M_History.csv
2012-06-14,25.0,cboe:VIX3M_History.csv
2012-06-15,23.67,cboe:VIX3M_History.csv
2012-06-18,22.13,cboe:VIX3M_History.csv
2012-06-19,21.92,cboe:VIX3M_History.csv
2012-06-20,20.84,cboe:VIX3M_History.csv
2012-06-21,23.16,cboe:VIX3M_History.csv
2012-06-22,21.51,cboe:VIX3M_History.csv
2012-06-25,23.03,cboe:VIX3M_History.csv
2012-06-26,22.47,cboe:VIX3M_History.csv
2012-06-27,22.36,cboe:VIX3M_History.csv
2012-06-28,22.25,cboe:VIX3M_History.csv
2012-06-29,20.32,cboe:VIX3M_History.csv
2012-07-02,19.79,cboe:VIX3M_History.csv
2012-07-03,19.32,cboe:VIX3M_History.csv
2012-07-05,20.11,cboe:VIX3M_History.csv
2012-07-06,20.04,cboe:VIX3M_History.csv
2012-07-09,20.37,cboe:VIX3M_History.csv
2012-07-10,20.87,cboe:VIX3M_History.csv
2012-07-11,20.25,cboe:VIX3M_History.csv
2012-07-12,20.69,cboe:VIX3M_History.csv
2012-07-13,19.39,cboe:VIX3M_History.csv
2012-07-16,19.61,cboe:VIX3M_History.csv
2012-07-17,18.92,cboe:VIX3M_History.csv
2012-07-18,18.94,cboe:VIX3M_History.csv
2012-07-19,18.61,cboe:VIX3M_History.csv
2012-07-20,19.64,cboe:VIX3M_History.csv
2012-07-23,21.18,cboe:VIX3M_History.csv
2012-07-24,22.26,cboe:VIX3M_History.csv
2012-07-25,21.88,cboe:VIX3M_History.csv
2012-07-26,20.24,cboe:VIX3M_History.csv
2012-07-27,19.66,cboe:VIX3M_History.csv
2012-07-30,20.13,cboe:VIX3M_History.csv
2012-07-31,20.78,cboe:VIX3M_History.csv
2012-08-01,20.67,cboe:VIX3M_History.csv
2012-08-02,20.23,cboe:VIX3M_History.csv
2012-08-03,18.68,cboe:VIX3M_History.csv
2012-08-06,18.74,cboe:VIX3M_History.csv
2012-08-07,18.81,cboe:VIX3M_History.csv
2012-08-08,18.58,cboe:VIX3M_History.csv
2012-08-09,18.23,cboe:VIX3M_History.csv
2012-08-10,18.14,cboe:VIX3M_History.csv
2012-08-13,18.07,cboe:VIX3M_History.csv
2012-08-14,18.51,cboe:VIX3M_History.csv
2012-08-15,18.86,cboe:VIX3M_History.csv
2012-08-16,18.55,cboe:VIX3M_History.csv
2012-08-17,18.35,cboe:VIX3M_History.csv
2012-08-20,18.59,cboe:VIX3M_History.csv
2012-08-21,18.8,cboe:VIX3M_History.csv
2012-08-22,19.42,cboe:VIX3M_History.csv
2012-08-23,20.09,cboe:VIX3M_History.csv
2012-08-24,19.24,cboe:VIX3M_History.csv
2012-08-27,19.92,cboe:VIX3M_History.csv
2012-08-28,19.82,cboe:VIX3M_History.csv
2012-08-29,20.46,cboe:VIX3M_History.csv
2012-08-30,20.92,cboe:VIX3M_History.csv
2012-08-31,20.62,cboe:VIX3M_History.csv
2012-09-04,20.68,cboe:VIX3M_History.csv
2012-09-05,19.99,cboe:VIX3M_History.csv
2012-09-06,18.62,cboe:VIX3M_History.csv
2012-09-07,17.59,cboe:VIX3M_History.csv
2012-09-10,18.3,cboe:VIX3M_History.csv
2012-09-11,18.29,cboe:VIX3M_History.csv
2012-09-12,17.6,cboe:VIX3M_History.csv
2012-09-13,16.45,cboe:VIX3M_History.csv
2012-09-14,16.9,cboe:VIX3M_History.csv
2012-09-17,17.13,cboe:VIX3M_History.csv
2012-09-18,16.63,cboe:VIX3M_History.csv
2012-09-19,16.49,cboe:VIX3M_History.csv
2012-09-20,16.75,cboe:VIX3M_History.csv
2012-09-21,16.79,cboe:VIX3M_History.csv
2012-09-24,16.59,cboe:VIX3M_History.csv
2012-09-25,17.6,cboe:VIX3M_History.csv
2012-09-26,18.5,cboe:VIX3M_History.csv
2012-09-27,17.07,cboe:VIX3M_History.csv
2012-09-28,17.61,cboe:VIX3M_History.csv
2012-10-01,17.92,cboe:VIX3M_History.csv
2012-10-02,17.74,cboe:VIX3M_History.csv
2012-10-03,17.58,cboe:VIX3M_History.csv
2012-10-04,17.06,cboe:VIX3M_History.csv
2012-10-05,16.93,cboe:VIX3M_History.csv
2012-10-08,17.36,cboe:VIX3M_History.csv
2012-10-09,18.01,cboe:VIX3M_History.csv
2012-10-10,18.13,cboe:VIX3M_History.csv
2012-10-11,17.57,cboe:VIX3M_History.csv
2012-10-12,17.74,cboe:VIX3M_History.csv
2012-10-15,17.11,cboe:VIX3M_History.csv
2012-10-16,16.97,cboe:VIX3M_History.csv
2012-10-17,16.61,cboe:VIX3M_History.csv
2012-10-18,16.58,cboe:VIX3M_History.csv
2012-10-19,18.12,cboe:VIX3M_History.csv
2012-10-22,17.87,cboe:VIX3M_History.csv
2012-10-23,19.45,cboe:VIX3M_History.csv
2012-10-24,19.27,cboe:VIX3M_History.csv
2012-10-25,19.11,cboe:VIX3M_History.csv
2012-10-26,19.02,cboe:VIX3M_History.csv
2012-10-31,19.31,cboe:VIX3M_History.csv
2012-11-01,17.73,cboe:VIX3M_History.csv
2012-11-02,18.55,cboe:VIX3M_History.csv
2012-11-05,18.97,cboe:VIX3M_History.csv
2012-11-06,18.24,cboe:VIX3M_History.csv
2012-11-07,19.81,cboe:VIX3M_History.csv
2012-11-08,19.83,cboe:VIX3M_History.csv
2012-11-09,20.07,cboe:VIX3M_History.csv
2012-11-12,19.15,cboe:VIX3M_History.csv
2012-11-13,18.97,cboe:VIX3M_History.csv
2012-11-14,19.87,cboe:VIX3M_History.csv
2012-11-15,19.79,cboe:VIX3M_History.csv
2012-11-16,18.93,cboe:VIX3M_History.csv
2012-11-19,17.59,cboe:VIX3M_History.csv
2012-11-20,17.28,cboe:VIX3M_History.csv
2012-11-21,17.58,cboe:VIX3M_History.csv
2012-11-23,17.58,cboe:VIX3M_History.csv
2012-11-26,17.31,cboe:VIX3M_History.csv
2012-11-27,17.62,cboe:VIX3M_History.csv
2012-11-28,17.2,cboe:VIX3M_History.csv
2012-11-29,16.82,cboe:VIX3M_History.csv
2012-11-30,17.27,cboe:VIX3M_History.csv
2012-12-03,17.82,cboe:VIX3M_History.csv
2012-12-04,18.19,cboe:VIX3M_History.csv
2012-12-05,17.83,cboe:VIX3M_History.csv
2012-12-06,17.84,cboe:VIX3M_History.csv
2012-12-07,17.29,cboe:VIX3M_History.csv
2012-12-10,17.35,cboe:VIX3M_History.csv
2012-12-11,17.0,cboe:VIX3M_History.csv
2012-12-12,17.43,cboe:VIX3M_History.csv
2012-12-13,17.88,cboe:VIX3M_History.csv
2012-12-14,18.03,cboe:VIX3M_History.csv
2012-12-17,17.5,cboe:VIX3M_History.csv
2012-12-18,16.81,cboe:VIX3M_History.csv
2012-12-19,17.86,cboe:VIX3M_History.csv
2012-12-20,18.14,cboe:VIX3M_History.csv
2012-12-21,18.87,cboe:VIX3M_History.csv
2012-12-24,18.87,cboe:VIX3M_History.csv
2012-12-26,19.93,cboe:VIX3M_History.csv
2012-12-27,19.92,cboe:VIX3M_History.csv
2012-12-28,21.88,cboe:VIX3M_History.csv
2012-12-31,18.73,cboe:VIX3M_History.csv
2013-01-02,16.69,cboe:VIX3M_History.csv
2013-01-03,16.74,cboe:VIX3M_History.csv
2013-01-04,16.34,cboe:VIX3M_History.csv
2013-01-07,16.45,cboe:VIX3M_History.csv
2013-01-08,16.45,cboe:VIX3M_History.csv
2013-01-09,16.5,cboe:VIX3M_History.csv
2013-01-10,16.12,cboe:VIX3M_History.csv
2013-01-11,16.01,cboe:VIX3M_History.csv
2013-01-14,16.29,cboe:VIX3M_History.csv
2013-01-15,16.33,cboe:VIX3M_History.csv
2013-01-16,16.24,cboe:VIX3M_History.csv
2013-01-17,16.08,cboe:VIX3M_History.csv
2013-01-18,15.29,cboe:VIX3M_History.csv
2013-01-22,14.72,cboe:VIX3M_History.csv
2013-01-23,14.5,cboe:VIX3M_History.csv
2013-01-24,14.67,cboe:VIX3M_History.csv
2013-01-25,14.66,cboe:VIX3M_History.csv
2013-01-28,15.07,cboe:VIX3M_History.csv
2013-01-29,14.74,cboe:VIX3M_History.csv
2013-01-30,15.42,cboe:VIX3M_History.csv
2013-01-31,15.55,cboe:VIX3M_History.csv
2013-02-01,14.79,cboe:VIX3M_History.csv
2013-02-04,15.79,cboe:VIX3M_History.csv
2013-02-05,15.3,cboe:VIX3M_History.csv
2013-02-06,15.14,cboe:VIX3M_History.csv
2013-02-07,15.19,cboe:VIX3M_History.csv
2013-02-08,14.8,cboe:VIX3M_History.csv
2013-02-11,14.68,cboe:VIX3M_History.csv
2013-02-12,14.53,cboe:VIX3M_History.csv
2013-02-13,14.63,cboe:VIX3M_History.csv
2013-02-14,14.43,cboe:VIX3M_History.csv
2013-02-15,14.26,cboe:VIX3M_History.csv
2013-02-19,13.99,cboe:VIX3M_History.csv
2013-02-20,15.41,cboe:VIX3M_History.csv
2013-02-21,15.71,cboe:VIX3M_History.csv
2013-02-22,14.98,cboe:VIX3M_History.csv
2013-02-25,17.94,cboe:VIX3M_History.csv
2013-02-26,17.25,cboe:VIX3M_History.csv
2013-02-27,15.66,cboe:VIX3M_History.csv
2013-02-28,16.18,cboe:VIX3M_History.csv
2013-03-01,16.29,cboe:VIX3M_History.csv
2013-03-04,15.42,cboe:VIX3M_History.csv
2013-03-05,14.95,cboe:VIX3M_History.csv
2013-03-06,15.03,cboe:VIX3M_History.csv
2013-03-07,14.74,cboe:VIX3M_History.csv
2013-03-08,14.52,cboe:VIX3M_History.csv
2013-03-11,14.3,cboe:VIX3M_History.csv
2013-03-12,14.58,cboe:VIX3M_History.csv
2013-03-13,14.51,cboe:VIX3M_History.csv
2013-03-14,14.1,cboe:VIX3M_History.csv
2013-03-15,14.26,cboe:VIX3M_History.csv
2013-03-18,15.39,cboe:VIX3M_History.csv
2013-03-19,15.71,cboe:VIX3M_History.csv
2013-03-20,14.93,cboe:VIX3M_History.csv
2013-03-21,15.53,cboe:VIX3M_History.csv
2013-03-22,15.26,cboe:VIX3M_History.csv
2013-03-25,15.3,cboe:VIX3M_History.csv
2013-03-26,14.75,cboe:VIX3M_History.csv
2013-03-27,14.93,cboe:VIX3M_History.csv
2013-03-28,14.64,cboe:VIX3M_History.csv
2013-04-01,15.28,cboe:VIX3M_History.csv
2013-04-02,14.71,cboe:VIX3M_History.csv
2013-04-03,15.49,cboe:VIX3M_History.csv
2013-04-04,15.3,cboe:VIX3M_History.csv
2013-04-05,15.38,cboe:VIX3M_History.csv
2013-04-08,14.71,cboe:VIX3M_History.csv
2013-04-09,14.46,cboe:VIX3M_History.csv
2013-04-10,14.12,cboe:VIX3M_History.csv
2013-04-11,14.17,cboe:VIX3M_History.csv
2013-04-12,14.02,cboe:VIX3M_History.csv
2013-04-15,17.03,cboe:VIX3M_History.csv
2013-04-16,15.1,cboe:VIX3M_History.csv
2013-04-17,16.93,cboe:VIX3M_History.csv
2013-04-18,17.52,cboe:VIX3M_History.csv
2013-04-19,16.17,cboe:VIX3M_History.csv
2013-04-22,15.66,cboe:VIX3M_History.csv
2013-04-23,14.83,cboe:VIX3M_History.csv
2013-04-24,14.97,cboe:VIX3M_History.csv
2013-04-25,14.96,cboe:VIX3M_History.csv
2013-04-26,14.89,cboe:VIX3M_History.csv
2013-04-29,14.92,cboe:VIX3M_History.csv
2013-04-30,14.78,cboe:VIX3M_History.csv
2013-05-01,15.61,cboe:VIX3M_History.csv
2013-05-02,14.87,cboe:VIX3M_History.csv
2013-05-03,14.45,cboe:VIX3M_History.csv
2013-05-06,14.31,cboe:VIX3M_History.csv
2013-05-07,14.35,cboe:VIX3M_History.csv
2013-05-08,14.4,cboe:VIX3M_History.csv
2013-05-09,14.81,cboe:VIX3M_History.csv
2013-05-10,14.71,cboe:VIX3M_History.csv
2013-05-13,15.05,cboe:VIX3M_History.csv
2013-05-14,14.98,cboe:VIX3M_History.csv
2013-05-15,15.05,cboe:VIX3M_History.csv
2013-05-16,15.45,cboe:VIX3M_History.csv
2013-05-17,15.17,cboe:VIX3M_History.csv
2013-05-20,15.31,cboe:VIX3M_History.csv
2013-05-21,15.78,cboe:VIX3M_History.csv
2013-05-22,15.82,cboe:VIX3M_History.csv
2013-05-23,16.0,cboe:VIX3M_History.csv
2013-05-24,15.92,cboe:VIX3M_History.csv
2013-05-28,15.87,cboe:VIX3M_History.csv
2013-05-29,16.15,cboe:VIX3M_History.csv
2013-05-30,16.01,cboe:VIX3M_History.csv
2013-05-31,17.13,cboe:VIX3M_History.csv
2013-06-03,17.22,cboe:VIX3M_History.csv
2013-06-04,17.26,cboe:VIX3M_History.csv
2013-06-05,18.0,cboe:VIX3M_History.csv
2013-06-06,17.55,cboe:VIX3M_History.csv
2013-06-07,16.72,cboe:VIX3M_History.csv
2013-06-10,16.73,cboe:VIX3M_History.csv
2013-06-11,17.91,cboe:VIX3M_History.csv
2013-06-12,19.07,cboe:VIX3M_History.csv
2013-06-13,17.83,cboe:VIX3M_History.csv
2013-06-14,18.3,cboe:VIX3M_History.csv
2013-06-17,17.99,cboe:VIX3M_History.csv
2013-06-18,17.75,cboe:VIX3M_History.csv
2013-06-19,17.78,cboe:VIX3M_History.csv
2013-06-20,20.34,cboe:VIX3M_History.csv
2013-06-21,19.49,cboe:VIX3M_History.csv
2013-06-24,20.73,cboe:VIX3M_History.csv
2013-06-25,19.67,cboe:VIX3M_History.csv
2013-06-26,18.82,cboe:VIX3M_History.csv
2013-06-27,18.56,cboe:VIX3M_History.csv
2013-06-28,18.39,cboe:VIX3M_History.csv
2013-07-01,17.92,cboe:VIX3M_History.csv
2013-07-02,18.02,cboe:VIX3M_History.csv
2013-07-03,17.81,cboe:VIX3M_History.csv
2013-07-05,16.88,cboe:VIX3M_History.csv
2013-07-08,16.41,cboe:VIX3M_History.csv
2013-07-09,15.91,cboe:VIX3M_History.csv
2013-07-10,15.77,cboe:VIX3M_History.csv
2013-07-11,15.5,cboe:VIX3M_History.csv
2013-07-12,15.65,cboe:VIX3M_History.csv
2013-07-15,15.62,cboe:VIX3M_History.csv
2013-07-16,16.01,cboe:VIX3M_History.csv
2013-07-17,15.56,cboe:VIX3M_History.csv
2013-07-18,15.56,cboe:VIX3M_History.csv
2013-07-19,15.04,cboe:VIX3M_History.csv
2013-07-22,14.69,cboe:VIX3M_History.csv
2013-07-23,14.88,cboe:VIX3M_History.csv
2013-07-24,15.19,cboe:VIX3M_History.csv
2013-07-25,15.0,cboe:VIX3M_History.csv
2013-07-26,14.8,cboe:VIX3M_History.csv
2013-07-29,15.11,cboe:VIX3M_History.csv
2013-07-30,14.98,cboe:VIX3M_History.csv
2013-07-31,14.92,cboe:VIX3M_History.csv
2013-08-01,14.55,cboe:VIX3M_History.csv
2013-08-02,14.03,cboe:VIX3M_History.csv
2013-08-05,13.86,cboe:VIX3M_History.csv
2013-08-06,14.56,cboe:VIX3M_History.csv
2013-08-07,14.81,cboe:VIX3M_History.csv
2013-08-08,14.67,cboe:VIX3M_History.csv
2013-08-09,15.1,cboe:VIX3M_History.csv
2013-08-12,15.17,cboe:VIX3M_History.csv
2013-08-13,14.86,cboe:VIX3M_History.csv
2013-08-14,15.24,cboe:VIX3M_History.csv
2013-08-15,16.24,cboe:VIX3M_History.csv
2013-08-16,15.94,cboe:VIX3M_History.csv
2013-08-19,16.4,cboe:VIX3M_History.csv
2013-08-20,16.31,cboe:VIX3M_History.csv
2013-08-21,16.79,cboe:VIX3M_History.csv
2013-08-22,15.99,cboe:VIX3M_History.csv
2013-08-23,15.55,cboe:VIX3M_History.csv
2013-08-26,16.21,cboe:VIX3M_History.csv
2013-08-27,17.68,cboe:VIX3M_History.csv
2013-08-28,17.62,cboe:VIX3M_History.csv
2013-08-29,17.9,cboe:VIX3M_History.csv
2013-08-30,18.05,cboe:VIX3M_History.csv
2013-09-03,17.64,cboe:VIX3M_History.csv
2013-09-04,17.3,cboe:VIX3M_History.csv
2013-09-05,17.14,cboe:VIX3M_History.csv
2013-09-06,17.17,cboe:VIX3M_History.csv
2013-09-09,16.83,cboe:VIX3M_History.csv
2013-09-10,16.11,cboe:VIX3M_History.csv
2013-09-11,15.61,cboe:VIX3M_History.csv
2013-09-12,15.85,cboe:VIX3M_History.csv
2013-09-13,15.7,cboe:VIX3M_History.csv
2013-09-16,15.58,cboe:VIX3M_History.csv
2013-09-17,15.66,cboe:VIX3M_History.csv
2013-09-18,15.18,cboe:VIX3M_History.csv
2013-09-19,15.02,cboe:VIX3M_History.csv
2013-09-20,15.32,cboe:VIX3M_History.csv
2013-09-23,15.92,cboe:VIX3M_History.csv
2013-09-24,15.64,cboe:VIX3M_History.csv
2013-09-25,15.56,cboe:VIX3M_History.csv
2013-09-26,15.41,cboe:VIX3M_History.csv
2013-09-27,16.04,cboe:VIX3M_History.csv
2013-09-30,16.8,cboe:VIX3M_History.csv
2013-10-01,16.13,cboe:VIX3M_History.csv
2013-10-02,16.81,cboe:VIX3M_History.csv
2013-10-03,17.7,cboe:VIX3M_History.csv
2013-10-04,17.21,cboe:VIX3M_History.csv
2013-10-07,19.07,cboe:VIX3M_History.csv
2013-10-08,19.84,cboe:VIX3M_History.csv
2013-10-09,19.29,cboe:VIX3M_History.csv
2013-10-10,17.21,cboe:VIX3M_History.csv
2013-10-11,16.57,cboe:VIX3M_History.csv
2013-10-14,16.92,cboe:VIX3M_History.csv
2013-10-15,18.41,cboe:VIX3M_History.csv
2013-10-16,16.26,cboe:VIX3M_History.csv
2013-10-17,15.44,cboe:VIX3M_History.csv
2013-10-18,14.92,cboe:VIX3M_History.csv
2013-10-21,15.14,cboe:VIX3M_History.csv
2013-10-22,15.02,cboe:VIX3M_History.csv
2013-10-23,15.11,cboe:VIX3M_History.csv
2013-10-24,14.9,cboe:VIX3M_History.csv
2013-10-25,14.87,cboe:VIX3M_History.csv
2013-10-28,14.87,cboe:VIX3M_History.csv
2013-10-29,15.03,cboe:VIX3M_History.csv
2013-10-30,15.13,cboe:VIX3M_History.csv
2013-10-31,15.25,cboe:VIX3M_History.csv
2013-11-01,15.06,cboe:VIX3M_History.csv
2013-11-04,14.68,cboe:VIX3M_History.csv
2013-11-05,14.92,cboe:VIX3M_History.csv
2013-11-06,14.66,cboe:VIX3M_History.csv
2013-11-07,15.36,cboe:VIX3M_History.csv
2013-11-08,14.63,cboe:VIX3M_History.csv
2013-11-11,14.73,cboe:VIX3M_History.csv
2013-11-12,14.88,cboe:VIX3M_History.csv
2013-11-13,14.83,cboe:VIX3M_History.csv
2013-11-14,14.88,cboe:VIX3M_History.csv
2013-11-15,14.8,cboe:VIX3M_History.csv
2013-11-18,14.93,cboe:VIX3M_History.csv
2013-11-19,15.25,cboe:VIX3M_History.csv
2013-11-20,14.99,cboe:VIX3M_History.csv
2013-11-21,14.52,cboe:VIX3M_History.csv
2013-11-22,14.15,cboe:VIX3M_History.csv
2013-11-25,14.43,cboe:VIX3M_History.csv
2013-11-26,14.55,cboe:VIX3M_History.csv
2013-11-27,14.6,cboe:VIX3M_History.csv
2013-11-29,15.03,cboe:VIX3M_History.csv
2013-12-02,15.19,cboe:VIX3M_History.csv
2013-12-03,15.49,cboe:VIX3M_History.csv
2013-12-04,15.57,cboe:VIX3M_History.csv
2013-12-05,15.78,cboe:VIX3M_History.csv
2013-12-06,14.95,cboe:VIX3M_History.csv
2013-12-09,14.93,cboe:VIX3M_History.csv
2013-12-10,15.22,cboe:VIX3M_History.csv
2013-12-11,15.99,cboe:VIX3M_History.csv
2013-12-12,16.12,cboe:VIX3M_History.csv
2013-12-13,16.27,cboe:VIX3M_History.csv
2013-12-16,16.39,cboe:VIX3M_History.csv
2013-12-17,16.5,cboe:VIX3M_History.csv
2013-12-18,14.99,cboe:VIX3M_History.csv
2013-12-19,15.28,cboe:VIX3M_History.csv
2013-12-20,15.01,cboe:VIX3M_History.csv
2013-12-23,14.52,cboe:VIX3M_History.csv
2013-12-24,14.24,cboe:VIX3M_History.csv
2013-12-26,14.03,cboe:VIX3M_History.csv
2013-12-27,13.98,cboe:VIX3M_History.csv
2013-12-30,14.77,cboe:VIX3M_History.csv
2013-12-31,14.77,cboe:VIX3M_History.csv
2014-01-02,15.26,cboe:VIX3M_History.csv
2014-01-03,15.09,cboe:VIX3M_History.csv
2014-01-06,14.82,cboe:VIX3M_History.csv
2014-01-07,14.41,cboe:VIX3M_History.csv
2014-01-08,14.29,cboe:VIX3M_History.csv
2014-01-09,14.29,cboe:VIX3M_History.csv
2014-01-10,13.94,cboe:VIX3M_History.csv
2014-01-13,14.98,cboe:VIX3M_History.csv
2014-01-14,14.49,cboe:VIX3M_History.csv
2014-01-15,14.46,cboe:VIX3M_History.csv
2014-01-16,14.69,cboe:VIX3M_History.csv
2014-01-17,14.63,cboe:VIX3M_History.csv
2014-01-21,14.62,cboe:VIX3M_History.csv
2014-01-22,14.47,cboe:VIX3M_History.csv
2014-01-23,14.98,cboe:VIX3M_History.csv
2014-01-24,17.4,cboe:VIX3M_History.csv
2014-01-27,17.13,cboe:VIX3M_History.csv
2014-01-28,16.2,cboe:VIX3M_History.csv
2014-01-29,17.24,cboe:VIX3M_History.csv
2014-01-30,17.37,cboe:VIX3M_History.csv
2014-01-31,18.09,cboe:VIX3M_History.csv
2014-02-03,20.14,cboe:VIX3M_History.csv
2014-02-04,19.08,cboe:VIX3M_History.csv
2014-02-05,19.67,cboe:VIX3M_History.csv
2014-02-06,17.79,cboe:VIX3M_History.csv
2014-02-07,16.34,cboe:VIX3M_History.csv
2014-02-10,16.32,cboe:VIX3M_History.csv
2014-02-11,15.75,cboe:VIX3M_History.csv
2014-02-12,15.65,cboe:VIX3M_History.csv
2014-02-13,15.5,cboe:VIX3M_History.csv
2014-02-14,15.17,cboe:VIX3M_History.csv
2014-02-18,15.22,cboe:VIX3M_History.csv
2014-02-19,16.29,cboe:VIX3M_History.csv
2014-02-20,15.72,cboe:VIX3M_History.csv
2014-02-21,15.64,cboe:VIX3M_History.csv
2014-02-24,15.5,cboe:VIX3M_History.csv
2014-02-25,15.5,cboe:VIX3M_History.csv
2014-02-26,15.91,cboe:VIX3M_History.csv
2014-02-27,15.63,cboe:VIX3M_History.csv
2014-02-28,15.8,cboe:VIX3M_History.csv
2014-03-03,16.92,cboe:VIX3M_History.csv
2014-03-04,15.69,cboe:VIX3M_History.csv
2014-03-05,15.77,cboe:VIX3M_History.csv
2014-03-06,15.83,cboe:VIX3M_History.csv
2014-03-07,15.87,cboe:VIX3M_History.csv
2014-03-10,15.97,cboe:VIX3M_History.csv
2014-03-11,16.35,cboe:VIX3M_History.csv
2014-03-12,16.08,cboe:VIX3M_History.csv
2014-03-13,17.13,cboe:VIX3M_History.csv
2014-03-14,17.93,cboe:VIX3M_History.csv
2014-03-17,16.69,cboe:VIX3M_History.csv
2014-03-18,16.15,cboe:VIX3M_History.csv
2014-03-19,16.38,cboe:VIX3M_History.csv
2014-03-20,15.86,cboe:VIX3M_History.csv
2014-03-21,16.18,cboe:VIX3M_History.csv
2014-03-24,16.1,cboe:VIX3M_History.csv
2014-03-25,15.53,cboe:VIX3M_History.csv
2014-03-26,16.08,cboe:VIX3M_History.csv
2014-03-27,15.87,cboe:VIX3M_History.csv
2014-03-28,15.46,cboe:VIX3M_History.csv
2014-03-31,15.08,cboe:VIX3M_History.csv
2014-04-01,14.4,cboe:VIX3M_History.csv
2014-04-02,14.45,cboe:VIX3M_History.csv
2014-04-03,14.5,cboe:VIX3M_History.csv
2014-04-04,14.96,cboe:VIX3M_History.csv
2014-04-07,15.9,cboe:VIX3M_History.csv
2014-04-08,15.53,cboe:VIX3M_History.csv
2014-04-09,14.83,cboe:VIX3M_History.csv
2014-04-10,16.07,cboe:VIX3M_History.csv
2014-04-11,16.79,cboe:VIX3M_History.csv
2014-04-14,16.34,cboe:VIX3M_History.csv
2014-04-15,15.99,cboe:VIX3M_History.csv
2014-04-16,15.23,cboe:VIX3M_History.csv
2014-04-17,14.84,cboe:VIX3M_History.csv
2014-04-21,14.75,cboe:VIX3M_History.csv
2014-04-22,14.61,cboe:VIX3M_History.csv
2014-04-23,14.83,cboe:VIX3M_History.csv
2014-04-24,14.77,cboe:VIX3M_History.csv
2014-04-25,15.18,cboe:VIX3M_History.csv
2014-04-28,14.93,cboe:VIX3M_History.csv
2014-04-29,14.83,cboe:VIX3M_History.csv
2014-04-30,14.7,cboe:VIX3M_History.csv
2014-05-01,14.67,cboe:VIX3M_History.csv
2014-05-02,14.68,cboe:VIX3M_History.csv
2014-05-05,14.75,cboe:VIX3M_History.csv
2014-05-06,15.12,cboe:VIX3M_History.csv
2014-05-07,14.62,cboe:VIX3M_History.csv
2014-05-08,14.58,cboe:VIX3M_History.csv
2014-05-09,14.38,cboe:VIX3M_History.csv
2014-05-12,13.88,cboe:VIX3M_History.csv
2014-05-13,14.04,cboe:VIX3M_History.csv
2014-05-14,14.18,cboe:VIX3M_History.csv
2014-05-15,14.86,cboe:VIX3M_History.csv
2014-05-16,14.33,cboe:VIX3M_History.csv
2014-05-19,14.11,cboe:VIX3M_History.csv
2014-05-20,14.41,cboe:VIX3M_History.csv
2014-05-21,13.87,cboe:VIX3M_History.csv
2014-05-22,13.83,cboe:VIX3M_History.csv
2014-05-23,13.62,cboe:VIX3M_History.csv
2014-05-27,13.64,cboe:VIX3M_History.csv
2014-05-28,13.77,cboe:VIX3M_History.csv
2014-05-29,13.71,cboe:VIX3M_History.csv
2014-05-30,13.75,cboe:VIX3M_History.csv
2014-06-02,13.88,cboe:VIX3M_History.csv
2014-06-03,13.82,cboe:VIX3M_History.csv
2014-06-04,13.77,cboe:VIX3M_History.csv
2014-06-05,13.58,cboe:VIX3M_History.csv
2014-06-06,12.83,cboe:VIX3M_History.csv
2014-06-09,13.02,cboe:VIX3M_History.csv
2014-06-10,13.01,cboe:VIX3M_History.csv
2014-06-11,13.29,cboe:VIX3M_History.csv
2014-06-12,14.11,cboe:VIX3M_History.csv
2014-06-13,13.79,cboe:VIX3M_History.csv
2014-06-16,13.97,cboe:VIX3M_History.csv
2014-06-17,13.66,cboe:VIX3M_History.csv
2014-06-18,12.62,cboe:VIX3M_History.csv
2014-06-19,12.7,cboe:VIX3M_History.csv
2014-06-20,12.87,cboe:VIX3M_History.csv
2014-06-23,12.92,cboe:VIX3M_History.csv
2014-06-24,13.38,cboe:VIX3M_History.csv
2014-06-25,13.11,cboe:VIX3M_History.csv
2014-06-26,13.07,cboe:VIX3M_History.csv
2014-06-27,12.82,cboe:VIX3M_History.csv
2014-06-30,13.01,cboe:VIX3M_History.csv
2014-07-01,12.74,cboe:VIX3M_History.csv
2014-07-02,12.49,cboe:VIX3M_History.csv
2014-07-03,12.24,cboe:VIX3M_History.csv
2014-07-07,12.87,cboe:VIX3M_History.csv
2014-07-08,13.21,cboe:VIX3M_History.csv
2014-07-09,12.99,cboe:VIX3M_History.csv
2014-07-10,13.65,cboe:VIX3M_History.csv
2014-07-11,13.28,cboe:VIX3M_History.csv
2014-07-14,12.93,cboe:VIX3M_History.csv
2014-07-15,13.16,cboe:VIX3M_History.csv
2014-07-16,12.63,cboe:VIX3M_History.csv
2014-07-17,14.97,cboe:VIX3M_History.csv
2014-07-18,13.36,cboe:VIX3M_History.csv
2014-07-21,13.8,cboe:VIX3M_History.csv
2014-07-22,13.5,cboe:VIX3M_History.csv
2014-07-23,13.38,cboe:VIX3M_History.csv
2014-07-24,13.45,cboe:VIX3M_History.csv
2014-07-25,14.0,cboe:VIX3M_History.csv
2014-07-28,13.92,cboe:VIX3M_History.csv
2014-07-29,14.22,cboe:VIX3M_History.csv
2014-07-30,14.26,cboe:VIX3M_History.csv
2014-07-31,16.38,cboe:VIX3M_History.csv
2014-08-01,16.78,cboe:VIX3M_History.csv
2014-08-04,15.81,cboe:VIX3M_History.csv
2014-08-05,17.14,cboe:VIX3M_History.csv
2014-08-06,16.93,cboe:VIX3M_History.csv
2014-08-07,17.22,cboe:VIX3M_History.csv
2014-08-08,16.69,cboe:VIX3M_History.csv
2014-08-11,15.76,cboe:VIX3M_History.csv
2014-08-12,15.7,cboe:VIX3M_History.csv
2014-08-13,14.85,cboe:VIX3M_History.csv
2014-08-14,14.43,cboe:VIX3M_History.csv
2014-08-15,14.42,cboe:VIX3M_History.csv
2014-08-18,13.91,cboe:VIX3M_History.csv
2014-08-19,13.79,cboe:VIX3M_History.csv
2014-08-20,13.76,cboe:VIX3M_History.csv
2014-08-21,13.53,cboe:VIX3M_History.csv
2014-08-22,13.51,cboe:VIX3M_History.csv
2014-08-25,13.57,cboe:VIX3M_History.csv
2014-08-26,13.71,cboe:VIX3M_History.csv
2014-08-27,13.92,cboe:VIX3M_History.csv
2014-08-28,14.13,cboe:VIX3M_History.csv
2014-08-29,14.27,cboe:VIX3M_History.csv
2014-09-02,14.46,cboe:VIX3M_History.csv
2014-09-03,14.39,cboe:VIX3M_History.csv
2014-09-04,14.54,cboe:VIX3M_History.csv
2014-09-05,14.08,cboe:VIX3M_History.csv
2014-09-08,14.39,cboe:VIX3M_History.csv
2014-09-09,14.84,cboe:VIX3M_History.csv
2014-09-10,14.63,cboe:VIX3M_History.csv
2014-09-11,14.68,cboe:VIX3M_History.csv
2014-09-12,15.04,cboe:VIX3M_History.csv
2014-09-15,15.58,cboe:VIX3M_History.csv
2014-09-16,14.85,cboe:VIX3M_History.csv
2014-09-17,14.62,cboe:VIX3M_History.csv
2014-09-18,14.23,cboe:VIX3M_History.csv
2014-09-19,14.38,cboe:VIX3M_History.csv
2014-09-22,15.26,cboe:VIX3M_History.csv
2014-09-23,16.07,cboe:VIX3M_History.csv
2014-09-24,15.22,cboe:VIX3M_History.csv
2014-09-25,16.59,cboe:VIX3M_History.csv
2014-09-26,16.02,cboe:VIX3M_History.csv
2014-09-29,16.82,cboe:VIX3M_History.csv
2014-09-30,17.08,cboe:VIX3M_History.csv
2014-10-01,17.62,cboe:VIX3M_History.csv
2014-10-02,17.24,cboe:VIX3M_History.csv
2014-10-03,16.04,cboe:VIX3M_History.csv
2014-10-06,16.55,cboe:VIX3M_History.csv
2014-10-07,17.68,cboe:VIX3M_History.csv
2014-10-08,16.28,cboe:VIX3M_History.csv
2014-10-09,18.09,cboe:VIX3M_History.csv
2014-10-10,19.93,cboe:VIX3M_History.csv
2014-10-13,22.12,cboe:VIX3M_History.csv
2014-10-14,21.37,cboe:VIX3M_History.csv
2014-10-15,23.82,cboe:VIX3M_History.csv
2014-10-16,22.85,cboe:VIX3M_History.csv
2014-10-17,21.25,cboe:VIX3M_History.csv
2014-10-20,19.67,cboe:VIX3M_History.csv
2014-10-21,17.87,cboe:VIX3M_History.csv
2014-10-22,19.06,cboe:VIX3M_History.csv
2014-10-23,18.22,cboe:VIX3M_History.csv
2014-10-24,17.92,cboe:VIX3M_History.csv
2014-10-27,17.86,cboe:VIX3M_History.csv
2014-10-28,16.46,cboe:VIX3M_History.csv
2014-10-29,16.89,cboe:VIX3M_History.csv
2014-10-30,16.74,cboe:VIX3M_History.csv
2014-10-31,16.51,cboe:VIX3M_History.csv
2014-11-03,16.81,cboe:VIX3M_History.csv
2014-11-04,16.93,cboe:VIX3M_History.csv
2014-11-05,16.57,cboe:VIX3M_History.csv
2014-11-06,16.26,cboe:VIX3M_History.csv
2014-11-07,15.83,cboe:VIX3M_History.csv
2014-11-10,15.04,cboe:VIX3M_History.csv
2014-11-11,15.36,cboe:VIX3M_History.csv
2014-11-12,15.74,cboe:VIX3M_History.csv
2014-11-13,15.89,cboe:VIX3M_History.csv
2014-11-14,15.96,cboe:VIX3M_History.csv
2014-11-17,15.93,cboe:VIX3M_History.csv
2014-11-18,15.7,cboe:VIX3M_History.csv
2014-11-19,15.97,cboe:VIX3M_History.csv
2014-11-20,16.01,cboe:VIX3M_History.csv
2014-11-21,15.79,cboe:VIX3M_History.csv
2014-11-24,15.55,cboe:VIX3M_History.csv
2014-11-25,15.41,cboe:VIX3M_History.csv
2014-11-26,15.32,cboe:VIX3M_History.csv
2014-11-28,15.93,cboe:VIX3M_History.csv
2014-12-01,16.74,cboe:VIX3M_History.csv
2014-12-02,15.96,cboe:VIX3M_History.csv
2014-12-03,15.55,cboe:VIX3M_History.csv
2014-12-04,15.64,cboe:VIX3M_History.csv
2014-12-05,15.55,cboe:VIX3M_History.csv
2014-12-08,16.78,cboe:VIX3M_History.csv
2014-12-09,16.89,cboe:VIX3M_History.csv
2014-12-10,19.14,cboe:VIX3M_History.csv
2014-12-11,20.72,cboe:VIX3M_History.csv
2014-12-12,21.0,cboe:VIX3M_History.csv
2014-12-15,21.06,cboe:VIX3M_History.csv
2014-12-16,23.09,cboe:VIX3M_History.csv
2014-12-17,20.43,cboe:VIX3M_History.csv
2014-12-18,18.48,cboe:VIX3M_History.csv
2014-12-19,18.47,cboe:VIX3M_History.csv
2014-12-22,17.59,cboe:VIX3M_History.csv
2014-12-23,17.94,cboe:VIX3M_History.csv
2014-12-24,17.26,cboe:VIX3M_History.csv
2014-12-26,17.16,cboe:VIX3M_History.csv
2014-12-29,17.27,cboe:VIX3M_History.csv
2014-12-30,18.02,cboe:VIX3M_History.csv
2014-12-31,19.74,cboe:VIX3M_History.csv
2015-01-02,19.46,cboe:VIX3M_History.csv
2015-01-05,20.79,cboe:VIX3M_History.csv
2015-01-06,21.42,cboe:VIX3M_History.csv
2015-01-07,20.08,cboe:VIX3M_History.csv
2015-01-08,18.66,cboe:VIX3M_History.csv
2015-01-09,19.32,cboe:VIX3M_History.csv
2015-01-12,20.48,cboe:VIX3M_History.csv
2015-01-13,21.27,cboe:VIX3M_History.csv
2015-01-14,20.93,cboe:VIX3M_History.csv
2015-01-15,22.11,cboe:VIX3M_History.csv
2015-01-16,21.15,cboe:VIX3M_History.csv
2015-01-20,20.87,cboe:VIX3M_History.csv
2015-01-21,20.04,cboe:VIX3M_History.csv
2015-01-22,18.6,cboe:VIX3M_History.csv
2015-01-23,19.0,cboe:VIX3M_History.csv
2015-01-26,18.03,cboe:VIX3M_History.csv
2015-01-27,19.11,cboe:VIX3M_History.csv
2015-01-28,21.44,cboe:VIX3M_History.csv
2015-01-29,20.0,cboe:VIX3M_History.csv
2015-01-30,21.82,cboe:VIX3M_History.csv
2015-02-02,20.91,cboe:VIX3M_History.csv
2015-02-03,19.49,cboe:VIX3M_History.csv
2015-02-04,20.43,cboe:VIX3M_History.csv
2015-02-05,19.27,cboe:VIX3M_History.csv
2015-02-06,19.88,cboe:VIX3M_History.csv
2015-02-09,20.67,cboe:VIX3M_History.csv
2015-02-10,19.73,cboe:VIX3M_History.csv
2015-02-11,19.71,cboe:VIX3M_History.csv
2015-02-12,18.34,cboe:VIX3M_History.csv
2015-02-13,18.13,cboe:VIX3M_History.csv
2015-02-17,18.38,cboe:VIX3M_History.csv
2015-02-18,18.66,cboe:VIX3M_History.csv
2015-02-19,18.01,cboe:VIX3M_History.csv
2015-02-20,17.29,cboe:VIX3M_History.csv
2015-02-23,17.54,cboe:VIX3M_History.csv
2015-02-24,16.71,cboe:VIX3M_History.csv
2015-02-25,16.87,cboe:VIX3M_History.csv
2015-02-26,16.85,cboe:VIX3M_History.csv
2015-02-27,16.89,cboe:VIX3M_History.csv
2015-03-02,16.46,cboe:VIX3M_History.csv
2015-03-03,16.78,cboe:VIX3M_History.csv
2015-03-04,16.91,cboe:VIX3M_History.csv
2015-03-05,16.64,cboe:VIX3M_History.csv
2015-03-06,17.51,cboe:VIX3M_History.csv
2015-03-09,17.31,cboe:VIX3M_History.csv
2015-03-10,18.26,cboe:VIX3M_History.csv
2015-03-11,18.53,cboe:VIX3M_History.csv
2015-03-12,17.39,cboe:VIX3M_History.csv
2015-03-13,17.89,cboe:VIX3M_History.csv
2015-03-16,17.4,cboe:VIX3M_History.csv
2015-03-17,17.48,cboe:VIX3M_History.csv
2015-03-18,16.43,cboe:VIX3M_History.csv
2015-03-19,16.97,cboe:VIX3M_History.csv
2015-03-20,16.71,cboe:VIX3M_History.csv
2015-03-23,16.53,cboe:VIX3M_History.csv
2015-03-24,16.59,cboe:VIX3M_History.csv
2015-03-25,17.57,cboe:VIX3M_History.csv
2015-03-26,17.57,cboe:VIX3M_History.csv
2015-03-27,17.39,cboe:VIX3M_History.csv
2015-03-30,16.92,cboe:VIX3M_History.csv
2015-03-31,17.54,cboe:VIX3M_History.csv
2015-04-01,17.34,cboe:VIX3M_History.csv
2015-04-02,17.22,cboe:VIX3M_History.csv
2015-04-06,16.82,cboe:VIX3M_History.csv
2015-04-07,16.8,cboe:VIX3M_History.csv
2015-04-08,16.4,cboe:VIX3M_History.csv
2015-04-09,16.02,cboe:VIX3M_History.csv
2015-04-10,15.46,cboe:VIX3M_History.csv
2015-04-13,16.32,cboe:VIX3M_History.csv
2015-04-14,15.85,cboe:VIX3M_History.csv
2015-04-15,15.69,cboe:VIX3M_History.csv
2015-04-16,15.33,cboe:VIX3M_History.csv
2015-04-17,16.14,cboe:VIX3M_History.csv
2015-04-20,15.58,cboe:VIX3M_History.csv
2015-04-21,15.52,cboe:VIX3M_History.csv
2015-04-22,15.46,cboe:VIX3M_History.csv
2015-04-23,15.17,cboe:VIX3M_History.csv
2015-04-24,15.26,cboe:VIX3M_History.csv
2015-04-27,15.93,cboe:VIX3M_History.csv
2015-04-28,15.31,cboe:VIX3M_History.csv
2015-04-29,15.97,cboe:VIX3M_History.csv
2015-04-30,16.48,cboe:VIX3M_History.csv
2015-05-01,15.38,cboe:VIX3M_History.csv
2015-05-04,15.43,cboe:VIX3M_History.csv
2015-05-05,16.32,cboe:VIX3M_History.csv
2015-05-06,16.72,cboe:VIX3M_History.csv
2015-05-07,16.74,cboe:VIX3M_History.csv
2015-05-08,15.56,cboe:VIX3M_History.csv
2015-05-11,16.1,cboe:VIX3M_History.csv
2015-05-12,16.4,cboe:VIX3M_History.csv
2015-05-13,16.29,cboe:VIX3M_History.csv
2015-05-14,15.91,cboe:VIX3M_History.csv
2015-05-15,15.57,cboe:VIX3M_History.csv
2015-05-18,15.23,cboe:VIX3M_History.csv
2015-05-19,15.28,cboe:VIX3M_History.csv
2015-05-20,15.15,cboe:VIX3M_History.csv
2015-05-21,14.61,cboe:VIX3M_History.csv
2015-05-22,14.48,cboe:VIX3M_History.csv
2015-05-26,15.48,cboe:VIX3M_History.csv
2015-05-27,14.99,cboe:VIX3M_History.csv
2015-05-28,15.01,cboe:VIX3M_History.csv
2015-05-29,15.38,cboe:VIX3M_History.csv
2015-06-01,15.41,cboe:VIX3M_History.csv
2015-06-02,15.71,cboe:VIX3M_History.csv
2015-06-03,15.36,cboe:VIX3M_History.csv
2015-06-04,16.28,cboe:VIX3M_History.csv
2015-06-05,15.96,cboe:VIX3M_History.csv
2015-06-08,16.6,cboe:VIX3M_History.csv
2015-06-09,16.25,cboe:VIX3M_History.csv
2015-06-10,15.33,cboe:VIX3M_History.csv
2015-06-11,15.1,cboe:VIX3M_History.csv
2015-06-12,15.61,cboe:VIX3M_History.csv
2015-06-15,16.62,cboe:VIX3M_History.csv
2015-06-16,16.2,cboe:VIX3M_History.csv
2015-06-17,16.22,cboe:VIX3M_History.csv
2015-06-18,15.44,cboe:VIX3M_History.csv
2015-06-19,15.91,cboe:VIX3M_History.csv
2015-06-22,14.99,cboe:VIX3M_History.csv
2015-06-23,14.54,cboe:VIX3M_History.csv
2015-06-24,15.18,cboe:VIX3M_History.csv
2015-06-25,15.52,cboe:VIX3M_History.csv
2015-06-26,15.46,cboe:VIX3M_History.csv
2015-06-29,18.72,cboe:VIX3M_History.csv
2015-06-30,18.47,cboe:VIX3M_History.csv
2015-07-01,16.79,cboe:VIX3M_History.csv
2015-07-02,17.68,cboe:VIX3M_History.csv
2015-07-06,18.04,cboe:VIX3M_History.csv
2015-07-07,17.02,cboe:VIX3M_History.csv
2015-07-08,19.25,cboe:VIX3M_History.csv
2015-07-09,19.78,cboe:VIX3M_History.csv
2015-07-10,17.73,cboe:VIX3M_History.csv
2015-07-13,15.94,cboe:VIX3M_History.csv
2015-07-14,15.46,cboe:VIX3M_History.csv
2015-07-15,15.6,cboe:VIX3M_History.csv
2015-07-16,14.73,cboe:VIX3M_History.csv
2015-07-17,14.61,cboe:VIX3M_History.csv
2015-07-20,14.85,cboe:VIX3M_History.csv
2015-07-21,14.75,cboe:VIX3M_History.csv
2015-07-22,14.81,cboe:VIX3M_History.csv
2015-07-23,14.93,cboe:VIX3M_History.csv
2015-07-24,15.65,cboe:VIX3M_History.csv
2015-07-27,16.78,cboe:VIX3M_History.csv
2015-07-28,15.43,cboe:VIX3M_History.csv
2015-07-29,14.92,cboe:VIX3M_History.csv
2015-07-30,14.71,cboe:VIX3M_History.csv
2015-07-31,14.9,cboe:VIX3M_History.csv
2015-08-03,14.84,cboe:VIX3M_History.csv
2015-08-04,15.13,cboe:VIX3M_History.csv
2015-08-05,14.88,cboe:VIX3M_History.csv
2015-08-06,15.55,cboe:VIX3M_History.csv
2015-08-07,15.42,cboe:VIX3M_History.csv
2015-08-10,14.99,cboe:VIX3M_History.csv
2015-08-11,15.94,cboe:VIX3M_History.csv
2015-08-12,15.87,cboe:VIX3M_History.csv
2015-08-13,15.75,cboe:VIX3M_History.csv
2015-08-14,15.51,cboe:VIX3M_History.csv
2015-08-17,15.21,cboe:VIX3M_History.csv
2015-08-18,15.61,cboe:VIX3M_History.csv
2015-08-19,16.5,cboe:VIX3M_History.csv
2015-08-20,18.83,cboe:VIX3M_History.csv
2015-08-21,23.47,cboe:VIX3M_History.csv
2015-08-24,31.14,cboe:VIX3M_History.csv
2015-08-25,29.58,cboe:VIX3M_History.csv
2015-08-26,25.65,cboe:VIX3M_History.csv
2015-08-27,24.86,cboe:VIX3M_History.csv
2015-08-28,25.34,cboe:VIX3M_History.csv
2015-08-31,26.53,cboe:VIX3M_History.csv
2015-09-01,29.53,cboe:VIX3M_History.csv
2015-09-02,26.19,cboe:VIX3M_History.csv
2015-09-03,26.2,cboe:VIX3M_History.csv
2015-09-04,28.07,cboe:VIX3M_History.csv
2015-09-08,25.69,cboe:VIX3M_History.csv
2015-09-09,26.31,cboe:VIX3M_History.csv
2015-09-10,25.65,cboe:VIX3M_History.csv
2015-09-11,24.68,cboe:VIX3M_History.csv
2015-09-14,23.7,cboe:VIX3M_History.csv
2015-09-15,23.12,cboe:VIX3M_History.csv
2015-09-16,22.33,cboe:VIX3M_History.csv
2015-09-17,21.14,cboe:VIX3M_History.csv
2015-09-18,23.2,cboe:VIX3M_History.csv
2015-09-21,21.59,cboe:VIX3M_History.csv
2015-09-22,23.28,cboe:VIX3M_History.csv
2015-09-23,22.88,cboe:VIX3M_History.csv
2015-09-24,23.46,cboe:VIX3M_History.csv
2015-09-25,24.4,cboe:VIX3M_History.csv
2015-09-28,26.38,cboe:VIX3M_History.csv
2015-09-29,26.0,cboe:VIX3M_History.csv
2015-09-30,24.75,cboe:VIX3M_History.csv
2015-10-01,23.83,cboe:VIX3M_History.csv
2015-10-02,22.6,cboe:VIX3M_History.csv
2015-10-05,21.33,cboe:VIX3M_History.csv
2015-10-06,21.59,cboe:VIX3M_History.csv
2015-10-07,20.71,cboe:VIX3M_History.csv
2015-10-08,20.09,cboe:VIX3M_History.csv
2015-10-09,19.85,cboe:VIX3M_History.csv
2015-10-12,19.26,cboe:VIX3M_History.csv
2015-10-13,20.5,cboe:VIX3M_History.csv
2015-10-14,20.81,cboe:VIX3M_History.csv
2015-10-15,19.43,cboe:VIX3M_History.csv
2015-10-16,18.67,cboe:VIX3M_History.csv
2015-10-19,17.86,cboe:VIX3M_History.csv
2015-10-20,18.6,cboe:VIX3M_History.csv
2015-10-21,19.46,cboe:VIX3M_History.csv
2015-10-22,17.16,cboe:VIX3M_History.csv
2015-10-23,17.48,cboe:VIX3M_History.csv
2015-10-26,17.99,cboe:VIX3M_History.csv
2015-10-27,18.14,cboe:VIX3M_History.csv
2015-10-28,17.49,cboe:VIX3M_History.csv
2015-10-29,17.81,cboe:VIX3M_History.csv
2015-10-30,18.4,cboe:VIX3M_History.csv
2015-11-02,17.42,cboe:VIX3M_History.csv
2015-11-03,17.47,cboe:VIX3M_History.csv
2015-11-04,18.31,cboe:VIX3M_History.csv
2015-11-05,17.81,cboe:VIX3M_History.csv
2015-11-06,17.45,cboe:VIX3M_History.csv
2015-11-09,18.85,cboe:VIX3M_History.csv
2015-11-10,18.02,cboe:VIX3M_History.csv
2015-11-11,18.45,cboe:VIX3M_History.csv
2015-11-12,20.17,cboe:VIX3M_History.csv
2015-11-13,21.58,cboe:VIX3M_History.csv
2015-11-16,19.98,cboe:VIX3M_History.csv
2015-11-17,20.43,cboe:VIX3M_History.csv
2015-11-18,19.22,cboe:VIX3M_History.csv
2015-11-19,19.64,cboe:VIX3M_History.csv
2015-11-20,18.94,cboe:VIX3M_History.csv
2015-11-23,18.63,cboe:VIX3M_History.csv
2015-11-24,18.71,cboe:VIX3M_History.csv
2015-11-25,18.19,cboe:VIX3M_History.csv
2015-11-27,17.35,cboe:VIX3M_History.csv
2015-11-30,18.49,cboe:VIX3M_History.csv
2015-12-01,17.58,cboe:VIX3M_History.csv
2015-12-02,18.33,cboe:VIX3M_History.csv
2015-12-03,20.11,cboe:VIX3M_History.csv
2015-12-04,18.17,cboe:VIX3M_History.csv
2015-12-07,18.65,cboe:VIX3M_History.csv
2015-12-08,20.06,cboe:VIX3M_History.csv
2015-12-09,21.05,cboe:VIX3M_History.csv
2015-12-10,20.76,cboe:VIX3M_History.csv
2015-12-11,24.38,cboe:VIX3M_History.csv
2015-12-14,23.3,cboe:VIX3M_History.csv
2015-12-15,21.86,cboe:VIX3M_History.csv
2015-12-16,19.57,cboe:VIX3M_History.csv
2015-12-17,20.37,cboe:VIX3M_History.csv
2015-12-18,21.26,cboe:VIX3M_History.csv
2015-12-21,21.11,cboe:VIX3M_History.csv
2015-12-22,19.84,cboe:VIX3M_History.csv
2015-12-23,19.33,cboe:VIX3M_History.csv
2015-12-24,19.69,cboe:VIX3M_History.csv
2015-12-28,19.68,cboe:VIX3M_History.csv
2015-12-29,19.1,cboe:VIX3M_History.csv
2015-12-30,19.59,cboe:VIX3M_History.csv
2015-12-31,19.8,cboe:VIX3M_History.csv
2016-01-04,22.01,cboe:VIX3M_History.csv
2016-01-05,20.52,cboe:VIX3M_History.csv
2016-01-06,21.27,cboe:VIX3M_History.csv
2016-01-07,24.62,cboe:VIX3M_History.csv
2016-01-08,26.23,cboe:VIX3M_History.csv
2016-01-11,24.73,cboe:VIX3M_History.csv
2016-01-12,22.53,cboe:VIX3M_History.csv
2016-01-13,24.89,cboe:VIX3M_History.csv
2016-01-14,23.53,cboe:VIX3M_History.csv
2016-01-15,26.88,cboe:VIX3M_History.csv
2016-01-19,26.44,cboe:VIX3M_History.csv
2016-01-20,27.81,cboe:VIX3M_History.csv
2016-01-21,26.71,cboe:VIX3M_History.csv
2016-01-22,24.28,cboe:VIX3M_History.csv
2016-01-25,25.25,cboe:VIX3M_History.csv
2016-01-26,23.29,cboe:VIX3M_History.csv
2016-01-27,24.47,cboe:VIX3M_History.csv
2016-01-28,24.02,cboe:VIX3M_History.csv
2016-01-29,22.66,cboe:VIX3M_History.csv
2016-02-01,22.01,cboe:VIX3M_History.csv
2016-02-02,23.41,cboe:VIX3M_History.csv
2016-02-03,23.2,cboe:VIX3M_History.csv
2016-02-04,23.66,cboe:VIX3M_History.csv
2016-02-05,24.48,cboe:VIX3M_History.csv
2016-02-08,25.98,cboe:VIX3M_History.csv
2016-02-09,26.8,cboe:VIX3M_History.csv
2016-02-10,26.72,cboe:VIX3M_History.csv
2016-02-11,27.72,cboe:VIX3M_History.csv
2016-02-12,26.23,cboe:VIX3M_History.csv
2016-02-16,25.01,cboe:VIX3M_History.csv
2016-02-17,23.55,cboe:VIX3M_History.csv
2016-02-18,23.2,cboe:VIX3M_History.csv
2016-02-19,22.8,cboe:VIX3M_History.csv
2016-02-22,21.62,cboe:VIX3M_History.csv
2016-02-23,22.44,cboe:VIX3M_History.csv
2016-02-24,22.34,cboe:VIX3M_History.csv
2016-02-25,21.24,cboe:VIX3M_History.csv
2016-02-26,21.86,cboe:VIX3M_History.csv
2016-02-29,22.39,cboe:VIX3M_History.csv
2016-03-01,20.28,cboe:VIX3M_History.csv
2016-03-02,19.92,cboe:VIX3M_History.csv
2016-03-03,19.49,cboe:VIX3M_History.csv
2016-03-04,19.63,cboe:VIX3M_History.csv
2016-03-07,19.9,cboe:VIX3M_History.csv
2016-03-08,21.04,cboe:VIX3M_History.csv
2016-03-09,20.75,cboe:VIX3M_History.csv
2016-03-10,20.71,cboe:VIX3M_History.csv
2016-03-11,19.47,cboe:VIX3M_History.csv
2016-03-14,19.42,cboe:VIX3M_History.csv
2016-03-15,19.33,cboe:VIX3M_History.csv
2016-03-16,18.48,cboe:VIX3M_History.csv
2016-03-17,18.14,cboe:VIX3M_History.csv
2016-03-18,17.93,cboe:VIX3M_History.csv
2016-03-21,17.59,cboe:VIX3M_History.csv
2016-03-22,17.75,cboe:VIX3M_History.csv
2016-03-23,18.3,cboe:VIX3M_History.csv
2016-03-24,18.27,cboe:VIX3M_History.csv
2016-03-28,18.3,cboe:VIX3M_History.csv
2016-03-29,17.24,cboe:VIX3M_History.csv
2016-03-30,16.92,cboe:VIX3M_History.csv
2016-03-31,17.08,cboe:VIX3M_History.csv
2016-04-01,16.5,cboe:VIX3M_History.csv
2016-04-04,17.23,cboe:VIX3M_History.csv
2016-04-05,18.38,cboe:VIX3M_History.csv
2016-04-06,17.28,cboe:VIX3M_History.csv
2016-04-07,18.86,cboe:VIX3M_History.csv
2016-04-08,18.32,cboe:VIX3M_History.csv
2016-04-11,18.89,cboe:VIX3M_History.csv
2016-04-12,17.97,cboe:VIX3M_History.csv
2016-04-13,17.26,cboe:VIX3M_History.csv
2016-04-14,17.24,cboe:VIX3M_History.csv
2016-04-15,17.16,cboe:VIX3M_History.csv
2016-04-18,16.51,cboe:VIX3M_History.csv
2016-04-19,16.47,cboe:VIX3M_History.csv
2016-04-20,16.6,cboe:VIX3M_History.csv
2016-04-21,17.14,cboe:VIX3M_History.csv
2016-04-22,16.64,cboe:VIX3M_History.csv
2016-04-25,17.22,cboe:VIX3M_History.csv
2016-04-26,16.92,cboe:VIX3M_History.csv
2016-04-27,16.77,cboe:VIX3M_History.csv
2016-04-28,17.78,cboe:VIX3M_History.csv
2016-04-29,18.45,cboe:VIX3M_History.csv
2016-05-02,17.78,cboe:VIX3M_History.csv
2016-05-03,18.57,cboe:VIX3M_History.csv
2016-05-04,18.91,cboe:VIX3M_History.csv
2016-05-05,18.92,cboe:VIX3M_History.csv
2016-05-06,18.27,cboe:VIX3M_History.csv
2016-05-09,18.05,cboe:VIX3M_History.csv
2016-05-10,17.18,cboe:VIX3M_History.csv
2016-05-11,18.02,cboe:VIX3M_History.csv
2016-05-12,17.75,cboe:VIX3M_History.csv
2016-05-13,18.25,cboe:VIX3M_History.csv
2016-05-16,17.7,cboe:VIX3M_History.csv
2016-05-17,18.43,cboe:VIX3M_History.csv
2016-05-18,18.54,cboe:VIX3M_History.csv
2016-05-19,18.77,cboe:VIX3M_History.csv
2016-05-20,18.05,cboe:VIX3M_History.csv
2016-05-23,18.15,cboe:VIX3M_History.csv
2016-05-24,17.08,cboe:VIX3M_History.csv
2016-05-25,16.77,cboe:VIX3M_History.csv
2016-05-26,16.56,cboe:VIX3M_History.csv
2016-05-27,16.31,cboe:VIX3M_History.csv
2016-05-31,16.63,cboe:VIX3M_History.csv
2016-06-01,16.7,cboe:VIX3M_History.csv
2016-06-02,16.37,cboe:VIX3M_History.csv
2016-06-03,16.49,cboe:VIX3M_History.csv
2016-06-06,16.44,cboe:VIX3M_History.csv
2016-06-07,16.63,cboe:VIX3M_History.csv
2016-06-08,16.79,cboe:VIX3M_History.csv
2016-06-09,17.32,cboe:VIX3M_History.csv
2016-06-10,18.94,cboe:VIX3M_History.csv
2016-06-13,21.87,cboe:VIX3M_History.csv
2016-06-14,21.94,cboe:VIX3M_History.csv
2016-06-15,21.81,cboe:VIX3M_History.csv
2016-06-16,21.16,cboe:VIX3M_History.csv
2016-06-17,21.31,cboe:VIX3M_History.csv
2016-06-20,19.81,cboe:VIX3M_History.csv
2016-06-21,19.69,cboe:VIX3M_History.csv
2016-06-22,21.08,cboe:VIX3M_History.csv
2016-06-23,18.42,cboe:VIX3M_History.csv
2016-06-24,23.93,cboe:VIX3M_History.csv
2016-06-27,23.68,cboe:VIX3M_History.csv
2016-06-28,20.26,cboe:VIX3M_History.csv
2016-06-29,18.73,cboe:VIX3M_History.csv
2016-06-30,18.09,cboe:VIX3M_History.csv
2016-07-01,17.65,cboe:VIX3M_History.csv
2016-07-05,18.24,cboe:VIX3M_History.csv
2016-07-06,17.74,cboe:VIX3M_History.csv
2016-07-07,17.76,cboe:VIX3M_History.csv
2016-07-08,16.49,cboe:VIX3M_History.csv
2016-07-11,16.49,cboe:VIX3M_History.csv
2016-07-12,16.17,cboe:VIX3M_History.csv
2016-07-13,15.97,cboe:VIX3M_History.csv
2016-07-14,15.86,cboe:VIX3M_History.csv
2016-07-15,15.99,cboe:VIX3M_History.csv
2016-07-18,15.77,cboe:VIX3M_History.csv
2016-07-19,15.74,cboe:VIX3M_History.csv
2016-07-20,15.44,cboe:VIX3M_History.csv
2016-07-21,16.1,cboe:VIX3M_History.csv
2016-07-22,15.8,cboe:VIX3M_History.csv
2016-07-25,16.27,cboe:VIX3M_History.csv
2016-07-26,16.32,cboe:VIX3M_History.csv
2016-07-27,16.1,cboe:VIX3M_History.csv
2016-07-28,16.0,cboe:VIX3M_History.csv
2016-07-29,15.42,cboe:VIX3M_History.csv
2016-08-01,15.7,cboe:VIX3M_History.csv
2016-08-02,16.39,cboe:VIX3M_History.csv
2016-08-03,16.08,cboe:VIX3M_History.csv
2016-08-04,15.71,cboe:VIX3M_History.csv
2016-08-05,15.14,cboe:VIX3M_History.csv
2016-08-08,15.16,cboe:VIX3M_History.csv
2016-08-09,15.11,cboe:VIX3M_History.csv
2016-08-10,15.41,cboe:VIX3M_History.csv
2016-08-11,15.3,cboe:VIX3M_History.csv
2016-08-12,15.26,cboe:VIX3M_History.csv
2016-08-15,15.38,cboe:VIX3M_History.csv
2016-08-16,16.02,cboe:VIX3M_History.csv
2016-08-17,15.52,cboe:VIX3M_History.csv
2016-08-18,15.16,cboe:VIX3M_History.csv
2016-08-19,15.13,cboe:VIX3M_History.csv
2016-08-22,15.5,cboe:VIX3M_History.csv
2016-08-23,15.42,cboe:VIX3M_History.csv
2016-08-24,16.0,cboe:VIX3M_History.csv
2016-08-25,16.13,cboe:VIX3M_History.csv
2016-08-26,16.24,cboe:VIX3M_History.csv
2016-08-29,15.93,cboe:VIX3M_History.csv
2016-08-30,16.03,cboe:VIX3M_History.csv
2016-08-31,16.14,cboe:VIX3M_History.csv
2016-09-01,16.31,cboe:VIX3M_History.csv
2016-09-02,15.65,cboe:VIX3M_History.csv
2016-09-06,15.56,cboe:VIX3M_History.csv
2016-09-07,15.49,cboe:VIX3M_History.csv
2016-09-08,15.81,cboe:VIX3M_History.csv
2016-09-09,18.83,cboe:VIX3M_History.csv
2016-09-12,17.27,cboe:VIX3M_History.csv
2016-09-13,19.05,cboe:VIX3M_History.csv
2016-09-14,19.35,cboe:VIX3M_History.csv
2016-09-15,18.19,cboe:VIX3M_History.csv
2016-09-16,17.88,cboe:VIX3M_History.csv
2016-09-19,17.78,cboe:VIX3M_History.csv
2016-09-20,17.99,cboe:VIX3M_History.csv
2016-09-21,16.66,cboe:VIX3M_History.csv
2016-09-22,15.94,cboe:VIX3M_History.csv
2016-09-23,16.05,cboe:VIX3M_History.csv
2016-09-26,17.28,cboe:VIX3M_History.csv
2016-09-27,16.45,cboe:VIX3M_History.csv
2016-09-28,16.01,cboe:VIX3M_History.csv
2016-09-29,16.87,cboe:VIX3M_History.csv
2016-09-30,16.37,cboe:VIX3M_History.csv
2016-10-03,16.4,cboe:VIX3M_History.csv
2016-10-04,16.47,cboe:VIX3M_History.csv
2016-10-05,16.22,cboe:VIX3M_History.csv
2016-10-06,16.07,cboe:VIX3M_History.csv
2016-10-07,16.44,cboe:VIX3M_History.csv
2016-10-10,15.95,cboe:VIX3M_History.csv
2016-10-11,16.94,cboe:VIX3M_History.csv
2016-10-12,17.02,cboe:VIX3M_History.csv
2016-10-13,17.59,cboe:VIX3M_History.csv
2016-10-14,17.42,cboe:VIX3M_History.csv
2016-10-17,17.47,cboe:VIX3M_History.csv
2016-10-18,16.92,cboe:VIX3M_History.csv
2016-10-19,16.46,cboe:VIX3M_History.csv
2016-10-20,16.23,cboe:VIX3M_History.csv
2016-10-21,16.04,cboe:VIX3M_History.csv
2016-10-24,15.61,cboe:VIX3M_History.csv
2016-10-25,15.81,cboe:VIX3M_History.csv
2016-10-26,16.25,cboe:VIX3M_History.csv
2016-10-27,16.93,cboe:VIX3M_History.csv
2016-10-28,17.37,cboe:VIX3M_History.csv
2016-10-31,17.85,cboe:VIX3M_History.csv
2016-11-01,18.74,cboe:VIX3M_History.csv
2016-11-02,19.18,cboe:VIX3M_History.csv
2016-11-03,20.7,cboe:VIX3M_History.csv
2016-11-04,21.13,cboe:VIX3M_History.csv
2016-11-07,18.15,cboe:VIX3M_History.csv
2016-11-08,18.1,cboe:VIX3M_History.csv
2016-11-09,16.28,cboe:VIX3M_History.csv
2016-11-10,16.75,cboe:VIX3M_History.csv
2016-11-11,16.49,cboe:VIX3M_History.csv
2016-11-14,16.7,cboe:VIX3M_History.csv
2016-11-15,15.75,cboe:VIX3M_History.csv
2016-11-16,16.07,cboe:VIX3M_History.csv
2016-11-17,15.64,cboe:VIX3M_History.csv
2016-11-18,15.52,cboe:VIX3M_History.csv
2016-11-21,15.32,cboe:VIX3M_History.csv
2016-11-22,15.35,cboe:VIX3M_History.csv
2016-11-23,15.43,cboe:VIX3M_History.csv
2016-11-25,15.51,cboe:VIX3M_History.csv
2016-11-28,16.02,cboe:VIX3M_History.csv
2016-11-29,15.9,cboe:VIX3M_History.csv
2016-11-30,16.1,cboe:VIX3M_History.csv
2016-12-01,16.67,cboe:VIX3M_History.csv
2016-12-02,16.78,cboe:VIX3M_History.csv
2016-12-05,15.77,cboe:VIX3M_History.csv
2016-12-06,15.48,cboe:VIX3M_History.csv
2016-12-07,15.48,cboe:VIX3M_History.csv
2016-12-08,15.72,cboe:VIX3M_History.csv
2016-12-09,15.22,cboe:VIX3M_History.csv
2016-12-12,15.73,cboe:VIX3M_History.csv
2016-12-13,15.7,cboe:VIX3M_History.csv
2016-12-14,15.87,cboe:VIX3M_History.csv
2016-12-15,15.75,cboe:VIX3M_History.csv
2016-12-16,15.57,cboe:VIX3M_History.csv
2016-12-19,15.31,cboe:VIX3M_History.csv
2016-12-20,15.14,cboe:VIX3M_History.csv
2016-12-21,15.09,cboe:VIX3M_History.csv
2016-12-22,15.29,cboe:VIX3M_History.csv
2016-12-23,15.25,cboe:VIX3M_History.csv
2016-12-27,15.36,cboe:VIX3M_History.csv
2016-12-28,15.93,cboe:VIX3M_History.csv
2016-12-29,16.16,cboe:VIX3M_History.csv
2016-12-30,16.54,cboe:VIX3M_History.csv
2017-01-03,15.56,cboe:VIX3M_History.csv
2017-01-04,14.84,cboe:VIX3M_History.csv
2017-01-05,14.7,cboe:VIX3M_History.csv
2017-01-06,14.56,cboe:VIX3M_History.csv
2017-01-09,14.63,cboe:VIX3M_History.csv
2017-01-10,14.66,cboe:VIX3M_History.csv
2017-01-11,14.47,cboe:VIX3M_History.csv
2017-01-12,14.58,cboe:VIX3M_History.csv
2017-01-13,14.54,cboe:VIX3M_History.csv
2017-01-17,14.89,cboe:VIX3M_History.csv
2017-01-18,14.94,cboe:VIX3M_History.csv
2017-01-19,15.02,cboe:VIX3M_History.csv
2017-01-20,14.49,cboe:VIX3M_History.csv
2017-01-23,14.54,cboe:VIX3M_History.csv
2017-01-24,13.87,cboe:VIX3M_History.csv
2017-01-25,13.61,cboe:VIX3M_History.csv
2017-01-26,13.63,cboe:VIX3M_History.csv
2017-01-27,13.68,cboe:VIX3M_History.csv
2017-01-30,14.41,cboe:VIX3M_History.csv
2017-01-31,14.48,cboe:VIX3M_History.csv
2017-02-01,14.29,cboe:VIX3M_History.csv
2017-02-02,14.59,cboe:VIX3M_History.csv
2017-02-03,14.05,cboe:VIX3M_History.csv
2017-02-06,14.24,cboe:VIX3M_History.csv
2017-02-07,14.35,cboe:VIX3M_History.csv
2017-02-08,14.56,cboe:VIX3M_History.csv
2017-02-09,14.17,cboe:VIX3M_History.csv
2017-02-10,13.91,cboe:VIX3M_History.csv
2017-02-13,13.68,cboe:VIX3M_History.csv
2017-02-14,13.19,cboe:VIX3M_History.csv
2017-02-15,13.41,cboe:VIX3M_History.csv
2017-02-16,13.63,cboe:VIX3M_History.csv
2017-02-17,13.72,cboe:VIX3M_History.csv
2017-02-21,14.04,cboe:VIX3M_History.csv
2017-02-22,14.39,cboe:VIX3M_History.csv
2017-02-23,14.74,cboe:VIX3M_History.csv
2017-02-24,14.76,cboe:VIX3M_History.csv
2017-02-27,14.91,cboe:VIX3M_History.csv
2017-02-28,15.28,cboe:VIX3M_History.csv
2017-03-01,14.86,cboe:VIX3M_History.csv
2017-03-02,14.77,cboe:VIX3M_History.csv
2017-03-03,14.26,cboe:VIX3M_History.csv
2017-03-06,14.34,cboe:VIX3M_History.csv
2017-03-07,14.41,cboe:VIX3M_History.csv
2017-03-08,14.54,cboe:VIX3M_History.csv
2017-03-09,14.78,cboe:VIX3M_History.csv
2017-03-10,14.38,cboe:VIX3M_History.csv
2017-03-13,14.36,cboe:VIX3M_History.csv
2017-03-14,14.63,cboe:VIX3M_History.csv
2017-03-15,14.2,cboe:VIX3M_History.csv
2017-03-16,13.78,cboe:VIX3M_History.csv
2017-03-17,13.92,cboe:VIX3M_History.csv
2017-03-20,13.9,cboe:VIX3M_History.csv
2017-03-21,14.62,cboe:VIX3M_History.csv
2017-03-22,14.68,cboe:VIX3M_History.csv
2017-03-23,14.91,cboe:VIX3M_History.csv
2017-03-24,14.55,cboe:VIX3M_History.csv
2017-03-27,14.23,cboe:VIX3M_History.csv
2017-03-28,13.68,cboe:VIX3M_History.csv
2017-03-29,13.43,cboe:VIX3M_History.csv
2017-03-30,13.37,cboe:VIX3M_History.csv
2017-03-31,13.6,cboe:VIX3M_History.csv
2017-04-03,13.67,cboe:VIX3M_History.csv
2017-04-04,13.37,cboe:VIX3M_History.csv
2017-04-05,14.12,cboe:VIX3M_History.csv
2017-04-06,13.66,cboe:VIX3M_History.csv
2017-04-07,14.06,cboe:VIX3M_History.csv
2017-04-10,14.58,cboe:VIX3M_History.csv
2017-04-11,15.16,cboe:VIX3M_History.csv
2017-04-12,15.28,cboe:VIX3M_History.csv
2017-04-13,15.75,cboe:VIX3M_History.csv
2017-04-17,14.86,cboe:VIX3M_History.csv
2017-04-18,14.76,cboe:VIX3M_History.csv
2017-04-19,15.08,cboe:VIX3M_History.csv
2017-04-20,14.53,cboe:VIX3M_History.csv
2017-04-21,14.75,cboe:VIX3M_History.csv
2017-04-24,12.9,cboe:VIX3M_History.csv
2017-04-25,12.85,cboe:VIX3M_History.csv
2017-04-26,12.98,cboe:VIX3M_History.csv
2017-04-27,12.8,cboe:VIX3M_History.csv
2017-04-28,12.93,cboe:VIX3M_History.csv
2017-05-01,12.63,cboe:VIX3M_History.csv
2017-05-02,12.83,cboe:VIX3M_History.csv
2017-05-03,13.09,cboe:VIX3M_History.csv
2017-05-04,12.83,cboe:VIX3M_History.csv
2017-05-05,12.85,cboe:VIX3M_History.csv
2017-05-08,12.59,cboe:VIX3M_History.csv
2017-05-09,12.71,cboe:VIX3M_History.csv
2017-05-10,12.91,cboe:VIX3M_History.csv
2017-05-11,13.01,cboe:VIX3M_History.csv
2017-05-12,12.97,cboe:VIX3M_History.csv
2017-05-15,12.78,cboe:VIX3M_History.csv
2017-05-16,12.65,cboe:VIX3M_History.csv
2017-05-17,15.6,cboe:VIX3M_History.csv
2017-05-18,14.97,cboe:VIX3M_History.csv
2017-05-19,13.49,cboe:VIX3M_History.csv
2017-05-22,12.96,cboe:VIX3M_History.csv
2017-05-23,12.9,cboe:VIX3M_History.csv
2017-05-24,12.59,cboe:VIX3M_History.csv
2017-05-25,12.51,cboe:VIX3M_History.csv
2017-05-26,12.44,cboe:VIX3M_History.csv
2017-05-30,12.74,cboe:VIX3M_History.csv
2017-05-31,12.63,cboe:VIX3M_History.csv
2017-06-01,12.42,cboe:VIX3M_History.csv
2017-06-02,12.46,cboe:VIX3M_History.csv
2017-06-05,12.85,cboe:VIX3M_History.csv
2017-06-06,13.08,cboe:VIX3M_History.csv
2017-06-07,13.09,cboe:VIX3M_History.csv
2017-06-08,12.76,cboe:VIX3M_History.csv
2017-06-09,12.96,cboe:VIX3M_History.csv
2017-06-12,13.3,cboe:VIX3M_History.csv
2017-06-13,12.73,cboe:VIX3M_History.csv
2017-06-14,12.77,cboe:VIX3M_History.csv
2017-06-15,12.91,cboe:VIX3M_History.csv
2017-06-16,12.71,cboe:VIX3M_History.csv
2017-06-19,12.4,cboe:VIX3M_History.csv
2017-06-20,12.69,cboe:VIX3M_History.csv
2017-06-21,12.76,cboe:VIX3M_History.csv
2017-06-22,12.62,cboe:VIX3M_History.csv
2017-06-23,12.36,cboe:VIX3M_History.csv
2017-06-26,12.27,cboe:VIX3M_History.csv
2017-06-27,12.96,cboe:VIX3M_History.csv
2017-06-28,12.4,cboe:VIX3M_History.csv
2017-06-29,13.15,cboe:VIX3M_History.csv
2017-06-30,13.14,cboe:VIX3M_History.csv
2017-07-03,13.31,cboe:VIX3M_History.csv
2017-07-05,13.31,cboe:VIX3M_History.csv
2017-07-06,14.11,cboe:VIX3M_History.csv
2017-07-07,13.52,cboe:VIX3M_History.csv
2017-07-10,13.35,cboe:VIX3M_History.csv
2017-07-11,13.16,cboe:VIX3M_History.csv
2017-07-12,12.78,cboe:VIX3M_History.csv
2017-07-13,12.55,cboe:VIX3M_History.csv
2017-07-14,12.23,cboe:VIX3M_History.csv
2017-07-17,12.28,cboe:VIX3M_History.csv
2017-07-18,12.25,cboe:VIX3M_History.csv
2017-07-19,12.0,cboe:VIX3M_History.csv
2017-07-20,12.04,cboe:VIX3M_History.csv
2017-07-21,12.06,cboe:VIX3M_History.csv
2017-07-24,12.04,cboe:VIX3M_History.csv
2017-07-25,12.05,cboe:VIX3M_History.csv
2017-07-26,12.11,cboe:VIX3M_History.csv
2017-07-27,12.42,cboe:VIX3M_History.csv
2017-07-28,12.58,cboe:VIX3M_History.csv
2017-07-31,12.47,cboe:VIX3M_History.csv
2017-08-01,12.4,cboe:VIX3M_History.csv
2017-08-02,12.56,cboe:VIX3M_History.csv
2017-08-03,12.74,cboe:VIX3M_History.csv
2017-08-04,12.75,cboe:VIX3M_History.csv
2017-08-07,12.66,cboe:VIX3M_History.csv
2017-08-08,13.2,cboe:VIX3M_History.csv
2017-08-09,13.49,cboe:VIX3M_History.csv
2017-08-10,16.21,cboe:VIX3M_History.csv
2017-08-11,16.39,cboe:VIX3M_History.csv
2017-08-14,13.92,cboe:VIX3M_History.csv
2017-08-15,13.9,cboe:VIX3M_History.csv
2017-08-16,13.58,cboe:VIX3M_History.csv
2017-08-17,16.14,cboe:VIX3M_History.csv
2017-08-18,15.65,cboe:VIX3M_History.csv
2017-08-21,14.99,cboe:VIX3M_History.csv
2017-08-22,13.63,cboe:VIX3M_History.csv
2017-08-23,14.33,cboe:VIX3M_History.csv
2017-08-24,14.39,cboe:VIX3M_History.csv
2017-08-25,13.99,cboe:VIX3M_History.csv
2017-08-28,13.99,cboe:VIX3M_History.csv
2017-08-29,14.12,cboe:VIX3M_History.csv
2017-08-30,14.14,cboe:VIX3M_History.csv
2017-08-31,13.8,cboe:VIX3M_History.csv
2017-09-01,13.59,cboe:VIX3M_History.csv
2017-09-05,14.58,cboe:VIX3M_History.csv
2017-09-06,14.4,cboe:VIX3M_History.csv
2017-09-07,14.32,cboe:VIX3M_History.csv
2017-09-08,14.69,cboe:VIX3M_History.csv
2017-09-11,13.86,cboe:VIX3M_History.csv
2017-09-12,13.56,cboe:VIX3M_History.csv
2017-09-13,13.23,cboe:VIX3M_History.csv
2017-09-14,13.16,cboe:VIX3M_History.csv
2017-09-15,12.96,cboe:VIX3M_History.csv
2017-09-18,12.69,cboe:VIX3M_History.csv
2017-09-19,12.73,cboe:VIX3M_History.csv
2017-09-20,12.66,cboe:VIX3M_History.csv
2017-09-21,12.66,cboe:VIX3M_History.csv
2017-09-22,12.85,cboe:VIX3M_History.csv
2017-09-25,13.06,cboe:VIX3M_History.csv
2017-09-26,13.02,cboe:VIX3M_History.csv
2017-09-27,12.91,cboe:VIX3M_History.csv
2017-09-28,12.76,cboe:VIX3M_History.csv
2017-09-29,12.49,cboe:VIX3M_History.csv
2017-10-02,12.36,cboe:VIX3M_History.csv
2017-10-03,12.31,cboe:VIX3M_History.csv
2017-10-04,12.38,cboe:VIX3M_History.csv
2017-10-05,12.18,cboe:VIX3M_History.csv
2017-10-06,12.44,cboe:VIX3M_History.csv
2017-10-09,12.73,cboe:VIX3M_History.csv
2017-10-10,12.47,cboe:VIX3M_History.csv
2017-10-11,12.24,cboe:VIX3M_History.csv
2017-10-12,12.26,cboe:VIX3M_History.csv
2017-10-13,11.98,cboe:VIX3M_History.csv
2017-10-16,11.94,cboe:VIX3M_History.csv
2017-10-17,12.05,cboe:VIX3M_History.csv
2017-10-18,11.92,cboe:VIX3M_History.csv
2017-10-19,11.96,cboe:VIX3M_History.csv
2017-10-20,11.85,cboe:VIX3M_History.csv
2017-10-23,12.55,cboe:VIX3M_History.csv
2017-10-24,12.67,cboe:VIX3M_History.csv
2017-10-25,12.95,cboe:VIX3M_History.csv
2017-10-26,12.93,cboe:VIX3M_History.csv
2017-10-27,12.23,cboe:VIX3M_History.csv
2017-10-30,12.57,cboe:VIX3M_History.csv
2017-10-31,12.38,cboe:VIX3M_History.csv
2017-11-01,12.57,cboe:VIX3M_History.csv
2017-11-02,12.68,cboe:VIX3M_History.csv
2017-11-03,12.42,cboe:VIX3M_History.csv
2017-11-06,12.57,cboe:VIX3M_History.csv
2017-11-07,12.76,cboe:VIX3M_History.csv
2017-11-08,12.88,cboe:VIX3M_History.csv
2017-11-09,13.14,cboe:VIX3M_History.csv
2017-11-10,13.61,cboe:VIX3M_History.csv
2017-11-13,13.75,cboe:VIX3M_History.csv
2017-11-14,13.93,cboe:VIX3M_History.csv
2017-11-15,14.66,cboe:VIX3M_History.csv
2017-11-16,13.96,cboe:VIX3M_History.csv
2017-11-17,13.8,cboe:VIX3M_History.csv
2017-11-20,13.28,cboe:VIX3M_History.csv
2017-11-21,12.55,cboe:VIX3M_History.csv
2017-11-22,12.44,cboe:VIX3M_History.csv
2017-11-24,12.42,cboe:VIX3M_History.csv
2017-11-27,12.57,cboe:VIX3M_History.csv
2017-11-28,12.27,cboe:VIX3M_History.csv
2017-11-29,12.82,cboe:VIX3M_History.csv
2017-11-30,13.04,cboe:VIX3M_History.csv
2017-12-01,13.28,cboe:VIX3M_History.csv
2017-12-04,13.55,cboe:VIX3M_History.csv
2017-12-05,13.54,cboe:VIX3M_History.csv
2017-12-06,13.45,cboe:VIX3M_History.csv
2017-12-07,12.93,cboe:VIX3M_History.csv
2017-12-08,12.46,cboe:VIX3M_History.csv
2017-12-11,12.28,cboe:VIX3M_History.csv
2017-12-12,12.48,cboe:VIX3M_History.csv
2017-12-13,12.5,cboe:VIX3M_History.csv
2017-12-14,12.8,cboe:VIX3M_History.csv
2017-12-15,12.08,cboe:VIX3M_History.csv
2017-12-18,12.07,cboe:VIX3M_History.csv
2017-12-19,12.51,cboe:VIX3M_History.csv
2017-12-20,12.37,cboe:VIX3M_History.csv
2017-12-21,12.35,cboe:VIX3M_History.csv
2017-12-22,12.49,cboe:VIX3M_History.csv
2017-12-26,12.62,cboe:VIX3M_History.csv
2017-12-27,12.65,cboe:VIX3M_History.csv
2017-12-28,12.76,cboe:VIX3M_History.csv
2017-12-29,13.09,cboe:VIX3M_History.csv
2018-01-02,12.61,cboe:VIX3M_History.csv
2018-01-03,12.32,cboe:VIX3M_History.csv
2018-01-04,12.24,cboe:VIX3M_History.csv
2018-01-05,12.06,cboe:VIX3M_History.csv
2018-01-08,12.15,cboe:VIX3M_History.csv
2018-01-09,12.41,cboe:VIX3M_History.csv
2018-01-10,12.36,cboe:VIX3M_History.csv
2018-01-11,12.16,cboe:VIX3M_History.csv
2018-01-12,12.2,cboe:VIX3M_History.csv
2018-01-16,13.23,cboe:VIX3M_History.csv
2018-01-17,13.25,cboe:VIX3M_History.csv
2018-01-18,13.58,cboe:VIX3M_History.csv
2018-01-19,13.04,cboe:VIX3M_History.csv
2018-01-22,12.99,cboe:VIX3M_History.csv
2018-01-23,13.22,cboe:VIX3M_History.csv
2018-01-24,13.53,cboe:VIX3M_History.csv
2018-01-25,13.68,cboe:VIX3M_History.csv
2018-01-26,13.46,cboe:VIX3M_History.csv
2018-01-29,14.99,cboe:VIX3M_History.csv
2018-01-30,15.83,cboe:VIX3M_History.csv
2018-01-31,14.9,cboe:VIX3M_History.csv
2018-02-01,14.72,cboe:VIX3M_History.csv
2018-02-02,17.03,cboe:VIX3M_History.csv
2018-02-05,28.13,cboe:VIX3M_History.csv
2018-02-06,23.75,cboe:VIX3M_History.csv
2018-02-07,23.03,cboe:VIX3M_History.csv
2018-02-08,27.33,cboe:VIX3M_History.csv
2018-02-09,24.92,cboe:VIX3M_History.csv
2018-02-12,22.86,cboe:VIX3M_History.csv
2018-02-13,22.65,cboe:VIX3M_History.csv
2018-02-14,19.34,cboe:VIX3M_History.csv
2018-02-15,19.08,cboe:VIX3M_History.csv
2018-02-16,19.17,cboe:VIX3M_History.csv
2018-02-20,20.01,cboe:VIX3M_History.csv
2018-02-21,20.03,cboe:VIX3M_History.csv
2018-02-22,19.06,cboe:VIX3M_History.csv
2018-02-23,17.5,cboe:VIX3M_History.csv
2018-02-26,16.92,cboe:VIX3M_History.csv
2018-02-27,19.02,cboe:VIX3M_History.csv
2018-02-28,19.89,cboe:VIX3M_History.csv
2018-03-01,21.42,cboe:VIX3M_History.csv
2018-03-02,19.86,cboe:VIX3M_History.csv
2018-03-05,19.21,cboe:VIX3M_History.csv
2018-03-06,19.24,cboe:VIX3M_History.csv
2018-03-07,18.84,cboe:VIX3M_History.csv
2018-03-08,18.18,cboe:VIX3M_History.csv
2018-03-09,17.01,cboe:VIX3M_History.csv
2018-03-12,17.8,cboe:VIX3M_History.csv
2018-03-13,18.05,cboe:VIX3M_History.csv
2018-03-14,18.78,cboe:VIX3M_History.csv
2018-03-15,18.21,cboe:VIX3M_History.csv
2018-03-16,17.74,cboe:VIX3M_History.csv
2018-03-19,19.38,cboe:VIX3M_History.csv
2018-03-20,18.88,cboe:VIX3M_History.csv
2018-03-21,18.71,cboe:VIX3M_History.csv
2018-03-22,21.66,cboe:VIX3M_History.csv
2018-03-23,22.79,cboe:VIX3M_History.csv
2018-03-26,20.7,cboe:VIX3M_History.csv
2018-03-27,21.94,cboe:VIX3M_History.csv
2018-03-28,22.31,cboe:VIX3M_History.csv
2018-03-29,20.55,cboe:VIX3M_History.csv
2018-04-02,22.57,cboe:VIX3M_History.csv
2018-04-03,21.02,cboe:VIX3M_History.csv
2018-04-04,20.42,cboe:VIX3M_History.csv
2018-04-05,19.61,cboe:VIX3M_History.csv
2018-04-06,21.2,cboe:VIX3M_History.csv
2018-04-09,21.23,cboe:VIX3M_History.csv
2018-04-10,20.4,cboe:VIX3M_History.csv
2018-04-11,20.37,cboe:VIX3M_History.csv
2018-04-12,19.28,cboe:VIX3M_History.csv
2018-04-13,18.55,cboe:VIX3M_History.csv
2018-04-16,17.82,cboe:VIX3M_History.csv
2018-04-17,16.8,cboe:VIX3M_History.csv
2018-04-18,16.8,cboe:VIX3M_History.csv
2018-04-19,17.12,cboe:VIX3M_History.csv
2018-04-20,17.72,cboe:VIX3M_History.csv
2018-04-23,17.35,cboe:VIX3M_History.csv
2018-04-24,18.23,cboe:VIX3M_History.csv
2018-04-25,18.23,cboe:VIX3M_History.csv
2018-04-26,17.29,cboe:VIX3M_History.csv
2018-04-27,17.08,cboe:VIX3M_History.csv
2018-04-30,17.34,cboe:VIX3M_History.csv
2018-05-01,16.91,cboe:VIX3M_History.csv
2018-05-02,17.26,cboe:VIX3M_History.csv
2018-05-03,17.03,cboe:VIX3M_History.csv
2018-05-04,16.65,cboe:VIX3M_History.csv
2018-05-07,16.65,cboe:VIX3M_History.csv
2018-05-08,16.48,cboe:VIX3M_History.csv
2018-05-09,15.78,cboe:VIX3M_History.csv
2018-05-10,15.24,cboe:VIX3M_History.csv
2018-05-11,14.82,cboe:VIX3M_History.csv
2018-05-14,14.53,cboe:VIX3M_History.csv
2018-05-15,15.79,cboe:VIX3M_History.csv
2018-05-16,15.14,cboe:VIX3M_History.csv
2018-05-17,15.02,cboe:VIX3M_History.csv
2018-05-18,15.19,cboe:VIX3M_History.csv
2018-05-21,14.69,cboe:VIX3M_History.csv
2018-05-22,14.88,cboe:VIX3M_History.csv
2018-05-23,14.48,cboe:VIX3M_History.csv
2018-05-24,14.43,cboe:VIX3M_History.csv
2018-05-25,14.83,cboe:VIX3M_History.csv
2018-05-29,17.13,cboe:VIX3M_History.csv
2018-05-30,16.0,cboe:VIX3M_History.csv
2018-05-31,16.33,cboe:VIX3M_History.csv
2018-06-01,15.27,cboe:VIX3M_History.csv
2018-06-04,14.9,cboe:VIX3M_History.csv
2018-06-05,14.72,cboe:VIX3M_History.csv
2018-06-06,14.19,cboe:VIX3M_History.csv
2018-06-07,14.43,cboe:VIX3M_History.csv
2018-06-08,14.6,cboe:VIX3M_History.csv
2018-06-11,14.55,cboe:VIX3M_History.csv
2018-06-12,14.59,cboe:VIX3M_History.csv
2018-06-13,14.92,cboe:VIX3M_History.csv
2018-06-14,14.4,cboe:VIX3M_History.csv
2018-06-15,14.42,cboe:VIX3M_History.csv
2018-06-18,14.48,cboe:VIX3M_History.csv
2018-06-19,15.17,cboe:VIX3M_History.csv
2018-06-20,14.79,cboe:VIX3M_History.csv
2018-06-21,15.87,cboe:VIX3M_History.csv
2018-06-22,15.5,cboe:VIX3M_History.csv
2018-06-25,17.52,cboe:VIX3M_History.csv
2018-06-26,16.87,cboe:VIX3M_History.csv
2018-06-27,18.05,cboe:VIX3M_History.csv
2018-06-28,17.52,cboe:VIX3M_History.csv
2018-06-29,17.14,cboe:VIX3M_History.csv
2018-07-02,16.95,cboe:VIX3M_History.csv
2018-07-03,17.35,cboe:VIX3M_History.csv
2018-07-05,16.53,cboe:VIX3M_History.csv
2018-07-06,15.71,cboe:VIX3M_History.csv
2018-07-09,14.87,cboe:VIX3M_History.csv
2018-07-10,14.71,cboe:VIX3M_History.csv
2018-07-11,15.38,cboe:VIX3M_History.csv
2018-07-12,14.76,cboe:VIX3M_History.csv
2018-07-13,14.54,cboe:VIX3M_History.csv
2018-07-16,14.85,cboe:VIX3M_History.csv
2018-07-17,14.4,cboe:VIX3M_History.csv
2018-07-18,14.39,cboe:VIX3M_History.csv
2018-07-19,14.97,cboe:VIX3M_History.csv
2018-07-20,15.08,cboe:VIX3M_History.csv
2018-07-23,14.86,cboe:VIX3M_History.csv
2018-07-24,14.7,cboe:VIX3M_History.csv
2018-07-25,14.55,cboe:VIX3M_History.csv
2018-07-26,14.4,cboe:VIX3M_History.csv
2018-07-27,15.0,cboe:VIX3M_History.csv
2018-07-30,15.66,cboe:VIX3M_History.csv
2018-07-31,14.87,cboe:VIX3M_History.csv
2018-08-01,15.22,cboe:VIX3M_History.csv
2018-08-02,14.76,cboe:VIX3M_History.csv
2018-08-03,14.49,cboe:VIX3M_History.csv
2018-08-06,14.23,cboe:VIX3M_History.csv
2018-08-07,13.93,cboe:VIX3M_History.csv
2018-08-08,13.96,cboe:VIX3M_History.csv
2018-08-09,14.13,cboe:VIX3M_History.csv
2018-08-10,15.22,cboe:VIX3M_History.csv
2018-08-13,16.21,cboe:VIX3M_History.csv
2018-08-14,15.35,cboe:VIX3M_History.csv
2018-08-15,16.19,cboe:VIX3M_History.csv
2018-08-16,15.51,cboe:VIX3M_History.csv
2018-08-17,15.17,cboe:VIX3M_History.csv
2018-08-20,15.0,cboe:VIX3M_History.csv
2018-08-21,15.19,cboe:VIX3M_History.csv
2018-08-22,15.08,cboe:VIX3M_History.csv
2018-08-23,15.06,cboe:VIX3M_History.csv
2018-08-24,14.82,cboe:VIX3M_History.csv
2018-08-27,14.79,cboe:VIX3M_History.csv
2018-08-28,15.11,cboe:VIX3M_History.csv
2018-08-29,14.95,cboe:VIX3M_History.csv
2018-08-30,15.54,cboe:VIX3M_History.csv
2018-08-31,15.15,cboe:VIX3M_History.csv
2018-09-04,15.45,cboe:VIX3M_History.csv
2018-09-05,15.92,cboe:VIX3M_History.csv
2018-09-06,16.34,cboe:VIX3M_History.csv
2018-09-07,16.59,cboe:VIX3M_History.csv
2018-09-10,16.17,cboe:VIX3M_History.csv
2018-09-11,15.54,cboe:VIX3M_History.csv
2018-09-12,15.32,cboe:VIX3M_History.csv
2018-09-13,14.77,cboe:VIX3M_History.csv
2018-09-14,14.37,cboe:VIX3M_History.csv
2018-09-17,15.28,cboe:VIX3M_History.csv
2018-09-18,15.04,cboe:VIX3M_History.csv
2018-09-19,14.65,cboe:VIX3M_History.csv
2018-09-20,14.51,cboe:VIX3M_History.csv
2018-09-21,14.58,cboe:VIX3M_History.csv
2018-09-24,14.77,cboe:VIX3M_History.csv
2018-09-25,14.92,cboe:VIX3M_History.csv
2018-09-26,15.15,cboe:VIX3M_History.csv
2018-09-27,14.89,cboe:VIX3M_History.csv
2018-09-28,14.77,cboe:VIX3M_History.csv
2018-10-01,14.74,cboe:VIX3M_History.csv
2018-10-02,14.84,cboe:VIX3M_History.csv
2018-10-03,14.68,cboe:VIX3M_History.csv
2018-10-04,15.84,cboe:VIX3M_History.csv
2018-10-05,16.25,cboe:VIX3M_History.csv
2018-10-08,16.51,cboe:VIX3M_History.csv
2018-10-09,16.63,cboe:VIX3M_History.csv
2018-10-10,20.7,cboe:VIX3M_History.csv
2018-10-11,21.56,cboe:VIX3M_History.csv
2018-10-12,19.84,cboe:VIX3M_History.csv
2018-10-15,20.29,cboe:VIX3M_History.csv
2018-10-16,17.96,cboe:VIX3M_History.csv
2018-10-17,18.1,cboe:VIX3M_History.csv
2018-10-18,19.86,cboe:VIX3M_History.csv
2018-10-19,19.84,cboe:VIX3M_History.csv
2018-10-22,19.82,cboe:VIX3M_History.csv
2018-10-23,20.28,cboe:VIX3M_History.csv
2018-10-24,22.62,cboe:VIX3M_History.csv
2018-10-25,22.44,cboe:VIX3M_History.csv
2018-10-26,22.48,cboe:VIX3M_History.csv
2018-10-29,23.06,cboe:VIX3M_History.csv
2018-10-30,22.23,cboe:VIX3M_History.csv
2018-10-31,21.15,cboe:VIX3M_History.csv
2018-11-01,20.07,cboe:VIX3M_History.csv
2018-11-02,20.3,cboe:VIX3M_History.csv
2018-11-05,20.2,cboe:VIX3M_History.csv
2018-11-06,19.58,cboe:VIX3M_History.csv
2018-11-07,17.62,cboe:VIX3M_History.csv
2018-11-08,17.68,cboe:VIX3M_History.csv
2018-11-09,18.46,cboe:VIX3M_History.csv
2018-11-12,20.23,cboe:VIX3M_History.csv
2018-11-13,20.27,cboe:VIX3M_History.csv
2018-11-14,21.22,cboe:VIX3M_History.csv
2018-11-15,20.31,cboe:VIX3M_History.csv
2018-11-16,19.35,cboe:VIX3M_History.csv
2018-11-19,20.64,cboe:VIX3M_History.csv
2018-11-20,22.27,cboe:VIX3M_History.csv
2018-11-21,21.32,cboe:VIX3M_History.csv
2018-11-23,21.75,cboe:VIX3M_History.csv
2018-11-26,20.11,cboe:VIX3M_History.csv
2018-11-27,19.94,cboe:VIX3M_History.csv
2018-11-28,19.28,cboe:VIX3M_History.csv
2018-11-29,19.59,cboe:VIX3M_History.csv
2018-11-30,18.89,cboe:VIX3M_History.csv
2018-12-03,17.95,cboe:VIX3M_History.csv
2018-12-04,20.75,cboe:VIX3M_History.csv
2018-12-06,21.06,cboe:VIX3M_History.csv
2018-12-07,22.44,cboe:VIX3M_History.csv
2018-12-10,22.01,cboe:VIX3M_History.csv
2018-12-11,21.72,cboe:VIX3M_History.csv
2018-12-12,21.59,cboe:VIX3M_History.csv
2018-12-13,21.35,cboe:VIX3M_History.csv
2018-12-14,21.96,cboe:VIX3M_History.csv
2018-12-17,23.41,cboe:VIX3M_History.csv
2018-12-18,23.9,cboe:VIX3M_History.csv
2018-12-19,24.02,cboe:VIX3M_History.csv
2018-12-20,25.24,cboe:VIX3M_History.csv
2018-12-21,26.23,cboe:VIX3M_History.csv
2018-12-24,28.84,cboe:VIX3M_History.csv
2018-12-26,25.69,cboe:VIX3M_History.csv
2018-12-27,25.89,cboe:VIX3M_History.csv
2018-12-28,25.32,cboe:VIX3M_History.csv
2018-12-31,23.73,cboe:VIX3M_History.csv
2019-01-02,22.75,cboe:VIX3M_History.csv
2019-01-03,24.11,cboe:VIX3M_History.csv
2019-01-04,21.86,cboe:VIX3M_History.csv
2019-01-07,21.62,cboe:VIX3M_History.csv
2019-01-08,21.14,cboe:VIX3M_History.csv
2019-01-09,20.69,cboe:VIX3M_History.csv
2019-01-10,20.52,cboe:VIX3M_History.csv
2019-01-11,19.74,cboe:VIX3M_History.csv
2019-01-14,19.93,cboe:VIX3M_History.csv
2019-01-15,19.24,cboe:VIX3M_History.csv
2019-01-16,19.53,cboe:VIX3M_History.csv
2019-01-17,19.17,cboe:VIX3M_History.csv
2019-01-18,18.84,cboe:VIX3M_History.csv
2019-01-22,20.69,cboe:VIX3M_History.csv
2019-01-23,20.08,cboe:VIX3M_History.csv
2019-01-24,19.67,cboe:VIX3M_History.csv
2019-01-25,18.82,cboe:VIX3M_History.csv
2019-01-28,19.58,cboe:VIX3M_History.csv
2019-01-29,19.6,cboe:VIX3M_History.csv
2019-01-30,18.68,cboe:VIX3M_History.csv
2019-01-31,17.88,cboe:VIX3M_History.csv
2019-02-01,17.59,cboe:VIX3M_History.csv
2019-02-04,17.19,cboe:VIX3M_History.csv
2019-02-05,17.07,cboe:VIX3M_History.csv
2019-02-06,16.9,cboe:VIX3M_History.csv
2019-02-07,17.52,cboe:VIX3M_History.csv
2019-02-08,17.26,cboe:VIX3M_History.csv
2019-02-11,17.22,cboe:VIX3M_History.csv
2019-02-12,16.82,cboe:VIX3M_History.csv
2019-02-13,16.96,cboe:VIX3M_History.csv
2019-02-14,17.32,cboe:VIX3M_History.csv
2019-02-15,16.48,cboe:VIX3M_History.csv
2019-02-19,16.45,cboe:VIX3M_History.csv
2019-02-20,15.82,cboe:VIX3M_History.csv
2019-02-21,16.16,cboe:VIX3M_History.csv
2019-02-22,15.46,cboe:VIX3M_History.csv
2019-02-25,16.0,cboe:VIX3M_History.csv
2019-02-26,16.3,cboe:VIX3M_History.csv
2019-02-27,15.99,cboe:VIX3M_History.csv
2019-02-28,16.1,cboe:VIX3M_History.csv
2019-03-01,15.38,cboe:VIX3M_History.csv
2019-03-04,16.03,cboe:VIX3M_History.csv
2019-03-05,16.15,cboe:VIX3M_History.csv
2019-03-06,16.74,cboe:VIX3M_History.csv
2019-03-07,17.3,cboe:VIX3M_History.csv
2019-03-08,17.11,cboe:VIX3M_History.csv
2019-03-11,16.01,cboe:VIX3M_History.csv
2019-03-12,15.65,cboe:VIX3M_History.csv
2019-03-13,15.33,cboe:VIX3M_History.csv
2019-03-14,15.3,cboe:VIX3M_History.csv
2019-03-15,14.98,cboe:VIX3M_History.csv
2019-03-18,15.24,cboe:VIX3M_History.csv
2019-03-19,15.56,cboe:VIX3M_History.csv
2019-03-20,15.79,cboe:VIX3M_History.csv
2019-03-21,15.51,cboe:VIX3M_History.csv
2019-03-22,17.37,cboe:VIX3M_History.csv
2019-03-25,17.45,cboe:VIX3M_History.csv
2019-03-26,16.45,cboe:VIX3M_History.csv
2019-03-27,16.78,cboe:VIX3M_History.csv
2019-03-28,16.3,cboe:VIX3M_History.csv
2019-03-29,15.8,cboe:VIX3M_History.csv
2019-04-01,15.46,cboe:VIX3M_History.csv
2019-04-02,15.54,cboe:VIX3M_History.csv
2019-04-03,15.63,cboe:VIX3M_History.csv
2019-04-04,15.48,cboe:VIX3M_History.csv
2019-04-05,15.06,cboe:VIX3M_History.csv
2019-04-08,15.28,cboe:VIX3M_History.csv
2019-04-09,15.99,cboe:VIX3M_History.csv
2019-04-10,15.38,cboe:VIX3M_History.csv
2019-04-11,15.25,cboe:VIX3M_History.csv
2019-04-12,14.46,cboe:VIX3M_History.csv
2019-04-15,14.53,cboe:VIX3M_History.csv
2019-04-16,14.47,cboe:VIX3M_History.csv
2019-04-17,14.82,cboe:VIX3M_History.csv
2019-04-18,14.57,cboe:VIX3M_History.csv
2019-04-22,14.72,cboe:VIX3M_History.csv
2019-04-23,14.54,cboe:VIX3M_History.csv
2019-04-24,15.04,cboe:VIX3M_History.csv
2019-04-25,15.21,cboe:VIX3M_History.csv
2019-04-26,14.89,cboe:VIX3M_History.csv
2019-04-29,15.23,cboe:VIX3M_History.csv
2019-04-30,15.23,cboe:VIX3M_History.csv
2019-05-01,16.19,cboe:VIX3M_History.csv
2019-05-02,16.03,cboe:VIX3M_History.csv
2019-05-03,15.07,cboe:VIX3M_History.csv
2019-05-06,16.4,cboe:VIX3M_History.csv
2019-05-07,18.78,cboe:VIX3M_History.csv
2019-05-08,18.75,cboe:VIX3M_History.csv
2019-05-09,18.44,cboe:VIX3M_History.csv
2019-05-10,16.9,cboe:VIX3M_History.csv
2019-05-13,19.79,cboe:VIX3M_History.csv
2019-05-14,18.29,cboe:VIX3M_History.csv
2019-05-15,17.49,cboe:VIX3M_History.csv
2019-05-16,16.74,cboe:VIX3M_History.csv
2019-05-17,17.06,cboe:VIX3M_History.csv
2019-05-20,17.29,cboe:VIX3M_History.csv
2019-05-21,16.42,cboe:VIX3M_History.csv
2019-05-22,16.42,cboe:VIX3M_History.csv
2019-05-23,17.69,cboe:VIX3M_History.csv
2019-05-24,17.09,cboe:VIX3M_History.csv
2019-05-28,17.9,cboe:VIX3M_History.csv
2019-05-29,18.24,cboe:VIX3M_History.csv
2019-05-30,17.96,cboe:VIX3M_History.csv
2019-05-31,18.83,cboe:VIX3M_History.csv
2019-06-03,18.77,cboe:VIX3M_History.csv
2019-06-04,17.59,cboe:VIX3M_History.csv
2019-06-05,17.13,cboe:VIX3M_History.csv
2019-06-06,16.92,cboe:VIX3M_History.csv
2019-06-07,17.15,cboe:VIX3M_History.csv
2019-06-10,16.88,cboe:VIX3M_History.csv
2019-06-11,16.99,cboe:VIX3M_History.csv
2019-06-12,17.05,cboe:VIX3M_History.csv
2019-06-13,16.86,cboe:VIX3M_History.csv
2019-06-14,16.6,cboe:VIX3M_History.csv
2019-06-17,16.61,cboe:VIX3M_History.csv
2019-06-18,16.5,cboe:VIX3M_History.csv
2019-06-19,16.1,cboe:VIX3M_History.csv
2019-06-20,16.14,cboe:VIX3M_History.csv
2019-06-21,16.67,cboe:VIX3M_History.csv
2019-06-24,16.47,cboe:VIX3M_History.csv
2019-06-25,17.12,cboe:VIX3M_History.csv
2019-06-26,17.05,cboe:VIX3M_History.csv
2019-06-27,16.76,cboe:VIX3M_History.csv
2019-06-28,16.06,cboe:VIX3M_History.csv
2019-07-01,15.43,cboe:VIX3M_History.csv
2019-07-02,14.72,cboe:VIX3M_History.csv
2019-07-03,14.53,cboe:VIX3M_History.csv
2019-07-05,14.98,cboe:VIX3M_History.csv
2019-07-08,15.48,cboe:VIX3M_History.csv
2019-07-09,15.57,cboe:VIX3M_History.csv
2019-07-10,15.19,cboe:VIX3M_History.csv
2019-07-11,14.98,cboe:VIX3M_History.csv
2019-07-12,14.8,cboe:VIX3M_History.csv
2019-07-15,15.04,cboe:VIX3M_History.csv
2019-07-16,15.22,cboe:VIX3M_History.csv
2019-07-17,15.82,cboe:VIX3M_History.csv
2019-07-18,15.54,cboe:VIX3M_History.csv
2019-07-19,15.93,cboe:VIX3M_History.csv
2019-07-22,15.47,cboe:VIX3M_History.csv
2019-07-23,14.93,cboe:VIX3M_History.csv
2019-07-24,14.56,cboe:VIX3M_History.csv
2019-07-25,15.05,cboe:VIX3M_History.csv
2019-07-26,14.69,cboe:VIX3M_History.csv
2019-07-29,15.0,cboe:VIX3M_History.csv
2019-07-30,15.7,cboe:VIX3M_History.csv
2019-07-31,16.91,cboe:VIX3M_History.csv
2019-08-01,17.99,cboe:VIX3M_History.csv
2019-08-02,17.89,cboe:VIX3M_History.csv
2019-08-05,21.9,cboe:VIX3M_History.csv
2019-08-06,19.69,cboe:VIX3M_History.csv
2019-08-07,19.5,cboe:VIX3M_History.csv
2019-08-08,17.86,cboe:VIX3M_History.csv
2019-08-09,18.56,cboe:VIX3M_History.csv
2019-08-12,20.5,cboe:VIX3M_History.csv
2019-08-13,18.53,cboe:VIX3M_History.csv
2019-08-14,21.3,cboe:VIX3M_History.csv
2019-08-15,21.07,cboe:VIX3M_History.csv
2019-08-16,19.7,cboe:VIX3M_History.csv
2019-08-19,18.36,cboe:VIX3M_History.csv
2019-08-20,18.87,cboe:VIX3M_History.csv
2019-08-21,17.72,cboe:VIX3M_History.csv
2019-08-22,18.23,cboe:VIX3M_History.csv
2019-08-23,20.36,cboe:VIX3M_History.csv
2019-08-26,19.82,cboe:VIX3M_History.csv
2019-08-27,20.64,cboe:VIX3M_History.csv
2019-08-28,20.05,cboe:VIX3M_History.csv
2019-08-29,19.03,cboe:VIX3M_History.csv
2019-08-30,19.54,cboe:VIX3M_History.csv
2019-09-03,20.12,cboe:VIX3M_History.csv
2019-09-04,18.81,cboe:VIX3M_History.csv
2019-09-05,18.08,cboe:VIX3M_History.csv
2019-09-06,17.46,cboe:VIX3M_History.csv
2019-09-09,17.55,cboe:VIX3M_History.csv
2019-09-10,17.41,cboe:VIX3M_History.csv
2019-09-11,17.1,cboe:VIX3M_History.csv
2019-09-12,16.81,cboe:VIX3M_History.csv
2019-09-13,16.67,cboe:VIX3M_History.csv
2019-09-16,17.2,cboe:VIX3M_History.csv
2019-09-17,17.23,cboe:VIX3M_History.csv
2019-09-18,16.86,cboe:VIX3M_History.csv
2019-09-19,16.79,cboe:VIX3M_History.csv
2019-09-20,17.71,cboe:VIX3M_History.csv
2019-09-23,17.87,cboe:VIX3M_History.csv
2019-09-24,18.55,cboe:VIX3M_History.csv
2019-09-25,18.0,cboe:VIX3M_History.csv
2019-09-26,18.12,cboe:VIX3M_History.csv
2019-09-27,18.75,cboe:VIX3M_History.csv
2019-09-30,17.96,cboe:VIX3M_History.csv
2019-10-01,19.35,cboe:VIX3M_History.csv
2019-10-02,20.74,cboe:VIX3M_History.csv
2019-10-03,19.78,cboe:VIX3M_History.csv
2019-10-04,18.59,cboe:VIX3M_History.csv
2019-10-07,18.91,cboe:VIX3M_History.csv
2019-10-08,20.39,cboe:VIX3M_History.csv
2019-10-09,19.51,cboe:VIX3M_History.csv
2019-10-10,18.79,cboe:VIX3M_History.csv
2019-10-11,17.55,cboe:VIX3M_History.csv
2019-10-14,17.12,cboe:VIX3M_History.csv
2019-10-15,16.48,cboe:VIX3M_History.csv
2019-10-16,16.48,cboe:VIX3M_History.csv
2019-10-17,16.44,cboe:VIX3M_History.csv
2019-10-18,16.65,cboe:VIX3M_History.csv
2019-10-21,16.28,cboe:VIX3M_History.csv
2019-10-22,16.55,cboe:VIX3M_History.csv
2019-10-23,16.29,cboe:VIX3M_History.csv
2019-10-24,16.25,cboe:VIX3M_History.csv
2019-10-25,15.71,cboe:VIX3M_History.csv
2019-10-28,15.99,cboe:VIX3M_History.csv
2019-10-29,16.09,cboe:VIX3M_History.csv
2019-10-30,15.69,cboe:VIX3M_History.csv
2019-10-31,16.05,cboe:VIX3M_History.csv
2019-11-01,15.42,cboe:VIX3M_History.csv
2019-11-04,15.62,cboe:VIX3M_History.csv
2019-11-05,15.91,cboe:VIX3M_History.csv
2019-11-06,15.83,cboe:VIX3M_History.csv
2019-11-07,15.8,cboe:VIX3M_History.csv
2019-11-08,15.53,cboe:VIX3M_History.csv
2019-11-11,15.6,cboe:VIX3M_History.csv
2019-11-12,15.49,cboe:VIX3M_History.csv
2019-11-13,15.62,cboe:VIX3M_History.csv
2019-11-14,15.6,cboe:VIX3M_History.csv
2019-11-15,14.99,cboe:VIX3M_History.csv
2019-11-18,15.17,cboe:VIX3M_History.csv
2019-11-19,15.5,cboe:VIX3M_History.csv
2019-11-20,15.64,cboe:VIX3M_History.csv
2019-11-21,15.82,cboe:VIX3M_History.csv
2019-11-22,15.4,cboe:VIX3M_History.csv
2019-11-25,14.99,cboe:VIX3M_History.csv
2019-11-26,14.85,cboe:VIX3M_History.csv
2019-11-27,14.96,cboe:VIX3M_History.csv
2019-11-29,15.51,cboe:VIX3M_History.csv
2019-12-02,16.84,cboe:VIX3M_History.csv
2019-12-03,17.63,cboe:VIX3M_History.csv
2019-12-04,16.98,cboe:VIX3M_History.csv
2019-12-05,16.78,cboe:VIX3M_History.csv
2019-12-06,16.21,cboe:VIX3M_History.csv
2019-12-09,17.3,cboe:VIX3M_History.csv
2019-12-10,17.13,cboe:VIX3M_History.csv
2019-12-11,16.91,cboe:VIX3M_History.csv
2019-12-12,16.09,cboe:VIX3M_History.csv
2019-12-13,15.28,cboe:VIX3M_History.csv
2019-12-16,14.98,cboe:VIX3M_History.csv
2019-12-17,15.15,cboe:VIX3M_History.csv
2019-12-18,15.2,cboe:VIX3M_History.csv
2019-12-19,15.14,cboe:VIX3M_History.csv
2019-12-20,15.32,cboe:VIX3M_History.csv
2019-12-23,15.5,cboe:VIX3M_History.csv
2019-12-24,15.52,cboe:VIX3M_History.csv
2019-12-26,15.52,cboe:VIX3M_History.csv
2019-12-27,15.95,cboe:VIX3M_History.csv
2019-12-30,16.68,cboe:VIX3M_History.csv
2019-12-31,15.87,cboe:VIX3M_History.csv
2020-01-02,15.19,cboe:VIX3M_History.csv
2020-01-03,16.01,cboe:VIX3M_History.csv
2020-01-06,15.92,cboe:VIX3M_History.csv
2020-01-07,15.86,cboe:VIX3M_History.csv
2020-01-08,15.4,cboe:VIX3M_History.csv
2020-01-09,14.95,cboe:VIX3M_History.csv
2020-01-10,14.95,cboe:VIX3M_History.csv
2020-01-13,14.64,cboe:VIX3M_History.csv
2020-01-14,14.64,cboe:VIX3M_History.csv
2020-01-15,14.63,cboe:VIX3M_History.csv
2020-01-16,14.45,cboe:VIX3M_History.csv
2020-01-17,14.41,cboe:VIX3M_History.csv
2020-01-21,14.87,cboe:VIX3M_History.csv
2020-01-22,14.98,cboe:VIX3M_History.csv
2020-01-23,14.99,cboe:VIX3M_History.csv
2020-01-24,16.07,cboe:VIX3M_History.csv
2020-01-27,18.16,cboe:VIX3M_History.csv
2020-01-28,17.03,cboe:VIX3M_History.csv
2020-01-29,17.03,cboe:VIX3M_History.csv
2020-01-30,16.59,cboe:VIX3M_History.csv
2020-01-31,18.63,cboe:VIX3M_History.csv
2020-02-03,18.04,cboe:VIX3M_History.csv
2020-02-04,16.7,cboe:VIX3M_History.csv
2020-02-05,16.11,cboe:VIX3M_History.csv
2020-02-06,15.89,cboe:VIX3M_History.csv
2020-02-07,16.29,cboe:VIX3M_History.csv
2020-02-10,16.13,cboe:VIX3M_History.csv
2020-02-11,16.14,cboe:VIX3M_History.csv
2020-02-12,15.36,cboe:VIX3M_History.csv
2020-02-13,15.68,cboe:VIX3M_History.csv
2020-02-14,15.5,cboe:VIX3M_History.csv
2020-02-18,16.1,cboe:VIX3M_History.csv
2020-02-19,15.82,cboe:VIX3M_History.csv
2020-02-20,16.6,cboe:VIX3M_History.csv
2020-02-21,17.61,cboe:VIX3M_History.csv
2020-02-24,21.92,cboe:VIX3M_History.csv
2020-02-25,23.86,cboe:VIX3M_History.csv
2020-02-26,23.7,cboe:VIX3M_History.csv
2020-02-27,29.92,cboe:VIX3M_History.csv
2020-02-28,29.85,cboe:VIX3M_History.csv
2020-03-02,27.7,cboe:VIX3M_History.csv
2020-03-03,30.17,cboe:VIX3M_History.csv
2020-03-04,27.51,cboe:VIX3M_History.csv
2020-03-05,32.57,cboe:VIX3M_History.csv
2020-03-06,35.46,cboe:VIX3M_History.csv
2020-03-09,43.05,cboe:VIX3M_History.csv
2020-03-10,39.44,cboe:VIX3M_History.csv
2020-03-11,44.37,cboe:VIX3M_History.csv
2020-03-12,57.24,cboe:VIX3M_History.csv
2020-03-13,48.31,cboe:VIX3M_History.csv
2020-03-16,67.7,cboe:VIX3M_History.csv
2020-03-17,65.27,cboe:VIX3M_History.csv
2020-03-18,72.98,cboe:VIX3M_History.csv
2020-03-19,69.47,cboe:VIX3M_History.csv
2020-03-20,65.59,cboe:VIX3M_History.csv
2020-03-23,56.64,cboe:VIX3M_History.csv
2020-03-24,52.11,cboe:VIX3M_History.csv
2020-03-25,53.85,cboe:VIX3M_History.csv
2020-03-26,49.79,cboe:VIX3M_History.csv
2020-03-27,55.75,cboe:VIX3M_History.csv
2020-03-30,51.26,cboe:VIX3M_History.csv
2020-03-31,48.32,cboe:VIX3M_History.csv
2020-04-01,51.17,cboe:VIX3M_History.csv
2020-04-02,47.3,cboe:VIX3M_History.csv
2020-04-03,44.84,cboe:VIX3M_History.csv
2020-04-06,43.09,cboe:VIX3M_History.csv
2020-04-07,43.42,cboe:VIX3M_History.csv
2020-04-08,41.59,cboe:VIX3M_History.csv
2020-04-09,40.61,cboe:VIX3M_History.csv
2020-04-13,39.97,cboe:VIX3M_History.csv
2020-04-14,36.46,cboe:VIX3M_History.csv
2020-04-15,39.28,cboe:VIX3M_History.csv
2020-04-16,39.21,cboe:VIX3M_History.csv
2020-04-17,37.28,cboe:VIX3M_History.csv
2020-04-20,40.97,cboe:VIX3M_History.csv
2020-04-21,43.28,cboe:VIX3M_History.csv
2020-04-22,40.92,cboe:VIX3M_History.csv
2020-04-23,40.86,cboe:VIX3M_History.csv
2020-04-24,37.81,cboe:VIX3M_History.csv
2020-04-27,35.33,cboe:VIX3M_History.csv
2020-04-28,35.37,cboe:VIX3M_History.csv
2020-04-29,33.33,cboe:VIX3M_History.csv
2020-04-30,35.05,cboe:VIX3M_History.csv
2020-05-01,37.97,cboe:VIX3M_History.csv
2020-05-04,37.0,cboe:VIX3M_History.csv
2020-05-05,35.52,cboe:VIX3M_History.csv
2020-05-06,35.68,cboe:VIX3M_History.csv
2020-05-07,34.01,cboe:VIX3M_History.csv
2020-05-08,31.64,cboe:VIX3M_History.csv
2020-05-11,30.39,cboe:VIX3M_History.csv
2020-05-12,34.26,cboe:VIX3M_History.csv
2020-05-13,36.51,cboe:VIX3M_History.csv
2020-05-14,34.9,cboe:VIX3M_History.csv
2020-05-15,34.51,cboe:VIX3M_History.csv
2020-05-18,31.77,cboe:VIX3M_History.csv
2020-05-19,32.81,cboe:VIX3M_History.csv
2020-05-20,31.11,cboe:VIX3M_History.csv
2020-05-21,32.38,cboe:VIX3M_History.csv
2020-05-22,31.54,cboe:VIX3M_History.csv
2020-05-26,30.85,cboe:VIX3M_History.csv
2020-05-27,30.19,cboe:VIX3M_History.csv
2020-05-28,31.21,cboe:VIX3M_History.csv
2020-05-29,30.27,cboe:VIX3M_History.csv
2020-06-01,30.92,cboe:VIX3M_History.csv
2020-06-02,29.93,cboe:VIX3M_History.csv
2020-06-03,28.91,cboe:VIX3M_History.csv
2020-06-04,28.85,cboe:VIX3M_History.csv
2020-06-05,27.42,cboe:VIX3M_History.csv
2020-06-08,28.08,cboe:VIX3M_History.csv
2020-06-09,29.67,cboe:VIX3M_History.csv
2020-06-10,29.57,cboe:VIX3M_History.csv
2020-06-11,40.43,cboe:VIX3M_History.csv
2020-06-12,38.05,cboe:VIX3M_History.csv
2020-06-15,36.43,cboe:VIX3M_History.csv
2020-06-16,35.8,cboe:VIX3M_History.csv
2020-06-17,35.72,cboe:VIX3M_History.csv
2020-06-18,35.14,cboe:VIX3M_History.csv
2020-06-19,36.68,cboe:VIX3M_History.csv
2020-06-22,33.75,cboe:VIX3M_History.csv
2020-06-23,33.06,cboe:VIX3M_History.csv
2020-06-24,35.39,cboe:VIX3M_History.csv
2020-06-25,34.09,cboe:VIX3M_History.csv
2020-06-26,35.8,cboe:VIX3M_History.csv
2020-06-29,33.91,cboe:VIX3M_History.csv
2020-06-30,32.52,cboe:VIX3M_History.csv
2020-07-01,31.68,cboe:VIX3M_History.csv
2020-07-02,30.87,cboe:VIX3M_History.csv
2020-07-06,30.98,cboe:VIX3M_History.csv
2020-07-07,32.07,cboe:VIX3M_History.csv
2020-07-08,31.19,cboe:VIX3M_History.csv
2020-07-09,32.06,cboe:VIX3M_History.csv
2020-07-10,31.02,cboe:VIX3M_History.csv
2020-07-13,34.54,cboe:VIX3M_History.csv
2020-07-14,32.56,cboe:VIX3M_History.csv
2020-07-15,31.56,cboe:VIX3M_History.csv
2020-07-16,31.55,cboe:VIX3M_History.csv
2020-07-17,30.37,cboe:VIX3M_History.csv
2020-07-20,29.1,cboe:VIX3M_History.csv
2020-07-21,29.47,cboe:VIX3M_History.csv
2020-07-22,29.05,cboe:VIX3M_History.csv
2020-07-23,30.25,cboe:VIX3M_History.csv
2020-07-24,30.56,cboe:VIX3M_History.csv
2020-07-27,30.0,cboe:VIX3M_History.csv
2020-07-28,30.1,cboe:VIX3M_History.csv
2020-07-29,29.29,cboe:VIX3M_History.csv
2020-07-30,29.76,cboe:VIX3M_History.csv
2020-07-31,29.71,cboe:VIX3M_History.csv
2020-08-03,29.66,cboe:VIX3M_History.csv
2020-08-04,29.09,cboe:VIX3M_History.csv
2020-08-05,28.6,cboe:VIX3M_History.csv
2020-08-06,28.2,cboe:VIX3M_History.csv
2020-08-07,28.28,cboe:VIX3M_History.csv
2020-08-10,28.05,cboe:VIX3M_History.csv
2020-08-11,29.17,cboe:VIX3M_History.csv
2020-08-12,28.12,cboe:VIX3M_History.csv
2020-08-13,28.17,cboe:VIX3M_History.csv
2020-08-14,28.37,cboe:VIX3M_History.csv
2020-08-17,27.45,cboe:VIX3M_History.csv
2020-08-18,27.35,cboe:VIX3M_History.csv
2020-08-19,28.11,cboe:VIX3M_History.csv
2020-08-20,28.13,cboe:VIX3M_History.csv
2020-08-21,28.17,cboe:VIX3M_History.csv
2020-08-24,28.1,cboe:VIX3M_History.csv
2020-08-25,27.91,cboe:VIX3M_History.csv
2020-08-26,28.7,cboe:VIX3M_History.csv
2020-08-27,29.93,cboe:VIX3M_History.csv
2020-08-28,29.62,cboe:VIX3M_History.csv
2020-08-31,31.85,cboe:VIX3M_History.csv
2020-09-01,32.1,cboe:VIX3M_History.csv
2020-09-02,32.67,cboe:VIX3M_History.csv
2020-09-03,37.63,cboe:VIX3M_History.csv
2020-09-04,34.75,cboe:VIX3M_History.csv
2020-09-08,34.31,cboe:VIX3M_History.csv
2020-09-09,32.12,cboe:VIX3M_History.csv
2020-09-10,32.92,cboe:VIX3M_History.csv
2020-09-11,31.13,cboe:VIX3M_History.csv
2020-09-14,30.48,cboe:VIX3M_History.csv
2020-09-15,30.27,cboe:VIX3M_History.csv
2020-09-16,30.57,cboe:VIX3M_History.csv
2020-09-17,30.75,cboe:VIX3M_History.csv
2020-09-18,30.46,cboe:VIX3M_History.csv
2020-09-21,31.64,cboe:VIX3M_History.csv
2020-09-22,31.67,cboe:VIX3M_History.csv
2020-09-23,33.28,cboe:VIX3M_History.csv
2020-09-24,33.06,cboe:VIX3M_History.csv
2020-09-25,32.03,cboe:VIX3M_History.csv
2020-09-28,31.74,cboe:VIX3M_History.csv
2020-09-29,31.09,cboe:VIX3M_History.csv
2020-09-30,31.64,cboe:VIX3M_History.csv
2020-10-01,31.72,cboe:VIX3M_History.csv
2020-10-02,32.39,cboe:VIX3M_History.csv
2020-10-05,31.28,cboe:VIX3M_History.csv
2020-10-06,31.88,cboe:VIX3M_History.csv
2020-10-07,30.7,cboe:VIX3M_History.csv
2020-10-08,29.49,cboe:VIX3M_History.csv
2020-10-09,28.28,cboe:VIX3M_History.csv
2020-10-12,27.98,cboe:VIX3M_History.csv
2020-10-13,28.35,cboe:VIX3M_History.csv
2020-10-14,28.24,cboe:VIX3M_History.csv
2020-10-15,28.72,cboe:VIX3M_History.csv
2020-10-16,29.21,cboe:VIX3M_History.csv
2020-10-19,30.4,cboe:VIX3M_History.csv
2020-10-20,30.11,cboe:VIX3M_History.csv
2020-10-21,29.61,cboe:VIX3M_History.csv
2020-10-22,29.3,cboe:VIX3M_History.csv
2020-10-23,28.99,cboe:VIX3M_History.csv
2020-10-26,32.07,cboe:VIX3M_History.csv
2020-10-27,32.72,cboe:VIX3M_History.csv
2020-10-28,37.75,cboe:VIX3M_History.csv
2020-10-29,35.84,cboe:VIX3M_History.csv
2020-10-30,36.27,cboe:VIX3M_History.csv
2020-11-02,35.06,cboe:VIX3M_History.csv
2020-11-03,33.52,cboe:VIX3M_History.csv
2020-11-04,29.98,cboe:VIX3M_History.csv
2020-11-05,29.05,cboe:VIX3M_History.csv
2020-11-06,27.37,cboe:VIX3M_History.csv
2020-11-09,26.88,cboe:VIX3M_History.csv
2020-11-10,26.49,cboe:VIX3M_History.csv
2020-11-11,25.62,cboe:VIX3M_History.csv
2020-11-12,27.22,cboe:VIX3M_History.csv
2020-11-13,25.69,cboe:VIX3M_History.csv
2020-11-16,25.35,cboe:VIX3M_History.csv
2020-11-17,25.38,cboe:VIX3M_History.csv
2020-11-18,26.39,cboe:VIX3M_History.csv
2020-11-19,25.8,cboe:VIX3M_History.csv
2020-11-20,26.06,cboe:VIX3M_History.csv
2020-11-23,25.43,cboe:VIX3M_History.csv
2020-11-24,24.84,cboe:VIX3M_History.csv
2020-11-25,24.42,cboe:VIX3M_History.csv
2020-11-27,24.43,cboe:VIX3M_History.csv
2020-11-30,24.33,cboe:VIX3M_History.csv
2020-12-01,24.49,cboe:VIX3M_History.csv
2020-12-02,24.54,cboe:VIX3M_History.csv
2020-12-03,24.56,cboe:VIX3M_History.csv
2020-12-04,24.29,cboe:VIX3M_History.csv
2020-12-07,24.52,cboe:VIX3M_History.csv
2020-12-08,23.87,cboe:VIX3M_History.csv
2020-12-09,24.73,cboe:VIX3M_History.csv
2020-12-10,25.05,cboe:VIX3M_History.csv
2020-12-11,26.05,cboe:VIX3M_History.csv
2020-12-14,27.11,cboe:VIX3M_History.csv
2020-12-15,25.87,cboe:VIX3M_History.csv
2020-12-16,25.47,cboe:VIX3M_History.csv
2020-12-17,25.15,cboe:VIX3M_History.csv
2020-12-18,25.17,cboe:VIX3M_History.csv
2020-12-21,27.58,cboe:VIX3M_History.csv
2020-12-22,27.25,cboe:VIX3M_History.csv
2020-12-23,26.26,cboe:VIX3M_History.csv
2020-12-24,25.37,cboe:VIX3M_History.csv
2020-12-28,25.15,cboe:VIX3M_History.csv
2020-12-29,26.24,cboe:VIX3M_History.csv
2020-12-30,25.44,cboe:VIX3M_History.csv
2020-12-31,25.28,cboe:VIX3M_History.csv
2021-01-04,28.26,cboe:VIX3M_History.csv
2021-01-05,27.25,cboe:VIX3M_History.csv
2021-01-06,26.79,cboe:VIX3M_History.csv
2021-01-07,25.02,cboe:VIX3M_History.csv
2021-01-08,24.9,cboe:VIX3M_History.csv
2021-01-11,26.7,cboe:VIX3M_History.csv
2021-01-12,26.2,cboe:VIX3M_History.csv
2021-01-13,25.55,cboe:VIX3M_History.csv
2021-01-14,26.32,cboe:VIX3M_History.csv
2021-01-15,27.26,cboe:VIX3M_History.csv
2021-01-19,26.69,cboe:VIX3M_History.csv
2021-01-20,25.72,cboe:VIX3M_History.csv
2021-01-21,25.7,cboe:VIX3M_History.csv
2021-01-22,25.99,cboe:VIX3M_History.csv
2021-01-25,26.88,cboe:VIX3M_History.csv
2021-01-26,26.89,cboe:VIX3M_History.csv
2021-01-27,35.73,cboe:VIX3M_History.csv
2021-01-28,31.77,cboe:VIX3M_History.csv
2021-01-29,33.88,cboe:VIX3M_History.csv
2021-02-01,32.53,cboe:VIX3M_History.csv
2021-02-02,29.36,cboe:VIX3M_History.csv
2021-02-03,27.57,cboe:VIX3M_History.csv
2021-02-04,26.79,cboe:VIX3M_History.csv
2021-02-05,26.52,cboe:VIX3M_History.csv
2021-02-08,26.65,cboe:VIX3M_History.csv
2021-02-09,27.11,cboe:VIX3M_History.csv
2021-02-10,27.49,cboe:VIX3M_History.csv
2021-02-11,27.22,cboe:VIX3M_History.csv
2021-02-12,26.5,cboe:VIX3M_History.csv
2021-02-16,27.55,cboe:VIX3M_History.csv
2021-02-17,27.52,cboe:VIX3M_History.csv
2021-02-18,27.86,cboe:VIX3M_History.csv
2021-02-19,27.09,cboe:VIX3M_History.csv
2021-02-22,27.81,cboe:VIX3M_History.csv
2021-02-23,27.12,cboe:VIX3M_History.csv
2021-02-24,25.89,cboe:VIX3M_History.csv
2021-02-25,30.24,cboe:VIX3M_History.csv
2021-02-26,29.6,cboe:VIX3M_History.csv
2021-03-01,26.78,cboe:VIX3M_History.csv
2021-03-02,27.16,cboe:VIX3M_History.csv
2021-03-03,28.79,cboe:VIX3M_History.csv
2021-03-04,30.08,cboe:VIX3M_History.csv
2021-03-05,27.89,cboe:VIX3M_History.csv
2021-03-08,28.13,cboe:VIX3M_History.csv
2021-03-09,27.28,cboe:VIX3M_History.csv
2021-03-10,26.68,cboe:VIX3M_History.csv
2021-03-11,26.09,cboe:VIX3M_History.csv
2021-03-12,25.74,cboe:VIX3M_History.csv
2021-03-15,24.89,cboe:VIX3M_History.csv
2021-03-16,24.71,cboe:VIX3M_History.csv
2021-03-17,23.88,cboe:VIX3M_History.csv
2021-03-18,25.28,cboe:VIX3M_History.csv
2021-03-19,24.99,cboe:VIX3M_History.csv
2021-03-22,22.94,cboe:VIX3M_History.csv
2021-03-23,23.8,cboe:VIX3M_History.csv
2021-03-24,24.4,cboe:VIX3M_History.csv
2021-03-25,23.37,cboe:VIX3M_History.csv
2021-03-26,22.32,cboe:VIX3M_History.csv
2021-03-29,23.2,cboe:VIX3M_History.csv
2021-03-30,22.31,cboe:VIX3M_History.csv
2021-03-31,22.15,cboe:VIX3M_History.csv
2021-04-01,20.97,cboe:VIX3M_History.csv
2021-04-05,20.96,cboe:VIX3M_History.csv
2021-04-06,21.16,cboe:VIX3M_History.csv
2021-04-07,20.66,cboe:VIX3M_History.csv
2021-04-08,20.59,cboe:VIX3M_History.csv
2021-04-09,20.74,cboe:VIX3M_History.csv
2021-04-12,20.82,cboe:VIX3M_History.csv
2021-04-13,20.78,cboe:VIX3M_History.csv
2021-04-14,21.06,cboe:VIX3M_History.csv
2021-04-15,20.76,cboe:VIX3M_History.csv
2021-04-16,20.53,cboe:VIX3M_History.csv
2021-04-19,21.37,cboe:VIX3M_History.csv
2021-04-20,22.35,cboe:VIX3M_History.csv
2021-04-21,21.49,cboe:VIX3M_History.csv
2021-04-22,22.52,cboe:VIX3M_History.csv
2021-04-23,21.57,cboe:VIX3M_History.csv
2021-04-26,21.54,cboe:VIX3M_History.csv
2021-04-27,21.32,cboe:VIX3M_History.csv
2021-04-28,21.13,cboe:VIX3M_History.csv
2021-04-29,21.31,cboe:VIX3M_History.csv
2021-04-30,22.07,cboe:VIX3M_History.csv
2021-05-03,21.74,cboe:VIX3M_History.csv
2021-05-04,22.67,cboe:VIX3M_History.csv
2021-05-05,22.26,cboe:VIX3M_History.csv
2021-05-06,21.88,cboe:VIX3M_History.csv
2021-05-07,20.79,cboe:VIX3M_History.csv
2021-05-10,22.4,cboe:VIX3M_History.csv
2021-05-11,24.23,cboe:VIX3M_History.csv
2021-05-12,28.18,cboe:VIX3M_History.csv
2021-05-13,25.26,cboe:VIX3M_History.csv
2021-05-14,22.26,cboe:VIX3M_History.csv
2021-05-17,23.14,cboe:VIX3M_History.csv
2021-05-18,24.22,cboe:VIX3M_History.csv
2021-05-19,25.27,cboe:VIX3M_History.csv
2021-05-20,23.81,cboe:VIX3M_History.csv
2021-05-21,23.49,cboe:VIX3M_History.csv
2021-05-24,22.23,cboe:VIX3M_History.csv
2021-05-25,22.4,cboe:VIX3M_History.csv
2021-05-26,21.3,cboe:VIX3M_History.csv
2021-05-27,20.31,cboe:VIX3M_History.csv
2021-05-28,20.48,cboe:VIX3M_History.csv
2021-06-01,21.34,cboe:VIX3M_History.csv
2021-06-02,21.42,cboe:VIX3M_History.csv
2021-06-03,21.82,cboe:VIX3M_History.csv
2021-06-04,20.62,cboe:VIX3M_History.csv
2021-06-07,20.55,cboe:VIX3M_History.csv
2021-06-08,20.85,cboe:VIX3M_History.csv
2021-06-09,21.28,cboe:VIX3M_History.csv
2021-06-10,20.08,cboe:VIX3M_History.csv
2021-06-11,19.64,cboe:VIX3M_History.csv
2021-06-14,20.14,cboe:VIX3M_History.csv
2021-06-15,20.68,cboe:VIX3M_History.csv
2021-06-16,21.26,cboe:VIX3M_History.csv
2021-06-17,20.98,cboe:VIX3M_History.csv
2021-06-18,22.93,cboe:VIX3M_History.csv
2021-06-21,21.12,cboe:VIX3M_History.csv
2021-06-22,20.07,cboe:VIX3M_History.csv
2021-06-23,19.7,cboe:VIX3M_History.csv
2021-06-24,19.26,cboe:VIX3M_History.csv
2021-06-25,19.0,cboe:VIX3M_History.csv
2021-06-28,19.02,cboe:VIX3M_History.csv
2021-06-29,19.49,cboe:VIX3M_History.csv
2021-06-30,19.51,cboe:VIX3M_History.csv
2021-07-01,19.45,cboe:VIX3M_History.csv
2021-07-02,19.3,cboe:VIX3M_History.csv
2021-07-06,20.26,cboe:VIX3M_History.csv
2021-07-07,20.41,cboe:VIX3M_History.csv
2021-07-08,21.98,cboe:VIX3M_History.csv
2021-07-09,20.44,cboe:VIX3M_History.csv
2021-07-12,20.46,cboe:VIX3M_History.csv
2021-07-13,21.13,cboe:VIX3M_History.csv
2021-07-14,20.62,cboe:VIX3M_History.csv
2021-07-15,21.09,cboe:VIX3M_History.csv
2021-07-16,22.07,cboe:VIX3M_History.csv
2021-07-19,24.9,cboe:VIX3M_History.csv
2021-07-20,23.2,cboe:VIX3M_History.csv
2021-07-21,21.87,cboe:VIX3M_History.csv
2021-07-22,21.86,cboe:VIX3M_History.csv
2021-07-23,21.65,cboe:VIX3M_History.csv
2021-07-26,21.74,cboe:VIX3M_History.csv
2021-07-27,23.0,cboe:VIX3M_History.csv
2021-07-28,22.35,cboe:VIX3M_History.csv
2021-07-29,21.88,cboe:VIX3M_History.csv
2021-07-30,22.18,cboe:VIX3M_History.csv
2021-08-02,23.05,cboe:VIX3M_History.csv
2021-08-03,22.18,cboe:VIX3M_History.csv
2021-08-04,22.17,cboe:VIX3M_History.csv
2021-08-05,21.52,cboe:VIX3M_History.csv
2021-08-06,20.87,cboe:VIX3M_History.csv
2021-08-09,21.27,cboe:VIX3M_History.csv
2021-08-10,21.21,cboe:VIX3M_History.csv
2021-08-11,20.67,cboe:VIX3M_History.csv
2021-08-12,20.25,cboe:VIX3M_History.csv
2021-08-13,20.26,cboe:VIX3M_History.csv
2021-08-16,20.64,cboe:VIX3M_History.csv
2021-08-17,21.7,cboe:VIX3M_History.csv
2021-08-18,23.8,cboe:VIX3M_History.csv
2021-08-19,24.2,cboe:VIX3M_History.csv
2021-08-20,22.41,cboe:VIX3M_History.csv
2021-08-23,21.2,cboe:VIX3M_History.csv
2021-08-24,21.22,cboe:VIX3M_History.csv
2021-08-25,20.79,cboe:VIX3M_History.csv
2021-08-26,21.86,cboe:VIX3M_History.csv
2021-08-27,20.61,cboe:VIX3M_History.csv
2021-08-30,20.4,cboe:VIX3M_History.csv
2021-08-31,20.42,cboe:VIX3M_History.csv
2021-09-01,20.08,cboe:VIX3M_History.csv
2021-09-02,20.13,cboe:VIX3M_History.csv
2021-09-03,20.32,cboe:VIX3M_History.csv
2021-09-07,21.53,cboe:VIX3M_History.csv
2021-09-08,21.59,cboe:VIX3M_History.csv
2021-09-09,22.06,cboe:VIX3M_History.csv
2021-09-10,23.31,cboe:VIX3M_History.csv
2021-09-13,22.47,cboe:VIX3M_History.csv
2021-09-14,22.55,cboe:VIX3M_History.csv
2021-09-15,21.76,cboe:VIX3M_History.csv
2021-09-16,21.81,cboe:VIX3M_History.csv
2021-09-17,23.22,cboe:VIX3M_History.csv
2021-09-20,26.4,cboe:VIX3M_History.csv
2021-09-21,25.47,cboe:VIX3M_History.csv
2021-09-22,23.05,cboe:VIX3M_History.csv
2021-09-23,21.37,cboe:VIX3M_History.csv
2021-09-24,20.82,cboe:VIX3M_History.csv
2021-09-27,21.4,cboe:VIX3M_History.csv
2021-09-28,24.03,cboe:VIX3M_History.csv
2021-09-29,23.72,cboe:VIX3M_History.csv
2021-09-30,23.87,cboe:VIX3M_History.csv
2021-10-01,23.05,cboe:VIX3M_History.csv
2021-10-04,24.11,cboe:VIX3M_History.csv
2021-10-05,23.11,cboe:VIX3M_History.csv
2021-10-06,22.84,cboe:VIX3M_History.csv
2021-10-07,22.12,cboe:VIX3M_History.csv
2021-10-08,21.88,cboe:VIX3M_History.csv
2021-10-11,22.39,cboe:VIX3M_History.csv
2021-10-12,22.33,cboe:VIX3M_History.csv
2021-10-13,21.54,cboe:VIX3M_History.csv
2021-10-14,20.37,cboe:VIX3M_History.csv
2021-10-15,20.3,cboe:VIX3M_History.csv
2021-10-18,20.29,cboe:VIX3M_History.csv
2021-10-19,19.98,cboe:VIX3M_History.csv
2021-10-20,19.87,cboe:VIX3M_History.csv
2021-10-21,19.48,cboe:VIX3M_History.csv
2021-10-22,20.01,cboe:VIX3M_History.csv
2021-10-25,19.56,cboe:VIX3M_History.csv
2021-10-26,20.11,cboe:VIX3M_History.csv
2021-10-27,20.89,cboe:VIX3M_History.csv
2021-10-28,20.48,cboe:VIX3M_History.csv
2021-10-29,20.37,cboe:VIX3M_History.csv
2021-11-01,20.39,cboe:VIX3M_History.csv
2021-11-02,20.1,cboe:VIX3M_History.csv
2021-11-03,19.5,cboe:VIX3M_History.csv
2021-11-04,19.7,cboe:VIX3M_History.csv
2021-11-05,20.49,cboe:VIX3M_History.csv
2021-11-08,20.98,cboe:VIX3M_History.csv
2021-11-09,21.41,cboe:VIX3M_History.csv
2021-11-10,22.0,cboe:VIX3M_History.csv
2021-11-11,21.38,cboe:VIX3M_History.csv
2021-11-12,20.69,cboe:VIX3M_History.csv
2021-11-15,20.87,cboe:VIX3M_History.csv
2021-11-16,20.9,cboe:VIX3M_History.csv
2021-11-17,21.58,cboe:VIX3M_History.csv
2021-11-18,21.9,cboe:VIX3M_History.csv
2021-11-19,21.92,cboe:VIX3M_History.csv
2021-11-22,22.63,cboe:VIX3M_History.csv
2021-11-23,22.45,cboe:VIX3M_History.csv
2021-11-24,21.9,cboe:VIX3M_History.csv
2021-11-26,29.17,cboe:VIX3M_History.csv
2021-11-29,25.04,cboe:VIX3M_History.csv
2021-11-30,28.13,cboe:VIX3M_History.csv
2021-12-01,30.79,cboe:VIX3M_History.csv
2021-12-02,29.15,cboe:VIX3M_History.csv
2021-12-03,31.78,cboe:VIX3M_History.csv
2021-12-06,28.88,cboe:VIX3M_History.csv
2021-12-07,24.96,cboe:VIX3M_History.csv
2021-12-08,23.63,cboe:VIX3M_History.csv
2021-12-09,24.66,cboe:VIX3M_History.csv
2021-12-10,23.18,cboe:VIX3M_History.csv
2021-12-13,24.32,cboe:VIX3M_History.csv
2021-12-14,25.35,cboe:VIX3M_History.csv
2021-12-15,23.3,cboe:VIX3M_History.csv
2021-12-16,24.37,cboe:VIX3M_History.csv
2021-12-17,25.38,cboe:VIX3M_History.csv
2021-12-20,26.31,cboe:VIX3M_History.csv
2021-12-21,25.0,cboe:VIX3M_History.csv
2021-12-22,23.56,cboe:VIX3M_History.csv
2021-12-23,23.24,cboe:VIX3M_History.csv
2021-12-27,22.74,cboe:VIX3M_History.csv
2021-12-28,22.33,cboe:VIX3M_History.csv
2021-12-29,21.83,cboe:VIX3M_History.csv
2021-12-30,21.88,cboe:VIX3M_History.csv
2021-12-31,21.88,cboe:VIX3M_History.csv
2022-01-03,21.53,cboe:VIX3M_History.csv
2022-01-04,21.62,cboe:VIX3M_History.csv
2022-01-05,23.47,cboe:VIX3M_History.csv
2022-01-06,23.5,cboe:VIX3M_History.csv
2022-01-07,22.87,cboe:VIX3M_History.csv
2022-01-10,22.68,cboe:VIX3M_History.csv
2022-01-11,21.98,cboe:VIX3M_History.csv
2022-01-12,21.58,cboe:VIX3M_History.csv
2022-01-13,23.41,cboe:VIX3M_History.csv
2022-01-14,22.82,cboe:VIX3M_History.csv
2022-01-18,25.12,cboe:VIX3M_History.csv
2022-01-19,25.81,cboe:VIX3M_History.csv
2022-01-20,27.25,cboe:VIX3M_History.csv
2022-01-21,29.95,cboe:VIX3M_History.csv
2022-01-24,30.82,cboe:VIX3M_History.csv
2022-01-25,31.76,cboe:VIX3M_History.csv
2022-01-26,31.95,cboe:VIX3M_History.csv
2022-01-27,30.87,cboe:VIX3M_History.csv
2022-01-28,28.82,cboe:VIX3M_History.csv
2022-01-31,26.85,cboe:VIX3M_History.csv
2022-02-01,24.76,cboe:VIX3M_History.csv
2022-02-02,25.14,cboe:VIX3M_History.csv
2022-02-03,26.67,cboe:VIX3M_History.csv
2022-02-04,26.25,cboe:VIX3M_History.csv
2022-02-07,25.69,cboe:VIX3M_History.csv
2022-02-08,24.54,cboe:VIX3M_History.csv
2022-02-09,23.49,cboe:VIX3M_History.csv
2022-02-10,26.07,cboe:VIX3M_History.csv
2022-02-11,28.83,cboe:VIX3M_History.csv
2022-02-14,29.44,cboe:VIX3M_History.csv
2022-02-15,27.28,cboe:VIX3M_History.csv
2022-02-16,26.26,cboe:VIX3M_History.csv
2022-02-17,29.32,cboe:VIX3M_History.csv
2022-02-18,29.22,cboe:VIX3M_History.csv
2022-02-22,29.11,cboe:VIX3M_History.csv
2022-02-23,30.88,cboe:VIX3M_History.csv
2022-02-24,30.05,cboe:VIX3M_History.csv
2022-02-25,28.04,cboe:VIX3M_History.csv
2022-02-28,29.65,cboe:VIX3M_History.csv
2022-03-01,32.59,cboe:VIX3M_History.csv
2022-03-02,30.97,cboe:VIX3M_History.csv
2022-03-03,30.8,cboe:VIX3M_History.csv
2022-03-04,32.34,cboe:VIX3M_History.csv
2022-03-07,35.74,cboe:VIX3M_History.csv
2022-03-08,35.0,cboe:VIX3M_History.csv
2022-03-09,33.06,cboe:VIX3M_History.csv
2022-03-10,31.52,cboe:VIX3M_History.csv
2022-03-11,32.34,cboe:VIX3M_History.csv
2022-03-14,33.32,cboe:VIX3M_History.csv
2022-03-15,31.96,cboe:VIX3M_History.csv
2022-03-16,28.96,cboe:VIX3M_History.csv
2022-03-17,28.22,cboe:VIX3M_History.csv
2022-03-18,26.55,cboe:VIX3M_History.csv
2022-03-21,26.38,cboe:VIX3M_History.csv
2022-03-22,25.85,cboe:VIX3M_History.csv
2022-03-23,26.41,cboe:VIX3M_History.csv
2022-03-24,25.3,cboe:VIX3M_History.csv
2022-03-25,24.72,cboe:VIX3M_History.csv
2022-03-28,24.18,cboe:VIX3M_History.csv
2022-03-29,23.19,cboe:VIX3M_History.csv
2022-03-30,23.57,cboe:VIX3M_History.csv
2022-03-31,24.46,cboe:VIX3M_History.csv
2022-04-01,24.21,cboe:VIX3M_History.csv
2022-04-04,23.03,cboe:VIX3M_History.csv
2022-04-05,24.9,cboe:VIX3M_History.csv
2022-04-06,25.8,cboe:VIX3M_History.csv
2022-04-07,25.23,cboe:VIX3M_History.csv
2022-04-08,25.17,cboe:VIX3M_History.csv
2022-04-11,27.0,cboe:VIX3M_History.csv
2022-04-12,27.17,cboe:VIX3M_History.csv
2022-04-13,25.54,cboe:VIX3M_History.csv
2022-04-14,26.03,cboe:VIX3M_History.csv
2022-04-18,25.75,cboe:VIX3M_History.csv
2022-04-19,25.06,cboe:VIX3M_History.csv
2022-04-20,24.15,cboe:VIX3M_History.csv
2022-04-21,26.11,cboe:VIX3M_History.csv
2022-04-22,29.87,cboe:VIX3M_History.csv
2022-04-25,29.07,cboe:VIX3M_History.csv
2022-04-26,33.14,cboe:VIX3M_History.csv
2022-04-27,32.2,cboe:VIX3M_History.csv
2022-04-28,31.15,cboe:VIX3M_History.csv
2022-04-29,33.18,cboe:VIX3M_History.csv
2022-05-02,33.01,cboe:VIX3M_History.csv
2022-05-03,30.81,cboe:VIX3M_History.csv
2022-05-04,28.09,cboe:VIX3M_History.csv
2022-05-05,32.68,cboe:VIX3M_History.csv
2022-05-06,32.31,cboe:VIX3M_History.csv
2022-05-09,35.05,cboe:VIX3M_History.csv
2022-05-10,33.97,cboe:VIX3M_History.csv
2022-05-11,33.63,cboe:VIX3M_History.csv
2022-05-12,33.08,cboe:VIX3M_History.csv
2022-05-13,30.7,cboe:VIX3M_History.csv
2022-05-16,29.51,cboe:VIX3M_History.csv
2022-05-17,28.37,cboe:VIX3M_History.csv
2022-05-18,32.8,cboe:VIX3M_History.csv
2022-05-19,30.79,cboe:VIX3M_History.csv
2022-05-20,31.14,cboe:VIX3M_History.csv
2022-05-23,30.29,cboe:VIX3M_History.csv
2022-05-24,30.74,cboe:VIX3M_History.csv
2022-05-25,29.73,cboe:VIX3M_History.csv
2022-05-26,29.28,cboe:VIX3M_History.csv
2022-05-27,28.02,cboe:VIX3M_History.csv
2022-05-31,27.99,cboe:VIX3M_History.csv
2022-06-01,27.72,cboe:VIX3M_History.csv
2022-06-02,27.06,cboe:VIX3M_History.csv
2022-06-03,27.33,cboe:VIX3M_History.csv
2022-06-06,27.22,cboe:VIX3M_History.csv
2022-06-07,26.52,cboe:VIX3M_History.csv
2022-06-08,26.54,cboe:VIX3M_History.csv
2022-06-09,28.01,cboe:VIX3M_History.csv
2022-06-10,29.72,cboe:VIX3M_History.csv
2022-06-13,34.24,cboe:VIX3M_History.csv
2022-06-14,33.28,cboe:VIX3M_History.csv
2022-06-15,30.78,cboe:VIX3M_History.csv
2022-06-16,33.49,cboe:VIX3M_History.csv
2022-06-17,32.36,cboe:VIX3M_History.csv
2022-06-21,31.25,cboe:VIX3M_History.csv
2022-06-22,30.24,cboe:VIX3M_History.csv
2022-06-23,30.19,cboe:VIX3M_History.csv
2022-06-24,28.95,cboe:VIX3M_History.csv
2022-06-27,28.18,cboe:VIX3M_History.csv
2022-06-28,29.15,cboe:VIX3M_History.csv
2022-06-29,29.0,cboe:VIX3M_History.csv
2022-06-30,29.71,cboe:VIX3M_History.csv
2022-07-01,28.52,cboe:VIX3M_History.csv
2022-07-05,28.9,cboe:VIX3M_History.csv
2022-07-06,28.39,cboe:VIX3M_History.csv
2022-07-07,28.03,cboe:VIX3M_History.csv
2022-07-08,27.3,cboe:VIX3M_History.csv
2022-07-11,28.25,cboe:VIX3M_History.csv
2022-07-12,28.82,cboe:VIX3M_History.csv
2022-07-13,28.56,cboe:VIX3M_History.csv
2022-07-14,28.61,cboe:VIX3M_History.csv
2022-07-15,27.08,cboe:VIX3M_History.csv
2022-07-18,27.82,cboe:VIX3M_History.csv
2022-07-19,27.31,cboe:VIX3M_History.csv
2022-07-20,26.7,cboe:VIX3M_History.csv
2022-07-21,26.22,cboe:VIX3M_History.csv
2022-07-22,25.97,cboe:VIX3M_History.csv
2022-07-25,25.8,cboe:VIX3M_History.csv
2022-07-26,26.42,cboe:VIX3M_History.csv
2022-07-27,25.31,cboe:VIX3M_History.csv
2022-07-28,24.33,cboe:VIX3M_History.csv
2022-07-29,23.79,cboe:VIX3M_History.csv
2022-08-01,24.86,cboe:VIX3M_History.csv
2022-08-02,25.66,cboe:VIX3M_History.csv
2022-08-03,24.37,cboe:VIX3M_History.csv
2022-08-04,24.32,cboe:VIX3M_History.csv
2022-08-05,24.18,cboe:VIX3M_History.csv
2022-08-08,24.48,cboe:VIX3M_History.csv
2022-08-09,24.69,cboe:VIX3M_History.csv
2022-08-10,23.46,cboe:VIX3M_History.csv
2022-08-11,23.71,cboe:VIX3M_History.csv
2022-08-12,23.31,cboe:VIX3M_History.csv
2022-08-15,23.32,cboe:VIX3M_History.csv
2022-08-16,23.32,cboe:VIX3M_History.csv
2022-08-17,23.6,cboe:VIX3M_History.csv
2022-08-18,23.39,cboe:VIX3M_History.csv
2022-08-19,24.32,cboe:VIX3M_History.csv
2022-08-22,26.0,cboe:VIX3M_History.csv
2022-08-23,25.92,cboe:VIX3M_History.csv
2022-08-24,24.89,cboe:VIX3M_History.csv
2022-08-25,24.13,cboe:VIX3M_History.csv
2022-08-26,26.56,cboe:VIX3M_History.csv
2022-08-29,26.82,cboe:VIX3M_History.csv
2022-08-30,26.91,cboe:VIX3M_History.csv
2022-08-31,26.65,cboe:VIX3M_History.csv
2022-09-01,26.43,cboe:VIX3M_History.csv
2022-09-02,26.48,cboe:VIX3M_History.csv
2022-09-06,27.59,cboe:VIX3M_History.csv
2022-09-07,26.1,cboe:VIX3M_History.csv
2022-09-08,25.52,cboe:VIX3M_History.csv
2022-09-09,25.14,cboe:VIX3M_History.csv
2022-09-12,25.37,cboe:VIX3M_History.csv
2022-09-13,27.95,cboe:VIX3M_History.csv
2022-09-14,27.46,cboe:VIX3M_History.csv
2022-09-15,27.6,cboe:VIX3M_History.csv
2022-09-16,27.63,cboe:VIX3M_History.csv
2022-09-19,27.01,cboe:VIX3M_History.csv
2022-09-20,27.88,cboe:VIX3M_History.csv
2022-09-21,28.76,cboe:VIX3M_History.csv
2022-09-22,28.22,cboe:VIX3M_History.csv
2022-09-23,30.32,cboe:VIX3M_History.csv
2022-09-26,31.77,cboe:VIX3M_History.csv
2022-09-27,32.12,cboe:VIX3M_History.csv
2022-09-28,30.58,cboe:VIX3M_History.csv
2022-09-29,31.74,cboe:VIX3M_History.csv
2022-09-30,31.86,cboe:VIX3M_History.csv
2022-10-03,30.69,cboe:VIX3M_History.csv
2022-10-04,29.67,cboe:VIX3M_History.csv
2022-10-05,29.43,cboe:VIX3M_History.csv
2022-10-06,30.79,cboe:VIX3M_History.csv
2022-10-07,32.1,cboe:VIX3M_History.csv
2022-10-10,32.73,cboe:VIX3M_History.csv
2022-10-11,33.36,cboe:VIX3M_History.csv
2022-10-12,33.13,cboe:VIX3M_History.csv
2022-10-13,31.8,cboe:VIX3M_History.csv
2022-10-14,32.45,cboe:VIX3M_History.csv
2022-10-17,31.74,cboe:VIX3M_History.csv
2022-10-18,30.98,cboe:VIX3M_History.csv
2022-10-19,31.35,cboe:VIX3M_History.csv
2022-10-20,30.81,cboe:VIX3M_History.csv
2022-10-21,30.47,cboe:VIX3M_History.csv
2022-10-24,30.33,cboe:VIX3M_History.csv
2022-10-25,29.29,cboe:VIX3M_History.csv
2022-10-26,28.46,cboe:VIX3M_History.csv
2022-10-27,28.28,cboe:VIX3M_History.csv
2022-10-28,26.9,cboe:VIX3M_History.csv
2022-10-31,26.92,cboe:VIX3M_History.csv
2022-11-01,26.69,cboe:VIX3M_History.csv
2022-11-02,27.22,cboe:VIX3M_History.csv
2022-11-03,26.7,cboe:VIX3M_History.csv
2022-11-04,26.39,cboe:VIX3M_History.csv
2022-11-07,26.26,cboe:VIX3M_History.csv
2022-11-08,27.1,cboe:VIX3M_History.csv
2022-11-09,27.91,cboe:VIX3M_History.csv
2022-11-10,26.18,cboe:VIX3M_History.csv
2022-11-11,25.74,cboe:VIX3M_History.csv
2022-11-14,26.13,cboe:VIX3M_History.csv
2022-11-15,26.59,cboe:VIX3M_History.csv
2022-11-16,26.03,cboe:VIX3M_History.csv
2022-11-17,25.83,cboe:VIX3M_History.csv
2022-11-18,25.33,cboe:VIX3M_History.csv
2022-11-21,24.72,cboe:VIX3M_History.csv
2022-11-22,23.83,cboe:VIX3M_History.csv
2022-11-23,23.38,cboe:VIX3M_History.csv
2022-11-25,23.59,cboe:VIX3M_History.csv
2022-11-28,24.9,cboe:VIX3M_History.csv
2022-11-29,24.65,cboe:VIX3M_History.csv
2022-11-30,23.53,cboe:VIX3M_History.csv
2022-12-01,23.31,cboe:VIX3M_History.csv
2022-12-02,22.96,cboe:VIX3M_History.csv
2022-12-05,23.89,cboe:VIX3M_History.csv
2022-12-06,24.72,cboe:VIX3M_History.csv
2022-12-07,25.18,cboe:VIX3M_History.csv
2022-12-08,24.73,cboe:VIX3M_History.csv
2022-12-09,25.21,cboe:VIX3M_History.csv
2022-12-12,25.67,cboe:VIX3M_History.csv
2022-12-13,24.29,cboe:VIX3M_History.csv
2022-12-14,23.46,cboe:VIX3M_History.csv
2022-12-15,25.08,cboe:VIX3M_History.csv
2022-12-16,25.15,cboe:VIX3M_History.csv
2022-12-19,25.08,cboe:VIX3M_History.csv
2022-12-20,24.4,cboe:VIX3M_History.csv
2022-12-21,23.35,cboe:VIX3M_History.csv
2022-12-22,24.78,cboe:VIX3M_History.csv
2022-12-23,24.13,cboe:VIX3M_History.csv
2022-12-27,24.43,cboe:VIX3M_History.csv
2022-12-28,24.58,cboe:VIX3M_History.csv
2022-12-29,23.95,cboe:VIX3M_History.csv
2022-12-30,24.29,cboe:VIX3M_History.csv
2023-01-03,24.58,cboe:VIX3M_History.csv
2023-01-04,23.81,cboe:VIX3M_History.csv
2023-01-05,24.07,cboe:VIX3M_History.csv
2023-01-06,23.18,cboe:VIX3M_History.csv
2023-01-09,23.74,cboe:VIX3M_History.csv
2023-01-10,22.74,cboe:VIX3M_History.csv
2023-01-11,22.74,cboe:VIX3M_History.csv
2023-01-12,21.58,cboe:VIX3M_History.csv
2023-01-13,21.14,cboe:VIX3M_History.csv
2023-01-17,21.45,cboe:VIX3M_History.csv
2023-01-18,22.27,cboe:VIX3M_History.csv
2023-01-19,22.45,cboe:VIX3M_History.csv
2023-01-20,21.72,cboe:VIX3M_History.csv
2023-01-23,21.6,cboe:VIX3M_History.csv
2023-01-24,20.91,cboe:VIX3M_History.csv
2023-01-25,20.94,cboe:VIX3M_History.csv
2023-01-26,20.7,cboe:VIX3M_History.csv
2023-01-27,20.47,cboe:VIX3M_History.csv
2023-01-30,21.37,cboe:VIX3M_History.csv
2023-01-31,20.81,cboe:VIX3M_History.csv
2023-02-01,19.97,cboe:VIX3M_History.csv
2023-02-02,20.84,cboe:VIX3M_History.csv
2023-02-03,20.78,cboe:VIX3M_History.csv
2023-02-06,21.43,cboe:VIX3M_History.csv
2023-02-07,20.78,cboe:VIX3M_History.csv
2023-02-08,21.82,cboe:VIX3M_History.csv
2023-02-09,22.5,cboe:VIX3M_History.csv
2023-02-10,22.55,cboe:VIX3M_History.csv
2023-02-13,21.97,cboe:VIX3M_History.csv
2023-02-14,21.14,cboe:VIX3M_History.csv
2023-02-15,20.68,cboe:VIX3M_History.csv
2023-02-16,21.88,cboe:VIX3M_History.csv
2023-02-17,21.77,cboe:VIX3M_History.csv
2023-02-21,23.38,cboe:VIX3M_History.csv
2023-02-22,22.68,cboe:VIX3M_History.csv
2023-02-23,21.74,cboe:VIX3M_History.csv
2023-02-24,22.43,cboe:VIX3M_History.csv
2023-02-27,21.59,cboe:VIX3M_History.csv
2023-02-28,21.32,cboe:VIX3M_History.csv
2023-03-01,21.36,cboe:VIX3M_History.csv
2023-03-02,20.63,cboe:VIX3M_History.csv
2023-03-03,19.98,cboe:VIX3M_History.csv
2023-03-06,19.99,cboe:VIX3M_History.csv
2023-03-07,20.59,cboe:VIX3M_History.csv
2023-03-08,20.19,cboe:VIX3M_History.csv
2023-03-09,22.87,cboe:VIX3M_History.csv
2023-03-10,25.39,cboe:VIX3M_History.csv
2023-03-13,26.64,cboe:VIX3M_History.csv
2023-03-14,24.87,cboe:VIX3M_History.csv
2023-03-15,27.2,cboe:VIX3M_History.csv
2023-03-16,24.56,cboe:VIX3M_History.csv
2023-03-17,27.42,cboe:VIX3M_History.csv
2023-03-20,25.85,cboe:VIX3M_History.csv
2023-03-21,23.57,cboe:VIX3M_History.csv
2023-03-22,24.38,cboe:VIX3M_History.csv
2023-03-23,24.53,cboe:VIX3M_History.csv
2023-03-24,23.96,cboe:VIX3M_History.csv
2023-03-27,22.87,cboe:VIX3M_History.csv
2023-03-28,22.38,cboe:VIX3M_History.csv
2023-03-29,21.49,cboe:VIX3M_History.csv
2023-03-30,21.45,cboe:VIX3M_History.csv
2023-03-31,21.23,cboe:VIX3M_History.csv
2023-04-03,20.83,cboe:VIX3M_History.csv
2023-04-04,21.34,cboe:VIX3M_History.csv
2023-04-05,21.48,cboe:VIX3M_History.csv
2023-04-06,21.0,cboe:VIX3M_History.csv
2023-04-10,21.07,cboe:VIX3M_History.csv
2023-04-11,21.01,cboe:VIX3M_History.csv
2023-04-12,21.05,cboe:VIX3M_History.csv
2023-04-13,20.26,cboe:VIX3M_History.csv
2023-04-14,20.03,cboe:VIX3M_History.csv
2023-04-17,19.65,cboe:VIX3M_History.csv
2023-04-18,19.82,cboe:VIX3M_History.csv
2023-04-19,20.02,cboe:VIX3M_History.csv
2023-04-20,20.55,cboe:VIX3M_History.csv
2023-04-21,20.39,cboe:VIX3M_History.csv
2023-04-24,20.4,cboe:VIX3M_History.csv
2023-04-25,21.65,cboe:VIX3M_History.csv
2023-04-26,21.54,cboe:VIX3M_History.csv
2023-04-27,20.37,cboe:VIX3M_History.csv
2023-04-28,19.54,cboe:VIX3M_History.csv
2023-05-01,19.67,cboe:VIX3M_History.csv
2023-05-02,20.75,cboe:VIX3M_History.csv
2023-05-03,21.29,cboe:VIX3M_History.csv
2023-05-04,22.77,cboe:VIX3M_History.csv
2023-05-05,20.78,cboe:VIX3M_History.csv
2023-05-08,20.71,cboe:VIX3M_History.csv
2023-05-09,21.17,cboe:VIX3M_History.csv
2023-05-10,20.69,cboe:VIX3M_History.csv
2023-05-11,20.62,cboe:VIX3M_History.csv
2023-05-12,20.66,cboe:VIX3M_History.csv
2023-05-15,20.31,cboe:VIX3M_History.csv
2023-05-16,20.9,cboe:VIX3M_History.csv
2023-05-17,20.05,cboe:VIX3M_History.csv
2023-05-18,19.33,cboe:VIX3M_History.csv
2023-05-19,20.04,cboe:VIX3M_History.csv
2023-05-22,20.36,cboe:VIX3M_History.csv
2023-05-23,21.06,cboe:VIX3M_History.csv
2023-05-24,22.02,cboe:VIX3M_History.csv
2023-05-25,21.38,cboe:VIX3M_History.csv
2023-05-26,20.44,cboe:VIX3M_History.csv
2023-05-30,20.13,cboe:VIX3M_History.csv
2023-05-31,20.21,cboe:VIX3M_History.csv
2023-06-01,18.75,cboe:VIX3M_History.csv
2023-06-02,17.92,cboe:VIX3M_History.csv
2023-06-05,17.9,cboe:VIX3M_History.csv
2023-06-06,17.04,cboe:VIX3M_History.csv
2023-06-07,17.14,cboe:VIX3M_History.csv
2023-06-08,16.86,cboe:VIX3M_History.csv
2023-06-09,16.96,cboe:VIX3M_History.csv
2023-06-12,17.28,cboe:VIX3M_History.csv
2023-06-13,17.23,cboe:VIX3M_History.csv
2023-06-14,16.86,cboe:VIX3M_History.csv
2023-06-15,17.18,cboe:VIX3M_History.csv
2023-06-16,16.75,cboe:VIX3M_History.csv
2023-06-20,17.3,cboe:VIX3M_History.csv
2023-06-21,16.89,cboe:VIX3M_History.csv
2023-06-22,16.56,cboe:VIX3M_History.csv
2023-06-23,16.87,cboe:VIX3M_History.csv
2023-06-26,17.05,cboe:VIX3M_History.csv
2023-06-27,16.44,cboe:VIX3M_History.csv
2023-06-28,15.9,cboe:VIX3M_History.csv
2023-06-29,16.1,cboe:VIX3M_History.csv
2023-06-30,16.02,cboe:VIX3M_History.csv
2023-07-03,16.07,cboe:VIX3M_History.csv
2023-07-05,16.51,cboe:VIX3M_History.csv
2023-07-06,17.52,cboe:VIX3M_History.csv
2023-07-07,17.24,cboe:VIX3M_History.csv
2023-07-10,17.25,cboe:VIX3M_History.csv
2023-07-11,16.97,cboe:VIX3M_History.csv
2023-07-12,16.11,cboe:VIX3M_History.csv
2023-07-13,16.12,cboe:VIX3M_History.csv
2023-07-14,16.04,cboe:VIX3M_History.csv
2023-07-17,16.27,cboe:VIX3M_History.csv
2023-07-18,16.13,cboe:VIX3M_History.csv
2023-07-19,16.56,cboe:VIX3M_History.csv
2023-07-20,16.66,cboe:VIX3M_History.csv
2023-07-21,16.4,cboe:VIX3M_History.csv
2023-07-24,16.26,cboe:VIX3M_History.csv
2023-07-25,16.22,cboe:VIX3M_History.csv
2023-07-26,15.79,cboe:VIX3M_History.csv
2023-07-27,16.63,cboe:VIX3M_History.csv
2023-07-28,15.92,cboe:VIX3M_History.csv
2023-07-31,16.01,cboe:VIX3M_History.csv
2023-08-01,16.34,cboe:VIX3M_History.csv
2023-08-02,17.96,cboe:VIX3M_History.csv
2023-08-03,17.72,cboe:VIX3M_History.csv
2023-08-04,18.61,cboe:VIX3M_History.csv
2023-08-07,17.72,cboe:VIX3M_History.csv
2023-08-08,18.13,cboe:VIX3M_History.csv
2023-08-09,18.05,cboe:VIX3M_History.csv
2023-08-10,18.16,cboe:VIX3M_History.csv
2023-08-11,17.56,cboe:VIX3M_History.csv
2023-08-14,17.41,cboe:VIX3M_History.csv
2023-08-15,18.59,cboe:VIX3M_History.csv
2023-08-16,18.97,cboe:VIX3M_History.csv
2023-08-17,19.83,cboe:VIX3M_History.csv
2023-08-18,19.24,cboe:VIX3M_History.csv
2023-08-21,18.77,cboe:VIX3M_History.csv
2023-08-22,18.72,cboe:VIX3M_History.csv
2023-08-23,17.94,cboe:VIX3M_History.csv
2023-08-24,18.75,cboe:VIX3M_History.csv
2023-08-25,17.72,cboe:VIX3M_History.csv
2023-08-28,17.12,cboe:VIX3M_History.csv
2023-08-29,16.56,cboe:VIX3M_History.csv
2023-08-30,16.18,cboe:VIX3M_History.csv
2023-08-31,15.92,cboe:VIX3M_History.csv
2023-09-01,15.74,cboe:VIX3M_History.csv
2023-09-05,16.24,cboe:VIX3M_History.csv
2023-09-06,16.61,cboe:VIX3M_History.csv
2023-09-07,16.58,cboe:VIX3M_History.csv
2023-09-08,16.14,cboe:VIX3M_History.csv
2023-09-11,16.02,cboe:VIX3M_History.csv
2023-09-12,16.25,cboe:VIX3M_History.csv
2023-09-13,15.92,cboe:VIX3M_History.csv
2023-09-14,15.34,cboe:VIX3M_History.csv
2023-09-15,16.02,cboe:VIX3M_History.csv
2023-09-18,16.13,cboe:VIX3M_History.csv
2023-09-19,16.13,cboe:VIX3M_History.csv
2023-09-20,16.81,cboe:VIX3M_History.csv
2023-09-21,18.24,cboe:VIX3M_History.csv
2023-09-22,18.09,cboe:VIX3M_History.csv
2023-09-25,18.02,cboe:VIX3M_History.csv
2023-09-26,19.72,cboe:VIX3M_History.csv
2023-09-27,19.11,cboe:VIX3M_History.csv
2023-09-28,18.38,cboe:VIX3M_History.csv
2023-09-29,18.51,cboe:VIX3M_History.csv
2023-10-02,18.62,cboe:VIX3M_History.csv
2023-10-03,20.41,cboe:VIX3M_History.csv
2023-10-04,19.52,cboe:VIX3M_History.csv
2023-10-05,19.5,cboe:VIX3M_History.csv
2023-10-06,18.73,cboe:VIX3M_History.csv
2023-10-09,18.81,cboe:VIX3M_History.csv
2023-10-10,18.27,cboe:VIX3M_History.csv
2023-10-11,17.63,cboe:VIX3M_History.csv
2023-10-12,18.09,cboe:VIX3M_History.csv
2023-10-13,20.57,cboe:VIX3M_History.csv
2023-10-16,18.79,cboe:VIX3M_History.csv
2023-10-17,19.26,cboe:VIX3M_History.csv
2023-10-18,20.47,cboe:VIX3M_History.csv
2023-10-19,22.19,cboe:VIX3M_History.csv
2023-10-20,22.44,cboe:VIX3M_History.csv
2023-10-23,21.33,cboe:VIX3M_History.csv
2023-10-24,20.21,cboe:VIX3M_History.csv
2023-10-25,21.33,cboe:VIX3M_History.csv
2023-10-26,21.57,cboe:VIX3M_History.csv
2023-10-27,22.27,cboe:VIX3M_History.csv
2023-10-30,20.8,cboe:VIX3M_History.csv
2023-10-31,19.49,cboe:VIX3M_History.csv
2023-11-01,18.55,cboe:VIX3M_History.csv
2023-11-02,17.8,cboe:VIX3M_History.csv
2023-11-03,17.22,cboe:VIX3M_History.csv
2023-11-06,17.03,cboe:VIX3M_History.csv
2023-11-07,16.92,cboe:VIX3M_History.csv
2023-11-08,16.64,cboe:VIX3M_History.csv
2023-11-09,17.3,cboe:VIX3M_History.csv
2023-11-10,16.52,cboe:VIX3M_History.csv
2023-11-13,16.61,cboe:VIX3M_History.csv
2023-11-14,16.29,cboe:VIX3M_History.csv
2023-11-15,16.28,cboe:VIX3M_History.csv
2023-11-16,16.14,cboe:VIX3M_History.csv
2023-11-17,15.85,cboe:VIX3M_History.csv
2023-11-20,15.69,cboe:VIX3M_History.csv
2023-11-21,15.5,cboe:VIX3M_History.csv
2023-11-22,15.48,cboe:VIX3M_History.csv
2023-11-24,15.12,cboe:VIX3M_History.csv
2023-11-27,15.34,cboe:VIX3M_History.csv
2023-11-28,15.24,cboe:VIX3M_History.csv
2023-11-29,15.51,cboe:VIX3M_History.csv
2023-11-30,15.44,cboe:VIX3M_History.csv
2023-12-01,15.36,cboe:VIX3M_History.csv
2023-12-04,15.68,cboe:VIX3M_History.csv
2023-12-05,15.57,cboe:VIX3M_History.csv
2023-12-06,15.74,cboe:VIX3M_History.csv
2023-12-07,15.65,cboe:VIX3M_History.csv
2023-12-08,15.16,cboe:VIX3M_History.csv
2023-12-11,15.19,cboe:VIX3M_History.csv
2023-12-12,14.83,cboe:VIX3M_History.csv
2023-12-13,14.66,cboe:VIX3M_History.csv
2023-12-14,14.79,cboe:VIX3M_History.csv
2023-12-15,15.13,cboe:VIX3M_History.csv
2023-12-18,15.47,cboe:VIX3M_History.csv
2023-12-19,15.64,cboe:VIX3M_History.csv
2023-12-20,16.58,cboe:VIX3M_History.csv
2023-12-21,16.3,cboe:VIX3M_History.csv
2023-12-22,15.99,cboe:VIX3M_History.csv
2023-12-26,15.88,cboe:VIX3M_History.csv
2023-12-27,15.27,cboe:VIX3M_History.csv
2023-12-28,15.23,cboe:VIX3M_History.csv
2023-12-29,15.26,cboe:VIX3M_History.csv
2024-01-02,15.48,cboe:VIX3M_History.csv
2024-01-03,16.04,cboe:VIX3M_History.csv
2024-01-04,16.04,cboe:VIX3M_History.csv
2024-01-05,15.51,cboe:VIX3M_History.csv
2024-01-08,15.14,cboe:VIX3M_History.csv
2024-01-09,14.9,cboe:VIX3M_History.csv
2024-01-10,14.73,cboe:VIX3M_History.csv
2024-01-11,14.56,cboe:VIX3M_History.csv
2024-01-12,14.94,cboe:VIX3M_History.csv
2024-01-16,15.74,cboe:VIX3M_History.csv
2024-01-17,16.38,cboe:VIX3M_History.csv
2024-01-18,15.84,cboe:VIX3M_History.csv
2024-01-19,15.26,cboe:VIX3M_History.csv
2024-01-22,14.97,cboe:VIX3M_History.csv
2024-01-23,14.52,cboe:VIX3M_History.csv
2024-01-24,14.97,cboe:VIX3M_History.csv
2024-01-25,15.1,cboe:VIX3M_History.csv
2024-01-26,15.03,cboe:VIX3M_History.csv
2024-01-29,15.22,cboe:VIX3M_History.csv
2024-01-30,15.14,cboe:VIX3M_History.csv
2024-01-31,15.96,cboe:VIX3M_History.csv
2024-02-01,15.5,cboe:VIX3M_History.csv
2024-02-02,15.61,cboe:VIX3M_History.csv
2024-02-05,15.33,cboe:VIX3M_History.csv
2024-02-06,14.99,cboe:VIX3M_History.csv
2024-02-07,14.85,cboe:VIX3M_History.csv
2024-02-08,14.93,cboe:VIX3M_History.csv
2024-02-09,15.08,cboe:VIX3M_History.csv
2024-02-12,15.67,cboe:VIX3M_History.csv
2024-02-13,16.82,cboe:VIX3M_History.csv
2024-02-14,15.93,cboe:VIX3M_History.csv
2024-02-15,15.76,cboe:VIX3M_History.csv
2024-02-16,15.86,cboe:VIX3M_History.csv
2024-02-20,16.41,cboe:VIX3M_History.csv
2024-02-21,16.23,cboe:VIX3M_History.csv
2024-02-22,15.77,cboe:VIX3M_History.csv
2024-02-23,15.25,cboe:VIX3M_History.csv
2024-02-26,15.22,cboe:VIX3M_History.csv
2024-02-27,14.89,cboe:VIX3M_History.csv
2024-02-28,15.22,cboe:VIX3M_History.csv
2024-02-29,14.93,cboe:VIX3M_History.csv
2024-03-01,14.93,cboe:VIX3M_History.csv
2024-03-04,15.23,cboe:VIX3M_History.csv
2024-03-05,15.91,cboe:VIX3M_History.csv
2024-03-06,15.97,cboe:VIX3M_History.csv
2024-03-07,15.91,cboe:VIX3M_History.csv
2024-03-08,16.3,cboe:VIX3M_History.csv
2024-03-11,16.46,cboe:VIX3M_History.csv
2024-03-12,15.66,cboe:VIX3M_History.csv
2024-03-13,15.6,cboe:VIX3M_History.csv
2024-03-14,16.12,cboe:VIX3M_History.csv
2024-03-15,16.41,cboe:VIX3M_History.csv
2024-03-18,16.22,cboe:VIX3M_History.csv
2024-03-19,15.77,cboe:VIX3M_History.csv
2024-03-20,15.28,cboe:VIX3M_History.csv
2024-03-21,15.18,cboe:VIX3M_History.csv
2024-03-22,15.3,cboe:VIX3M_History.csv
2024-03-25,15.38,cboe:VIX3M_History.csv
2024-03-26,15.29,cboe:VIX3M_History.csv
2024-03-27,15.01,cboe:VIX3M_History.csv
2024-03-28,15.19,cboe:VIX3M_History.csv
2024-04-01,15.52,cboe:VIX3M_History.csv
2024-04-02,16.09,cboe:VIX3M_History.csv
2024-04-03,15.91,cboe:VIX3M_History.csv
2024-04-04,17.16,cboe:VIX3M_History.csv
2024-04-05,17.18,cboe:VIX3M_History.csv
2024-04-08,16.56,cboe:VIX3M_History.csv
2024-04-09,16.42,cboe:VIX3M_History.csv
2024-04-10,17.04,cboe:VIX3M_History.csv
2024-04-11,16.49,cboe:VIX3M_History.csv
2024-04-12,18.2,cboe:VIX3M_History.csv
2024-04-15,19.55,cboe:VIX3M_History.csv
2024-04-16,18.84,cboe:VIX3M_History.csv
2024-04-17,18.77,cboe:VIX3M_History.csv
2024-04-18,18.66,cboe:VIX3M_History.csv
2024-04-19,19.25,cboe:VIX3M_History.csv
2024-04-22,17.63,cboe:VIX3M_History.csv
2024-04-23,16.68,cboe:VIX3M_History.csv
2024-04-24,16.84,cboe:VIX3M_History.csv
2024-04-25,16.37,cboe:VIX3M_History.csv
2024-04-26,16.27,cboe:VIX3M_History.csv
2024-04-29,16.0,cboe:VIX3M_History.csv
2024-04-30,16.59,cboe:VIX3M_History.csv
2024-05-01,16.57,cboe:VIX3M_History.csv
2024-05-02,16.05,cboe:VIX3M_History.csv
2024-05-03,15.27,cboe:VIX3M_History.csv
2024-05-06,15.02,cboe:VIX3M_History.csv
2024-05-07,14.95,cboe:VIX3M_History.csv
2024-05-08,14.9,cboe:VIX3M_History.csv
2024-05-09,14.71,cboe:VIX3M_History.csv
2024-05-10,14.66,cboe:VIX3M_History.csv
2024-05-13,14.89,cboe:VIX3M_History.csv
2024-05-14,14.7,cboe:VIX3M_History.csv
2024-05-15,14.08,cboe:VIX3M_History.csv
2024-05-16,14.22,cboe:VIX3M_History.csv
2024-05-17,13.99,cboe:VIX3M_History.csv
2024-05-20,14.11,cboe:VIX3M_History.csv
2024-05-21,13.95,cboe:VIX3M_History.csv
2024-05-22,14.31,cboe:VIX3M_History.csv
2024-05-23,14.67,cboe:VIX3M_History.csv
2024-05-24,14.17,cboe:VIX3M_History.csv
2024-05-28,14.72,cboe:VIX3M_History.csv
2024-05-29,15.45,cboe:VIX3M_History.csv
2024-05-30,15.59,cboe:VIX3M_History.csv
2024-05-31,14.66,cboe:VIX3M_History.csv
2024-06-03,14.8,cboe:VIX3M_History.csv
2024-06-04,14.88,cboe:VIX3M_History.csv
2024-06-05,14.54,cboe:VIX3M_History.csv
2024-06-06,14.54,cboe:VIX3M_History.csv
2024-06-07,14.41,cboe:VIX3M_History.csv
2024-06-10,14.6,cboe:VIX3M_History.csv
2024-06-11,14.49,cboe:VIX3M_History.csv
2024-06-12,14.12,cboe:VIX3M_History.csv
2024-06-13,14.17,cboe:VIX3M_History.csv
2024-06-14,14.84,cboe:VIX3M_History.csv
2024-06-17,14.79,cboe:VIX3M_History.csv
2024-06-18,14.69,cboe:VIX3M_History.csv
2024-06-20,15.41,cboe:VIX3M_History.csv
2024-06-21,15.17,cboe:VIX3M_History.csv
2024-06-24,15.23,cboe:VIX3M_History.csv
2024-06-25,14.86,cboe:VIX3M_History.csv
2024-06-26,14.71,cboe:VIX3M_History.csv
2024-06-27,14.42,cboe:VIX3M_History.csv
2024-06-28,14.52,cboe:VIX3M_History.csv
2024-07-01,14.19,cboe:VIX3M_History.csv
2024-07-02,14.01,cboe:VIX3M_History.csv
2024-07-03,14.02,cboe:VIX3M_History.csv
2024-07-05,14.35,cboe:VIX3M_History.csv
2024-07-08,14.29,cboe:VIX3M_History.csv
2024-07-09,14.39,cboe:VIX3M_History.csv
2024-07-10,14.5,cboe:VIX3M_History.csv
2024-07-11,14.67,cboe:VIX3M_History.csv
2024-07-12,14.37,cboe:VIX3M_History.csv
2024-07-15,14.87,cboe:VIX3M_History.csv
2024-07-16,14.91,cboe:VIX3M_History.csv
2024-07-17,15.79,cboe:VIX3M_History.csv
2024-07-18,16.56,cboe:VIX3M_History.csv
2024-07-19,17.16,cboe:VIX3M_History.csv
2024-07-22,16.09,cboe:VIX3M_History.csv
2024-07-23,16.01,cboe:VIX3M_History.csv
2024-07-24,18.43,cboe:VIX3M_History.csv
2024-07-25,18.69,cboe:VIX3M_History.csv
2024-07-26,17.24,cboe:VIX3M_History.csv
2024-07-29,17.16,cboe:VIX3M_History.csv
2024-07-30,18.01,cboe:VIX3M_History.csv
2024-07-31,16.97,cboe:VIX3M_History.csv
2024-08-01,19.14,cboe:VIX3M_History.csv
2024-08-02,23.34,cboe:VIX3M_History.csv
2024-08-05,33.71,cboe:VIX3M_History.csv
2024-08-06,26.76,cboe:VIX3M_History.csv
2024-08-07,27.01,cboe:VIX3M_History.csv
2024-08-08,24.13,cboe:VIX3M_History.csv
2024-08-09,21.18,cboe:VIX3M_History.csv
2024-08-12,21.63,cboe:VIX3M_History.csv
2024-08-13,19.86,cboe:VIX3M_History.csv
2024-08-14,18.45,cboe:VIX3M_History.csv
2024-08-15,17.88,cboe:VIX3M_History.csv
2024-08-16,17.81,cboe:VIX3M_History.csv
2024-08-19,17.59,cboe:VIX3M_History.csv
2024-08-20,18.28,cboe:VIX3M_History.csv
2024-08-21,18.58,cboe:VIX3M_History.csv
2024-08-22,19.36,cboe:VIX3M_History.csv
2024-08-23,18.19,cboe:VIX3M_History.csv
2024-08-26,18.25,cboe:VIX3M_History.csv
2024-08-27,17.73,cboe:VIX3M_History.csv
2024-08-28,18.9,cboe:VIX3M_History.csv
2024-08-29,18.0,cboe:VIX3M_History.csv
2024-08-30,17.43,cboe:VIX3M_History.csv
2024-09-03,21.7,cboe:VIX3M_History.csv
2024-09-04,22.07,cboe:VIX3M_History.csv
2024-09-05,20.93,cboe:VIX3M_History.csv
2024-09-06,22.74,cboe:VIX3M_History.csv
2024-09-09,20.88,cboe:VIX3M_History.csv
2024-09-10,20.55,cboe:VIX3M_History.csv
2024-09-11,19.59,cboe:VIX3M_History.csv
2024-09-12,19.48,cboe:VIX3M_History.csv
2024-09-13,19.28,cboe:VIX3M_History.csv
2024-09-16,19.81,cboe:VIX3M_History.csv
2024-09-17,20.13,cboe:VIX3M_History.csv
2024-09-18,20.35,cboe:VIX3M_History.csv
2024-09-19,19.07,cboe:VIX3M_History.csv
2024-09-20,18.94,cboe:VIX3M_History.csv
2024-09-23,18.7,cboe:VIX3M_History.csv
2024-09-24,18.47,cboe:VIX3M_History.csv
2024-09-25,18.57,cboe:VIX3M_History.csv
2024-09-26,18.45,cboe:VIX3M_History.csv
2024-09-27,19.54,cboe:VIX3M_History.csv
2024-09-30,19.22,cboe:VIX3M_History.csv
2024-10-01,20.89,cboe:VIX3M_History.csv
2024-10-02,20.59,cboe:VIX3M_History.csv
2024-10-03,21.63,cboe:VIX3M_History.csv
2024-10-04,20.65,cboe:VIX3M_History.csv
2024-10-07,22.59,cboe:VIX3M_History.csv
2024-10-08,21.52,cboe:VIX3M_History.csv
2024-10-09,20.91,cboe:VIX3M_History.csv
2024-10-10,21.02,cboe:VIX3M_History.csv
2024-10-11,20.77,cboe:VIX3M_History.csv
2024-10-14,20.12,cboe:VIX3M_History.csv
2024-10-15,20.8,cboe:VIX3M_History.csv
2024-10-16,20.32,cboe:VIX3M_History.csv
2024-10-17,19.81,cboe:VIX3M_History.csv
2024-10-18,19.19,cboe:VIX3M_History.csv
2024-10-21,19.24,cboe:VIX3M_History.csv
2024-10-22,19.17,cboe:VIX3M_History.csv
2024-10-23,20.04,cboe:VIX3M_History.csv
2024-10-24,19.85,cboe:VIX3M_History.csv
2024-10-25,20.94,cboe:VIX3M_History.csv
2024-10-28,20.17,cboe:VIX3M_History.csv
2024-10-29,19.96,cboe:VIX3M_History.csv
2024-10-30,20.76,cboe:VIX3M_History.csv
2024-10-31,22.64,cboe:VIX3M_History.csv
2024-11-01,21.91,cboe:VIX3M_History.csv
2024-11-04,21.57,cboe:VIX3M_History.csv
2024-11-05,20.19,cboe:VIX3M_History.csv
2024-11-06,17.67,cboe:VIX3M_History.csv
2024-11-07,16.95,cboe:VIX3M_History.csv
2024-11-08,16.83,cboe:VIX3M_History.csv
2024-11-11,16.8,cboe:VIX3M_History.csv
2024-11-12,16.71,cboe:VIX3M_History.csv
2024-11-13,16.51,cboe:VIX3M_History.csv
2024-11-14,16.68,cboe:VIX3M_History.csv
2024-11-15,17.81,cboe:VIX3M_History.csv
2024-11-18,17.19,cboe:VIX3M_History.csv
2024-11-19,17.69,cboe:VIX3M_History.csv
2024-11-20,18.26,cboe:VIX3M_History.csv
2024-11-21,18.18,cboe:VIX3M_History.csv
2024-11-22,17.3,cboe:VIX3M_History.csv
2024-11-25,16.87,cboe:VIX3M_History.csv
2024-11-26,16.53,cboe:VIX3M_History.csv
2024-11-27,16.6,cboe:VIX3M_History.csv
2024-11-29,16.26,cboe:VIX3M_History.csv
2024-12-02,16.34,cboe:VIX3M_History.csv
2024-12-03,16.24,cboe:VIX3M_History.csv
2024-12-04,16.39,cboe:VIX3M_History.csv
2024-12-05,16.58,cboe:VIX3M_History.csv
2024-12-06,16.32,cboe:VIX3M_History.csv
2024-12-09,17.09,cboe:VIX3M_History.csv
2024-12-10,16.98,cboe:VIX3M_History.csv
2024-12-11,16.88,cboe:VIX3M_History.csv
2024-12-12,17.35,cboe:VIX3M_History.csv
2024-12-13,17.15,cboe:VIX3M_History.csv
2024-12-16,17.57,cboe:VIX3M_History.csv
2024-12-17,18.13,cboe:VIX3M_History.csv
2024-12-18,24.24,cboe:VIX3M_History.csv
2024-12-19,24.14,cboe:VIX3M_History.csv
2024-12-20,20.1,cboe:VIX3M_History.csv
2024-12-23,18.65,cboe:VIX3M_History.csv
2024-12-24,17.2,cboe:VIX3M_History.csv
2024-12-26,17.36,cboe:VIX3M_History.csv
2024-12-27,18.07,cboe:VIX3M_History.csv
2024-12-30,18.94,cboe:VIX3M_History.csv
2024-12-31,18.98,cboe:VIX3M_History.csv
2025-01-02,19.33,cboe:VIX3M_History.csv
2025-01-03,18.14,cboe:VIX3M_History.csv
2025-01-06,18.03,cboe:VIX3M_History.csv
2025-01-07,19.19,cboe:VIX3M_History.csv
2025-01-08,19.34,cboe:VIX3M_History.csv
2025-01-10,20.97,cboe:VIX3M_History.csv
2025-01-13,20.43,cboe:VIX3M_History.csv
2025-01-14,19.99,cboe:VIX3M_History.csv
2025-01-15,18.23,cboe:VIX3M_History.csv
2025-01-16,18.35,cboe:VIX3M_History.csv
2025-01-17,18.19,cboe:VIX3M_History.csv
2025-01-21,17.5,cboe:VIX3M_History.csv
2025-01-22,17.81,cboe:VIX3M_History.csv
2025-01-23,17.52,cboe:VIX3M_History.csv
2025-01-24,17.55,cboe:VIX3M_History.csv
2025-01-27,18.97,cboe:VIX3M_History.csv
2025-01-28,18.13,cboe:VIX3M_History.csv
2025-01-29,18.15,cboe:VIX3M_History.csv
2025-01-30,17.91,cboe:VIX3M_History.csv
2025-01-31,18.43,cboe:VIX3M_History.csv
2025-02-03,19.55,cboe:VIX3M_History.csv
2025-02-04,18.64,cboe:VIX3M_History.csv
2025-02-05,17.96,cboe:VIX3M_History.csv
2025-02-06,17.94,cboe:VIX3M_History.csv
2025-02-07,18.63,cboe:VIX3M_History.csv
2025-02-10,18.23,cboe:VIX3M_History.csv
2025-02-11,18.28,cboe:VIX3M_History.csv
2025-02-12,18.31,cboe:VIX3M_History.csv
2025-02-13,17.84,cboe:VIX3M_History.csv
2025-02-14,17.81,cboe:VIX3M_History.csv
2025-02-18,17.82,cboe:VIX3M_History.csv
2025-02-19,17.93,cboe:VIX3M_History.csv
2025-02-20,18.01,cboe:VIX3M_History.csv
2025-02-21,19.48,cboe:VIX3M_History.csv
2025-02-24,19.86,cboe:VIX3M_History.csv
2025-02-25,20.03,cboe:VIX3M_History.csv
2025-02-26,19.75,cboe:VIX3M_History.csv
2025-02-27,21.22,cboe:VIX3M_History.csv
2025-02-28,20.18,cboe:VIX3M_History.csv
2025-03-03,22.18,cboe:VIX3M_History.csv
2025-03-04,22.78,cboe:VIX3M_History.csv
2025-03-05,21.72,cboe:VIX3M_History.csv
2025-03-06,23.7,cboe:VIX3M_History.csv
2025-03-07,22.59,cboe:VIX3M_History.csv
2025-03-10,25.72,cboe:VIX3M_History.csv
2025-03-11,25.34,cboe:VIX3M_History.csv
2025-03-12,23.67,cboe:VIX3M_History.csv
2025-03-13,24.06,cboe:VIX3M_History.csv
2025-03-14,22.17,cboe:VIX3M_History.csv
2025-03-17,21.3,cboe:VIX3M_History.csv
2025-03-18,21.97,cboe:VIX3M_History.csv
2025-03-19,20.83,cboe:VIX3M_History.csv
2025-03-20,20.71,cboe:VIX3M_History.csv
2025-03-21,20.35,cboe:VIX3M_History.csv
2025-03-24,19.04,cboe:VIX3M_History.csv
2025-03-25,19.05,cboe:VIX3M_History.csv
2025-03-26,19.84,cboe:VIX3M_History.csv
2025-03-27,19.89,cboe:VIX3M_History.csv
2025-03-28,22.01,cboe:VIX3M_History.csv
2025-03-31,21.97,cboe:VIX3M_History.csv
2025-04-01,21.82,cboe:VIX3M_History.csv
2025-04-02,21.45,cboe:VIX3M_History.csv
2025-04-03,27.38,cboe:VIX3M_History.csv
2025-04-04,36.71,cboe:VIX3M_History.csv
2025-04-07,36.88,cboe:VIX3M_History.csv
2025-04-08,41.5,cboe:VIX3M_History.csv
2025-04-09,29.92,cboe:VIX3M_History.csv
2025-04-10,35.71,cboe:VIX3M_History.csv
2025-04-11,33.91,cboe:VIX3M_History.csv
2025-04-14,29.63,cboe:VIX3M_History.csv
2025-04-15,29.0,cboe:VIX3M_History.csv
2025-04-16,30.94,cboe:VIX3M_History.csv
2025-04-17,29.35,cboe:VIX3M_History.csv
2025-04-21,31.83,cboe:VIX3M_History.csv
2025-04-22,29.45,cboe:VIX3M_History.csv
2025-04-23,28.02,cboe:VIX3M_History.csv
2025-04-24,26.44,cboe:VIX3M_History.csv
2025-04-25,25.37,cboe:VIX3M_History.csv
2025-04-28,25.73,cboe:VIX3M_History.csv
2025-04-29,25.22,cboe:VIX3M_History.csv
2025-04-30,25.54,cboe:VIX3M_History.csv
2025-05-01,25.49,cboe:VIX3M_History.csv
2025-05-02,24.0,cboe:VIX3M_History.csv
2025-05-05,24.55,cboe:VIX3M_History.csv
2025-05-06,25.41,cboe:VIX3M_History.csv
2025-05-07,24.7,cboe:VIX3M_History.csv
2025-05-08,23.76,cboe:VIX3M_History.csv
2025-05-09,23.38,cboe:VIX3M_History.csv
2025-05-12,20.22,cboe:VIX3M_History.csv
2025-05-13,20.09,cboe:VIX3M_History.csv
2025-05-14,20.58,cboe:VIX3M_History.csv
2025-05-15,20.25,cboe:VIX3M_History.csv
2025-05-16,20.08,cboe:VIX3M_History.csv
2025-05-19,20.69,cboe:VIX3M_History.csv
2025-05-20,20.72,cboe:VIX3M_History.csv
2025-05-21,22.66,cboe:VIX3M_History.csv
2025-05-22,22.32,cboe:VIX3M_History.csv
2025-05-23,23.8,cboe:VIX3M_History.csv
2025-05-27,21.29,cboe:VIX3M_History.csv
2025-05-28,21.67,cboe:VIX3M_History.csv
2025-05-29,21.62,cboe:VIX3M_History.csv
2025-05-30,21.38,cboe:VIX3M_History.csv
2025-06-02,21.09,cboe:VIX3M_History.csv
2025-06-03,20.72,cboe:VIX3M_History.csv
2025-06-04,20.66,cboe:VIX3M_History.csv
2025-06-05,21.11,cboe:VIX3M_History.csv
2025-06-06,20.02,cboe:VIX3M_History.csv
2025-06-09,20.09,cboe:VIX3M_History.csv
2025-06-10,19.94,cboe:VIX3M_History.csv
2025-06-11,20.3,cboe:VIX3M_History.csv
2025-06-12,20.65,cboe:VIX3M_History.csv
2025-06-13,22.62,cboe:VIX3M_History.csv
2025-06-16,21.23,cboe:VIX3M_History.csv
2025-06-17,22.91,cboe:VIX3M_History.csv
2025-06-18,21.97,cboe:VIX3M_History.csv
2025-06-20,22.48,cboe:VIX3M_History.csv
2025-06-23,21.82,cboe:VIX3M_History.csv
2025-06-24,20.05,cboe:VIX3M_History.csv
2025-06-25,19.67,cboe:VIX3M_History.csv
2025-06-26,19.45,cboe:VIX3M_History.csv
2025-06-27,19.45,cboe:VIX3M_History.csv
2025-06-30,19.44,cboe:VIX3M_History.csv
2025-07-01,19.51,cboe:VIX3M_History.csv
2025-07-02,19.35,cboe:VIX3M_History.csv
2025-07-03,19.21,cboe:VIX3M_History.csv
2025-07-07,20.21,cboe:VIX3M_History.csv
2025-07-08,19.58,cboe:VIX3M_History.csv
2025-07-09,19.02,cboe:VIX3M_History.csv
2025-07-10,18.92,cboe:VIX3M_History.csv
2025-07-11,19.37,cboe:VIX3M_History.csv
2025-07-14,19.84,cboe:VIX3M_History.csv
2025-07-15,20.06,cboe:VIX3M_History.csv
2025-07-16,20.09,cboe:VIX3M_History.csv
2025-07-17,19.69,cboe:VIX3M_History.csv
2025-07-18,19.58,cboe:VIX3M_History.csv
2025-07-21,19.51,cboe:VIX3M_History.csv
2025-07-22,19.53,cboe:VIX3M_History.csv
2025-07-23,18.56,cboe:VIX3M_History.csv
2025-07-24,18.56,cboe:VIX3M_History.csv
2025-07-25,18.32,cboe:VIX3M_History.csv
2025-07-28,18.16,cboe:VIX3M_History.csv
2025-07-29,18.77,cboe:VIX3M_History.csv
2025-07-30,18.35,cboe:VIX3M_History.csv
2025-07-31,19.14,cboe:VIX3M_History.csv
2025-08-01,21.24,cboe:VIX3M_History.csv
2025-08-04,19.61,cboe:VIX3M_History.csv
2025-08-05,20.03,cboe:VIX3M_History.csv
2025-08-06,19.47,cboe:VIX3M_History.csv
2025-08-07,19.35,cboe:VIX3M_History.csv
2025-08-08,18.7,cboe:VIX3M_History.csv
2025-08-11,19.25,cboe:VIX3M_History.csv
2025-08-12,18.34,cboe:VIX3M_History.csv
2025-08-13,18.33,cboe:VIX3M_History.csv
2025-08-14,18.49,cboe:VIX3M_History.csv
2025-08-15,18.64,cboe:VIX3M_History.csv
2025-08-18,18.45,cboe:VIX3M_History.csv
2025-08-19,18.9,cboe:VIX3M_History.csv
2025-08-20,19.1,cboe:VIX3M_History.csv
2025-08-21,19.41,cboe:VIX3M_History.csv
2025-08-22,17.76,cboe:VIX3M_History.csv
2025-08-25,18.02,cboe:VIX3M_History.csv
2025-08-26,17.9,cboe:VIX3M_History.csv
2025-08-27,17.94,cboe:VIX3M_History.csv
2025-08-28,17.72,cboe:VIX3M_History.csv
2025-08-29,18.35,cboe:VIX3M_History.csv
2025-09-02,19.38,cboe:VIX3M_History.csv
2025-09-03,18.93,cboe:VIX3M_History.csv
2025-09-04,18.39,cboe:VIX3M_History.csv
2025-09-05,18.42,cboe:VIX3M_History.csv
2025-09-08,18.29,cboe:VIX3M_History.csv
2025-09-09,18.27,cboe:VIX3M_History.csv
2025-09-10,18.44,cboe:VIX3M_History.csv
2025-09-11,18.03,cboe:VIX3M_History.csv
2025-09-12,18.06,cboe:VIX3M_History.csv
2025-09-15,18.53,cboe:VIX3M_History.csv
2025-09-16,18.91,cboe:VIX3M_History.csv
2025-09-17,18.44,cboe:VIX3M_History.csv
2025-09-18,18.52,cboe:VIX3M_History.csv
2025-09-19,18.48,cboe:VIX3M_History.csv
2025-09-22,18.95,cboe:VIX3M_History.csv
2025-09-23,19.44,cboe:VIX3M_History.csv
2025-09-24,19.14,cboe:VIX3M_History.csv
2025-09-25,19.46,cboe:VIX3M_History.csv
2025-09-26,18.41,cboe:VIX3M_History.csv
2025-09-29,18.76,cboe:VIX3M_History.csv
2025-09-30,18.77,cboe:VIX3M_History.csv
2025-10-01,18.76,cboe:VIX3M_History.csv
2025-10-02,18.89,cboe:VIX3M_History.csv
2025-10-03,19.08,cboe:VIX3M_History.csv
2025-10-06,19.12,cboe:VIX3M_History.csv
2025-10-07,19.71,cboe:VIX3M_History.csv
2025-10-08,19.26,cboe:VIX3M_History.csv
2025-10-09,19.38,cboe:VIX3M_History.csv
2025-10-10,22.81,cboe:VIX3M_History.csv
2025-10-13,20.93,cboe:VIX3M_History.csv
2025-10-14,22.03,cboe:VIX3M_History.csv
2025-10-15,21.94,cboe:VIX3M_History.csv
2025-10-16,24.87,cboe:VIX3M_History.csv
2025-10-17,22.09,cboe:VIX3M_History.csv
2025-10-20,20.31,cboe:VIX3M_History.csv
2025-10-21,19.99,cboe:VIX3M_History.csv
2025-10-22,20.31,cboe:VIX3M_History.csv
2025-10-23,19.65,cboe:VIX3M_History.csv
2025-10-24,19.2,cboe:VIX3M_History.csv
2025-10-27,18.99,cboe:VIX3M_History.csv
2025-10-28,19.55,cboe:VIX3M_History.csv
2025-10-29,19.83,cboe:VIX3M_History.csv
2025-10-30,19.98,cboe:VIX3M_History.csv
2025-10-31,20.49,cboe:VIX3M_History.csv
2025-11-03,20.38,cboe:VIX3M_History.csv
2025-11-04,21.29,cboe:VIX3M_History.csv
2025-11-05,20.6,cboe:VIX3M_History.csv
2025-11-06,21.35,cboe:VIX3M_History.csv
2025-11-07,21.19,cboe:VIX3M_History.csv
2025-11-10,20.24,cboe:VIX3M_History.csv
2025-11-11,20.19,cboe:VIX3M_History.csv
2025-11-12,20.34,cboe:VIX3M_History.csv
2025-11-13,21.85,cboe:VIX3M_History.csv
2025-11-14,21.58,cboe:VIX3M_History.csv
2025-11-17,23.18,cboe:VIX3M_History.csv
2025-11-18,24.54,cboe:VIX3M_History.csv
2025-11-19,23.99,cboe:VIX3M_History.csv
2025-11-20,25.76,cboe:VIX3M_History.csv
2025-11-21,23.96,cboe:VIX3M_History.csv
2025-11-24,21.85,cboe:VIX3M_History.csv
2025-11-25,20.73,cboe:VIX3M_History.csv
2025-11-26,20.02,cboe:VIX3M_History.csv
2025-11-28,19.64,cboe:VIX3M_History.csv
2025-12-01,20.22,cboe:VIX3M_History.csv
2025-12-02,19.84,cboe:VIX3M_History.csv
2025-12-03,19.71,cboe:VIX3M_History.csv
2025-12-04,19.49,cboe:VIX3M_History.csv
2025-12-05,19.27,cboe:VIX3M_History.csv
2025-12-08,19.91,cboe:VIX3M_History.csv
2025-12-09,20.08,cboe:VIX3M_History.csv
2025-12-10,19.35,cboe:VIX3M_History.csv
2025-12-11,19.05,cboe:VIX3M_History.csv
2025-12-12,19.25,cboe:VIX3M_History.csv
2025-12-15,19.68,cboe:VIX3M_History.csv
2025-12-16,19.67,cboe:VIX3M_History.csv
2025-12-17,20.08,cboe:VIX3M_History.csv
2025-12-18,19.59,cboe:VIX3M_History.csv
2025-12-19,18.25,cboe:VIX3M_History.csv
2025-12-22,17.79,cboe:VIX3M_History.csv
2025-12-23,17.84,cboe:VIX3M_History.csv
2025-12-24,17.77,cboe:VIX3M_History.csv
2025-12-26,17.77,cboe:VIX3M_History.csv
2025-12-29,17.82,cboe:VIX3M_History.csv
2025-12-30,17.77,cboe:VIX3M_History.csv
2025-12-31,18.18,cboe:VIX3M_History.csv
2026-01-02,18.02,cboe:VIX3M_History.csv
2026-01-05,18.32,cboe:VIX3M_History.csv
2026-01-06,18.15,cboe:VIX3M_History.csv
2026-01-07,18.59,cboe:VIX3M_History.csv
2026-01-08,18.39,cboe:VIX3M_History.csv
2026-01-09,17.88,cboe:VIX3M_History.csv
2026-01-12,18.23,cboe:VIX3M_History.csv
2026-01-13,18.85,cboe:VIX3M_History.csv
2026-01-14,19.37,cboe:VIX3M_History.csv
2026-01-15,18.9,cboe:VIX3M_History.csv
2026-01-16,18.99,cboe:VIX3M_History.csv
2026-01-20,21.28,cboe:VIX3M_History.csv
2026-01-21,19.36,cboe:VIX3M_History.csv
2026-01-22,18.75,cboe:VIX3M_History.csv
2026-01-23,19.15,cboe:VIX3M_History.csv
2026-01-26,19.07,cboe:VIX3M_History.csv
2026-01-27,19.22,cboe:VIX3M_History.csv
2026-01-28,19.3,cboe:VIX3M_History.csv
2026-01-29,19.67,cboe:VIX3M_History.csv
2026-01-30,20.07,cboe:VIX3M_History.csv
2026-02-02,19.37,cboe:VIX3M_History.csv
2026-02-03,20.35,cboe:VIX3M_History.csv
2026-02-04,20.62,cboe:VIX3M_History.csv
2026-02-05,22.45,cboe:VIX3M_History.csv
2026-02-06,20.37,cboe:VIX3M_History.csv
2026-02-09,20.09,cboe:VIX3M_History.csv
2026-02-10,20.43,cboe:VIX3M_History.csv
2026-02-11,20.37,cboe:VIX3M_History.csv
2026-02-12,22.17,cboe:VIX3M_History.csv
2026-02-13,22.17,cboe:VIX3M_History.csv
2026-02-17,21.6,cboe:VIX3M_History.csv
2026-02-18,21.39,cboe:VIX3M_History.csv
2026-02-19,21.88,cboe:VIX3M_History.csv
2026-02-20,21.09,cboe:VIX3M_History.csv
2026-02-23,22.14,cboe:VIX3M_History.csv
2026-02-24,21.34,cboe:VIX3M_History.csv
2026-02-25,20.36,cboe:VIX3M_History.csv
2026-02-26,20.81,cboe:VIX3M_History.csv
2026-02-27,21.56,cboe:VIX3M_History.csv
2026-03-02,22.44,cboe:VIX3M_History.csv
2026-03-03,23.54,cboe:VIX3M_History.csv
2026-03-04,22.29,cboe:VIX3M_History.csv
2026-03-05,23.86,cboe:VIX3M_History.csv
2026-03-06,27.56,cboe:VIX3M_History.csv
2026-03-09,25.34,cboe:VIX3M_History.csv
2026-03-10,25.51,cboe:VIX3M_History.csv
2026-03-11,24.97,cboe:VIX3M_History.csv
2026-03-12,26.95,cboe:VIX3M_History.csv
2026-03-13,27.28,cboe:VIX3M_History.csv
2026-03-16,24.92,cboe:VIX3M_History.csv
2026-03-17,24.33,cboe:VIX3M_History.csv
2026-03-18,26.56,cboe:VIX3M_History.csv
2026-03-19,25.54,cboe:VIX3M_History.csv
2026-03-20,27.43,cboe:VIX3M_History.csv
2026-03-23,26.1,cboe:VIX3M_History.csv
2026-03-24,26.56,cboe:VIX3M_History.csv
2026-03-25,25.63,cboe:VIX3M_History.csv
2026-03-26,27.16,cboe:VIX3M_History.csv
2026-03-27,29.27,cboe:VIX3M_History.csv
2026-03-30,29.13,cboe:VIX3M_History.csv
2026-03-31,25.55,cboe:VIX3M_History.csv
2026-04-01,24.86,cboe:VIX3M_History.csv
2026-04-02,24.72,cboe:VIX3M_History.csv
2026-04-06,24.77,cboe:VIX3M_History.csv
2026-04-07,25.57,cboe:VIX3M_History.csv
2026-04-08,22.68,cboe:VIX3M_History.csv
2026-04-09,21.81,cboe:VIX3M_History.csv
2026-04-10,21.86,cboe:VIX3M_History.csv
2026-04-13,21.34,cboe:VIX3M_History.csv
2026-04-14,20.82,cboe:VIX3M_History.csv
2026-04-15,20.78,cboe:VIX3M_History.csv
2026-04-16,20.77,cboe:VIX3M_History.csv
2026-04-17,20.51,cboe:VIX3M_History.csv
2026-04-20,21.24,cboe:VIX3M_History.csv
2026-04-21,21.51,cboe:VIX3M_History.csv
2026-04-22,21.24,cboe:VIX3M_History.csv
2026-04-23,21.48,cboe:VIX3M_History.csv
2026-04-24,21.3,cboe:VIX3M_History.csv
2026-04-27,20.77,cboe:VIX3M_History.csv
2026-04-28,20.49,cboe:VIX3M_History.csv
2026-04-29,21.19,cboe:VIX3M_History.csv
2026-04-30,20.08,cboe:VIX3M_History.csv
2026-05-01,20.37,cboe:VIX3M_History.csv
2026-05-04,21.05,cboe:VIX3M_History.csv
2026-05-05,20.82,cboe:VIX3M_History.csv
2026-05-06,20.57,cboe:VIX3M_History.csv
2026-05-07,20.35,cboe:VIX3M_History.csv
2026-05-08,20.5,cboe:VIX3M_History.csv
2026-05-11,21.24,cboe:VIX3M_History.csv
2026-05-12,21.04,cboe:VIX3M_History.csv
2026-05-13,21.18,cboe:VIX3M_History.csv
