date,value,source
2008-01-02,24.36,cboe:VIX6M_History.csv
2008-01-03,23.75,cboe:VIX6M_History.csv
2008-01-04,24.5,cboe:VIX6M_History.csv
2008-01-07,24.22,cboe:VIX6M_History.csv
2008-01-08,25.18,cboe:VIX6M_History.csv
2008-01-09,24.48,cboe:VIX6M_History.csv
2008-01-10,24.57,cboe:VIX6M_History.csv
2008-01-11,24.96,cboe:VIX6M_History.csv
2008-01-14,24.41,cboe:VIX6M_History.csv
2008-01-15,24.9,cboe:VIX6M_History.csv
2008-01-16,24.64,cboe:VIX6M_History.csv
2008-01-17,26.52,cboe:VIX6M_History.csv
2008-01-18,26.11,cboe:VIX6M_History.csv
2008-01-22,26.87,cboe:VIX6M_History.csv
2008-01-23,25.73,cboe:VIX6M_History.csv
2008-01-24,25.74,cboe:VIX6M_History.csv
2008-01-25,26.48,cboe:VIX6M_History.csv
2008-01-28,25.73,cboe:VIX6M_History.csv
2008-01-29,25.43,cboe:VIX6M_History.csv
2008-01-30,25.68,cboe:VIX6M_History.csv
2008-01-31,22.83,cboe:VIX6M_History.csv
2008-02-01,24.18,cboe:VIX6M_History.csv
2008-02-04,25.13,cboe:VIX6M_History.csv
2008-02-05,26.58,cboe:VIX6M_History.csv
2008-02-06,27.23,cboe:VIX6M_History.csv
2008-02-07,26.47,cboe:VIX6M_History.csv
2008-02-08,26.77,cboe:VIX6M_History.csv
2008-02-11,26.38,cboe:VIX6M_History.csv
2008-02-12,26.1,cboe:VIX6M_History.csv
2008-02-13,25.53,cboe:VIX6M_History.csv
2008-02-14,25.67,cboe:VIX6M_History.csv
2008-02-15,25.65,cboe:VIX6M_History.csv
2008-02-19,25.5,cboe:VIX6M_History.csv
2008-02-20,24.95,cboe:VIX6M_History.csv
2008-02-21,25.33,cboe:VIX6M_History.csv
2008-02-22,24.79,cboe:VIX6M_History.csv
2008-02-25,24.3,cboe:VIX6M_History.csv
2008-02-26,23.78,cboe:VIX6M_History.csv
2008-02-27,24.17,cboe:VIX6M_History.csv
2008-02-28,24.61,cboe:VIX6M_History.csv
2008-02-29,26.33,cboe:VIX6M_History.csv
2008-03-03,25.91,cboe:VIX6M_History.csv
2008-03-04,25.52,cboe:VIX6M_History.csv
2008-03-05,24.8,cboe:VIX6M_History.csv
2008-03-06,26.44,cboe:VIX6M_History.csv
2008-03-07,26.51,cboe:VIX6M_History.csv
2008-03-10,27.51,cboe:VIX6M_History.csv
2008-03-11,25.77,cboe:VIX6M_History.csv
2008-03-12,26.91,cboe:VIX6M_History.csv
2008-03-13,27.03,cboe:VIX6M_History.csv
2008-03-14,28.48,cboe:VIX6M_History.csv
2008-03-17,28.41,cboe:VIX6M_History.csv
2008-03-18,25.61,cboe:VIX6M_History.csv
2008-03-19,27.83,cboe:VIX6M_History.csv
2008-03-20,26.56,cboe:VIX6M_History.csv
2008-03-24,25.91,cboe:VIX6M_History.csv
2008-03-25,26.14,cboe:VIX6M_History.csv
2008-03-26,26.49,cboe:VIX6M_History.csv
2008-03-27,26.27,cboe:VIX6M_History.csv
2008-03-28,26.24,cboe:VIX6M_History.csv
2008-03-31,25.75,cboe:VIX6M_History.csv
2008-04-01,24.2,cboe:VIX6M_History.csv
2008-04-02,24.66,cboe:VIX6M_History.csv
2008-04-03,24.64,cboe:VIX6M_History.csv
2008-04-04,24.06,cboe:VIX6M_History.csv
2008-04-07,23.7,cboe:VIX6M_History.csv
2008-04-08,23.66,cboe:VIX6M_History.csv
2008-04-09,24.11,cboe:VIX6M_History.csv
2008-04-10,23.68,cboe:VIX6M_History.csv
2008-04-11,24.55,cboe:VIX6M_History.csv
2008-04-14,24.72,cboe:VIX6M_History.csv
2008-04-15,24.26,cboe:VIX6M_History.csv
2008-04-16,22.72,cboe:VIX6M_History.csv
2008-04-17,22.63,cboe:VIX6M_History.csv
2008-04-18,22.29,cboe:VIX6M_History.csv
2008-04-21,22.25,cboe:VIX6M_History.csv
2008-04-22,22.67,cboe:VIX6M_History.csv
2008-04-23,22.65,cboe:VIX6M_History.csv
2008-04-24,22.27,cboe:VIX6M_History.csv
2008-04-25,21.68,cboe:VIX6M_History.csv
2008-04-28,21.45,cboe:VIX6M_History.csv
2008-04-29,21.72,cboe:VIX6M_History.csv
2008-04-30,21.93,cboe:VIX6M_History.csv
2008-05-01,20.77,cboe:VIX6M_History.csv
2008-05-02,20.59,cboe:VIX6M_History.csv
2008-05-05,21.05,cboe:VIX6M_History.csv
2008-05-06,20.91,cboe:VIX6M_History.csv
2008-05-07,21.9,cboe:VIX6M_History.csv
2008-05-08,21.83,cboe:VIX6M_History.csv
2008-05-09,21.91,cboe:VIX6M_History.csv
2008-05-12,21.33,cboe:VIX6M_History.csv
2008-05-13,21.29,cboe:VIX6M_History.csv
2008-05-14,21.18,cboe:VIX6M_History.csv
2008-05-15,20.79,cboe:VIX6M_History.csv
2008-05-16,21.2,cboe:VIX6M_History.csv
2008-05-19,21.37,cboe:VIX6M_History.csv
2008-05-20,22.11,cboe:VIX6M_History.csv
2008-05-21,23.34,cboe:VIX6M_History.csv
2008-05-22,22.92,cboe:VIX6M_History.csv
2008-05-23,23.69,cboe:VIX6M_History.csv
2008-05-27,23.22,cboe:VIX6M_History.csv
2008-05-28,22.96,cboe:VIX6M_History.csv
2008-05-29,22.44,cboe:VIX6M_History.csv
2008-05-30,22.04,cboe:VIX6M_History.csv
2008-06-02,22.99,cboe:VIX6M_History.csv
2008-06-03,23.36,cboe:VIX6M_History.csv
2008-06-04,23.73,cboe:VIX6M_History.csv
2008-06-05,22.47,cboe:VIX6M_History.csv
2008-06-06,24.82,cboe:VIX6M_History.csv
2008-06-09,24.52,cboe:VIX6M_History.csv
2008-06-10,24.45,cboe:VIX6M_History.csv
2008-06-11,24.83,cboe:VIX6M_History.csv
2008-06-12,24.34,cboe:VIX6M_History.csv
2008-06-13,23.27,cboe:VIX6M_History.csv
2008-06-16,22.91,cboe:VIX6M_History.csv
2008-06-17,23.07,cboe:VIX6M_History.csv
2008-06-18,23.93,cboe:VIX6M_History.csv
2008-06-19,23.3,cboe:VIX6M_History.csv
2008-06-20,23.78,cboe:VIX6M_History.csv
2008-06-23,23.71,cboe:VIX6M_History.csv
2008-06-24,23.67,cboe:VIX6M_History.csv
2008-06-25,22.88,cboe:VIX6M_History.csv
2008-06-26,24.47,cboe:VIX6M_History.csv
2008-06-27,24.29,cboe:VIX6M_History.csv
2008-06-30,24.17,cboe:VIX6M_History.csv
2008-07-01,24.07,cboe:VIX6M_History.csv
2008-07-02,25.1,cboe:VIX6M_History.csv
2008-07-03,24.67,cboe:VIX6M_History.csv
2008-07-07,25.01,cboe:VIX6M_History.csv
2008-07-08,23.64,cboe:VIX6M_History.csv
2008-07-09,24.71,cboe:VIX6M_History.csv
2008-07-10,24.69,cboe:VIX6M_History.csv
2008-07-11,25.5,cboe:VIX6M_History.csv
2008-07-14,25.93,cboe:VIX6M_History.csv
2008-07-15,26.2,cboe:VIX6M_History.csv
2008-07-16,24.57,cboe:VIX6M_History.csv
2008-07-17,24.33,cboe:VIX6M_History.csv
2008-07-18,23.97,cboe:VIX6M_History.csv
2008-07-21,23.57,cboe:VIX6M_History.csv
2008-07-22,22.71,cboe:VIX6M_History.csv
2008-07-23,22.91,cboe:VIX6M_History.csv
2008-07-24,24.06,cboe:VIX6M_History.csv
2008-07-25,23.89,cboe:VIX6M_History.csv
2008-07-28,24.47,cboe:VIX6M_History.csv
2008-07-29,23.06,cboe:VIX6M_History.csv
2008-07-30,22.36,cboe:VIX6M_History.csv
2008-07-31,23.22,cboe:VIX6M_History.csv
2008-08-01,23.38,cboe:VIX6M_History.csv
2008-08-04,23.65,cboe:VIX6M_History.csv
2008-08-05,22.34,cboe:VIX6M_History.csv
2008-08-06,22.18,cboe:VIX6M_History.csv
2008-08-07,22.78,cboe:VIX6M_History.csv
2008-08-08,22.56,cboe:VIX6M_History.csv
2008-08-11,22.46,cboe:VIX6M_History.csv
2008-08-12,23.08,cboe:VIX6M_History.csv
2008-08-13,23.43,cboe:VIX6M_History.csv
2008-08-14,22.82,cboe:VIX6M_History.csv
2008-08-15,22.57,cboe:VIX6M_History.csv
2008-08-18,23.11,cboe:VIX6M_History.csv
2008-08-19,23.37,cboe:VIX6M_History.csv
2008-08-20,23.01,cboe:VIX6M_History.csv
2008-08-21,22.89,cboe:VIX6M_History.csv
2008-08-22,22.54,cboe:VIX6M_History.csv
2008-08-25,23.35,cboe:VIX6M_History.csv
2008-08-26,23.23,cboe:VIX6M_History.csv
2008-08-27,22.85,cboe:VIX6M_History.csv
2008-08-28,22.48,cboe:VIX6M_History.csv
2008-08-29,23.18,cboe:VIX6M_History.csv
2008-09-02,23.54,cboe:VIX6M_History.csv
2008-09-03,23.32,cboe:VIX6M_History.csv
2008-09-04,24.27,cboe:VIX6M_History.csv
2008-09-05,23.97,cboe:VIX6M_History.csv
2008-09-08,23.43,cboe:VIX6M_History.csv
2008-09-09,24.78,cboe:VIX6M_History.csv
2008-09-10,24.3,cboe:VIX6M_History.csv
2008-09-11,24.09,cboe:VIX6M_History.csv
2008-09-12,24.57,cboe:VIX6M_History.csv
2008-09-15,26.46,cboe:VIX6M_History.csv
2008-09-16,25.56,cboe:VIX6M_History.csv
2008-09-17,27.84,cboe:VIX6M_History.csv
2008-09-18,26.12,cboe:VIX6M_History.csv
2008-09-19,26.14,cboe:VIX6M_History.csv
2008-09-22,27.44,cboe:VIX6M_History.csv
2008-09-23,28.57,cboe:VIX6M_History.csv
2008-09-24,28.37,cboe:VIX6M_History.csv
2008-09-25,27.31,cboe:VIX6M_History.csv
2008-09-26,27.7,cboe:VIX6M_History.csv
2008-09-29,32.03,cboe:VIX6M_History.csv
2008-09-30,29.77,cboe:VIX6M_History.csv
2008-10-01,30.36,cboe:VIX6M_History.csv
2008-10-02,32.2,cboe:VIX6M_History.csv
2008-10-03,32.66,cboe:VIX6M_History.csv
2008-10-06,33.64,cboe:VIX6M_History.csv
2008-10-07,34.45,cboe:VIX6M_History.csv
2008-10-08,38.13,cboe:VIX6M_History.csv
2008-10-09,42.33,cboe:VIX6M_History.csv
2008-10-10,45.22,cboe:VIX6M_History.csv
2008-10-13,37.85,cboe:VIX6M_History.csv
2008-10-14,38.65,cboe:VIX6M_History.csv
2008-10-15,44.59,cboe:VIX6M_History.csv
2008-10-16,43.53,cboe:VIX6M_History.csv
2008-10-17,45.79,cboe:VIX6M_History.csv
2008-10-20,40.17,cboe:VIX6M_History.csv
2008-10-21,40.68,cboe:VIX6M_History.csv
2008-10-22,45.28,cboe:VIX6M_History.csv
2008-10-23,45.47,cboe:VIX6M_History.csv
2008-10-24,50.85,cboe:VIX6M_History.csv
2008-10-27,52.29,cboe:VIX6M_History.csv
2008-10-28,47.54,cboe:VIX6M_History.csv
2008-10-29,50.06,cboe:VIX6M_History.csv
2008-10-30,47.82,cboe:VIX6M_History.csv
2008-10-31,48.44,cboe:VIX6M_History.csv
2008-11-03,46.54,cboe:VIX6M_History.csv
2008-11-04,43.28,cboe:VIX6M_History.csv
2008-11-05,45.86,cboe:VIX6M_History.csv
2008-11-06,50.44,cboe:VIX6M_History.csv
2008-11-07,47.26,cboe:VIX6M_History.csv
2008-11-10,48.94,cboe:VIX6M_History.csv
2008-11-11,50.22,cboe:VIX6M_History.csv
2008-11-12,52.95,cboe:VIX6M_History.csv
2008-11-13,49.21,cboe:VIX6M_History.csv
2008-11-14,53.93,cboe:VIX6M_History.csv
2008-11-17,55.16,cboe:VIX6M_History.csv
2008-11-18,52.88,cboe:VIX6M_History.csv
2008-11-19,58.59,cboe:VIX6M_History.csv
2008-11-20,61.47,cboe:VIX6M_History.csv
2008-11-21,57.71,cboe:VIX6M_History.csv
2008-11-24,52.22,cboe:VIX6M_History.csv
2008-11-25,51.57,cboe:VIX6M_History.csv
2008-11-26,48.55,cboe:VIX6M_History.csv
2008-11-28,49.05,cboe:VIX6M_History.csv
2008-12-01,55.4,cboe:VIX6M_History.csv
2008-12-02,53.49,cboe:VIX6M_History.csv
2008-12-03,52.63,cboe:VIX6M_History.csv
2008-12-04,55.88,cboe:VIX6M_History.csv
2008-12-05,53.5,cboe:VIX6M_History.csv
2008-12-08,52.31,cboe:VIX6M_History.csv
2008-12-09,53.67,cboe:VIX6M_History.csv
2008-12-10,52.74,cboe:VIX6M_History.csv
2008-12-11,52.68,cboe:VIX6M_History.csv
2008-12-12,51.92,cboe:VIX6M_History.csv
2008-12-15,51.87,cboe:VIX6M_History.csv
2008-12-16,49.48,cboe:VIX6M_History.csv
2008-12-17,48.86,cboe:VIX6M_History.csv
2008-12-18,47.6,cboe:VIX6M_History.csv
2008-12-19,45.67,cboe:VIX6M_History.csv
2008-12-22,45.27,cboe:VIX6M_History.csv
2008-12-23,45.47,cboe:VIX6M_History.csv
2008-12-24,45.06,cboe:VIX6M_History.csv
2008-12-26,44.48,cboe:VIX6M_History.csv
2008-12-29,44.27,cboe:VIX6M_History.csv
2008-12-30,42.82,cboe:VIX6M_History.csv
2008-12-31,41.61,cboe:VIX6M_History.csv
2009-01-02,39.21,cboe:VIX6M_History.csv
2009-01-05,39.3,cboe:VIX6M_History.csv
2009-01-06,38.69,cboe:VIX6M_History.csv
2009-01-07,41.21,cboe:VIX6M_History.csv
2009-01-08,41.65,cboe:VIX6M_History.csv
2009-01-09,42.35,cboe:VIX6M_History.csv
2009-01-12,44.5,cboe:VIX6M_History.csv
2009-01-13,44.45,cboe:VIX6M_History.csv
2009-01-14,47.6,cboe:VIX6M_History.csv
2009-01-15,48.23,cboe:VIX6M_History.csv
2009-01-16,47.03,cboe:VIX6M_History.csv
2009-01-20,51.3,cboe:VIX6M_History.csv
2009-01-21,47.27,cboe:VIX6M_History.csv
2009-01-22,47.96,cboe:VIX6M_History.csv
2009-01-23,47.06,cboe:VIX6M_History.csv
2009-01-26,45.65,cboe:VIX6M_History.csv
2009-01-27,44.11,cboe:VIX6M_History.csv
2009-01-28,41.68,cboe:VIX6M_History.csv
2009-01-29,42.61,cboe:VIX6M_History.csv
2009-01-30,43.78,cboe:VIX6M_History.csv
2009-02-02,43.28,cboe:VIX6M_History.csv
2009-02-03,42.17,cboe:VIX6M_History.csv
2009-02-04,41.97,cboe:VIX6M_History.csv
2009-02-05,41.92,cboe:VIX6M_History.csv
2009-02-06,41.46,cboe:VIX6M_History.csv
2009-02-09,41.3,cboe:VIX6M_History.csv
2009-02-10,43.88,cboe:VIX6M_History.csv
2009-02-11,42.82,cboe:VIX6M_History.csv
2009-02-12,42.03,cboe:VIX6M_History.csv
2009-02-13,41.8,cboe:VIX6M_History.csv
2009-02-17,44.13,cboe:VIX6M_History.csv
2009-02-18,44.57,cboe:VIX6M_History.csv
2009-02-19,44.14,cboe:VIX6M_History.csv
2009-02-20,45.23,cboe:VIX6M_History.csv
2009-02-23,47.19,cboe:VIX6M_History.csv
2009-02-24,43.65,cboe:VIX6M_History.csv
2009-02-25,43.65,cboe:VIX6M_History.csv
2009-02-26,43.51,cboe:VIX6M_History.csv
2009-02-27,44.05,cboe:VIX6M_History.csv
2009-03-02,46.9,cboe:VIX6M_History.csv
2009-03-03,46.16,cboe:VIX6M_History.csv
2009-03-04,43.35,cboe:VIX6M_History.csv
2009-03-05,44.65,cboe:VIX6M_History.csv
2009-03-06,44.11,cboe:VIX6M_History.csv
2009-03-09,43.96,cboe:VIX6M_History.csv
2009-03-10,40.84,cboe:VIX6M_History.csv
2009-03-11,41.05,cboe:VIX6M_History.csv
2009-03-12,39.78,cboe:VIX6M_History.csv
2009-03-13,40.83,cboe:VIX6M_History.csv
2009-03-16,41.15,cboe:VIX6M_History.csv
2009-03-17,39.58,cboe:VIX6M_History.csv
2009-03-18,39.75,cboe:VIX6M_History.csv
2009-03-19,42.13,cboe:VIX6M_History.csv
2009-03-20,44.27,cboe:VIX6M_History.csv
2009-03-23,41.41,cboe:VIX6M_History.csv
2009-03-24,41.78,cboe:VIX6M_History.csv
2009-03-25,40.63,cboe:VIX6M_History.csv
2009-03-26,40.34,cboe:VIX6M_History.csv
2009-03-27,41.54,cboe:VIX6M_History.csv
2009-03-30,43.82,cboe:VIX6M_History.csv
2009-03-31,42.96,cboe:VIX6M_History.csv
2009-04-01,42.35,cboe:VIX6M_History.csv
2009-04-02,41.76,cboe:VIX6M_History.csv
2009-04-03,41.31,cboe:VIX6M_History.csv
2009-04-06,41.61,cboe:VIX6M_History.csv
2009-04-07,41.84,cboe:VIX6M_History.csv
2009-04-08,41.12,cboe:VIX6M_History.csv
2009-04-09,40.26,cboe:VIX6M_History.csv
2009-04-13,39.96,cboe:VIX6M_History.csv
2009-04-14,40.2,cboe:VIX6M_History.csv
2009-04-15,39.38,cboe:VIX6M_History.csv
2009-04-16,38.61,cboe:VIX6M_History.csv
2009-04-17,37.49,cboe:VIX6M_History.csv
2009-04-20,39.37,cboe:VIX6M_History.csv
2009-04-21,38.3,cboe:VIX6M_History.csv
2009-04-22,38.95,cboe:VIX6M_History.csv
2009-04-23,38.55,cboe:VIX6M_History.csv
2009-04-24,38.33,cboe:VIX6M_History.csv
2009-04-27,38.88,cboe:VIX6M_History.csv
2009-04-28,38.74,cboe:VIX6M_History.csv
2009-04-29,37.36,cboe:VIX6M_History.csv
2009-04-30,36.84,cboe:VIX6M_History.csv
2009-05-01,36.38,cboe:VIX6M_History.csv
2009-05-04,35.44,cboe:VIX6M_History.csv
2009-05-05,35.37,cboe:VIX6M_History.csv
2009-05-06,34.34,cboe:VIX6M_History.csv
2009-05-07,34.74,cboe:VIX6M_History.csv
2009-05-08,33.71,cboe:VIX6M_History.csv
2009-05-11,34.16,cboe:VIX6M_History.csv
2009-05-12,33.9,cboe:VIX6M_History.csv
2009-05-13,34.56,cboe:VIX6M_History.csv
2009-05-14,33.14,cboe:VIX6M_History.csv
2009-05-15,33.85,cboe:VIX6M_History.csv
2009-05-18,32.22,cboe:VIX6M_History.csv
2009-05-19,31.5,cboe:VIX6M_History.csv
2009-05-20,31.75,cboe:VIX6M_History.csv
2009-05-21,33.01,cboe:VIX6M_History.csv
2009-05-22,33.72,cboe:VIX6M_History.csv
2009-05-26,32.31,cboe:VIX6M_History.csv
2009-05-27,33.11,cboe:VIX6M_History.csv
2009-05-28,32.93,cboe:VIX6M_History.csv
2009-05-29,31.8,cboe:VIX6M_History.csv
2009-06-01,31.72,cboe:VIX6M_History.csv
2009-06-02,31.66,cboe:VIX6M_History.csv
2009-06-03,32.88,cboe:VIX6M_History.csv
2009-06-04,32.55,cboe:VIX6M_History.csv
2009-06-05,32.65,cboe:VIX6M_History.csv
2009-06-08,32.73,cboe:VIX6M_History.csv
2009-06-09,32.1,cboe:VIX6M_History.csv
2009-06-10,32.04,cboe:VIX6M_History.csv
2009-06-11,31.35,cboe:VIX6M_History.csv
2009-06-12,31.0,cboe:VIX6M_History.csv
2009-06-15,32.51,cboe:VIX6M_History.csv
2009-06-16,33.25,cboe:VIX6M_History.csv
2009-06-17,33.09,cboe:VIX6M_History.csv
2009-06-18,32.46,cboe:VIX6M_History.csv
2009-06-19,32.2,cboe:VIX6M_History.csv
2009-06-22,33.35,cboe:VIX6M_History.csv
2009-06-23,32.99,cboe:VIX6M_History.csv
2009-06-24,32.17,cboe:VIX6M_History.csv
2009-06-25,30.93,cboe:VIX6M_History.csv
2009-06-26,30.77,cboe:VIX6M_History.csv
2009-06-29,29.77,cboe:VIX6M_History.csv
2009-06-30,30.08,cboe:VIX6M_History.csv
2009-07-01,30.13,cboe:VIX6M_History.csv
2009-07-02,31.21,cboe:VIX6M_History.csv
2009-07-06,31.41,cboe:VIX6M_History.csv
2009-07-07,32.27,cboe:VIX6M_History.csv
2009-07-08,32.98,cboe:VIX6M_History.csv
2009-07-09,32.19,cboe:VIX6M_History.csv
2009-07-10,32.19,cboe:VIX6M_History.csv
2009-07-13,31.13,cboe:VIX6M_History.csv
2009-07-14,30.8,cboe:VIX6M_History.csv
2009-07-15,30.3,cboe:VIX6M_History.csv
2009-07-16,30.04,cboe:VIX6M_History.csv
2009-07-17,29.75,cboe:VIX6M_History.csv
2009-07-20,29.11,cboe:VIX6M_History.csv
2009-07-21,28.81,cboe:VIX6M_History.csv
2009-07-22,28.63,cboe:VIX6M_History.csv
2009-07-23,28.38,cboe:VIX6M_History.csv
2009-07-24,27.93,cboe:VIX6M_History.csv
2009-07-27,28.29,cboe:VIX6M_History.csv
2009-07-28,29.14,cboe:VIX6M_History.csv
2009-07-29,29.46,cboe:VIX6M_History.csv
2009-07-30,29.24,cboe:VIX6M_History.csv
2009-07-31,29.06,cboe:VIX6M_History.csv
2009-08-03,28.78,cboe:VIX6M_History.csv
2009-08-04,28.48,cboe:VIX6M_History.csv
2009-08-05,28.64,cboe:VIX6M_History.csv
2009-08-06,29.05,cboe:VIX6M_History.csv
2009-08-07,28.36,cboe:VIX6M_History.csv
2009-08-10,28.31,cboe:VIX6M_History.csv
2009-08-11,29.19,cboe:VIX6M_History.csv
2009-08-12,28.86,cboe:VIX6M_History.csv
2009-08-13,28.73,cboe:VIX6M_History.csv
2009-08-14,28.54,cboe:VIX6M_History.csv
2009-08-17,30.75,cboe:VIX6M_History.csv
2009-08-18,30.09,cboe:VIX6M_History.csv
2009-08-19,29.97,cboe:VIX6M_History.csv
2009-08-20,29.73,cboe:VIX6M_History.csv
2009-08-21,29.3,cboe:VIX6M_History.csv
2009-08-24,29.7,cboe:VIX6M_History.csv
2009-08-25,29.65,cboe:VIX6M_History.csv
2009-08-26,29.87,cboe:VIX6M_History.csv
2009-08-27,29.77,cboe:VIX6M_History.csv
2009-08-28,29.49,cboe:VIX6M_History.csv
2009-08-31,30.13,cboe:VIX6M_History.csv
2009-09-01,31.53,cboe:VIX6M_History.csv
2009-09-02,31.62,cboe:VIX6M_History.csv
2009-09-03,30.5,cboe:VIX6M_History.csv
2009-09-04,29.67,cboe:VIX6M_History.csv
2009-09-08,29.32,cboe:VIX6M_History.csv
2009-09-09,28.58,cboe:VIX6M_History.csv
2009-09-10,27.83,cboe:VIX6M_History.csv
2009-09-11,27.83,cboe:VIX6M_History.csv
2009-09-14,27.56,cboe:VIX6M_History.csv
2009-09-15,27.55,cboe:VIX6M_History.csv
2009-09-16,27.54,cboe:VIX6M_History.csv
2009-09-17,27.2,cboe:VIX6M_History.csv
2009-09-18,27.63,cboe:VIX6M_History.csv
2009-09-21,27.54,cboe:VIX6M_History.csv
2009-09-22,27.32,cboe:VIX6M_History.csv
2009-09-23,27.6,cboe:VIX6M_History.csv
2009-09-24,28.5,cboe:VIX6M_History.csv
2009-09-25,28.47,cboe:VIX6M_History.csv
2009-09-28,27.84,cboe:VIX6M_History.csv
2009-09-29,28.0,cboe:VIX6M_History.csv
2009-09-30,27.77,cboe:VIX6M_History.csv
2009-10-01,29.28,cboe:VIX6M_History.csv
2009-10-02,29.66,cboe:VIX6M_History.csv
2009-10-05,28.73,cboe:VIX6M_History.csv
2009-10-06,28.06,cboe:VIX6M_History.csv
2009-10-07,27.59,cboe:VIX6M_History.csv
2009-10-08,27.32,cboe:VIX6M_History.csv
2009-10-09,26.75,cboe:VIX6M_History.csv
2009-10-12,26.75,cboe:VIX6M_History.csv
2009-10-13,26.79,cboe:VIX6M_History.csv
2009-10-14,26.58,cboe:VIX6M_History.csv
2009-10-15,26.16,cboe:VIX6M_History.csv
2009-10-16,26.32,cboe:VIX6M_History.csv
2009-10-19,25.94,cboe:VIX6M_History.csv
2009-10-20,25.86,cboe:VIX6M_History.csv
2009-10-21,26.41,cboe:VIX6M_History.csv
2009-10-22,25.59,cboe:VIX6M_History.csv
2009-10-23,26.28,cboe:VIX6M_History.csv
2009-10-26,27.07,cboe:VIX6M_History.csv
2009-10-27,27.11,cboe:VIX6M_History.csv
2009-10-28,28.29,cboe:VIX6M_History.csv
2009-10-29,27.12,cboe:VIX6M_History.csv
2009-10-30,29.49,cboe:VIX6M_History.csv
2009-11-02,29.36,cboe:VIX6M_History.csv
2009-11-03,29.32,cboe:VIX6M_History.csv
2009-11-04,29.04,cboe:VIX6M_History.csv
2009-11-05,27.92,cboe:VIX6M_History.csv
2009-11-06,27.47,cboe:VIX6M_History.csv
2009-11-09,26.77,cboe:VIX6M_History.csv
2009-11-10,26.74,cboe:VIX6M_History.csv
2009-11-11,27.02,cboe:VIX6M_History.csv
2009-11-12,27.8,cboe:VIX6M_History.csv
2009-11-13,27.56,cboe:VIX6M_History.csv
2009-11-16,27.19,cboe:VIX6M_History.csv
2009-11-17,27.2,cboe:VIX6M_History.csv
2009-11-18,27.19,cboe:VIX6M_History.csv
2009-11-19,27.58,cboe:VIX6M_History.csv
2009-11-20,27.19,cboe:VIX6M_History.csv
2009-11-23,26.61,cboe:VIX6M_History.csv
2009-11-24,26.52,cboe:VIX6M_History.csv
2009-11-25,26.17,cboe:VIX6M_History.csv
2009-11-27,27.99,cboe:VIX6M_History.csv
2009-11-30,27.73,cboe:VIX6M_History.csv
2009-12-01,26.99,cboe:VIX6M_History.csv
2009-12-02,26.98,cboe:VIX6M_History.csv
2009-12-03,27.46,cboe:VIX6M_History.csv
2009-12-04,26.94,cboe:VIX6M_History.csv
2009-12-07,27.1,cboe:VIX6M_History.csv
2009-12-08,27.75,cboe:VIX6M_History.csv
2009-12-09,27.53,cboe:VIX6M_History.csv
2009-12-10,27.2,cboe:VIX6M_History.csv
2009-12-11,26.96,cboe:VIX6M_History.csv
2009-12-14,26.73,cboe:VIX6M_History.csv
2009-12-15,26.72,cboe:VIX6M_History.csv
2009-12-16,26.07,cboe:VIX6M_History.csv
2009-12-17,26.37,cboe:VIX6M_History.csv
2009-12-18,26.18,cboe:VIX6M_History.csv
2009-12-21,25.51,cboe:VIX6M_History.csv
2009-12-22,24.82,cboe:VIX6M_History.csv
2009-12-23,24.78,cboe:VIX6M_History.csv
2009-12-24,24.56,cboe:VIX6M_History.csv
2009-12-28,24.55,cboe:VIX6M_History.csv
2009-12-29,24.53,cboe:VIX6M_History.csv
2009-12-30,24.66,cboe:VIX6M_History.csv
2009-12-31,25.66,cboe:VIX6M_History.csv
2010-01-04,24.61,cboe:VIX6M_History.csv
2010-01-05,24.22,cboe:VIX6M_History.csv
2010-01-06,23.8,cboe:VIX6M_History.csv
2010-01-07,23.44,cboe:VIX6M_History.csv
2010-01-08,22.92,cboe:VIX6M_History.csv
2010-01-11,22.89,cboe:VIX6M_History.csv
2010-01-12,23.12,cboe:VIX6M_History.csv
2010-01-13,22.76,cboe:VIX6M_History.csv
2010-01-14,22.41,cboe:VIX6M_History.csv
2010-01-15,23.02,cboe:VIX6M_History.csv
2010-01-19,22.45,cboe:VIX6M_History.csv
2010-01-20,22.66,cboe:VIX6M_History.csv
2010-01-21,24.15,cboe:VIX6M_History.csv
2010-01-22,26.18,cboe:VIX6M_History.csv
2010-01-25,25.5,cboe:VIX6M_History.csv
2010-01-26,25.52,cboe:VIX6M_History.csv
2010-01-27,24.88,cboe:VIX6M_History.csv
2010-01-28,25.38,cboe:VIX6M_History.csv
2010-01-29,25.69,cboe:VIX6M_History.csv
2010-02-01,24.78,cboe:VIX6M_History.csv
2010-02-02,24.12,cboe:VIX6M_History.csv
2010-02-03,24.12,cboe:VIX6M_History.csv
2010-02-04,26.37,cboe:VIX6M_History.csv
2010-02-05,26.65,cboe:VIX6M_History.csv
2010-02-08,26.88,cboe:VIX6M_History.csv
2010-02-09,26.65,cboe:VIX6M_History.csv
2010-02-10,26.46,cboe:VIX6M_History.csv
2010-02-11,25.67,cboe:VIX6M_History.csv
2010-02-12,25.58,cboe:VIX6M_History.csv
2010-02-16,24.88,cboe:VIX6M_History.csv
2010-02-17,24.55,cboe:VIX6M_History.csv
2010-02-18,23.96,cboe:VIX6M_History.csv
2010-02-19,23.53,cboe:VIX6M_History.csv
2010-02-22,23.03,cboe:VIX6M_History.csv
2010-02-23,23.71,cboe:VIX6M_History.csv
2010-02-24,23.15,cboe:VIX6M_History.csv
2010-02-25,23.4,cboe:VIX6M_History.csv
2010-02-26,23.01,cboe:VIX6M_History.csv
2010-03-01,22.71,cboe:VIX6M_History.csv
2010-03-02,22.48,cboe:VIX6M_History.csv
2010-03-03,22.46,cboe:VIX6M_History.csv
2010-03-04,22.49,cboe:VIX6M_History.csv
2010-03-05,22.15,cboe:VIX6M_History.csv
2010-03-08,21.89,cboe:VIX6M_History.csv
2010-03-09,21.74,cboe:VIX6M_History.csv
2010-03-10,22.15,cboe:VIX6M_History.csv
2010-03-11,22.76,cboe:VIX6M_History.csv
2010-03-12,22.32,cboe:VIX6M_History.csv
2010-03-15,22.25,cboe:VIX6M_History.csv
2010-03-16,21.94,cboe:VIX6M_History.csv
2010-03-17,21.45,cboe:VIX6M_History.csv
2010-03-18,21.37,cboe:VIX6M_History.csv
2010-03-19,21.84,cboe:VIX6M_History.csv
2010-03-22,21.65,cboe:VIX6M_History.csv
2010-03-23,21.39,cboe:VIX6M_History.csv
2010-03-24,21.84,cboe:VIX6M_History.csv
2010-03-25,22.06,cboe:VIX6M_History.csv
2010-03-26,21.73,cboe:VIX6M_History.csv
2010-03-29,21.61,cboe:VIX6M_History.csv
2010-03-30,21.4,cboe:VIX6M_History.csv
2010-03-31,21.58,cboe:VIX6M_History.csv
2010-04-01,21.7,cboe:VIX6M_History.csv
2010-04-05,21.2,cboe:VIX6M_History.csv
2010-04-06,20.94,cboe:VIX6M_History.csv
2010-04-07,21.26,cboe:VIX6M_History.csv
2010-04-08,21.2,cboe:VIX6M_History.csv
2010-04-09,20.9,cboe:VIX6M_History.csv
2010-04-12,21.0,cboe:VIX6M_History.csv
2010-04-13,21.19,cboe:VIX6M_History.csv
2010-04-14,21.02,cboe:VIX6M_History.csv
2010-04-15,21.22,cboe:VIX6M_History.csv
2010-04-16,22.3,cboe:VIX6M_History.csv
2010-04-19,22.13,cboe:VIX6M_History.csv
2010-04-20,21.58,cboe:VIX6M_History.csv
2010-04-21,21.9,cboe:VIX6M_History.csv
2010-04-22,22.06,cboe:VIX6M_History.csv
2010-04-23,22.08,cboe:VIX6M_History.csv
2010-04-26,22.38,cboe:VIX6M_History.csv
2010-04-27,24.36,cboe:VIX6M_History.csv
2010-04-28,24.2,cboe:VIX6M_History.csv
2010-04-29,23.31,cboe:VIX6M_History.csv
2010-04-30,25.26,cboe:VIX6M_History.csv
2010-05-03,24.58,cboe:VIX6M_History.csv
2010-05-04,26.57,cboe:VIX6M_History.csv
2010-05-05,27.74,cboe:VIX6M_History.csv
2010-05-06,31.02,cboe:VIX6M_History.csv
2010-05-07,35.3,cboe:VIX6M_History.csv
2010-05-10,29.98,cboe:VIX6M_History.csv
2010-05-11,30.61,cboe:VIX6M_History.csv
2010-05-12,27.9,cboe:VIX6M_History.csv
2010-05-13,28.33,cboe:VIX6M_History.csv
2010-05-14,30.8,cboe:VIX6M_History.csv
2010-05-17,30.72,cboe:VIX6M_History.csv
2010-05-18,32.69,cboe:VIX6M_History.csv
2010-05-19,33.81,cboe:VIX6M_History.csv
2010-05-20,38.83,cboe:VIX6M_History.csv
2010-05-21,36.87,cboe:VIX6M_History.csv
2010-05-24,36.38,cboe:VIX6M_History.csv
2010-05-25,35.64,cboe:VIX6M_History.csv
2010-05-26,34.89,cboe:VIX6M_History.csv
2010-05-27,32.16,cboe:VIX6M_History.csv
2010-05-28,32.16,cboe:VIX6M_History.csv
2010-06-01,33.56,cboe:VIX6M_History.csv
2010-06-02,31.97,cboe:VIX6M_History.csv
2010-06-03,31.29,cboe:VIX6M_History.csv
2010-06-04,34.26,cboe:VIX6M_History.csv
2010-06-07,35.03,cboe:VIX6M_History.csv
2010-06-08,34.03,cboe:VIX6M_History.csv
2010-06-09,34.3,cboe:VIX6M_History.csv
2010-06-10,32.54,cboe:VIX6M_History.csv
2010-06-11,31.97,cboe:VIX6M_History.csv
2010-06-14,31.86,cboe:VIX6M_History.csv
2010-06-15,30.11,cboe:VIX6M_History.csv
2010-06-16,30.24,cboe:VIX6M_History.csv
2010-06-17,29.79,cboe:VIX6M_History.csv
2010-06-18,28.94,cboe:VIX6M_History.csv
2010-06-21,28.97,cboe:VIX6M_History.csv
2010-06-22,30.28,cboe:VIX6M_History.csv
2010-06-23,30.72,cboe:VIX6M_History.csv
2010-06-24,32.82,cboe:VIX6M_History.csv
2010-06-25,32.46,cboe:VIX6M_History.csv
2010-06-28,32.33,cboe:VIX6M_History.csv
2010-06-29,35.05,cboe:VIX6M_History.csv
2010-06-30,35.69,cboe:VIX6M_History.csv
2010-07-01,35.69,cboe:VIX6M_History.csv
2010-07-02,35.16,cboe:VIX6M_History.csv
2010-07-06,34.14,cboe:VIX6M_History.csv
2010-07-07,32.24,cboe:VIX6M_History.csv
2010-07-08,31.54,cboe:VIX6M_History.csv
2010-07-09,30.91,cboe:VIX6M_History.csv
2010-07-12,31.15,cboe:VIX6M_History.csv
2010-07-13,30.54,cboe:VIX6M_History.csv
2010-07-14,31.2,cboe:VIX6M_History.csv
2010-07-15,31.61,cboe:VIX6M_History.csv
2010-07-16,32.76,cboe:VIX6M_History.csv
2010-07-19,32.63,cboe:VIX6M_History.csv
2010-07-20,30.53,cboe:VIX6M_History.csv
2010-07-21,31.31,cboe:VIX6M_History.csv
2010-07-22,30.39,cboe:VIX6M_History.csv
2010-07-23,29.65,cboe:VIX6M_History.csv
2010-07-26,29.11,cboe:VIX6M_History.csv
2010-07-27,28.96,cboe:VIX6M_History.csv
2010-07-28,28.88,cboe:VIX6M_History.csv
2010-07-29,28.97,cboe:VIX6M_History.csv
2010-07-30,28.53,cboe:VIX6M_History.csv
2010-08-02,27.44,cboe:VIX6M_History.csv
2010-08-03,28.02,cboe:VIX6M_History.csv
2010-08-04,27.9,cboe:VIX6M_History.csv
2010-08-05,28.14,cboe:VIX6M_History.csv
2010-08-06,28.15,cboe:VIX6M_History.csv
2010-08-09,28.14,cboe:VIX6M_History.csv
2010-08-10,28.49,cboe:VIX6M_History.csv
2010-08-11,30.43,cboe:VIX6M_History.csv
2010-08-12,30.99,cboe:VIX6M_History.csv
2010-08-13,31.59,cboe:VIX6M_History.csv
2010-08-16,31.41,cboe:VIX6M_History.csv
2010-08-17,30.65,cboe:VIX6M_History.csv
2010-08-18,30.55,cboe:VIX6M_History.csv
2010-08-19,31.34,cboe:VIX6M_History.csv
2010-08-20,31.42,cboe:VIX6M_History.csv
2010-08-23,31.28,cboe:VIX6M_History.csv
2010-08-24,32.08,cboe:VIX6M_History.csv
2010-08-25,31.55,cboe:VIX6M_History.csv
2010-08-26,32.2,cboe:VIX6M_History.csv
2010-08-27,30.58,cboe:VIX6M_History.csv
2010-08-30,32.02,cboe:VIX6M_History.csv
2010-08-31,31.43,cboe:VIX6M_History.csv
2010-09-01,29.99,cboe:VIX6M_History.csv
2010-09-02,29.43,cboe:VIX6M_History.csv
2010-09-03,28.21,cboe:VIX6M_History.csv
2010-09-07,29.38,cboe:VIX6M_History.csv
2010-09-08,28.91,cboe:VIX6M_History.csv
2010-09-09,28.48,cboe:VIX6M_History.csv
2010-09-10,27.96,cboe:VIX6M_History.csv
2010-09-13,27.15,cboe:VIX6M_History.csv
2010-09-14,27.09,cboe:VIX6M_History.csv
2010-09-15,27.27,cboe:VIX6M_History.csv
2010-09-16,27.28,cboe:VIX6M_History.csv
2010-09-17,27.63,cboe:VIX6M_History.csv
2010-09-20,27.24,cboe:VIX6M_History.csv
2010-09-21,27.78,cboe:VIX6M_History.csv
2010-09-22,28.27,cboe:VIX6M_History.csv
2010-09-23,29.13,cboe:VIX6M_History.csv
2010-09-24,28.03,cboe:VIX6M_History.csv
2010-09-27,28.32,cboe:VIX6M_History.csv
2010-09-28,28.39,cboe:VIX6M_History.csv
2010-09-29,28.9,cboe:VIX6M_History.csv
2010-09-30,29.03,cboe:VIX6M_History.csv
2010-10-01,28.94,cboe:VIX6M_History.csv
2010-10-04,29.42,cboe:VIX6M_History.csv
2010-10-05,28.35,cboe:VIX6M_History.csv
2010-10-06,28.39,cboe:VIX6M_History.csv
2010-10-07,28.36,cboe:VIX6M_History.csv
2010-10-08,27.75,cboe:VIX6M_History.csv
2010-10-11,27.55,cboe:VIX6M_History.csv
2010-10-12,27.03,cboe:VIX6M_History.csv
2010-10-13,26.65,cboe:VIX6M_History.csv
2010-10-14,27.23,cboe:VIX6M_History.csv
2010-10-15,26.86,cboe:VIX6M_History.csv
2010-10-18,26.57,cboe:VIX6M_History.csv
2010-10-19,27.2,cboe:VIX6M_History.csv
2010-10-20,26.37,cboe:VIX6M_History.csv
2010-10-21,26.0,cboe:VIX6M_History.csv
2010-10-22,25.52,cboe:VIX6M_History.csv
2010-10-25,25.49,cboe:VIX6M_History.csv
2010-10-26,25.73,cboe:VIX6M_History.csv
2010-10-27,25.96,cboe:VIX6M_History.csv
2010-10-28,25.85,cboe:VIX6M_History.csv
2010-10-29,25.62,cboe:VIX6M_History.csv
2010-11-01,26.16,cboe:VIX6M_History.csv
2010-11-02,25.91,cboe:VIX6M_History.csv
2010-11-03,24.73,cboe:VIX6M_History.csv
2010-11-04,23.6,cboe:VIX6M_History.csv
2010-11-05,23.8,cboe:VIX6M_History.csv
2010-11-08,24.09,cboe:VIX6M_History.csv
2010-11-09,24.4,cboe:VIX6M_History.csv
2010-11-10,24.52,cboe:VIX6M_History.csv
2010-11-11,24.68,cboe:VIX6M_History.csv
2010-11-12,25.78,cboe:VIX6M_History.csv
2010-11-15,25.63,cboe:VIX6M_History.csv
2010-11-16,26.76,cboe:VIX6M_History.csv
2010-11-17,26.51,cboe:VIX6M_History.csv
2010-11-18,25.37,cboe:VIX6M_History.csv
2010-11-19,25.0,cboe:VIX6M_History.csv
2010-11-22,24.5,cboe:VIX6M_History.csv
2010-11-23,25.36,cboe:VIX6M_History.csv
2010-11-24,24.8,cboe:VIX6M_History.csv
2010-11-26,26.08,cboe:VIX6M_History.csv
2010-11-29,26.15,cboe:VIX6M_History.csv
2010-11-30,27.14,cboe:VIX6M_History.csv
2010-12-01,26.4,cboe:VIX6M_History.csv
2010-12-02,24.87,cboe:VIX6M_History.csv
2010-12-03,24.09,cboe:VIX6M_History.csv
2010-12-06,23.94,cboe:VIX6M_History.csv
2010-12-07,23.8,cboe:VIX6M_History.csv
2010-12-08,23.27,cboe:VIX6M_History.csv
2010-12-09,22.87,cboe:VIX6M_History.csv
2010-12-10,22.63,cboe:VIX6M_History.csv
2010-12-13,23.04,cboe:VIX6M_History.csv
2010-12-14,23.03,cboe:VIX6M_History.csv
2010-12-15,23.31,cboe:VIX6M_History.csv
2010-12-16,23.21,cboe:VIX6M_History.csv
2010-12-17,23.12,cboe:VIX6M_History.csv
2010-12-20,23.02,cboe:VIX6M_History.csv
2010-12-21,22.9,cboe:VIX6M_History.csv
2010-12-22,22.69,cboe:VIX6M_History.csv
2010-12-23,23.4,cboe:VIX6M_History.csv
2010-12-27,23.69,cboe:VIX6M_History.csv
2010-12-28,23.91,cboe:VIX6M_History.csv
2010-12-29,23.97,cboe:VIX6M_History.csv
2010-12-30,24.03,cboe:VIX6M_History.csv
2010-12-31,23.75,cboe:VIX6M_History.csv
2011-01-03,23.4,cboe:VIX6M_History.csv
2011-01-04,23.19,cboe:VIX6M_History.csv
2011-01-05,22.78,cboe:VIX6M_History.csv
2011-01-06,22.87,cboe:VIX6M_History.csv
2011-01-07,22.92,cboe:VIX6M_History.csv
2011-01-10,22.93,cboe:VIX6M_History.csv
2011-01-11,22.71,cboe:VIX6M_History.csv
2011-01-12,21.94,cboe:VIX6M_History.csv
2011-01-13,21.91,cboe:VIX6M_History.csv
2011-01-14,21.33,cboe:VIX6M_History.csv
2011-01-18,21.29,cboe:VIX6M_History.csv
2011-01-19,22.04,cboe:VIX6M_History.csv
2011-01-20,22.15,cboe:VIX6M_History.csv
2011-01-21,22.25,cboe:VIX6M_History.csv
2011-01-24,21.98,cboe:VIX6M_History.csv
2011-01-25,21.82,cboe:VIX6M_History.csv
2011-01-26,21.24,cboe:VIX6M_History.csv
2011-01-27,20.83,cboe:VIX6M_History.csv
2011-01-28,22.34,cboe:VIX6M_History.csv
2011-01-31,21.88,cboe:VIX6M_History.csv
2011-02-01,21.1,cboe:VIX6M_History.csv
2011-02-02,21.22,cboe:VIX6M_History.csv
2011-02-03,21.0,cboe:VIX6M_History.csv
2011-02-04,20.6,cboe:VIX6M_History.csv
2011-02-07,20.36,cboe:VIX6M_History.csv
2011-02-08,20.08,cboe:VIX6M_History.csv
2011-02-09,20.09,cboe:VIX6M_History.csv
2011-02-10,20.16,cboe:VIX6M_History.csv
2011-02-11,19.85,cboe:VIX6M_History.csv
2011-02-14,20.03,cboe:VIX6M_History.csv
2011-02-15,20.24,cboe:VIX6M_History.csv
2011-02-16,20.33,cboe:VIX6M_History.csv
2011-02-17,20.71,cboe:VIX6M_History.csv
2011-02-18,20.92,cboe:VIX6M_History.csv
2011-02-22,22.99,cboe:VIX6M_History.csv
2011-02-23,23.88,cboe:VIX6M_History.csv
2011-02-24,23.86,cboe:VIX6M_History.csv
2011-02-25,22.71,cboe:VIX6M_History.csv
2011-02-28,21.75,cboe:VIX6M_History.csv
2011-03-01,23.31,cboe:VIX6M_History.csv
2011-03-02,23.29,cboe:VIX6M_History.csv
2011-03-03,22.29,cboe:VIX6M_History.csv
2011-03-04,22.67,cboe:VIX6M_History.csv
2011-03-07,23.46,cboe:VIX6M_History.csv
2011-03-08,23.13,cboe:VIX6M_History.csv
2011-03-09,23.47,cboe:VIX6M_History.csv
2011-03-10,24.27,cboe:VIX6M_History.csv
2011-03-11,23.69,cboe:VIX6M_History.csv
2011-03-14,24.0,cboe:VIX6M_History.csv
2011-03-15,25.27,cboe:VIX6M_History.csv
2011-03-16,27.1,cboe:VIX6M_History.csv
2011-03-17,26.09,cboe:VIX6M_History.csv
2011-03-18,25.36,cboe:VIX6M_History.csv
2011-03-21,23.45,cboe:VIX6M_History.csv
2011-03-22,23.34,cboe:VIX6M_History.csv
2011-03-23,22.75,cboe:VIX6M_History.csv
2011-03-24,22.19,cboe:VIX6M_History.csv
2011-03-25,22.15,cboe:VIX6M_History.csv
2011-03-28,22.63,cboe:VIX6M_History.csv
2011-03-29,22.05,cboe:VIX6M_History.csv
2011-03-30,21.75,cboe:VIX6M_History.csv
2011-03-31,21.93,cboe:VIX6M_History.csv
2011-04-01,21.76,cboe:VIX6M_History.csv
2011-04-04,21.66,cboe:VIX6M_History.csv
2011-04-05,21.65,cboe:VIX6M_History.csv
2011-04-06,21.63,cboe:VIX6M_History.csv
2011-04-07,21.83,cboe:VIX6M_History.csv
2011-04-08,22.32,cboe:VIX6M_History.csv
2011-04-11,22.31,cboe:VIX6M_History.csv
2011-04-12,22.63,cboe:VIX6M_History.csv
2011-04-13,22.36,cboe:VIX6M_History.csv
2011-04-14,22.34,cboe:VIX6M_History.csv
2011-04-15,21.88,cboe:VIX6M_History.csv
2011-04-18,22.49,cboe:VIX6M_History.csv
2011-04-19,21.97,cboe:VIX6M_History.csv
2011-04-20,21.37,cboe:VIX6M_History.csv
2011-04-21,21.21,cboe:VIX6M_History.csv
2011-04-25,21.36,cboe:VIX6M_History.csv
2011-04-26,20.96,cboe:VIX6M_History.csv
2011-04-27,20.64,cboe:VIX6M_History.csv
2011-04-28,20.29,cboe:VIX6M_History.csv
2011-04-29,20.25,cboe:VIX6M_History.csv
2011-05-02,21.06,cboe:VIX6M_History.csv
2011-05-03,21.49,cboe:VIX6M_History.csv
2011-05-04,21.82,cboe:VIX6M_History.csv
2011-05-05,22.1,cboe:VIX6M_History.csv
2011-05-06,22.04,cboe:VIX6M_History.csv
2011-05-09,21.59,cboe:VIX6M_History.csv
2011-05-10,21.05,cboe:VIX6M_History.csv
2011-05-11,21.49,cboe:VIX6M_History.csv
2011-05-12,21.07,cboe:VIX6M_History.csv
2011-05-13,21.44,cboe:VIX6M_History.csv
2011-05-16,21.94,cboe:VIX6M_History.csv
2011-05-17,21.73,cboe:VIX6M_History.csv
2011-05-18,21.11,cboe:VIX6M_History.csv
2011-05-19,20.84,cboe:VIX6M_History.csv
2011-05-20,21.43,cboe:VIX6M_History.csv
2011-05-23,22.02,cboe:VIX6M_History.csv
2011-05-24,21.75,cboe:VIX6M_History.csv
2011-05-25,21.57,cboe:VIX6M_History.csv
2011-05-26,20.92,cboe:VIX6M_History.csv
2011-05-27,20.63,cboe:VIX6M_History.csv
2011-05-31,20.01,cboe:VIX6M_History.csv
2011-06-01,21.41,cboe:VIX6M_History.csv
2011-06-02,21.29,cboe:VIX6M_History.csv
2011-06-03,21.59,cboe:VIX6M_History.csv
2011-06-06,21.81,cboe:VIX6M_History.csv
2011-06-07,21.6,cboe:VIX6M_History.csv
2011-06-08,21.86,cboe:VIX6M_History.csv
2011-06-09,21.34,cboe:VIX6M_History.csv
2011-06-10,25.1,cboe:VIX6M_History.csv
2011-06-13,22.08,cboe:VIX6M_History.csv
2011-06-14,21.44,cboe:VIX6M_History.csv
2011-06-15,22.91,cboe:VIX6M_History.csv
2011-06-16,24.0,cboe:VIX6M_History.csv
2011-06-17,23.82,cboe:VIX6M_History.csv
2011-06-20,23.07,cboe:VIX6M_History.csv
2011-06-21,22.46,cboe:VIX6M_History.csv
2011-06-22,22.66,cboe:VIX6M_History.csv
2011-06-23,22.82,cboe:VIX6M_History.csv
2011-06-24,23.62,cboe:VIX6M_History.csv
2011-06-27,23.28,cboe:VIX6M_History.csv
2011-06-28,22.7,cboe:VIX6M_History.csv
2011-06-29,21.85,cboe:VIX6M_History.csv
2011-06-30,20.97,cboe:VIX6M_History.csv
2011-07-01,20.43,cboe:VIX6M_History.csv
2011-07-05,20.57,cboe:VIX6M_History.csv
2011-07-06,20.62,cboe:VIX6M_History.csv
2011-07-07,20.12,cboe:VIX6M_History.csv
2011-07-08,20.35,cboe:VIX6M_History.csv
2011-07-11,21.86,cboe:VIX6M_History.csv
2011-07-12,22.45,cboe:VIX6M_History.csv
2011-07-13,22.47,cboe:VIX6M_History.csv
2011-07-14,23.03,cboe:VIX6M_History.csv
2011-07-15,22.72,cboe:VIX6M_History.csv
2011-07-18,23.33,cboe:VIX6M_History.csv
2011-07-19,22.43,cboe:VIX6M_History.csv
2011-07-20,22.34,cboe:VIX6M_History.csv
2011-07-21,21.39,cboe:VIX6M_History.csv
2011-07-22,21.57,cboe:VIX6M_History.csv
2011-07-25,22.06,cboe:VIX6M_History.csv
2011-07-26,22.35,cboe:VIX6M_History.csv
2011-07-27,23.55,cboe:VIX6M_History.csv
2011-07-28,23.62,cboe:VIX6M_History.csv
2011-07-29,23.63,cboe:VIX6M_History.csv
2011-08-01,23.03,cboe:VIX6M_History.csv
2011-08-02,24.01,cboe:VIX6M_History.csv
2011-08-03,23.85,cboe:VIX6M_History.csv
2011-08-04,27.88,cboe:VIX6M_History.csv
2011-08-05,28.81,cboe:VIX6M_History.csv
2011-08-08,35.0,cboe:VIX6M_History.csv
2011-08-09,29.97,cboe:VIX6M_History.csv
2011-08-10,33.9,cboe:VIX6M_History.csv
2011-08-11,32.13,cboe:VIX6M_History.csv
2011-08-12,31.19,cboe:VIX6M_History.csv
2011-08-15,29.58,cboe:VIX6M_History.csv
2011-08-16,29.82,cboe:VIX6M_History.csv
2011-08-17,29.53,cboe:VIX6M_History.csv
2011-08-18,33.23,cboe:VIX6M_History.csv
2011-08-19,35.13,cboe:VIX6M_History.csv
2011-08-22,35.19,cboe:VIX6M_History.csv
2011-08-23,33.21,cboe:VIX6M_History.csv
2011-08-24,33.35,cboe:VIX6M_History.csv
2011-08-25,34.67,cboe:VIX6M_History.csv
2011-08-26,33.25,cboe:VIX6M_History.csv
2011-08-29,31.76,cboe:VIX6M_History.csv
2011-08-30,32.16,cboe:VIX6M_History.csv
2011-08-31,31.59,cboe:VIX6M_History.csv
2011-09-01,31.88,cboe:VIX6M_History.csv
2011-09-02,32.99,cboe:VIX6M_History.csv
2011-09-06,34.23,cboe:VIX6M_History.csv
2011-09-07,32.14,cboe:VIX6M_History.csv
2011-09-08,33.14,cboe:VIX6M_History.csv
2011-09-09,35.32,cboe:VIX6M_History.csv
2011-09-12,35.77,cboe:VIX6M_History.csv
2011-09-13,35.32,cboe:VIX6M_History.csv
2011-09-14,34.02,cboe:VIX6M_History.csv
2011-09-15,33.44,cboe:VIX6M_History.csv
2011-09-16,33.02,cboe:VIX6M_History.csv
2011-09-19,33.78,cboe:VIX6M_History.csv
2011-09-20,33.57,cboe:VIX6M_History.csv
2011-09-21,35.63,cboe:VIX6M_History.csv
2011-09-22,37.61,cboe:VIX6M_History.csv
2011-09-23,37.92,cboe:VIX6M_History.csv
2011-09-26,37.08,cboe:VIX6M_History.csv
2011-09-27,36.54,cboe:VIX6M_History.csv
2011-09-28,38.21,cboe:VIX6M_History.csv
2011-09-29,37.2,cboe:VIX6M_History.csv
2011-09-30,39.23,cboe:VIX6M_History.csv
2011-10-03,41.36,cboe:VIX6M_History.csv
2011-10-04,39.13,cboe:VIX6M_History.csv
2011-10-05,37.86,cboe:VIX6M_History.csv
2011-10-06,36.91,cboe:VIX6M_History.csv
2011-10-07,37.25,cboe:VIX6M_History.csv
2011-10-10,35.17,cboe:VIX6M_History.csv
2011-10-11,34.81,cboe:VIX6M_History.csv
2011-10-12,33.39,cboe:VIX6M_History.csv
2011-10-13,33.29,cboe:VIX6M_History.csv
2011-10-14,31.67,cboe:VIX6M_History.csv
2011-10-17,33.81,cboe:VIX6M_History.csv
2011-10-18,32.87,cboe:VIX6M_History.csv
2011-10-19,34.57,cboe:VIX6M_History.csv
2011-10-20,34.51,cboe:VIX6M_History.csv
2011-10-21,32.98,cboe:VIX6M_History.csv
2011-10-24,31.8,cboe:VIX6M_History.csv
2011-10-25,33.12,cboe:VIX6M_History.csv
2011-10-26,31.82,cboe:VIX6M_History.csv
2011-10-27,28.76,cboe:VIX6M_History.csv
2011-10-28,28.31,cboe:VIX6M_History.csv
2011-10-31,30.99,cboe:VIX6M_History.csv
2011-11-01,34.5,cboe:VIX6M_History.csv
2011-11-02,33.64,cboe:VIX6M_History.csv
2011-11-03,32.45,cboe:VIX6M_History.csv
2011-11-04,32.46,cboe:VIX6M_History.csv
2011-11-07,32.33,cboe:VIX6M_History.csv
2011-11-08,31.17,cboe:VIX6M_History.csv
2011-11-09,35.55,cboe:VIX6M_History.csv
2011-11-10,34.7,cboe:VIX6M_History.csv
2011-11-11,33.31,cboe:VIX6M_History.csv
2011-11-14,33.88,cboe:VIX6M_History.csv
2011-11-15,33.79,cboe:VIX6M_History.csv
2011-11-16,35.14,cboe:VIX6M_History.csv
2011-11-17,36.14,cboe:VIX6M_History.csv
2011-11-18,35.55,cboe:VIX6M_History.csv
2011-11-21,36.17,cboe:VIX6M_History.csv
2011-11-22,35.69,cboe:VIX6M_History.csv
2011-11-23,37.05,cboe:VIX6M_History.csv
2011-11-25,37.83,cboe:VIX6M_History.csv
2011-11-28,35.1,cboe:VIX6M_History.csv
2011-11-29,34.64,cboe:VIX6M_History.csv
2011-11-30,31.94,cboe:VIX6M_History.csv
2011-12-01,31.92,cboe:VIX6M_History.csv
2011-12-02,31.53,cboe:VIX6M_History.csv
2011-12-05,31.41,cboe:VIX6M_History.csv
2011-12-06,31.6,cboe:VIX6M_History.csv
2011-12-07,31.96,cboe:VIX6M_History.csv
2011-12-08,33.23,cboe:VIX6M_History.csv
2011-12-09,31.25,cboe:VIX6M_History.csv
2011-12-12,31.55,cboe:VIX6M_History.csv
2011-12-13,31.85,cboe:VIX6M_History.csv
2011-12-14,31.95,cboe:VIX6M_History.csv
2011-12-15,31.37,cboe:VIX6M_History.csv
2011-12-16,31.92,cboe:VIX6M_History.csv
2011-12-19,31.49,cboe:VIX6M_History.csv
2011-12-20,29.52,cboe:VIX6M_History.csv
2011-12-21,28.56,cboe:VIX6M_History.csv
2011-12-22,28.06,cboe:VIX6M_History.csv
2011-12-23,27.96,cboe:VIX6M_History.csv
2011-12-27,28.09,cboe:VIX6M_History.csv
2011-12-28,29.02,cboe:VIX6M_History.csv
2011-12-29,28.52,cboe:VIX6M_History.csv
2011-12-30,28.34,cboe:VIX6M_History.csv
2012-01-03,28.26,cboe:VIX6M_History.csv
2012-01-04,27.67,cboe:VIX6M_History.csv
2012-01-05,27.2,cboe:VIX6M_History.csv
2012-01-06,26.73,cboe:VIX6M_History.csv
2012-01-09,26.57,cboe:VIX6M_History.csv
2012-01-10,26.1,cboe:VIX6M_History.csv
2012-01-11,26.45,cboe:VIX6M_History.csv
2012-01-12,26.44,cboe:VIX6M_History.csv
2012-01-13,26.98,cboe:VIX6M_History.csv
2012-01-17,27.51,cboe:VIX6M_History.csv
2012-01-18,26.57,cboe:VIX6M_History.csv
2012-01-19,26.02,cboe:VIX6M_History.csv
2012-01-20,25.42,cboe:VIX6M_History.csv
2012-01-23,25.07,cboe:VIX6M_History.csv
2012-01-24,24.85,cboe:VIX6M_History.csv
2012-01-25,24.06,cboe:VIX6M_History.csv
2012-01-26,24.25,cboe:VIX6M_History.csv
2012-01-27,24.13,cboe:VIX6M_History.csv
2012-01-30,24.49,cboe:VIX6M_History.csv
2012-01-31,24.6,cboe:VIX6M_History.csv
2012-02-01,24.37,cboe:VIX6M_History.csv
2012-02-02,23.89,cboe:VIX6M_History.csv
2012-02-03,23.0,cboe:VIX6M_History.csv
2012-02-06,23.11,cboe:VIX6M_History.csv
2012-02-07,22.85,cboe:VIX6M_History.csv
2012-02-08,23.14,cboe:VIX6M_History.csv
2012-02-09,23.77,cboe:VIX6M_History.csv
2012-02-10,25.17,cboe:VIX6M_History.csv
2012-02-13,24.47,cboe:VIX6M_History.csv
2012-02-14,25.22,cboe:VIX6M_History.csv
2012-02-15,26.17,cboe:VIX6M_History.csv
2012-02-16,25.33,cboe:VIX6M_History.csv
2012-02-17,24.92,cboe:VIX6M_History.csv
2012-02-21,25.14,cboe:VIX6M_History.csv
2012-02-22,25.01,cboe:VIX6M_History.csv
2012-02-23,24.02,cboe:VIX6M_History.csv
2012-02-24,24.3,cboe:VIX6M_History.csv
2012-02-27,24.66,cboe:VIX6M_History.csv
2012-02-28,24.53,cboe:VIX6M_History.csv
2012-02-29,24.43,cboe:VIX6M_History.csv
2012-03-01,23.92,cboe:VIX6M_History.csv
2012-03-02,24.12,cboe:VIX6M_History.csv
2012-03-05,24.62,cboe:VIX6M_History.csv
2012-03-06,26.16,cboe:VIX6M_History.csv
2012-03-07,25.37,cboe:VIX6M_History.csv
2012-03-08,24.62,cboe:VIX6M_History.csv
2012-03-09,24.04,cboe:VIX6M_History.csv
2012-03-12,23.71,cboe:VIX6M_History.csv
2012-03-13,22.6,cboe:VIX6M_History.csv
2012-03-14,23.38,cboe:VIX6M_History.csv
2012-03-15,23.08,cboe:VIX6M_History.csv
2012-03-16,22.85,cboe:VIX6M_History.csv
2012-03-19,22.46,cboe:VIX6M_History.csv
2012-03-20,22.49,cboe:VIX6M_History.csv
2012-03-21,21.83,cboe:VIX6M_History.csv
2012-03-22,22.02,cboe:VIX6M_History.csv
2012-03-23,21.49,cboe:VIX6M_History.csv
2012-03-26,20.33,cboe:VIX6M_History.csv
2012-03-27,21.06,cboe:VIX6M_History.csv
2012-03-28,21.24,cboe:VIX6M_History.csv
2012-03-29,21.37,cboe:VIX6M_History.csv
2012-03-30,21.0,cboe:VIX6M_History.csv
2012-04-02,21.05,cboe:VIX6M_History.csv
2012-04-03,21.28,cboe:VIX6M_History.csv
2012-04-04,21.9,cboe:VIX6M_History.csv
2012-04-05,22.18,cboe:VIX6M_History.csv
2012-04-09,23.22,cboe:VIX6M_History.csv
2012-04-10,24.75,cboe:VIX6M_History.csv
2012-04-11,24.62,cboe:VIX6M_History.csv
2012-04-12,23.02,cboe:VIX6M_History.csv
2012-04-13,24.25,cboe:VIX6M_History.csv
2012-04-16,24.25,cboe:VIX6M_History.csv
2012-04-17,23.23,cboe:VIX6M_History.csv
2012-04-18,23.46,cboe:VIX6M_History.csv
2012-04-19,23.61,cboe:VIX6M_History.csv
2012-04-20,23.09,cboe:VIX6M_History.csv
2012-04-23,23.77,cboe:VIX6M_History.csv
2012-04-24,23.22,cboe:VIX6M_History.csv
2012-04-25,22.15,cboe:VIX6M_History.csv
2012-04-26,21.55,cboe:VIX6M_History.csv
2012-04-27,21.58,cboe:VIX6M_History.csv
2012-04-30,21.7,cboe:VIX6M_History.csv
2012-05-01,21.68,cboe:VIX6M_History.csv
2012-05-02,21.61,cboe:VIX6M_History.csv
2012-05-03,22.0,cboe:VIX6M_History.csv
2012-05-04,22.94,cboe:VIX6M_History.csv
2012-05-07,22.85,cboe:VIX6M_History.csv
2012-05-08,23.14,cboe:VIX6M_History.csv
2012-05-09,23.79,cboe:VIX6M_History.csv
2012-05-10,23.23,cboe:VIX6M_History.csv
2012-05-11,23.75,cboe:VIX6M_History.csv
2012-05-14,24.95,cboe:VIX6M_History.csv
2012-05-15,25.74,cboe:VIX6M_History.csv
2012-05-16,26.42,cboe:VIX6M_History.csv
2012-05-17,27.73,cboe:VIX6M_History.csv
2012-05-18,28.64,cboe:VIX6M_History.csv
2012-05-21,27.49,cboe:VIX6M_History.csv
2012-05-22,27.33,cboe:VIX6M_History.csv
2012-05-23,27.47,cboe:VIX6M_History.csv
2012-05-24,27.71,cboe:VIX6M_History.csv
2012-05-25,27.14,cboe:VIX6M_History.csv
2012-05-29,26.13,cboe:VIX6M_History.csv
2012-05-30,27.71,cboe:VIX6M_History.csv
2012-05-31,27.74,cboe:VIX6M_History.csv
2012-06-01,30.21,cboe:VIX6M_History.csv
2012-06-04,29.36,cboe:VIX6M_History.csv
2012-06-05,28.57,cboe:VIX6M_History.csv
2012-06-06,26.87,cboe:VIX6M_History.csv
2012-06-07,26.72,cboe:VIX6M_History.csv
2012-06-08,26.26,cboe:VIX6M_History.csv
2012-06-11,27.5,cboe:VIX6M_History.csv
2012-06-12,27.22,cboe:VIX6M_History.csv
2012-06-13,28.27,cboe:VIX6M_History.csv
2012-06-14,26.97,cboe:VIX6M_History.csv
2012-06-15,26.02,cboe:VIX6M_History.csv
2012-06-18,25.01,cboe:VIX6M_History.csv
2012-06-19,24.44,cboe:VIX6M_History.csv
2012-06-20,23.97,cboe:VIX6M_History.csv
2012-06-21,25.53,cboe:VIX6M_History.csv
2012-06-22,24.34,cboe:VIX6M_History.csv
2012-06-25,25.42,cboe:VIX6M_History.csv
2012-06-26,25.1,cboe:VIX6M_History.csv
2012-06-27,24.75,cboe:VIX6M_History.csv
2012-06-28,24.66,cboe:VIX6M_History.csv
2012-06-29,22.87,cboe:VIX6M_History.csv
2012-07-02,22.53,cboe:VIX6M_History.csv
2012-07-03,22.35,cboe:VIX6M_History.csv
2012-07-05,22.89,cboe:VIX6M_History.csv
2012-07-06,22.9,cboe:VIX6M_History.csv
2012-07-09,23.05,cboe:VIX6M_History.csv
2012-07-10,23.4,cboe:VIX6M_History.csv
2012-07-11,22.94,cboe:VIX6M_History.csv
2012-07-12,23.15,cboe:VIX6M_History.csv
2012-07-13,22.22,cboe:VIX6M_History.csv
2012-07-16,22.41,cboe:VIX6M_History.csv
2012-07-17,21.81,cboe:VIX6M_History.csv
2012-07-18,21.71,cboe:VIX6M_History.csv
2012-07-19,21.55,cboe:VIX6M_History.csv
2012-07-20,22.39,cboe:VIX6M_History.csv
2012-07-23,23.63,cboe:VIX6M_History.csv
2012-07-24,24.48,cboe:VIX6M_History.csv
2012-07-25,24.32,cboe:VIX6M_History.csv
2012-07-26,23.11,cboe:VIX6M_History.csv
2012-07-27,22.45,cboe:VIX6M_History.csv
2012-07-30,22.81,cboe:VIX6M_History.csv
2012-07-31,23.27,cboe:VIX6M_History.csv
2012-08-01,23.12,cboe:VIX6M_History.csv
2012-08-02,22.97,cboe:VIX6M_History.csv
2012-08-03,21.79,cboe:VIX6M_History.csv
2012-08-06,21.93,cboe:VIX6M_History.csv
2012-08-07,21.84,cboe:VIX6M_History.csv
2012-08-08,21.63,cboe:VIX6M_History.csv
2012-08-09,21.37,cboe:VIX6M_History.csv
2012-08-10,21.2,cboe:VIX6M_History.csv
2012-08-13,21.27,cboe:VIX6M_History.csv
2012-08-14,21.67,cboe:VIX6M_History.csv
2012-08-15,21.82,cboe:VIX6M_History.csv
2012-08-16,21.73,cboe:VIX6M_History.csv
2012-08-17,21.54,cboe:VIX6M_History.csv
2012-08-20,21.67,cboe:VIX6M_History.csv
2012-08-21,22.12,cboe:VIX6M_History.csv
2012-08-22,22.42,cboe:VIX6M_History.csv
2012-08-23,22.91,cboe:VIX6M_History.csv
2012-08-24,22.21,cboe:VIX6M_History.csv
2012-08-27,22.68,cboe:VIX6M_History.csv
2012-08-28,22.73,cboe:VIX6M_History.csv
2012-08-29,23.15,cboe:VIX6M_History.csv
2012-08-30,23.5,cboe:VIX6M_History.csv
2012-08-31,23.27,cboe:VIX6M_History.csv
2012-09-04,23.3,cboe:VIX6M_History.csv
2012-09-05,22.62,cboe:VIX6M_History.csv
2012-09-06,21.72,cboe:VIX6M_History.csv
2012-09-07,20.99,cboe:VIX6M_History.csv
2012-09-10,21.39,cboe:VIX6M_History.csv
2012-09-11,21.23,cboe:VIX6M_History.csv
2012-09-12,20.66,cboe:VIX6M_History.csv
2012-09-13,19.63,cboe:VIX6M_History.csv
2012-09-14,19.81,cboe:VIX6M_History.csv
2012-09-17,20.0,cboe:VIX6M_History.csv
2012-09-18,19.68,cboe:VIX6M_History.csv
2012-09-19,19.52,cboe:VIX6M_History.csv
2012-09-20,19.75,cboe:VIX6M_History.csv
2012-09-21,19.83,cboe:VIX6M_History.csv
2012-09-24,19.76,cboe:VIX6M_History.csv
2012-09-25,20.46,cboe:VIX6M_History.csv
2012-09-26,21.13,cboe:VIX6M_History.csv
2012-09-27,20.1,cboe:VIX6M_History.csv
2012-09-28,20.37,cboe:VIX6M_History.csv
2012-10-01,20.58,cboe:VIX6M_History.csv
2012-10-02,20.51,cboe:VIX6M_History.csv
2012-10-03,20.37,cboe:VIX6M_History.csv
2012-10-04,20.02,cboe:VIX6M_History.csv
2012-10-05,19.66,cboe:VIX6M_History.csv
2012-10-08,20.0,cboe:VIX6M_History.csv
2012-10-09,20.48,cboe:VIX6M_History.csv
2012-10-10,20.46,cboe:VIX6M_History.csv
2012-10-11,20.1,cboe:VIX6M_History.csv
2012-10-12,20.1,cboe:VIX6M_History.csv
2012-10-15,19.62,cboe:VIX6M_History.csv
2012-10-16,19.37,cboe:VIX6M_History.csv
2012-10-17,19.19,cboe:VIX6M_History.csv
2012-10-18,19.16,cboe:VIX6M_History.csv
2012-10-19,20.32,cboe:VIX6M_History.csv
2012-10-22,20.15,cboe:VIX6M_History.csv
2012-10-23,21.34,cboe:VIX6M_History.csv
2012-10-24,21.27,cboe:VIX6M_History.csv
2012-10-25,21.06,cboe:VIX6M_History.csv
2012-10-26,21.01,cboe:VIX6M_History.csv
2012-10-31,20.73,cboe:VIX6M_History.csv
2012-11-01,20.03,cboe:VIX6M_History.csv
2012-11-02,20.51,cboe:VIX6M_History.csv
2012-11-05,20.83,cboe:VIX6M_History.csv
2012-11-06,20.26,cboe:VIX6M_History.csv
2012-11-07,21.52,cboe:VIX6M_History.csv
2012-11-08,21.63,cboe:VIX6M_History.csv
2012-11-09,21.78,cboe:VIX6M_History.csv
2012-11-12,21.14,cboe:VIX6M_History.csv
2012-11-13,21.04,cboe:VIX6M_History.csv
2012-11-14,21.75,cboe:VIX6M_History.csv
2012-11-15,21.73,cboe:VIX6M_History.csv
2012-11-16,21.11,cboe:VIX6M_History.csv
2012-11-19,19.91,cboe:VIX6M_History.csv
2012-11-20,19.58,cboe:VIX6M_History.csv
2012-11-21,19.64,cboe:VIX6M_History.csv
2012-11-23,19.35,cboe:VIX6M_History.csv
2012-11-26,19.46,cboe:VIX6M_History.csv
2012-11-27,19.72,cboe:VIX6M_History.csv
2012-11-28,19.41,cboe:VIX6M_History.csv
2012-11-29,19.15,cboe:VIX6M_History.csv
2012-11-30,19.33,cboe:VIX6M_History.csv
2012-12-03,19.89,cboe:VIX6M_History.csv
2012-12-04,19.97,cboe:VIX6M_History.csv
2012-12-05,19.63,cboe:VIX6M_History.csv
2012-12-06,19.43,cboe:VIX6M_History.csv
2012-12-07,19.1,cboe:VIX6M_History.csv
2012-12-10,19.15,cboe:VIX6M_History.csv
2012-12-11,18.97,cboe:VIX6M_History.csv
2012-12-12,19.25,cboe:VIX6M_History.csv
2012-12-13,19.52,cboe:VIX6M_History.csv
2012-12-14,19.66,cboe:VIX6M_History.csv
2012-12-17,19.11,cboe:VIX6M_History.csv
2012-12-18,18.44,cboe:VIX6M_History.csv
2012-12-19,19.06,cboe:VIX6M_History.csv
2012-12-20,19.23,cboe:VIX6M_History.csv
2012-12-21,19.95,cboe:VIX6M_History.csv
2012-12-24,20.32,cboe:VIX6M_History.csv
2012-12-26,20.87,cboe:VIX6M_History.csv
2012-12-27,20.89,cboe:VIX6M_History.csv
2012-12-28,22.4,cboe:VIX6M_History.csv
2012-12-31,20.25,cboe:VIX6M_History.csv
2013-01-02,18.63,cboe:VIX6M_History.csv
2013-01-03,18.49,cboe:VIX6M_History.csv
2013-01-04,18.17,cboe:VIX6M_History.csv
2013-01-07,18.25,cboe:VIX6M_History.csv
2013-01-08,18.25,cboe:VIX6M_History.csv
2013-01-09,18.36,cboe:VIX6M_History.csv
2013-01-10,17.97,cboe:VIX6M_History.csv
2013-01-11,17.89,cboe:VIX6M_History.csv
2013-01-14,18.05,cboe:VIX6M_History.csv
2013-01-15,18.02,cboe:VIX6M_History.csv
2013-01-16,17.96,cboe:VIX6M_History.csv
2013-01-17,17.76,cboe:VIX6M_History.csv
2013-01-18,17.21,cboe:VIX6M_History.csv
2013-01-22,16.6,cboe:VIX6M_History.csv
2013-01-23,16.27,cboe:VIX6M_History.csv
2013-01-24,16.46,cboe:VIX6M_History.csv
2013-01-25,16.35,cboe:VIX6M_History.csv
2013-01-28,16.5,cboe:VIX6M_History.csv
2013-01-29,16.27,cboe:VIX6M_History.csv
2013-01-30,16.84,cboe:VIX6M_History.csv
2013-01-31,17.25,cboe:VIX6M_History.csv
2013-02-01,16.5,cboe:VIX6M_History.csv
2013-02-04,17.23,cboe:VIX6M_History.csv
2013-02-05,16.81,cboe:VIX6M_History.csv
2013-02-06,16.77,cboe:VIX6M_History.csv
2013-02-07,16.83,cboe:VIX6M_History.csv
2013-02-08,16.45,cboe:VIX6M_History.csv
2013-02-11,16.39,cboe:VIX6M_History.csv
2013-02-12,16.18,cboe:VIX6M_History.csv
2013-02-13,16.35,cboe:VIX6M_History.csv
2013-02-14,16.16,cboe:VIX6M_History.csv
2013-02-15,16.12,cboe:VIX6M_History.csv
2013-02-19,15.83,cboe:VIX6M_History.csv
2013-02-20,16.82,cboe:VIX6M_History.csv
2013-02-21,17.05,cboe:VIX6M_History.csv
2013-02-22,16.53,cboe:VIX6M_History.csv
2013-02-25,18.61,cboe:VIX6M_History.csv
2013-02-26,18.16,cboe:VIX6M_History.csv
2013-02-27,17.03,cboe:VIX6M_History.csv
2013-02-28,17.4,cboe:VIX6M_History.csv
2013-03-01,17.51,cboe:VIX6M_History.csv
2013-03-04,16.92,cboe:VIX6M_History.csv
2013-03-05,16.54,cboe:VIX6M_History.csv
2013-03-06,16.54,cboe:VIX6M_History.csv
2013-03-07,16.38,cboe:VIX6M_History.csv
2013-03-08,16.2,cboe:VIX6M_History.csv
2013-03-11,15.94,cboe:VIX6M_History.csv
2013-03-12,16.12,cboe:VIX6M_History.csv
2013-03-13,16.21,cboe:VIX6M_History.csv
2013-03-14,15.81,cboe:VIX6M_History.csv
2013-03-15,16.1,cboe:VIX6M_History.csv
2013-03-18,16.91,cboe:VIX6M_History.csv
2013-03-19,17.2,cboe:VIX6M_History.csv
2013-03-20,16.62,cboe:VIX6M_History.csv
2013-03-21,17.12,cboe:VIX6M_History.csv
2013-03-22,16.96,cboe:VIX6M_History.csv
2013-03-25,17.01,cboe:VIX6M_History.csv
2013-03-26,16.59,cboe:VIX6M_History.csv
2013-03-27,16.76,cboe:VIX6M_History.csv
2013-03-28,16.61,cboe:VIX6M_History.csv
2013-04-01,17.03,cboe:VIX6M_History.csv
2013-04-02,16.59,cboe:VIX6M_History.csv
2013-04-03,17.14,cboe:VIX6M_History.csv
2013-04-04,17.0,cboe:VIX6M_History.csv
2013-04-05,17.18,cboe:VIX6M_History.csv
2013-04-08,16.69,cboe:VIX6M_History.csv
2013-04-09,16.5,cboe:VIX6M_History.csv
2013-04-10,16.14,cboe:VIX6M_History.csv
2013-04-11,16.17,cboe:VIX6M_History.csv
2013-04-12,16.15,cboe:VIX6M_History.csv
2013-04-15,18.43,cboe:VIX6M_History.csv
2013-04-16,16.72,cboe:VIX6M_History.csv
2013-04-17,18.16,cboe:VIX6M_History.csv
2013-04-18,18.65,cboe:VIX6M_History.csv
2013-04-19,17.92,cboe:VIX6M_History.csv
2013-04-22,17.4,cboe:VIX6M_History.csv
2013-04-23,16.66,cboe:VIX6M_History.csv
2013-04-24,16.71,cboe:VIX6M_History.csv
2013-04-25,16.58,cboe:VIX6M_History.csv
2013-04-26,16.54,cboe:VIX6M_History.csv
2013-04-29,16.57,cboe:VIX6M_History.csv
2013-04-30,16.48,cboe:VIX6M_History.csv
2013-05-01,16.95,cboe:VIX6M_History.csv
2013-05-02,16.55,cboe:VIX6M_History.csv
2013-05-03,16.22,cboe:VIX6M_History.csv
2013-05-06,16.04,cboe:VIX6M_History.csv
2013-05-07,16.12,cboe:VIX6M_History.csv
2013-05-08,16.12,cboe:VIX6M_History.csv
2013-05-09,16.52,cboe:VIX6M_History.csv
2013-05-10,16.55,cboe:VIX6M_History.csv
2013-05-13,16.86,cboe:VIX6M_History.csv
2013-05-14,16.75,cboe:VIX6M_History.csv
2013-05-15,16.93,cboe:VIX6M_History.csv
2013-05-16,17.22,cboe:VIX6M_History.csv
2013-05-17,17.03,cboe:VIX6M_History.csv
2013-05-20,17.14,cboe:VIX6M_History.csv
2013-05-21,17.51,cboe:VIX6M_History.csv
2013-05-22,17.52,cboe:VIX6M_History.csv
2013-05-23,17.72,cboe:VIX6M_History.csv
2013-05-24,17.62,cboe:VIX6M_History.csv
2013-05-28,17.51,cboe:VIX6M_History.csv
2013-05-29,17.71,cboe:VIX6M_History.csv
2013-05-30,17.61,cboe:VIX6M_History.csv
2013-05-31,18.41,cboe:VIX6M_History.csv
2013-06-03,18.45,cboe:VIX6M_History.csv
2013-06-04,18.58,cboe:VIX6M_History.csv
2013-06-05,19.12,cboe:VIX6M_History.csv
2013-06-06,18.8,cboe:VIX6M_History.csv
2013-06-07,18.27,cboe:VIX6M_History.csv
2013-06-10,18.16,cboe:VIX6M_History.csv
2013-06-11,19.12,cboe:VIX6M_History.csv
2013-06-12,19.97,cboe:VIX6M_History.csv
2013-06-13,19.15,cboe:VIX6M_History.csv
2013-06-14,19.46,cboe:VIX6M_History.csv
2013-06-17,19.2,cboe:VIX6M_History.csv
2013-06-18,18.94,cboe:VIX6M_History.csv
2013-06-19,19.02,cboe:VIX6M_History.csv
2013-06-20,20.68,cboe:VIX6M_History.csv
2013-06-21,20.21,cboe:VIX6M_History.csv
2013-06-24,21.32,cboe:VIX6M_History.csv
2013-06-25,20.71,cboe:VIX6M_History.csv
2013-06-26,20.11,cboe:VIX6M_History.csv
2013-06-27,19.98,cboe:VIX6M_History.csv
2013-06-28,19.79,cboe:VIX6M_History.csv
2013-07-01,19.39,cboe:VIX6M_History.csv
2013-07-02,19.39,cboe:VIX6M_History.csv
2013-07-03,19.18,cboe:VIX6M_History.csv
2013-07-05,18.48,cboe:VIX6M_History.csv
2013-07-08,18.04,cboe:VIX6M_History.csv
2013-07-09,17.55,cboe:VIX6M_History.csv
2013-07-10,17.48,cboe:VIX6M_History.csv
2013-07-11,17.29,cboe:VIX6M_History.csv
2013-07-12,17.36,cboe:VIX6M_History.csv
2013-07-15,17.26,cboe:VIX6M_History.csv
2013-07-16,17.58,cboe:VIX6M_History.csv
2013-07-17,17.25,cboe:VIX6M_History.csv
2013-07-18,17.25,cboe:VIX6M_History.csv
2013-07-19,17.09,cboe:VIX6M_History.csv
2013-07-22,16.82,cboe:VIX6M_History.csv
2013-07-23,16.93,cboe:VIX6M_History.csv
2013-07-24,17.23,cboe:VIX6M_History.csv
2013-07-25,17.03,cboe:VIX6M_History.csv
2013-07-26,16.87,cboe:VIX6M_History.csv
2013-07-29,17.21,cboe:VIX6M_History.csv
2013-07-30,17.01,cboe:VIX6M_History.csv
2013-07-31,16.81,cboe:VIX6M_History.csv
2013-08-01,16.4,cboe:VIX6M_History.csv
2013-08-02,16.03,cboe:VIX6M_History.csv
2013-08-05,15.9,cboe:VIX6M_History.csv
2013-08-06,16.45,cboe:VIX6M_History.csv
2013-08-07,16.71,cboe:VIX6M_History.csv
2013-08-08,16.49,cboe:VIX6M_History.csv
2013-08-09,16.75,cboe:VIX6M_History.csv
2013-08-12,16.87,cboe:VIX6M_History.csv
2013-08-13,16.63,cboe:VIX6M_History.csv
2013-08-14,16.94,cboe:VIX6M_History.csv
2013-08-15,17.59,cboe:VIX6M_History.csv
2013-08-16,17.38,cboe:VIX6M_History.csv
2013-08-19,17.68,cboe:VIX6M_History.csv
2013-08-20,17.55,cboe:VIX6M_History.csv
2013-08-21,17.91,cboe:VIX6M_History.csv
2013-08-22,17.35,cboe:VIX6M_History.csv
2013-08-23,17.06,cboe:VIX6M_History.csv
2013-08-26,17.5,cboe:VIX6M_History.csv
2013-08-27,18.69,cboe:VIX6M_History.csv
2013-08-28,18.76,cboe:VIX6M_History.csv
2013-08-29,18.96,cboe:VIX6M_History.csv
2013-08-30,19.18,cboe:VIX6M_History.csv
2013-09-03,18.75,cboe:VIX6M_History.csv
2013-09-04,18.41,cboe:VIX6M_History.csv
2013-09-05,18.38,cboe:VIX6M_History.csv
2013-09-06,18.34,cboe:VIX6M_History.csv
2013-09-09,17.95,cboe:VIX6M_History.csv
2013-09-10,17.42,cboe:VIX6M_History.csv
2013-09-11,16.97,cboe:VIX6M_History.csv
2013-09-12,17.18,cboe:VIX6M_History.csv
2013-09-13,17.13,cboe:VIX6M_History.csv
2013-09-16,16.99,cboe:VIX6M_History.csv
2013-09-17,17.01,cboe:VIX6M_History.csv
2013-09-18,16.62,cboe:VIX6M_History.csv
2013-09-19,16.6,cboe:VIX6M_History.csv
2013-09-20,17.04,cboe:VIX6M_History.csv
2013-09-23,17.28,cboe:VIX6M_History.csv
2013-09-24,17.14,cboe:VIX6M_History.csv
2013-09-25,17.02,cboe:VIX6M_History.csv
2013-09-26,16.9,cboe:VIX6M_History.csv
2013-09-27,17.3,cboe:VIX6M_History.csv
2013-09-30,18.09,cboe:VIX6M_History.csv
2013-10-01,17.37,cboe:VIX6M_History.csv
2013-10-02,17.79,cboe:VIX6M_History.csv
2013-10-03,18.45,cboe:VIX6M_History.csv
2013-10-04,18.08,cboe:VIX6M_History.csv
2013-10-07,19.67,cboe:VIX6M_History.csv
2013-10-08,20.15,cboe:VIX6M_History.csv
2013-10-09,19.97,cboe:VIX6M_History.csv
2013-10-10,18.23,cboe:VIX6M_History.csv
2013-10-11,17.8,cboe:VIX6M_History.csv
2013-10-14,17.9,cboe:VIX6M_History.csv
2013-10-15,19.14,cboe:VIX6M_History.csv
2013-10-16,17.71,cboe:VIX6M_History.csv
2013-10-17,16.91,cboe:VIX6M_History.csv
2013-10-18,16.37,cboe:VIX6M_History.csv
2013-10-21,16.54,cboe:VIX6M_History.csv
2013-10-22,16.61,cboe:VIX6M_History.csv
2013-10-23,16.71,cboe:VIX6M_History.csv
2013-10-24,16.53,cboe:VIX6M_History.csv
2013-10-25,16.5,cboe:VIX6M_History.csv
2013-10-28,16.61,cboe:VIX6M_History.csv
2013-10-29,16.74,cboe:VIX6M_History.csv
2013-10-30,16.83,cboe:VIX6M_History.csv
2013-10-31,16.87,cboe:VIX6M_History.csv
2013-11-01,16.96,cboe:VIX6M_History.csv
2013-11-04,16.76,cboe:VIX6M_History.csv
2013-11-05,16.94,cboe:VIX6M_History.csv
2013-11-06,16.77,cboe:VIX6M_History.csv
2013-11-07,17.27,cboe:VIX6M_History.csv
2013-11-08,16.71,cboe:VIX6M_History.csv
2013-11-11,16.8,cboe:VIX6M_History.csv
2013-11-12,16.97,cboe:VIX6M_History.csv
2013-11-13,17.02,cboe:VIX6M_History.csv
2013-11-14,17.01,cboe:VIX6M_History.csv
2013-11-15,16.91,cboe:VIX6M_History.csv
2013-11-18,17.08,cboe:VIX6M_History.csv
2013-11-19,17.38,cboe:VIX6M_History.csv
2013-11-20,17.21,cboe:VIX6M_History.csv
2013-11-21,16.77,cboe:VIX6M_History.csv
2013-11-22,16.42,cboe:VIX6M_History.csv
2013-11-25,16.62,cboe:VIX6M_History.csv
2013-11-26,16.68,cboe:VIX6M_History.csv
2013-11-27,16.65,cboe:VIX6M_History.csv
2013-11-29,16.86,cboe:VIX6M_History.csv
2013-12-02,17.05,cboe:VIX6M_History.csv
2013-12-03,17.27,cboe:VIX6M_History.csv
2013-12-04,17.3,cboe:VIX6M_History.csv
2013-12-05,17.32,cboe:VIX6M_History.csv
2013-12-06,16.61,cboe:VIX6M_History.csv
2013-12-09,16.58,cboe:VIX6M_History.csv
2013-12-10,16.75,cboe:VIX6M_History.csv
2013-12-11,17.31,cboe:VIX6M_History.csv
2013-12-12,17.36,cboe:VIX6M_History.csv
2013-12-13,17.51,cboe:VIX6M_History.csv
2013-12-16,17.68,cboe:VIX6M_History.csv
2013-12-17,17.7,cboe:VIX6M_History.csv
2013-12-18,16.67,cboe:VIX6M_History.csv
2013-12-19,16.88,cboe:VIX6M_History.csv
2013-12-20,16.63,cboe:VIX6M_History.csv
2013-12-23,16.37,cboe:VIX6M_History.csv
2013-12-24,16.12,cboe:VIX6M_History.csv
2013-12-26,16.03,cboe:VIX6M_History.csv
2013-12-27,16.05,cboe:VIX6M_History.csv
2013-12-30,16.46,cboe:VIX6M_History.csv
2013-12-31,16.31,cboe:VIX6M_History.csv
2014-01-02,16.74,cboe:VIX6M_History.csv
2014-01-03,16.68,cboe:VIX6M_History.csv
2014-01-06,16.46,cboe:VIX6M_History.csv
2014-01-07,15.98,cboe:VIX6M_History.csv
2014-01-08,15.94,cboe:VIX6M_History.csv
2014-01-09,16.12,cboe:VIX6M_History.csv
2014-01-10,15.7,cboe:VIX6M_History.csv
2014-01-13,16.42,cboe:VIX6M_History.csv
2014-01-14,16.14,cboe:VIX6M_History.csv
2014-01-15,16.1,cboe:VIX6M_History.csv
2014-01-16,16.35,cboe:VIX6M_History.csv
2014-01-17,16.34,cboe:VIX6M_History.csv
2014-01-21,16.22,cboe:VIX6M_History.csv
2014-01-22,16.14,cboe:VIX6M_History.csv
2014-01-23,16.37,cboe:VIX6M_History.csv
2014-01-24,18.18,cboe:VIX6M_History.csv
2014-01-27,18.0,cboe:VIX6M_History.csv
2014-01-28,17.28,cboe:VIX6M_History.csv
2014-01-29,18.0,cboe:VIX6M_History.csv
2014-01-30,18.03,cboe:VIX6M_History.csv
2014-01-31,18.63,cboe:VIX6M_History.csv
2014-02-03,20.14,cboe:VIX6M_History.csv
2014-02-04,19.53,cboe:VIX6M_History.csv
2014-02-05,20.04,cboe:VIX6M_History.csv
2014-02-06,18.69,cboe:VIX6M_History.csv
2014-02-07,17.55,cboe:VIX6M_History.csv
2014-02-10,17.44,cboe:VIX6M_History.csv
2014-02-11,17.02,cboe:VIX6M_History.csv
2014-02-12,16.95,cboe:VIX6M_History.csv
2014-02-13,16.85,cboe:VIX6M_History.csv
2014-02-14,16.55,cboe:VIX6M_History.csv
2014-02-18,16.54,cboe:VIX6M_History.csv
2014-02-19,17.24,cboe:VIX6M_History.csv
2014-02-20,16.84,cboe:VIX6M_History.csv
2014-02-21,16.73,cboe:VIX6M_History.csv
2014-02-24,16.59,cboe:VIX6M_History.csv
2014-02-25,16.64,cboe:VIX6M_History.csv
2014-02-26,16.97,cboe:VIX6M_History.csv
2014-02-27,16.72,cboe:VIX6M_History.csv
2014-02-28,16.86,cboe:VIX6M_History.csv
2014-03-03,17.63,cboe:VIX6M_History.csv
2014-03-04,16.82,cboe:VIX6M_History.csv
2014-03-05,16.93,cboe:VIX6M_History.csv
2014-03-06,16.99,cboe:VIX6M_History.csv
2014-03-07,17.08,cboe:VIX6M_History.csv
2014-03-10,17.05,cboe:VIX6M_History.csv
2014-03-11,17.35,cboe:VIX6M_History.csv
2014-03-12,17.19,cboe:VIX6M_History.csv
2014-03-13,18.06,cboe:VIX6M_History.csv
2014-03-14,18.6,cboe:VIX6M_History.csv
2014-03-17,17.64,cboe:VIX6M_History.csv
2014-03-18,17.28,cboe:VIX6M_History.csv
2014-03-19,17.55,cboe:VIX6M_History.csv
2014-03-20,17.0,cboe:VIX6M_History.csv
2014-03-21,17.28,cboe:VIX6M_History.csv
2014-03-24,17.27,cboe:VIX6M_History.csv
2014-03-25,16.93,cboe:VIX6M_History.csv
2014-03-26,17.35,cboe:VIX6M_History.csv
2014-03-27,17.22,cboe:VIX6M_History.csv
2014-03-28,16.89,cboe:VIX6M_History.csv
2014-03-31,16.57,cboe:VIX6M_History.csv
2014-04-01,16.07,cboe:VIX6M_History.csv
2014-04-02,16.11,cboe:VIX6M_History.csv
2014-04-03,16.13,cboe:VIX6M_History.csv
2014-04-04,16.5,cboe:VIX6M_History.csv
2014-04-07,17.18,cboe:VIX6M_History.csv
2014-04-08,16.9,cboe:VIX6M_History.csv
2014-04-09,16.36,cboe:VIX6M_History.csv
2014-04-10,17.27,cboe:VIX6M_History.csv
2014-04-11,17.69,cboe:VIX6M_History.csv
2014-04-14,17.47,cboe:VIX6M_History.csv
2014-04-15,17.22,cboe:VIX6M_History.csv
2014-04-16,16.83,cboe:VIX6M_History.csv
2014-04-17,16.62,cboe:VIX6M_History.csv
2014-04-21,16.44,cboe:VIX6M_History.csv
2014-04-22,16.29,cboe:VIX6M_History.csv
2014-04-23,16.36,cboe:VIX6M_History.csv
2014-04-24,16.32,cboe:VIX6M_History.csv
2014-04-25,16.64,cboe:VIX6M_History.csv
2014-04-28,16.45,cboe:VIX6M_History.csv
2014-04-29,16.31,cboe:VIX6M_History.csv
2014-04-30,16.17,cboe:VIX6M_History.csv
2014-05-01,16.2,cboe:VIX6M_History.csv
2014-05-02,16.38,cboe:VIX6M_History.csv
2014-05-05,16.41,cboe:VIX6M_History.csv
2014-05-06,16.62,cboe:VIX6M_History.csv
2014-05-07,16.25,cboe:VIX6M_History.csv
2014-05-08,16.16,cboe:VIX6M_History.csv
2014-05-09,15.99,cboe:VIX6M_History.csv
2014-05-12,15.64,cboe:VIX6M_History.csv
2014-05-13,15.72,cboe:VIX6M_History.csv
2014-05-14,15.93,cboe:VIX6M_History.csv
2014-05-15,16.35,cboe:VIX6M_History.csv
2014-05-16,15.93,cboe:VIX6M_History.csv
2014-05-19,15.75,cboe:VIX6M_History.csv
2014-05-20,15.83,cboe:VIX6M_History.csv
2014-05-21,15.49,cboe:VIX6M_History.csv
2014-05-22,15.54,cboe:VIX6M_History.csv
2014-05-23,15.48,cboe:VIX6M_History.csv
2014-05-27,15.44,cboe:VIX6M_History.csv
2014-05-28,15.61,cboe:VIX6M_History.csv
2014-05-29,15.65,cboe:VIX6M_History.csv
2014-05-30,15.73,cboe:VIX6M_History.csv
2014-06-02,15.79,cboe:VIX6M_History.csv
2014-06-03,15.67,cboe:VIX6M_History.csv
2014-06-04,15.59,cboe:VIX6M_History.csv
2014-06-05,15.32,cboe:VIX6M_History.csv
2014-06-06,14.76,cboe:VIX6M_History.csv
2014-06-09,14.87,cboe:VIX6M_History.csv
2014-06-10,14.97,cboe:VIX6M_History.csv
2014-06-11,15.23,cboe:VIX6M_History.csv
2014-06-12,15.75,cboe:VIX6M_History.csv
2014-06-13,15.61,cboe:VIX6M_History.csv
2014-06-16,15.74,cboe:VIX6M_History.csv
2014-06-17,15.54,cboe:VIX6M_History.csv
2014-06-18,14.83,cboe:VIX6M_History.csv
2014-06-19,14.7,cboe:VIX6M_History.csv
2014-06-20,14.82,cboe:VIX6M_History.csv
2014-06-23,14.9,cboe:VIX6M_History.csv
2014-06-24,15.19,cboe:VIX6M_History.csv
2014-06-25,14.92,cboe:VIX6M_History.csv
2014-06-26,14.9,cboe:VIX6M_History.csv
2014-06-27,14.78,cboe:VIX6M_History.csv
2014-06-30,14.74,cboe:VIX6M_History.csv
2014-07-01,14.51,cboe:VIX6M_History.csv
2014-07-02,14.25,cboe:VIX6M_History.csv
2014-07-03,14.04,cboe:VIX6M_History.csv
2014-07-07,14.5,cboe:VIX6M_History.csv
2014-07-08,14.8,cboe:VIX6M_History.csv
2014-07-09,14.63,cboe:VIX6M_History.csv
2014-07-10,15.14,cboe:VIX6M_History.csv
2014-07-11,14.83,cboe:VIX6M_History.csv
2014-07-14,14.51,cboe:VIX6M_History.csv
2014-07-15,14.67,cboe:VIX6M_History.csv
2014-07-16,14.37,cboe:VIX6M_History.csv
2014-07-17,15.53,cboe:VIX6M_History.csv
2014-07-18,14.72,cboe:VIX6M_History.csv
2014-07-21,15.0,cboe:VIX6M_History.csv
2014-07-22,14.78,cboe:VIX6M_History.csv
2014-07-23,14.82,cboe:VIX6M_History.csv
2014-07-24,14.97,cboe:VIX6M_History.csv
2014-07-25,15.38,cboe:VIX6M_History.csv
2014-07-28,15.34,cboe:VIX6M_History.csv
2014-07-29,15.64,cboe:VIX6M_History.csv
2014-07-30,15.57,cboe:VIX6M_History.csv
2014-07-31,17.1,cboe:VIX6M_History.csv
2014-08-01,17.5,cboe:VIX6M_History.csv
2014-08-04,16.88,cboe:VIX6M_History.csv
2014-08-05,18.01,cboe:VIX6M_History.csv
2014-08-06,17.92,cboe:VIX6M_History.csv
2014-08-07,18.13,cboe:VIX6M_History.csv
2014-08-08,17.66,cboe:VIX6M_History.csv
2014-08-11,17.12,cboe:VIX6M_History.csv
2014-08-12,17.15,cboe:VIX6M_History.csv
2014-08-13,16.53,cboe:VIX6M_History.csv
2014-08-14,16.11,cboe:VIX6M_History.csv
2014-08-15,16.22,cboe:VIX6M_History.csv
2014-08-18,15.64,cboe:VIX6M_History.csv
2014-08-19,15.61,cboe:VIX6M_History.csv
2014-08-20,15.59,cboe:VIX6M_History.csv
2014-08-21,15.5,cboe:VIX6M_History.csv
2014-08-22,15.49,cboe:VIX6M_History.csv
2014-08-25,15.33,cboe:VIX6M_History.csv
2014-08-26,15.61,cboe:VIX6M_History.csv
2014-08-27,15.68,cboe:VIX6M_History.csv
2014-08-28,15.91,cboe:VIX6M_History.csv
2014-08-29,15.99,cboe:VIX6M_History.csv
2014-09-02,16.12,cboe:VIX6M_History.csv
2014-09-03,16.08,cboe:VIX6M_History.csv
2014-09-04,16.16,cboe:VIX6M_History.csv
2014-09-05,15.88,cboe:VIX6M_History.csv
2014-09-08,16.18,cboe:VIX6M_History.csv
2014-09-09,16.35,cboe:VIX6M_History.csv
2014-09-10,16.28,cboe:VIX6M_History.csv
2014-09-11,16.26,cboe:VIX6M_History.csv
2014-09-12,16.52,cboe:VIX6M_History.csv
2014-09-15,16.88,cboe:VIX6M_History.csv
2014-09-16,16.35,cboe:VIX6M_History.csv
2014-09-17,16.18,cboe:VIX6M_History.csv
2014-09-18,15.98,cboe:VIX6M_History.csv
2014-09-19,16.08,cboe:VIX6M_History.csv
2014-09-22,16.88,cboe:VIX6M_History.csv
2014-09-23,17.31,cboe:VIX6M_History.csv
2014-09-24,16.74,cboe:VIX6M_History.csv
2014-09-25,17.7,cboe:VIX6M_History.csv
2014-09-26,17.45,cboe:VIX6M_History.csv
2014-09-29,18.01,cboe:VIX6M_History.csv
2014-09-30,18.3,cboe:VIX6M_History.csv
2014-10-01,18.72,cboe:VIX6M_History.csv
2014-10-02,18.44,cboe:VIX6M_History.csv
2014-10-03,17.64,cboe:VIX6M_History.csv
2014-10-06,17.9,cboe:VIX6M_History.csv
2014-10-07,18.73,cboe:VIX6M_History.csv
2014-10-08,17.74,cboe:VIX6M_History.csv
2014-10-09,19.11,cboe:VIX6M_History.csv
2014-10-10,20.56,cboe:VIX6M_History.csv
2014-10-13,22.32,cboe:VIX6M_History.csv
2014-10-14,21.66,cboe:VIX6M_History.csv
2014-10-15,23.53,cboe:VIX6M_History.csv
2014-10-16,22.96,cboe:VIX6M_History.csv
2014-10-17,21.62,cboe:VIX6M_History.csv
2014-10-20,20.6,cboe:VIX6M_History.csv
2014-10-21,19.28,cboe:VIX6M_History.csv
2014-10-22,20.13,cboe:VIX6M_History.csv
2014-10-23,19.45,cboe:VIX6M_History.csv
2014-10-24,19.19,cboe:VIX6M_History.csv
2014-10-27,19.17,cboe:VIX6M_History.csv
2014-10-28,18.23,cboe:VIX6M_History.csv
2014-10-29,18.63,cboe:VIX6M_History.csv
2014-10-30,18.43,cboe:VIX6M_History.csv
2014-10-31,18.16,cboe:VIX6M_History.csv
2014-11-03,18.33,cboe:VIX6M_History.csv
2014-11-04,18.6,cboe:VIX6M_History.csv
2014-11-05,18.35,cboe:VIX6M_History.csv
2014-11-06,18.12,cboe:VIX6M_History.csv
2014-11-07,17.79,cboe:VIX6M_History.csv
2014-11-10,17.36,cboe:VIX6M_History.csv
2014-11-11,17.27,cboe:VIX6M_History.csv
2014-11-12,17.49,cboe:VIX6M_History.csv
2014-11-13,17.77,cboe:VIX6M_History.csv
2014-11-14,17.73,cboe:VIX6M_History.csv
2014-11-17,17.8,cboe:VIX6M_History.csv
2014-11-18,17.64,cboe:VIX6M_History.csv
2014-11-19,17.91,cboe:VIX6M_History.csv
2014-11-20,17.91,cboe:VIX6M_History.csv
2014-11-21,17.75,cboe:VIX6M_History.csv
2014-11-24,17.61,cboe:VIX6M_History.csv
2014-11-25,17.64,cboe:VIX6M_History.csv
2014-11-26,17.58,cboe:VIX6M_History.csv
2014-11-28,17.94,cboe:VIX6M_History.csv
2014-12-01,18.36,cboe:VIX6M_History.csv
2014-12-02,17.86,cboe:VIX6M_History.csv
2014-12-03,17.57,cboe:VIX6M_History.csv
2014-12-04,17.56,cboe:VIX6M_History.csv
2014-12-05,17.52,cboe:VIX6M_History.csv
2014-12-08,18.53,cboe:VIX6M_History.csv
2014-12-09,18.47,cboe:VIX6M_History.csv
2014-12-10,20.12,cboe:VIX6M_History.csv
2014-12-11,21.49,cboe:VIX6M_History.csv
2014-12-12,21.64,cboe:VIX6M_History.csv
2014-12-15,22.0,cboe:VIX6M_History.csv
2014-12-16,23.41,cboe:VIX6M_History.csv
2014-12-17,21.2,cboe:VIX6M_History.csv
2014-12-18,19.91,cboe:VIX6M_History.csv
2014-12-19,19.66,cboe:VIX6M_History.csv
2014-12-22,19.09,cboe:VIX6M_History.csv
2014-12-23,19.19,cboe:VIX6M_History.csv
2014-12-24,19.18,cboe:VIX6M_History.csv
2014-12-26,18.96,cboe:VIX6M_History.csv
2014-12-29,18.79,cboe:VIX6M_History.csv
2014-12-30,19.34,cboe:VIX6M_History.csv
2014-12-31,20.42,cboe:VIX6M_History.csv
2015-01-02,20.24,cboe:VIX6M_History.csv
2015-01-05,21.4,cboe:VIX6M_History.csv
2015-01-06,21.73,cboe:VIX6M_History.csv
2015-01-07,20.92,cboe:VIX6M_History.csv
2015-01-08,19.56,cboe:VIX6M_History.csv
2015-01-09,20.16,cboe:VIX6M_History.csv
2015-01-12,20.92,cboe:VIX6M_History.csv
2015-01-13,21.32,cboe:VIX6M_History.csv
2015-01-14,21.48,cboe:VIX6M_History.csv
2015-01-15,22.03,cboe:VIX6M_History.csv
2015-01-16,21.59,cboe:VIX6M_History.csv
2015-01-20,21.09,cboe:VIX6M_History.csv
2015-01-21,20.72,cboe:VIX6M_History.csv
2015-01-22,19.54,cboe:VIX6M_History.csv
2015-01-23,19.82,cboe:VIX6M_History.csv
2015-01-26,19.36,cboe:VIX6M_History.csv
2015-01-27,20.07,cboe:VIX6M_History.csv
2015-01-28,21.82,cboe:VIX6M_History.csv
2015-01-29,20.66,cboe:VIX6M_History.csv
2015-01-30,21.87,cboe:VIX6M_History.csv
2015-02-02,21.21,cboe:VIX6M_History.csv
2015-02-03,20.37,cboe:VIX6M_History.csv
2015-02-04,20.95,cboe:VIX6M_History.csv
2015-02-05,20.31,cboe:VIX6M_History.csv
2015-02-06,20.87,cboe:VIX6M_History.csv
2015-02-09,21.45,cboe:VIX6M_History.csv
2015-02-10,20.71,cboe:VIX6M_History.csv
2015-02-11,20.65,cboe:VIX6M_History.csv
2015-02-12,19.79,cboe:VIX6M_History.csv
2015-02-13,19.43,cboe:VIX6M_History.csv
2015-02-17,19.62,cboe:VIX6M_History.csv
2015-02-18,19.67,cboe:VIX6M_History.csv
2015-02-19,19.62,cboe:VIX6M_History.csv
2015-02-20,19.11,cboe:VIX6M_History.csv
2015-02-23,19.04,cboe:VIX6M_History.csv
2015-02-24,18.39,cboe:VIX6M_History.csv
2015-02-25,18.42,cboe:VIX6M_History.csv
2015-02-26,18.47,cboe:VIX6M_History.csv
2015-02-27,18.41,cboe:VIX6M_History.csv
2015-03-02,18.0,cboe:VIX6M_History.csv
2015-03-03,18.28,cboe:VIX6M_History.csv
2015-03-04,18.39,cboe:VIX6M_History.csv
2015-03-05,18.13,cboe:VIX6M_History.csv
2015-03-06,18.7,cboe:VIX6M_History.csv
2015-03-09,18.57,cboe:VIX6M_History.csv
2015-03-10,19.43,cboe:VIX6M_History.csv
2015-03-11,19.67,cboe:VIX6M_History.csv
2015-03-12,18.71,cboe:VIX6M_History.csv
2015-03-13,19.16,cboe:VIX6M_History.csv
2015-03-16,18.66,cboe:VIX6M_History.csv
2015-03-17,18.8,cboe:VIX6M_History.csv
2015-03-18,17.95,cboe:VIX6M_History.csv
2015-03-19,18.4,cboe:VIX6M_History.csv
2015-03-20,18.16,cboe:VIX6M_History.csv
2015-03-23,18.18,cboe:VIX6M_History.csv
2015-03-24,18.29,cboe:VIX6M_History.csv
2015-03-25,19.09,cboe:VIX6M_History.csv
2015-03-26,18.99,cboe:VIX6M_History.csv
2015-03-27,18.77,cboe:VIX6M_History.csv
2015-03-30,18.45,cboe:VIX6M_History.csv
2015-03-31,19.12,cboe:VIX6M_History.csv
2015-04-01,19.1,cboe:VIX6M_History.csv
2015-04-02,18.86,cboe:VIX6M_History.csv
2015-04-06,18.58,cboe:VIX6M_History.csv
2015-04-07,18.65,cboe:VIX6M_History.csv
2015-04-08,18.34,cboe:VIX6M_History.csv
2015-04-09,17.82,cboe:VIX6M_History.csv
2015-04-10,17.47,cboe:VIX6M_History.csv
2015-04-13,18.07,cboe:VIX6M_History.csv
2015-04-14,17.93,cboe:VIX6M_History.csv
2015-04-15,17.53,cboe:VIX6M_History.csv
2015-04-16,17.47,cboe:VIX6M_History.csv
2015-04-17,18.06,cboe:VIX6M_History.csv
2015-04-20,17.73,cboe:VIX6M_History.csv
2015-04-21,17.73,cboe:VIX6M_History.csv
2015-04-22,17.48,cboe:VIX6M_History.csv
2015-04-23,17.46,cboe:VIX6M_History.csv
2015-04-24,17.43,cboe:VIX6M_History.csv
2015-04-27,17.83,cboe:VIX6M_History.csv
2015-04-28,17.4,cboe:VIX6M_History.csv
2015-04-29,17.78,cboe:VIX6M_History.csv
2015-04-30,18.3,cboe:VIX6M_History.csv
2015-05-01,17.52,cboe:VIX6M_History.csv
2015-05-04,17.55,cboe:VIX6M_History.csv
2015-05-05,18.15,cboe:VIX6M_History.csv
2015-05-06,18.48,cboe:VIX6M_History.csv
2015-05-07,18.37,cboe:VIX6M_History.csv
2015-05-08,17.58,cboe:VIX6M_History.csv
2015-05-11,17.98,cboe:VIX6M_History.csv
2015-05-12,18.01,cboe:VIX6M_History.csv
2015-05-13,17.89,cboe:VIX6M_History.csv
2015-05-14,17.58,cboe:VIX6M_History.csv
2015-05-15,17.41,cboe:VIX6M_History.csv
2015-05-18,17.21,cboe:VIX6M_History.csv
2015-05-19,17.05,cboe:VIX6M_History.csv
2015-05-20,16.99,cboe:VIX6M_History.csv
2015-05-21,16.65,cboe:VIX6M_History.csv
2015-05-22,16.72,cboe:VIX6M_History.csv
2015-05-26,17.35,cboe:VIX6M_History.csv
2015-05-27,16.92,cboe:VIX6M_History.csv
2015-05-28,17.03,cboe:VIX6M_History.csv
2015-05-29,17.33,cboe:VIX6M_History.csv
2015-06-01,17.31,cboe:VIX6M_History.csv
2015-06-02,17.49,cboe:VIX6M_History.csv
2015-06-03,17.27,cboe:VIX6M_History.csv
2015-06-04,17.85,cboe:VIX6M_History.csv
2015-06-05,17.75,cboe:VIX6M_History.csv
2015-06-08,18.16,cboe:VIX6M_History.csv
2015-06-09,17.96,cboe:VIX6M_History.csv
2015-06-10,17.04,cboe:VIX6M_History.csv
2015-06-11,16.82,cboe:VIX6M_History.csv
2015-06-12,17.15,cboe:VIX6M_History.csv
2015-06-15,18.02,cboe:VIX6M_History.csv
2015-06-16,17.79,cboe:VIX6M_History.csv
2015-06-17,17.72,cboe:VIX6M_History.csv
2015-06-18,17.19,cboe:VIX6M_History.csv
2015-06-19,17.61,cboe:VIX6M_History.csv
2015-06-22,16.89,cboe:VIX6M_History.csv
2015-06-23,16.51,cboe:VIX6M_History.csv
2015-06-24,16.91,cboe:VIX6M_History.csv
2015-06-25,16.97,cboe:VIX6M_History.csv
2015-06-26,16.86,cboe:VIX6M_History.csv
2015-06-29,19.08,cboe:VIX6M_History.csv
2015-06-30,18.95,cboe:VIX6M_History.csv
2015-07-01,17.75,cboe:VIX6M_History.csv
2015-07-02,18.34,cboe:VIX6M_History.csv
2015-07-06,18.51,cboe:VIX6M_History.csv
2015-07-07,17.84,cboe:VIX6M_History.csv
2015-07-08,19.39,cboe:VIX6M_History.csv
2015-07-09,19.75,cboe:VIX6M_History.csv
2015-07-10,18.62,cboe:VIX6M_History.csv
2015-07-13,17.01,cboe:VIX6M_History.csv
2015-07-14,16.83,cboe:VIX6M_History.csv
2015-07-15,16.84,cboe:VIX6M_History.csv
2015-07-16,16.38,cboe:VIX6M_History.csv
2015-07-17,16.13,cboe:VIX6M_History.csv
2015-07-20,16.25,cboe:VIX6M_History.csv
2015-07-21,16.4,cboe:VIX6M_History.csv
2015-07-22,16.36,cboe:VIX6M_History.csv
2015-07-23,16.64,cboe:VIX6M_History.csv
2015-07-24,17.12,cboe:VIX6M_History.csv
2015-07-27,17.78,cboe:VIX6M_History.csv
2015-07-28,16.8,cboe:VIX6M_History.csv
2015-07-29,16.52,cboe:VIX6M_History.csv
2015-07-30,16.37,cboe:VIX6M_History.csv
2015-07-31,16.45,cboe:VIX6M_History.csv
2015-08-03,16.37,cboe:VIX6M_History.csv
2015-08-04,16.61,cboe:VIX6M_History.csv
2015-08-05,16.46,cboe:VIX6M_History.csv
2015-08-06,16.9,cboe:VIX6M_History.csv
2015-08-07,16.79,cboe:VIX6M_History.csv
2015-08-10,16.49,cboe:VIX6M_History.csv
2015-08-11,17.15,cboe:VIX6M_History.csv
2015-08-12,17.14,cboe:VIX6M_History.csv
2015-08-13,17.09,cboe:VIX6M_History.csv
2015-08-14,16.96,cboe:VIX6M_History.csv
2015-08-17,16.71,cboe:VIX6M_History.csv
2015-08-18,17.03,cboe:VIX6M_History.csv
2015-08-19,17.56,cboe:VIX6M_History.csv
2015-08-20,19.1,cboe:VIX6M_History.csv
2015-08-21,22.33,cboe:VIX6M_History.csv
2015-08-24,27.36,cboe:VIX6M_History.csv
2015-08-25,26.89,cboe:VIX6M_History.csv
2015-08-26,24.37,cboe:VIX6M_History.csv
2015-08-27,23.38,cboe:VIX6M_History.csv
2015-08-28,24.0,cboe:VIX6M_History.csv
2015-08-31,25.45,cboe:VIX6M_History.csv
2015-09-01,27.39,cboe:VIX6M_History.csv
2015-09-02,25.31,cboe:VIX6M_History.csv
2015-09-03,25.44,cboe:VIX6M_History.csv
2015-09-04,26.25,cboe:VIX6M_History.csv
2015-09-08,25.02,cboe:VIX6M_History.csv
2015-09-09,26.04,cboe:VIX6M_History.csv
2015-09-10,24.71,cboe:VIX6M_History.csv
2015-09-11,24.87,cboe:VIX6M_History.csv
2015-09-14,24.27,cboe:VIX6M_History.csv
2015-09-15,22.84,cboe:VIX6M_History.csv
2015-09-16,21.57,cboe:VIX6M_History.csv
2015-09-17,21.44,cboe:VIX6M_History.csv
2015-09-18,22.9,cboe:VIX6M_History.csv
2015-09-21,21.85,cboe:VIX6M_History.csv
2015-09-22,23.14,cboe:VIX6M_History.csv
2015-09-23,22.79,cboe:VIX6M_History.csv
2015-09-24,23.2,cboe:VIX6M_History.csv
2015-09-25,23.55,cboe:VIX6M_History.csv
2015-09-28,25.33,cboe:VIX6M_History.csv
2015-09-29,24.96,cboe:VIX6M_History.csv
2015-09-30,24.09,cboe:VIX6M_History.csv
2015-10-01,23.6,cboe:VIX6M_History.csv
2015-10-02,23.05,cboe:VIX6M_History.csv
2015-10-05,21.99,cboe:VIX6M_History.csv
2015-10-06,22.06,cboe:VIX6M_History.csv
2015-10-07,21.41,cboe:VIX6M_History.csv
2015-10-08,21.08,cboe:VIX6M_History.csv
2015-10-09,20.52,cboe:VIX6M_History.csv
2015-10-12,20.1,cboe:VIX6M_History.csv
2015-10-13,21.1,cboe:VIX6M_History.csv
2015-10-14,21.34,cboe:VIX6M_History.csv
2015-10-15,19.86,cboe:VIX6M_History.csv
2015-10-16,19.94,cboe:VIX6M_History.csv
2015-10-19,19.4,cboe:VIX6M_History.csv
2015-10-20,19.89,cboe:VIX6M_History.csv
2015-10-21,20.86,cboe:VIX6M_History.csv
2015-10-22,19.1,cboe:VIX6M_History.csv
2015-10-23,19.21,cboe:VIX6M_History.csv
2015-10-26,19.76,cboe:VIX6M_History.csv
2015-10-27,19.68,cboe:VIX6M_History.csv
2015-10-28,19.23,cboe:VIX6M_History.csv
2015-10-29,19.53,cboe:VIX6M_History.csv
2015-10-30,19.84,cboe:VIX6M_History.csv
2015-11-02,19.18,cboe:VIX6M_History.csv
2015-11-03,19.19,cboe:VIX6M_History.csv
2015-11-04,19.66,cboe:VIX6M_History.csv
2015-11-05,19.48,cboe:VIX6M_History.csv
2015-11-06,19.13,cboe:VIX6M_History.csv
2015-11-09,19.98,cboe:VIX6M_History.csv
2015-11-10,19.68,cboe:VIX6M_History.csv
2015-11-11,19.73,cboe:VIX6M_History.csv
2015-11-12,21.0,cboe:VIX6M_History.csv
2015-11-13,22.3,cboe:VIX6M_History.csv
2015-11-16,21.05,cboe:VIX6M_History.csv
2015-11-17,21.01,cboe:VIX6M_History.csv
2015-11-18,20.17,cboe:VIX6M_History.csv
2015-11-19,20.65,cboe:VIX6M_History.csv
2015-11-20,20.77,cboe:VIX6M_History.csv
2015-11-23,20.11,cboe:VIX6M_History.csv
2015-11-24,20.3,cboe:VIX6M_History.csv
2015-11-25,19.93,cboe:VIX6M_History.csv
2015-11-27,19.51,cboe:VIX6M_History.csv
2015-11-30,20.11,cboe:VIX6M_History.csv
2015-12-01,19.79,cboe:VIX6M_History.csv
2015-12-02,19.97,cboe:VIX6M_History.csv
2015-12-03,21.28,cboe:VIX6M_History.csv
2015-12-04,19.65,cboe:VIX6M_History.csv
2015-12-07,19.95,cboe:VIX6M_History.csv
2015-12-08,20.8,cboe:VIX6M_History.csv
2015-12-09,21.56,cboe:VIX6M_History.csv
2015-12-10,21.74,cboe:VIX6M_History.csv
2015-12-11,24.59,cboe:VIX6M_History.csv
2015-12-14,23.4,cboe:VIX6M_History.csv
2015-12-15,22.45,cboe:VIX6M_History.csv
2015-12-16,20.73,cboe:VIX6M_History.csv
2015-12-17,21.47,cboe:VIX6M_History.csv
2015-12-18,22.51,cboe:VIX6M_History.csv
2015-12-21,21.87,cboe:VIX6M_History.csv
2015-12-22,20.98,cboe:VIX6M_History.csv
2015-12-23,20.61,cboe:VIX6M_History.csv
2015-12-24,20.75,cboe:VIX6M_History.csv
2015-12-28,20.65,cboe:VIX6M_History.csv
2015-12-29,20.23,cboe:VIX6M_History.csv
2015-12-30,20.38,cboe:VIX6M_History.csv
2015-12-31,20.59,cboe:VIX6M_History.csv
2016-01-04,22.13,cboe:VIX6M_History.csv
2016-01-05,21.21,cboe:VIX6M_History.csv
2016-01-06,22.14,cboe:VIX6M_History.csv
2016-01-07,24.2,cboe:VIX6M_History.csv
2016-01-08,25.49,cboe:VIX6M_History.csv
2016-01-11,24.53,cboe:VIX6M_History.csv
2016-01-12,23.4,cboe:VIX6M_History.csv
2016-01-13,24.82,cboe:VIX6M_History.csv
2016-01-14,24.09,cboe:VIX6M_History.csv
2016-01-15,26.19,cboe:VIX6M_History.csv
2016-01-19,25.64,cboe:VIX6M_History.csv
2016-01-20,26.8,cboe:VIX6M_History.csv
2016-01-21,26.54,cboe:VIX6M_History.csv
2016-01-22,24.58,cboe:VIX6M_History.csv
2016-01-25,25.45,cboe:VIX6M_History.csv
2016-01-26,24.34,cboe:VIX6M_History.csv
2016-01-27,25.05,cboe:VIX6M_History.csv
2016-01-28,24.61,cboe:VIX6M_History.csv
2016-01-29,22.82,cboe:VIX6M_History.csv
2016-02-01,22.42,cboe:VIX6M_History.csv
2016-02-02,23.71,cboe:VIX6M_History.csv
2016-02-03,23.64,cboe:VIX6M_History.csv
2016-02-04,24.18,cboe:VIX6M_History.csv
2016-02-05,25.03,cboe:VIX6M_History.csv
2016-02-08,26.29,cboe:VIX6M_History.csv
2016-02-09,26.65,cboe:VIX6M_History.csv
2016-02-10,26.65,cboe:VIX6M_History.csv
2016-02-11,27.85,cboe:VIX6M_History.csv
2016-02-12,26.96,cboe:VIX6M_History.csv
2016-02-16,25.97,cboe:VIX6M_History.csv
2016-02-17,24.77,cboe:VIX6M_History.csv
2016-02-18,24.46,cboe:VIX6M_History.csv
2016-02-19,24.11,cboe:VIX6M_History.csv
2016-02-22,23.25,cboe:VIX6M_History.csv
2016-02-23,24.01,cboe:VIX6M_History.csv
2016-02-24,23.62,cboe:VIX6M_History.csv
2016-02-25,22.84,cboe:VIX6M_History.csv
2016-02-26,23.11,cboe:VIX6M_History.csv
2016-02-29,23.57,cboe:VIX6M_History.csv
2016-03-01,21.99,cboe:VIX6M_History.csv
2016-03-02,21.5,cboe:VIX6M_History.csv
2016-03-03,21.11,cboe:VIX6M_History.csv
2016-03-04,21.17,cboe:VIX6M_History.csv
2016-03-07,21.54,cboe:VIX6M_History.csv
2016-03-08,22.45,cboe:VIX6M_History.csv
2016-03-09,22.17,cboe:VIX6M_History.csv
2016-03-10,22.08,cboe:VIX6M_History.csv
2016-03-11,21.3,cboe:VIX6M_History.csv
2016-03-14,21.06,cboe:VIX6M_History.csv
2016-03-15,20.91,cboe:VIX6M_History.csv
2016-03-16,20.19,cboe:VIX6M_History.csv
2016-03-17,19.83,cboe:VIX6M_History.csv
2016-03-18,19.78,cboe:VIX6M_History.csv
2016-03-21,19.49,cboe:VIX6M_History.csv
2016-03-22,19.59,cboe:VIX6M_History.csv
2016-03-23,20.13,cboe:VIX6M_History.csv
2016-03-24,20.06,cboe:VIX6M_History.csv
2016-03-28,20.06,cboe:VIX6M_History.csv
2016-03-29,19.18,cboe:VIX6M_History.csv
2016-03-30,18.93,cboe:VIX6M_History.csv
2016-03-31,19.03,cboe:VIX6M_History.csv
2016-04-01,18.58,cboe:VIX6M_History.csv
2016-04-04,19.14,cboe:VIX6M_History.csv
2016-04-05,20.06,cboe:VIX6M_History.csv
2016-04-06,19.25,cboe:VIX6M_History.csv
2016-04-07,20.61,cboe:VIX6M_History.csv
2016-04-08,20.26,cboe:VIX6M_History.csv
2016-04-11,20.74,cboe:VIX6M_History.csv
2016-04-12,19.94,cboe:VIX6M_History.csv
2016-04-13,19.39,cboe:VIX6M_History.csv
2016-04-14,19.4,cboe:VIX6M_History.csv
2016-04-15,19.3,cboe:VIX6M_History.csv
2016-04-18,18.75,cboe:VIX6M_History.csv
2016-04-19,18.59,cboe:VIX6M_History.csv
2016-04-20,18.74,cboe:VIX6M_History.csv
2016-04-21,19.28,cboe:VIX6M_History.csv
2016-04-22,19.02,cboe:VIX6M_History.csv
2016-04-25,19.31,cboe:VIX6M_History.csv
2016-04-26,19.11,cboe:VIX6M_History.csv
2016-04-27,19.01,cboe:VIX6M_History.csv
2016-04-28,19.75,cboe:VIX6M_History.csv
2016-04-29,20.28,cboe:VIX6M_History.csv
2016-05-02,19.82,cboe:VIX6M_History.csv
2016-05-03,20.47,cboe:VIX6M_History.csv
2016-05-04,20.76,cboe:VIX6M_History.csv
2016-05-05,20.83,cboe:VIX6M_History.csv
2016-05-06,20.4,cboe:VIX6M_History.csv
2016-05-09,20.18,cboe:VIX6M_History.csv
2016-05-10,19.53,cboe:VIX6M_History.csv
2016-05-11,20.11,cboe:VIX6M_History.csv
2016-05-12,19.9,cboe:VIX6M_History.csv
2016-05-13,20.25,cboe:VIX6M_History.csv
2016-05-16,19.87,cboe:VIX6M_History.csv
2016-05-17,20.41,cboe:VIX6M_History.csv
2016-05-18,20.47,cboe:VIX6M_History.csv
2016-05-19,20.75,cboe:VIX6M_History.csv
2016-05-20,20.32,cboe:VIX6M_History.csv
2016-05-23,20.35,cboe:VIX6M_History.csv
2016-05-24,19.37,cboe:VIX6M_History.csv
2016-05-25,19.09,cboe:VIX6M_History.csv
2016-05-26,18.94,cboe:VIX6M_History.csv
2016-05-27,18.72,cboe:VIX6M_History.csv
2016-05-31,19.03,cboe:VIX6M_History.csv
2016-06-01,18.98,cboe:VIX6M_History.csv
2016-06-02,18.77,cboe:VIX6M_History.csv
2016-06-03,19.01,cboe:VIX6M_History.csv
2016-06-06,18.87,cboe:VIX6M_History.csv
2016-06-07,19.03,cboe:VIX6M_History.csv
2016-06-08,19.04,cboe:VIX6M_History.csv
2016-06-09,19.53,cboe:VIX6M_History.csv
2016-06-10,20.74,cboe:VIX6M_History.csv
2016-06-13,22.94,cboe:VIX6M_History.csv
2016-06-14,22.62,cboe:VIX6M_History.csv
2016-06-15,22.32,cboe:VIX6M_History.csv
2016-06-16,21.8,cboe:VIX6M_History.csv
2016-06-17,22.08,cboe:VIX6M_History.csv
2016-06-20,20.87,cboe:VIX6M_History.csv
2016-06-21,20.76,cboe:VIX6M_History.csv
2016-06-22,21.39,cboe:VIX6M_History.csv
2016-06-23,19.53,cboe:VIX6M_History.csv
2016-06-24,23.55,cboe:VIX6M_History.csv
2016-06-27,23.74,cboe:VIX6M_History.csv
2016-06-28,21.23,cboe:VIX6M_History.csv
2016-06-29,20.19,cboe:VIX6M_History.csv
2016-06-30,19.79,cboe:VIX6M_History.csv
2016-07-01,19.55,cboe:VIX6M_History.csv
2016-07-05,19.99,cboe:VIX6M_History.csv
2016-07-06,19.77,cboe:VIX6M_History.csv
2016-07-07,19.6,cboe:VIX6M_History.csv
2016-07-08,18.76,cboe:VIX6M_History.csv
2016-07-11,18.6,cboe:VIX6M_History.csv
2016-07-12,18.27,cboe:VIX6M_History.csv
2016-07-13,18.07,cboe:VIX6M_History.csv
2016-07-14,18.03,cboe:VIX6M_History.csv
2016-07-15,18.15,cboe:VIX6M_History.csv
2016-07-18,17.99,cboe:VIX6M_History.csv
2016-07-19,17.92,cboe:VIX6M_History.csv
2016-07-20,17.86,cboe:VIX6M_History.csv
2016-07-21,18.45,cboe:VIX6M_History.csv
2016-07-22,18.2,cboe:VIX6M_History.csv
2016-07-25,18.44,cboe:VIX6M_History.csv
2016-07-26,18.43,cboe:VIX6M_History.csv
2016-07-27,18.39,cboe:VIX6M_History.csv
2016-07-28,18.32,cboe:VIX6M_History.csv
2016-07-29,17.88,cboe:VIX6M_History.csv
2016-08-01,18.08,cboe:VIX6M_History.csv
2016-08-02,18.64,cboe:VIX6M_History.csv
2016-08-03,18.36,cboe:VIX6M_History.csv
2016-08-04,18.01,cboe:VIX6M_History.csv
2016-08-05,17.59,cboe:VIX6M_History.csv
2016-08-08,17.53,cboe:VIX6M_History.csv
2016-08-09,17.4,cboe:VIX6M_History.csv
2016-08-10,17.58,cboe:VIX6M_History.csv
2016-08-11,17.56,cboe:VIX6M_History.csv
2016-08-12,17.62,cboe:VIX6M_History.csv
2016-08-15,17.73,cboe:VIX6M_History.csv
2016-08-16,18.18,cboe:VIX6M_History.csv
2016-08-17,17.89,cboe:VIX6M_History.csv
2016-08-18,17.7,cboe:VIX6M_History.csv
2016-08-19,17.71,cboe:VIX6M_History.csv
2016-08-22,17.9,cboe:VIX6M_History.csv
2016-08-23,17.93,cboe:VIX6M_History.csv
2016-08-24,18.27,cboe:VIX6M_History.csv
2016-08-25,18.28,cboe:VIX6M_History.csv
2016-08-26,18.42,cboe:VIX6M_History.csv
2016-08-29,18.18,cboe:VIX6M_History.csv
2016-08-30,18.29,cboe:VIX6M_History.csv
2016-08-31,18.5,cboe:VIX6M_History.csv
2016-09-01,18.56,cboe:VIX6M_History.csv
2016-09-02,18.19,cboe:VIX6M_History.csv
2016-09-06,18.03,cboe:VIX6M_History.csv
2016-09-07,18.01,cboe:VIX6M_History.csv
2016-09-08,18.31,cboe:VIX6M_History.csv
2016-09-09,20.3,cboe:VIX6M_History.csv
2016-09-12,19.12,cboe:VIX6M_History.csv
2016-09-13,20.32,cboe:VIX6M_History.csv
2016-09-14,20.75,cboe:VIX6M_History.csv
2016-09-15,19.93,cboe:VIX6M_History.csv
2016-09-16,19.58,cboe:VIX6M_History.csv
2016-09-19,19.51,cboe:VIX6M_History.csv
2016-09-20,19.65,cboe:VIX6M_History.csv
2016-09-21,18.72,cboe:VIX6M_History.csv
2016-09-22,18.2,cboe:VIX6M_History.csv
2016-09-23,18.27,cboe:VIX6M_History.csv
2016-09-26,18.99,cboe:VIX6M_History.csv
2016-09-27,18.38,cboe:VIX6M_History.csv
2016-09-28,18.13,cboe:VIX6M_History.csv
2016-09-29,18.87,cboe:VIX6M_History.csv
2016-09-30,18.44,cboe:VIX6M_History.csv
2016-10-03,18.3,cboe:VIX6M_History.csv
2016-10-04,18.33,cboe:VIX6M_History.csv
2016-10-05,18.16,cboe:VIX6M_History.csv
2016-10-06,18.06,cboe:VIX6M_History.csv
2016-10-07,18.37,cboe:VIX6M_History.csv
2016-10-10,18.05,cboe:VIX6M_History.csv
2016-10-11,18.76,cboe:VIX6M_History.csv
2016-10-12,18.91,cboe:VIX6M_History.csv
2016-10-13,19.27,cboe:VIX6M_History.csv
2016-10-14,19.14,cboe:VIX6M_History.csv
2016-10-17,19.18,cboe:VIX6M_History.csv
2016-10-18,18.86,cboe:VIX6M_History.csv
2016-10-19,18.52,cboe:VIX6M_History.csv
2016-10-20,18.37,cboe:VIX6M_History.csv
2016-10-21,18.24,cboe:VIX6M_History.csv
2016-10-24,17.98,cboe:VIX6M_History.csv
2016-10-25,18.05,cboe:VIX6M_History.csv
2016-10-26,18.35,cboe:VIX6M_History.csv
2016-10-27,18.81,cboe:VIX6M_History.csv
2016-10-28,19.03,cboe:VIX6M_History.csv
2016-10-31,19.23,cboe:VIX6M_History.csv
2016-11-01,19.88,cboe:VIX6M_History.csv
2016-11-02,20.11,cboe:VIX6M_History.csv
2016-11-03,21.0,cboe:VIX6M_History.csv
2016-11-04,21.44,cboe:VIX6M_History.csv
2016-11-07,19.24,cboe:VIX6M_History.csv
2016-11-08,19.26,cboe:VIX6M_History.csv
2016-11-09,18.09,cboe:VIX6M_History.csv
2016-11-10,18.56,cboe:VIX6M_History.csv
2016-11-11,18.45,cboe:VIX6M_History.csv
2016-11-14,18.62,cboe:VIX6M_History.csv
2016-11-15,18.03,cboe:VIX6M_History.csv
2016-11-16,18.27,cboe:VIX6M_History.csv
2016-11-17,17.96,cboe:VIX6M_History.csv
2016-11-18,18.02,cboe:VIX6M_History.csv
2016-11-21,17.82,cboe:VIX6M_History.csv
2016-11-22,17.81,cboe:VIX6M_History.csv
2016-11-23,17.86,cboe:VIX6M_History.csv
2016-11-25,17.93,cboe:VIX6M_History.csv
2016-11-28,18.2,cboe:VIX6M_History.csv
2016-11-29,18.14,cboe:VIX6M_History.csv
2016-11-30,18.25,cboe:VIX6M_History.csv
2016-12-01,18.64,cboe:VIX6M_History.csv
2016-12-02,18.75,cboe:VIX6M_History.csv
2016-12-05,18.02,cboe:VIX6M_History.csv
2016-12-06,17.84,cboe:VIX6M_History.csv
2016-12-07,17.75,cboe:VIX6M_History.csv
2016-12-08,17.95,cboe:VIX6M_History.csv
2016-12-09,17.66,cboe:VIX6M_History.csv
2016-12-12,17.85,cboe:VIX6M_History.csv
2016-12-13,17.82,cboe:VIX6M_History.csv
2016-12-14,17.91,cboe:VIX6M_History.csv
2016-12-15,17.9,cboe:VIX6M_History.csv
2016-12-16,17.77,cboe:VIX6M_History.csv
2016-12-19,17.57,cboe:VIX6M_History.csv
2016-12-20,17.52,cboe:VIX6M_History.csv
2016-12-21,17.52,cboe:VIX6M_History.csv
2016-12-22,17.69,cboe:VIX6M_History.csv
2016-12-23,17.63,cboe:VIX6M_History.csv
2016-12-27,17.64,cboe:VIX6M_History.csv
2016-12-28,18.04,cboe:VIX6M_History.csv
2016-12-29,18.22,cboe:VIX6M_History.csv
2016-12-30,18.57,cboe:VIX6M_History.csv
2017-01-03,17.77,cboe:VIX6M_History.csv
2017-01-04,17.16,cboe:VIX6M_History.csv
2017-01-05,17.03,cboe:VIX6M_History.csv
2017-01-06,16.92,cboe:VIX6M_History.csv
2017-01-09,17.04,cboe:VIX6M_History.csv
2017-01-10,17.09,cboe:VIX6M_History.csv
2017-01-11,16.97,cboe:VIX6M_History.csv
2017-01-12,17.13,cboe:VIX6M_History.csv
2017-01-13,17.16,cboe:VIX6M_History.csv
2017-01-17,17.45,cboe:VIX6M_History.csv
2017-01-18,17.41,cboe:VIX6M_History.csv
2017-01-19,17.38,cboe:VIX6M_History.csv
2017-01-20,17.07,cboe:VIX6M_History.csv
2017-01-23,16.94,cboe:VIX6M_History.csv
2017-01-24,16.25,cboe:VIX6M_History.csv
2017-01-25,15.95,cboe:VIX6M_History.csv
2017-01-26,16.07,cboe:VIX6M_History.csv
2017-01-27,16.21,cboe:VIX6M_History.csv
2017-01-30,16.63,cboe:VIX6M_History.csv
2017-01-31,16.7,cboe:VIX6M_History.csv
2017-02-01,16.53,cboe:VIX6M_History.csv
2017-02-02,16.65,cboe:VIX6M_History.csv
2017-02-03,16.27,cboe:VIX6M_History.csv
2017-02-06,16.41,cboe:VIX6M_History.csv
2017-02-07,16.44,cboe:VIX6M_History.csv
2017-02-08,16.6,cboe:VIX6M_History.csv
2017-02-09,16.35,cboe:VIX6M_History.csv
2017-02-10,16.17,cboe:VIX6M_History.csv
2017-02-13,15.91,cboe:VIX6M_History.csv
2017-02-14,15.44,cboe:VIX6M_History.csv
2017-02-15,15.43,cboe:VIX6M_History.csv
2017-02-16,15.68,cboe:VIX6M_History.csv
2017-02-17,15.79,cboe:VIX6M_History.csv
2017-02-21,15.99,cboe:VIX6M_History.csv
2017-02-22,16.25,cboe:VIX6M_History.csv
2017-02-23,16.54,cboe:VIX6M_History.csv
2017-02-24,16.68,cboe:VIX6M_History.csv
2017-02-27,16.62,cboe:VIX6M_History.csv
2017-02-28,16.95,cboe:VIX6M_History.csv
2017-03-01,16.62,cboe:VIX6M_History.csv
2017-03-02,16.63,cboe:VIX6M_History.csv
2017-03-03,16.25,cboe:VIX6M_History.csv
2017-03-06,16.32,cboe:VIX6M_History.csv
2017-03-07,16.38,cboe:VIX6M_History.csv
2017-03-08,16.41,cboe:VIX6M_History.csv
2017-03-09,16.62,cboe:VIX6M_History.csv
2017-03-10,16.33,cboe:VIX6M_History.csv
2017-03-13,16.27,cboe:VIX6M_History.csv
2017-03-14,16.4,cboe:VIX6M_History.csv
2017-03-15,16.13,cboe:VIX6M_History.csv
2017-03-16,15.78,cboe:VIX6M_History.csv
2017-03-17,15.85,cboe:VIX6M_History.csv
2017-03-20,15.86,cboe:VIX6M_History.csv
2017-03-21,16.43,cboe:VIX6M_History.csv
2017-03-22,16.4,cboe:VIX6M_History.csv
2017-03-23,16.52,cboe:VIX6M_History.csv
2017-03-24,16.28,cboe:VIX6M_History.csv
2017-03-27,15.99,cboe:VIX6M_History.csv
2017-03-28,15.4,cboe:VIX6M_History.csv
2017-03-29,15.19,cboe:VIX6M_History.csv
2017-03-30,15.09,cboe:VIX6M_History.csv
2017-03-31,15.25,cboe:VIX6M_History.csv
2017-04-03,15.27,cboe:VIX6M_History.csv
2017-04-04,14.94,cboe:VIX6M_History.csv
2017-04-05,15.45,cboe:VIX6M_History.csv
2017-04-06,15.13,cboe:VIX6M_History.csv
2017-04-07,15.44,cboe:VIX6M_History.csv
2017-04-10,15.83,cboe:VIX6M_History.csv
2017-04-11,16.19,cboe:VIX6M_History.csv
2017-04-12,16.29,cboe:VIX6M_History.csv
2017-04-13,16.57,cboe:VIX6M_History.csv
2017-04-17,16.06,cboe:VIX6M_History.csv
2017-04-18,16.02,cboe:VIX6M_History.csv
2017-04-19,16.21,cboe:VIX6M_History.csv
2017-04-20,15.76,cboe:VIX6M_History.csv
2017-04-21,15.93,cboe:VIX6M_History.csv
2017-04-24,14.72,cboe:VIX6M_History.csv
2017-04-25,14.62,cboe:VIX6M_History.csv
2017-04-26,14.77,cboe:VIX6M_History.csv
2017-04-27,14.7,cboe:VIX6M_History.csv
2017-04-28,14.74,cboe:VIX6M_History.csv
2017-05-01,14.48,cboe:VIX6M_History.csv
2017-05-02,14.66,cboe:VIX6M_History.csv
2017-05-03,14.87,cboe:VIX6M_History.csv
2017-05-04,14.71,cboe:VIX6M_History.csv
2017-05-05,14.65,cboe:VIX6M_History.csv
2017-05-08,14.64,cboe:VIX6M_History.csv
2017-05-09,14.72,cboe:VIX6M_History.csv
2017-05-10,14.88,cboe:VIX6M_History.csv
2017-05-11,14.99,cboe:VIX6M_History.csv
2017-05-12,15.1,cboe:VIX6M_History.csv
2017-05-15,14.97,cboe:VIX6M_History.csv
2017-05-16,14.97,cboe:VIX6M_History.csv
2017-05-17,16.8,cboe:VIX6M_History.csv
2017-05-18,16.42,cboe:VIX6M_History.csv
2017-05-19,15.57,cboe:VIX6M_History.csv
2017-05-22,15.25,cboe:VIX6M_History.csv
2017-05-23,15.16,cboe:VIX6M_History.csv
2017-05-24,14.9,cboe:VIX6M_History.csv
2017-05-25,14.82,cboe:VIX6M_History.csv
2017-05-26,14.84,cboe:VIX6M_History.csv
2017-05-30,15.03,cboe:VIX6M_History.csv
2017-05-31,14.94,cboe:VIX6M_History.csv
2017-06-01,14.83,cboe:VIX6M_History.csv
2017-06-02,14.88,cboe:VIX6M_History.csv
2017-06-05,15.08,cboe:VIX6M_History.csv
2017-06-06,15.3,cboe:VIX6M_History.csv
2017-06-07,15.27,cboe:VIX6M_History.csv
2017-06-08,15.01,cboe:VIX6M_History.csv
2017-06-09,15.17,cboe:VIX6M_History.csv
2017-06-12,15.32,cboe:VIX6M_History.csv
2017-06-13,14.96,cboe:VIX6M_History.csv
2017-06-14,14.94,cboe:VIX6M_History.csv
2017-06-15,15.07,cboe:VIX6M_History.csv
2017-06-16,14.87,cboe:VIX6M_History.csv
2017-06-19,14.49,cboe:VIX6M_History.csv
2017-06-20,14.66,cboe:VIX6M_History.csv
2017-06-21,14.73,cboe:VIX6M_History.csv
2017-06-22,14.65,cboe:VIX6M_History.csv
2017-06-23,14.49,cboe:VIX6M_History.csv
2017-06-26,14.28,cboe:VIX6M_History.csv
2017-06-27,14.78,cboe:VIX6M_History.csv
2017-06-28,14.44,cboe:VIX6M_History.csv
2017-06-29,14.88,cboe:VIX6M_History.csv
2017-06-30,14.86,cboe:VIX6M_History.csv
2017-07-03,14.96,cboe:VIX6M_History.csv
2017-07-05,14.94,cboe:VIX6M_History.csv
2017-07-06,15.48,cboe:VIX6M_History.csv
2017-07-07,15.11,cboe:VIX6M_History.csv
2017-07-10,14.9,cboe:VIX6M_History.csv
2017-07-11,14.74,cboe:VIX6M_History.csv
2017-07-12,14.48,cboe:VIX6M_History.csv
2017-07-13,14.32,cboe:VIX6M_History.csv
2017-07-14,14.01,cboe:VIX6M_History.csv
2017-07-17,14.04,cboe:VIX6M_History.csv
2017-07-18,14.04,cboe:VIX6M_History.csv
2017-07-19,13.91,cboe:VIX6M_History.csv
2017-07-20,13.9,cboe:VIX6M_History.csv
2017-07-21,13.89,cboe:VIX6M_History.csv
2017-07-24,13.82,cboe:VIX6M_History.csv
2017-07-25,13.75,cboe:VIX6M_History.csv
2017-07-26,13.79,cboe:VIX6M_History.csv
2017-07-27,13.87,cboe:VIX6M_History.csv
2017-07-28,13.96,cboe:VIX6M_History.csv
2017-07-31,13.94,cboe:VIX6M_History.csv
2017-08-01,13.76,cboe:VIX6M_History.csv
2017-08-02,13.92,cboe:VIX6M_History.csv
2017-08-03,14.15,cboe:VIX6M_History.csv
2017-08-04,14.25,cboe:VIX6M_History.csv
2017-08-07,14.16,cboe:VIX6M_History.csv
2017-08-08,14.6,cboe:VIX6M_History.csv
2017-08-09,14.89,cboe:VIX6M_History.csv
2017-08-10,16.74,cboe:VIX6M_History.csv
2017-08-11,16.86,cboe:VIX6M_History.csv
2017-08-14,15.18,cboe:VIX6M_History.csv
2017-08-15,15.11,cboe:VIX6M_History.csv
2017-08-16,14.92,cboe:VIX6M_History.csv
2017-08-17,16.5,cboe:VIX6M_History.csv
2017-08-18,16.38,cboe:VIX6M_History.csv
2017-08-21,15.92,cboe:VIX6M_History.csv
2017-08-22,14.99,cboe:VIX6M_History.csv
2017-08-23,15.53,cboe:VIX6M_History.csv
2017-08-24,15.63,cboe:VIX6M_History.csv
2017-08-25,15.42,cboe:VIX6M_History.csv
2017-08-28,15.41,cboe:VIX6M_History.csv
2017-08-29,15.52,cboe:VIX6M_History.csv
2017-08-30,15.6,cboe:VIX6M_History.csv
2017-08-31,15.46,cboe:VIX6M_History.csv
2017-09-01,15.33,cboe:VIX6M_History.csv
2017-09-05,16.05,cboe:VIX6M_History.csv
2017-09-06,16.02,cboe:VIX6M_History.csv
2017-09-07,15.98,cboe:VIX6M_History.csv
2017-09-08,16.37,cboe:VIX6M_History.csv
2017-09-11,15.77,cboe:VIX6M_History.csv
2017-09-12,15.49,cboe:VIX6M_History.csv
2017-09-13,15.22,cboe:VIX6M_History.csv
2017-09-14,15.2,cboe:VIX6M_History.csv
2017-09-15,15.09,cboe:VIX6M_History.csv
2017-09-18,14.84,cboe:VIX6M_History.csv
2017-09-19,14.85,cboe:VIX6M_History.csv
2017-09-20,14.71,cboe:VIX6M_History.csv
2017-09-21,14.8,cboe:VIX6M_History.csv
2017-09-22,14.97,cboe:VIX6M_History.csv
2017-09-25,15.14,cboe:VIX6M_History.csv
2017-09-26,15.1,cboe:VIX6M_History.csv
2017-09-27,15.04,cboe:VIX6M_History.csv
2017-09-28,14.93,cboe:VIX6M_History.csv
2017-09-29,14.81,cboe:VIX6M_History.csv
2017-10-02,14.57,cboe:VIX6M_History.csv
2017-10-03,14.46,cboe:VIX6M_History.csv
2017-10-04,14.44,cboe:VIX6M_History.csv
2017-10-05,14.25,cboe:VIX6M_History.csv
2017-10-06,14.59,cboe:VIX6M_History.csv
2017-10-09,14.94,cboe:VIX6M_History.csv
2017-10-10,14.82,cboe:VIX6M_History.csv
2017-10-11,14.66,cboe:VIX6M_History.csv
2017-10-12,14.72,cboe:VIX6M_History.csv
2017-10-13,14.52,cboe:VIX6M_History.csv
2017-10-16,14.48,cboe:VIX6M_History.csv
2017-10-17,14.54,cboe:VIX6M_History.csv
2017-10-18,14.48,cboe:VIX6M_History.csv
2017-10-19,14.48,cboe:VIX6M_History.csv
2017-10-20,14.35,cboe:VIX6M_History.csv
2017-10-23,14.85,cboe:VIX6M_History.csv
2017-10-24,14.79,cboe:VIX6M_History.csv
2017-10-25,15.0,cboe:VIX6M_History.csv
2017-10-26,14.94,cboe:VIX6M_History.csv
2017-10-27,14.48,cboe:VIX6M_History.csv
2017-10-30,14.75,cboe:VIX6M_History.csv
2017-10-31,14.6,cboe:VIX6M_History.csv
2017-11-01,14.75,cboe:VIX6M_History.csv
2017-11-02,14.9,cboe:VIX6M_History.csv
2017-11-03,14.81,cboe:VIX6M_History.csv
2017-11-06,14.87,cboe:VIX6M_History.csv
2017-11-07,15.12,cboe:VIX6M_History.csv
2017-11-08,15.21,cboe:VIX6M_History.csv
2017-11-09,15.43,cboe:VIX6M_History.csv
2017-11-10,15.91,cboe:VIX6M_History.csv
2017-11-13,15.91,cboe:VIX6M_History.csv
2017-11-14,16.15,cboe:VIX6M_History.csv
2017-11-15,16.72,cboe:VIX6M_History.csv
2017-11-16,16.06,cboe:VIX6M_History.csv
2017-11-17,15.98,cboe:VIX6M_History.csv
2017-11-20,15.51,cboe:VIX6M_History.csv
2017-11-21,14.91,cboe:VIX6M_History.csv
2017-11-22,14.85,cboe:VIX6M_History.csv
2017-11-24,14.8,cboe:VIX6M_History.csv
2017-11-27,14.87,cboe:VIX6M_History.csv
2017-11-28,14.63,cboe:VIX6M_History.csv
2017-11-29,15.17,cboe:VIX6M_History.csv
2017-11-30,15.15,cboe:VIX6M_History.csv
2017-12-01,15.3,cboe:VIX6M_History.csv
2017-12-04,15.27,cboe:VIX6M_History.csv
2017-12-05,15.37,cboe:VIX6M_History.csv
2017-12-06,15.3,cboe:VIX6M_History.csv
2017-12-07,14.97,cboe:VIX6M_History.csv
2017-12-08,14.61,cboe:VIX6M_History.csv
2017-12-11,14.44,cboe:VIX6M_History.csv
2017-12-12,14.59,cboe:VIX6M_History.csv
2017-12-13,14.71,cboe:VIX6M_History.csv
2017-12-14,14.76,cboe:VIX6M_History.csv
2017-12-15,14.38,cboe:VIX6M_History.csv
2017-12-18,14.28,cboe:VIX6M_History.csv
2017-12-19,14.57,cboe:VIX6M_History.csv
2017-12-20,14.44,cboe:VIX6M_History.csv
2017-12-21,14.46,cboe:VIX6M_History.csv
2017-12-22,14.66,cboe:VIX6M_History.csv
2017-12-26,14.82,cboe:VIX6M_History.csv
2017-12-27,14.74,cboe:VIX6M_History.csv
2017-12-28,14.91,cboe:VIX6M_History.csv
2017-12-29,15.11,cboe:VIX6M_History.csv
2018-01-02,14.72,cboe:VIX6M_History.csv
2018-01-03,14.41,cboe:VIX6M_History.csv
2018-01-04,14.38,cboe:VIX6M_History.csv
2018-01-05,14.19,cboe:VIX6M_History.csv
2018-01-08,14.21,cboe:VIX6M_History.csv
2018-01-09,14.32,cboe:VIX6M_History.csv
2018-01-10,14.31,cboe:VIX6M_History.csv
2018-01-11,14.11,cboe:VIX6M_History.csv
2018-01-12,14.18,cboe:VIX6M_History.csv
2018-01-16,14.99,cboe:VIX6M_History.csv
2018-01-17,14.88,cboe:VIX6M_History.csv
2018-01-18,15.15,cboe:VIX6M_History.csv
2018-01-19,14.86,cboe:VIX6M_History.csv
2018-01-22,14.84,cboe:VIX6M_History.csv
2018-01-23,14.94,cboe:VIX6M_History.csv
2018-01-24,15.25,cboe:VIX6M_History.csv
2018-01-25,15.39,cboe:VIX6M_History.csv
2018-01-26,15.11,cboe:VIX6M_History.csv
2018-01-29,16.14,cboe:VIX6M_History.csv
2018-01-30,16.78,cboe:VIX6M_History.csv
2018-01-31,16.06,cboe:VIX6M_History.csv
2018-02-01,15.9,cboe:VIX6M_History.csv
2018-02-02,17.49,cboe:VIX6M_History.csv
2018-02-05,24.55,cboe:VIX6M_History.csv
2018-02-06,21.54,cboe:VIX6M_History.csv
2018-02-07,21.76,cboe:VIX6M_History.csv
2018-02-08,24.89,cboe:VIX6M_History.csv
2018-02-09,23.18,cboe:VIX6M_History.csv
2018-02-12,22.08,cboe:VIX6M_History.csv
2018-02-13,21.67,cboe:VIX6M_History.csv
2018-02-14,19.75,cboe:VIX6M_History.csv
2018-02-15,19.4,cboe:VIX6M_History.csv
2018-02-16,19.48,cboe:VIX6M_History.csv
2018-02-20,20.04,cboe:VIX6M_History.csv
2018-02-21,20.14,cboe:VIX6M_History.csv
2018-02-22,19.36,cboe:VIX6M_History.csv
2018-02-23,18.21,cboe:VIX6M_History.csv
2018-02-26,17.6,cboe:VIX6M_History.csv
2018-02-27,19.26,cboe:VIX6M_History.csv
2018-02-28,19.99,cboe:VIX6M_History.csv
2018-03-01,21.1,cboe:VIX6M_History.csv
2018-03-02,19.97,cboe:VIX6M_History.csv
2018-03-05,19.52,cboe:VIX6M_History.csv
2018-03-06,19.6,cboe:VIX6M_History.csv
2018-03-07,19.44,cboe:VIX6M_History.csv
2018-03-08,18.88,cboe:VIX6M_History.csv
2018-03-09,17.95,cboe:VIX6M_History.csv
2018-03-12,18.65,cboe:VIX6M_History.csv
2018-03-13,18.86,cboe:VIX6M_History.csv
2018-03-14,19.4,cboe:VIX6M_History.csv
2018-03-15,19.11,cboe:VIX6M_History.csv
2018-03-16,18.69,cboe:VIX6M_History.csv
2018-03-19,19.7,cboe:VIX6M_History.csv
2018-03-20,19.54,cboe:VIX6M_History.csv
2018-03-21,19.49,cboe:VIX6M_History.csv
2018-03-22,21.44,cboe:VIX6M_History.csv
2018-03-23,22.86,cboe:VIX6M_History.csv
2018-03-26,20.9,cboe:VIX6M_History.csv
2018-03-27,22.0,cboe:VIX6M_History.csv
2018-03-28,22.29,cboe:VIX6M_History.csv
2018-03-29,21.05,cboe:VIX6M_History.csv
2018-04-02,22.33,cboe:VIX6M_History.csv
2018-04-03,21.26,cboe:VIX6M_History.csv
2018-04-04,20.85,cboe:VIX6M_History.csv
2018-04-05,20.13,cboe:VIX6M_History.csv
2018-04-06,21.41,cboe:VIX6M_History.csv
2018-04-09,21.29,cboe:VIX6M_History.csv
2018-04-10,20.75,cboe:VIX6M_History.csv
2018-04-11,20.8,cboe:VIX6M_History.csv
2018-04-12,19.98,cboe:VIX6M_History.csv
2018-04-13,19.35,cboe:VIX6M_History.csv
2018-04-16,18.77,cboe:VIX6M_History.csv
2018-04-17,18.03,cboe:VIX6M_History.csv
2018-04-18,17.93,cboe:VIX6M_History.csv
2018-04-19,18.21,cboe:VIX6M_History.csv
2018-04-20,18.65,cboe:VIX6M_History.csv
2018-04-23,18.38,cboe:VIX6M_History.csv
2018-04-24,19.0,cboe:VIX6M_History.csv
2018-04-25,18.99,cboe:VIX6M_History.csv
2018-04-26,18.29,cboe:VIX6M_History.csv
2018-04-27,18.22,cboe:VIX6M_History.csv
2018-04-30,18.33,cboe:VIX6M_History.csv
2018-05-01,18.08,cboe:VIX6M_History.csv
2018-05-02,18.32,cboe:VIX6M_History.csv
2018-05-03,18.16,cboe:VIX6M_History.csv
2018-05-04,17.84,cboe:VIX6M_History.csv
2018-05-07,17.89,cboe:VIX6M_History.csv
2018-05-08,17.76,cboe:VIX6M_History.csv
2018-05-09,17.27,cboe:VIX6M_History.csv
2018-05-10,16.83,cboe:VIX6M_History.csv
2018-05-11,16.57,cboe:VIX6M_History.csv
2018-05-14,16.26,cboe:VIX6M_History.csv
2018-05-15,17.05,cboe:VIX6M_History.csv
2018-05-16,16.6,cboe:VIX6M_History.csv
2018-05-17,16.63,cboe:VIX6M_History.csv
2018-05-18,16.79,cboe:VIX6M_History.csv
2018-05-21,16.28,cboe:VIX6M_History.csv
2018-05-22,16.4,cboe:VIX6M_History.csv
2018-05-23,16.19,cboe:VIX6M_History.csv
2018-05-24,16.16,cboe:VIX6M_History.csv
2018-05-25,16.43,cboe:VIX6M_History.csv
2018-05-29,17.94,cboe:VIX6M_History.csv
2018-05-30,17.26,cboe:VIX6M_History.csv
2018-05-31,17.54,cboe:VIX6M_History.csv
2018-06-01,16.81,cboe:VIX6M_History.csv
2018-06-04,16.47,cboe:VIX6M_History.csv
2018-06-05,16.31,cboe:VIX6M_History.csv
2018-06-06,15.97,cboe:VIX6M_History.csv
2018-06-07,16.06,cboe:VIX6M_History.csv
2018-06-08,16.13,cboe:VIX6M_History.csv
2018-06-11,16.12,cboe:VIX6M_History.csv
2018-06-12,16.17,cboe:VIX6M_History.csv
2018-06-13,16.43,cboe:VIX6M_History.csv
2018-06-14,16.09,cboe:VIX6M_History.csv
2018-06-15,16.32,cboe:VIX6M_History.csv
2018-06-18,16.35,cboe:VIX6M_History.csv
2018-06-19,16.89,cboe:VIX6M_History.csv
2018-06-20,16.52,cboe:VIX6M_History.csv
2018-06-21,17.2,cboe:VIX6M_History.csv
2018-06-22,16.92,cboe:VIX6M_History.csv
2018-06-25,18.27,cboe:VIX6M_History.csv
2018-06-26,17.79,cboe:VIX6M_History.csv
2018-06-27,18.66,cboe:VIX6M_History.csv
2018-06-28,18.29,cboe:VIX6M_History.csv
2018-06-29,18.09,cboe:VIX6M_History.csv
2018-07-02,17.97,cboe:VIX6M_History.csv
2018-07-03,18.23,cboe:VIX6M_History.csv
2018-07-05,17.63,cboe:VIX6M_History.csv
2018-07-06,17.07,cboe:VIX6M_History.csv
2018-07-09,16.29,cboe:VIX6M_History.csv
2018-07-10,16.11,cboe:VIX6M_History.csv
2018-07-11,16.54,cboe:VIX6M_History.csv
2018-07-12,16.1,cboe:VIX6M_History.csv
2018-07-13,15.9,cboe:VIX6M_History.csv
2018-07-16,16.1,cboe:VIX6M_History.csv
2018-07-17,15.83,cboe:VIX6M_History.csv
2018-07-18,15.88,cboe:VIX6M_History.csv
2018-07-19,16.22,cboe:VIX6M_History.csv
2018-07-20,16.41,cboe:VIX6M_History.csv
2018-07-23,16.24,cboe:VIX6M_History.csv
2018-07-24,16.09,cboe:VIX6M_History.csv
2018-07-25,15.89,cboe:VIX6M_History.csv
2018-07-26,15.87,cboe:VIX6M_History.csv
2018-07-27,16.22,cboe:VIX6M_History.csv
2018-07-30,16.68,cboe:VIX6M_History.csv
2018-07-31,16.21,cboe:VIX6M_History.csv
2018-08-01,16.41,cboe:VIX6M_History.csv
2018-08-02,16.08,cboe:VIX6M_History.csv
2018-08-03,15.9,cboe:VIX6M_History.csv
2018-08-06,15.68,cboe:VIX6M_History.csv
2018-08-07,15.41,cboe:VIX6M_History.csv
2018-08-08,15.45,cboe:VIX6M_History.csv
2018-08-09,15.54,cboe:VIX6M_History.csv
2018-08-10,16.29,cboe:VIX6M_History.csv
2018-08-13,16.97,cboe:VIX6M_History.csv
2018-08-14,16.39,cboe:VIX6M_History.csv
2018-08-15,16.94,cboe:VIX6M_History.csv
2018-08-16,16.47,cboe:VIX6M_History.csv
2018-08-17,16.26,cboe:VIX6M_History.csv
2018-08-20,16.15,cboe:VIX6M_History.csv
2018-08-21,16.33,cboe:VIX6M_History.csv
2018-08-22,16.25,cboe:VIX6M_History.csv
2018-08-23,16.28,cboe:VIX6M_History.csv
2018-08-24,16.07,cboe:VIX6M_History.csv
2018-08-27,16.0,cboe:VIX6M_History.csv
2018-08-28,16.25,cboe:VIX6M_History.csv
2018-08-29,16.2,cboe:VIX6M_History.csv
2018-08-30,16.69,cboe:VIX6M_History.csv
2018-08-31,16.43,cboe:VIX6M_History.csv
2018-09-04,16.59,cboe:VIX6M_History.csv
2018-09-05,16.93,cboe:VIX6M_History.csv
2018-09-06,17.26,cboe:VIX6M_History.csv
2018-09-07,17.47,cboe:VIX6M_History.csv
2018-09-10,17.15,cboe:VIX6M_History.csv
2018-09-11,16.64,cboe:VIX6M_History.csv
2018-09-12,16.4,cboe:VIX6M_History.csv
2018-09-13,15.86,cboe:VIX6M_History.csv
2018-09-14,15.6,cboe:VIX6M_History.csv
2018-09-17,16.1,cboe:VIX6M_History.csv
2018-09-18,15.99,cboe:VIX6M_History.csv
2018-09-19,15.85,cboe:VIX6M_History.csv
2018-09-20,15.7,cboe:VIX6M_History.csv
2018-09-21,15.9,cboe:VIX6M_History.csv
2018-09-24,15.96,cboe:VIX6M_History.csv
2018-09-25,16.05,cboe:VIX6M_History.csv
2018-09-26,16.2,cboe:VIX6M_History.csv
2018-09-27,16.07,cboe:VIX6M_History.csv
2018-09-28,15.98,cboe:VIX6M_History.csv
2018-10-01,15.95,cboe:VIX6M_History.csv
2018-10-02,16.03,cboe:VIX6M_History.csv
2018-10-03,15.96,cboe:VIX6M_History.csv
2018-10-04,16.7,cboe:VIX6M_History.csv
2018-10-05,17.14,cboe:VIX6M_History.csv
2018-10-08,17.36,cboe:VIX6M_History.csv
2018-10-09,17.4,cboe:VIX6M_History.csv
2018-10-10,20.31,cboe:VIX6M_History.csv
2018-10-11,20.88,cboe:VIX6M_History.csv
2018-10-12,19.87,cboe:VIX6M_History.csv
2018-10-15,20.27,cboe:VIX6M_History.csv
2018-10-16,18.58,cboe:VIX6M_History.csv
2018-10-17,18.64,cboe:VIX6M_History.csv
2018-10-18,19.93,cboe:VIX6M_History.csv
2018-10-19,20.03,cboe:VIX6M_History.csv
2018-10-22,20.01,cboe:VIX6M_History.csv
2018-10-23,20.29,cboe:VIX6M_History.csv
2018-10-24,22.04,cboe:VIX6M_History.csv
2018-10-25,21.84,cboe:VIX6M_History.csv
2018-10-26,21.97,cboe:VIX6M_History.csv
2018-10-29,22.27,cboe:VIX6M_History.csv
2018-10-30,21.72,cboe:VIX6M_History.csv
2018-10-31,21.0,cboe:VIX6M_History.csv
2018-11-01,20.23,cboe:VIX6M_History.csv
2018-11-02,20.45,cboe:VIX6M_History.csv
2018-11-05,20.25,cboe:VIX6M_History.csv
2018-11-06,19.7,cboe:VIX6M_History.csv
2018-11-07,18.29,cboe:VIX6M_History.csv
2018-11-08,18.24,cboe:VIX6M_History.csv
2018-11-09,18.94,cboe:VIX6M_History.csv
2018-11-12,20.16,cboe:VIX6M_History.csv
2018-11-13,20.29,cboe:VIX6M_History.csv
2018-11-14,21.04,cboe:VIX6M_History.csv
2018-11-15,20.48,cboe:VIX6M_History.csv
2018-11-16,19.82,cboe:VIX6M_History.csv
2018-11-19,20.79,cboe:VIX6M_History.csv
2018-11-20,22.09,cboe:VIX6M_History.csv
2018-11-21,21.47,cboe:VIX6M_History.csv
2018-11-23,21.79,cboe:VIX6M_History.csv
2018-11-26,20.55,cboe:VIX6M_History.csv
2018-11-27,20.39,cboe:VIX6M_History.csv
2018-11-28,19.7,cboe:VIX6M_History.csv
2018-11-29,20.02,cboe:VIX6M_History.csv
2018-11-30,19.69,cboe:VIX6M_History.csv
2018-12-03,18.6,cboe:VIX6M_History.csv
2018-12-04,20.59,cboe:VIX6M_History.csv
2018-12-06,20.74,cboe:VIX6M_History.csv
2018-12-07,21.92,cboe:VIX6M_History.csv
2018-12-10,21.75,cboe:VIX6M_History.csv
2018-12-11,21.69,cboe:VIX6M_History.csv
2018-12-12,21.65,cboe:VIX6M_History.csv
2018-12-13,21.46,cboe:VIX6M_History.csv
2018-12-14,22.12,cboe:VIX6M_History.csv
2018-12-17,23.23,cboe:VIX6M_History.csv
2018-12-18,23.38,cboe:VIX6M_History.csv
2018-12-19,23.37,cboe:VIX6M_History.csv
2018-12-20,24.56,cboe:VIX6M_History.csv
2018-12-21,24.8,cboe:VIX6M_History.csv
2018-12-24,26.36,cboe:VIX6M_History.csv
2018-12-26,23.86,cboe:VIX6M_History.csv
2018-12-27,24.38,cboe:VIX6M_History.csv
2018-12-28,24.01,cboe:VIX6M_History.csv
2018-12-31,23.15,cboe:VIX6M_History.csv
2019-01-02,22.33,cboe:VIX6M_History.csv
2019-01-03,23.28,cboe:VIX6M_History.csv
2019-01-04,21.75,cboe:VIX6M_History.csv
2019-01-07,21.43,cboe:VIX6M_History.csv
2019-01-08,21.14,cboe:VIX6M_History.csv
2019-01-09,20.8,cboe:VIX6M_History.csv
2019-01-10,20.79,cboe:VIX6M_History.csv
2019-01-11,20.35,cboe:VIX6M_History.csv
2019-01-14,20.24,cboe:VIX6M_History.csv
2019-01-15,19.61,cboe:VIX6M_History.csv
2019-01-16,19.65,cboe:VIX6M_History.csv
2019-01-17,19.63,cboe:VIX6M_History.csv
2019-01-18,19.26,cboe:VIX6M_History.csv
2019-01-22,20.51,cboe:VIX6M_History.csv
2019-01-23,20.13,cboe:VIX6M_History.csv
2019-01-24,19.72,cboe:VIX6M_History.csv
2019-01-25,19.36,cboe:VIX6M_History.csv
2019-01-28,19.71,cboe:VIX6M_History.csv
2019-01-29,19.72,cboe:VIX6M_History.csv
2019-01-30,19.06,cboe:VIX6M_History.csv
2019-01-31,18.5,cboe:VIX6M_History.csv
2019-02-01,18.31,cboe:VIX6M_History.csv
2019-02-04,17.94,cboe:VIX6M_History.csv
2019-02-05,17.69,cboe:VIX6M_History.csv
2019-02-06,17.69,cboe:VIX6M_History.csv
2019-02-07,18.05,cboe:VIX6M_History.csv
2019-02-08,17.9,cboe:VIX6M_History.csv
2019-02-11,17.85,cboe:VIX6M_History.csv
2019-02-12,17.51,cboe:VIX6M_History.csv
2019-02-13,17.62,cboe:VIX6M_History.csv
2019-02-14,17.98,cboe:VIX6M_History.csv
2019-02-15,17.4,cboe:VIX6M_History.csv
2019-02-19,17.19,cboe:VIX6M_History.csv
2019-02-20,16.75,cboe:VIX6M_History.csv
2019-02-21,16.97,cboe:VIX6M_History.csv
2019-02-22,16.53,cboe:VIX6M_History.csv
2019-02-25,16.81,cboe:VIX6M_History.csv
2019-02-26,17.08,cboe:VIX6M_History.csv
2019-02-27,16.83,cboe:VIX6M_History.csv
2019-02-28,16.93,cboe:VIX6M_History.csv
2019-03-01,16.48,cboe:VIX6M_History.csv
2019-03-04,16.93,cboe:VIX6M_History.csv
2019-03-05,16.99,cboe:VIX6M_History.csv
2019-03-06,17.47,cboe:VIX6M_History.csv
2019-03-07,17.87,cboe:VIX6M_History.csv
2019-03-08,17.81,cboe:VIX6M_History.csv
2019-03-11,17.0,cboe:VIX6M_History.csv
2019-03-12,16.74,cboe:VIX6M_History.csv
2019-03-13,16.46,cboe:VIX6M_History.csv
2019-03-14,16.45,cboe:VIX6M_History.csv
2019-03-15,16.24,cboe:VIX6M_History.csv
2019-03-18,16.36,cboe:VIX6M_History.csv
2019-03-19,16.61,cboe:VIX6M_History.csv
2019-03-20,16.78,cboe:VIX6M_History.csv
2019-03-21,16.5,cboe:VIX6M_History.csv
2019-03-22,17.78,cboe:VIX6M_History.csv
2019-03-25,17.83,cboe:VIX6M_History.csv
2019-03-26,17.28,cboe:VIX6M_History.csv
2019-03-27,17.56,cboe:VIX6M_History.csv
2019-03-28,17.25,cboe:VIX6M_History.csv
2019-03-29,16.89,cboe:VIX6M_History.csv
2019-04-01,16.53,cboe:VIX6M_History.csv
2019-04-02,16.63,cboe:VIX6M_History.csv
2019-04-03,16.6,cboe:VIX6M_History.csv
2019-04-04,16.56,cboe:VIX6M_History.csv
2019-04-05,16.28,cboe:VIX6M_History.csv
2019-04-08,16.38,cboe:VIX6M_History.csv
2019-04-09,16.9,cboe:VIX6M_History.csv
2019-04-10,16.49,cboe:VIX6M_History.csv
2019-04-11,16.43,cboe:VIX6M_History.csv
2019-04-12,16.04,cboe:VIX6M_History.csv
2019-04-15,16.09,cboe:VIX6M_History.csv
2019-04-16,16.06,cboe:VIX6M_History.csv
2019-04-17,16.29,cboe:VIX6M_History.csv
2019-04-18,16.14,cboe:VIX6M_History.csv
2019-04-22,16.19,cboe:VIX6M_History.csv
2019-04-23,16.0,cboe:VIX6M_History.csv
2019-04-24,16.28,cboe:VIX6M_History.csv
2019-04-25,16.44,cboe:VIX6M_History.csv
2019-04-26,16.2,cboe:VIX6M_History.csv
2019-04-29,16.46,cboe:VIX6M_History.csv
2019-04-30,16.43,cboe:VIX6M_History.csv
2019-05-01,17.09,cboe:VIX6M_History.csv
2019-05-02,17.0,cboe:VIX6M_History.csv
2019-05-03,16.38,cboe:VIX6M_History.csv
2019-05-06,17.15,cboe:VIX6M_History.csv
2019-05-07,18.63,cboe:VIX6M_History.csv
2019-05-08,18.6,cboe:VIX6M_History.csv
2019-05-09,18.38,cboe:VIX6M_History.csv
2019-05-10,17.47,cboe:VIX6M_History.csv
2019-05-13,19.34,cboe:VIX6M_History.csv
2019-05-14,18.37,cboe:VIX6M_History.csv
2019-05-15,17.81,cboe:VIX6M_History.csv
2019-05-16,17.35,cboe:VIX6M_History.csv
2019-05-17,17.57,cboe:VIX6M_History.csv
2019-05-20,17.69,cboe:VIX6M_History.csv
2019-05-21,17.12,cboe:VIX6M_History.csv
2019-05-22,17.1,cboe:VIX6M_History.csv
2019-05-23,18.01,cboe:VIX6M_History.csv
2019-05-24,17.72,cboe:VIX6M_History.csv
2019-05-28,18.29,cboe:VIX6M_History.csv
2019-05-29,18.61,cboe:VIX6M_History.csv
2019-05-30,18.48,cboe:VIX6M_History.csv
2019-05-31,19.14,cboe:VIX6M_History.csv
2019-06-03,19.09,cboe:VIX6M_History.csv
2019-06-04,18.17,cboe:VIX6M_History.csv
2019-06-05,17.82,cboe:VIX6M_History.csv
2019-06-06,17.67,cboe:VIX6M_History.csv
2019-06-07,17.86,cboe:VIX6M_History.csv
2019-06-10,17.66,cboe:VIX6M_History.csv
2019-06-11,17.81,cboe:VIX6M_History.csv
2019-06-12,17.82,cboe:VIX6M_History.csv
2019-06-13,17.64,cboe:VIX6M_History.csv
2019-06-14,17.48,cboe:VIX6M_History.csv
2019-06-17,17.49,cboe:VIX6M_History.csv
2019-06-18,17.38,cboe:VIX6M_History.csv
2019-06-19,17.14,cboe:VIX6M_History.csv
2019-06-20,17.05,cboe:VIX6M_History.csv
2019-06-21,17.43,cboe:VIX6M_History.csv
2019-06-24,17.27,cboe:VIX6M_History.csv
2019-06-25,17.78,cboe:VIX6M_History.csv
2019-06-26,17.8,cboe:VIX6M_History.csv
2019-06-27,17.52,cboe:VIX6M_History.csv
2019-06-28,16.96,cboe:VIX6M_History.csv
2019-07-01,16.38,cboe:VIX6M_History.csv
2019-07-02,15.92,cboe:VIX6M_History.csv
2019-07-03,15.74,cboe:VIX6M_History.csv
2019-07-05,15.99,cboe:VIX6M_History.csv
2019-07-08,16.36,cboe:VIX6M_History.csv
2019-07-09,16.47,cboe:VIX6M_History.csv
2019-07-10,16.25,cboe:VIX6M_History.csv
2019-07-11,16.15,cboe:VIX6M_History.csv
2019-07-12,16.09,cboe:VIX6M_History.csv
2019-07-15,16.28,cboe:VIX6M_History.csv
2019-07-16,16.39,cboe:VIX6M_History.csv
2019-07-17,16.84,cboe:VIX6M_History.csv
2019-07-18,16.61,cboe:VIX6M_History.csv
2019-07-19,16.9,cboe:VIX6M_History.csv
2019-07-22,16.57,cboe:VIX6M_History.csv
2019-07-23,16.18,cboe:VIX6M_History.csv
2019-07-24,15.93,cboe:VIX6M_History.csv
2019-07-25,16.25,cboe:VIX6M_History.csv
2019-07-26,15.95,cboe:VIX6M_History.csv
2019-07-29,16.16,cboe:VIX6M_History.csv
2019-07-30,16.61,cboe:VIX6M_History.csv
2019-07-31,17.47,cboe:VIX6M_History.csv
2019-08-01,18.17,cboe:VIX6M_History.csv
2019-08-02,18.11,cboe:VIX6M_History.csv
2019-08-05,20.81,cboe:VIX6M_History.csv
2019-08-06,19.41,cboe:VIX6M_History.csv
2019-08-07,19.26,cboe:VIX6M_History.csv
2019-08-08,18.05,cboe:VIX6M_History.csv
2019-08-09,18.56,cboe:VIX6M_History.csv
2019-08-12,19.87,cboe:VIX6M_History.csv
2019-08-13,18.69,cboe:VIX6M_History.csv
2019-08-14,20.73,cboe:VIX6M_History.csv
2019-08-15,20.58,cboe:VIX6M_History.csv
2019-08-16,19.64,cboe:VIX6M_History.csv
2019-08-19,18.82,cboe:VIX6M_History.csv
2019-08-20,19.15,cboe:VIX6M_History.csv
2019-08-21,18.37,cboe:VIX6M_History.csv
2019-08-22,18.75,cboe:VIX6M_History.csv
2019-08-23,20.22,cboe:VIX6M_History.csv
2019-08-26,19.88,cboe:VIX6M_History.csv
2019-08-27,20.56,cboe:VIX6M_History.csv
2019-08-28,20.16,cboe:VIX6M_History.csv
2019-08-29,19.45,cboe:VIX6M_History.csv
2019-08-30,19.85,cboe:VIX6M_History.csv
2019-09-03,20.36,cboe:VIX6M_History.csv
2019-09-04,19.43,cboe:VIX6M_History.csv
2019-09-05,18.88,cboe:VIX6M_History.csv
2019-09-06,18.51,cboe:VIX6M_History.csv
2019-09-09,18.58,cboe:VIX6M_History.csv
2019-09-10,18.48,cboe:VIX6M_History.csv
2019-09-11,18.25,cboe:VIX6M_History.csv
2019-09-12,18.07,cboe:VIX6M_History.csv
2019-09-13,18.04,cboe:VIX6M_History.csv
2019-09-16,18.47,cboe:VIX6M_History.csv
2019-09-17,18.54,cboe:VIX6M_History.csv
2019-09-18,18.31,cboe:VIX6M_History.csv
2019-09-19,18.26,cboe:VIX6M_History.csv
2019-09-20,18.96,cboe:VIX6M_History.csv
2019-09-23,19.04,cboe:VIX6M_History.csv
2019-09-24,19.44,cboe:VIX6M_History.csv
2019-09-25,19.06,cboe:VIX6M_History.csv
2019-09-26,19.16,cboe:VIX6M_History.csv
2019-09-27,19.62,cboe:VIX6M_History.csv
2019-09-30,19.02,cboe:VIX6M_History.csv
2019-10-01,20.03,cboe:VIX6M_History.csv
2019-10-02,21.0,cboe:VIX6M_History.csv
2019-10-03,20.4,cboe:VIX6M_History.csv
2019-10-04,19.51,cboe:VIX6M_History.csv
2019-10-07,19.76,cboe:VIX6M_History.csv
2019-10-08,20.82,cboe:VIX6M_History.csv
2019-10-09,20.26,cboe:VIX6M_History.csv
2019-10-10,19.74,cboe:VIX6M_History.csv
2019-10-11,18.86,cboe:VIX6M_History.csv
2019-10-14,18.58,cboe:VIX6M_History.csv
2019-10-15,18.1,cboe:VIX6M_History.csv
2019-10-16,18.12,cboe:VIX6M_History.csv
2019-10-17,18.01,cboe:VIX6M_History.csv
2019-10-18,18.21,cboe:VIX6M_History.csv
2019-10-21,17.82,cboe:VIX6M_History.csv
2019-10-22,18.02,cboe:VIX6M_History.csv
2019-10-23,17.84,cboe:VIX6M_History.csv
2019-10-24,17.84,cboe:VIX6M_History.csv
2019-10-25,17.45,cboe:VIX6M_History.csv
2019-10-28,17.59,cboe:VIX6M_History.csv
2019-10-29,17.77,cboe:VIX6M_History.csv
2019-10-30,17.48,cboe:VIX6M_History.csv
2019-10-31,17.71,cboe:VIX6M_History.csv
2019-11-01,17.29,cboe:VIX6M_History.csv
2019-11-04,17.38,cboe:VIX6M_History.csv
2019-11-05,17.65,cboe:VIX6M_History.csv
2019-11-06,17.66,cboe:VIX6M_History.csv
2019-11-07,17.64,cboe:VIX6M_History.csv
2019-11-08,17.5,cboe:VIX6M_History.csv
2019-11-11,17.54,cboe:VIX6M_History.csv
2019-11-12,17.45,cboe:VIX6M_History.csv
2019-11-13,17.48,cboe:VIX6M_History.csv
2019-11-14,17.48,cboe:VIX6M_History.csv
2019-11-15,17.1,cboe:VIX6M_History.csv
2019-11-18,17.16,cboe:VIX6M_History.csv
2019-11-19,17.4,cboe:VIX6M_History.csv
2019-11-20,17.6,cboe:VIX6M_History.csv
2019-11-21,17.84,cboe:VIX6M_History.csv
2019-11-22,17.53,cboe:VIX6M_History.csv
2019-11-25,17.15,cboe:VIX6M_History.csv
2019-11-26,17.0,cboe:VIX6M_History.csv
2019-11-27,17.06,cboe:VIX6M_History.csv
2019-11-29,17.41,cboe:VIX6M_History.csv
2019-12-02,18.2,cboe:VIX6M_History.csv
2019-12-03,18.84,cboe:VIX6M_History.csv
2019-12-04,18.27,cboe:VIX6M_History.csv
2019-12-05,18.13,cboe:VIX6M_History.csv
2019-12-06,17.74,cboe:VIX6M_History.csv
2019-12-09,18.43,cboe:VIX6M_History.csv
2019-12-10,18.37,cboe:VIX6M_History.csv
2019-12-11,18.18,cboe:VIX6M_History.csv
2019-12-12,17.61,cboe:VIX6M_History.csv
2019-12-13,17.05,cboe:VIX6M_History.csv
2019-12-16,16.68,cboe:VIX6M_History.csv
2019-12-17,16.89,cboe:VIX6M_History.csv
2019-12-18,16.91,cboe:VIX6M_History.csv
2019-12-19,16.77,cboe:VIX6M_History.csv
2019-12-20,16.85,cboe:VIX6M_History.csv
2019-12-23,17.0,cboe:VIX6M_History.csv
2019-12-24,16.97,cboe:VIX6M_History.csv
2019-12-26,16.92,cboe:VIX6M_History.csv
2019-12-27,17.28,cboe:VIX6M_History.csv
2019-12-30,17.7,cboe:VIX6M_History.csv
2019-12-31,17.13,cboe:VIX6M_History.csv
2020-01-02,16.58,cboe:VIX6M_History.csv
2020-01-03,17.16,cboe:VIX6M_History.csv
2020-01-06,17.08,cboe:VIX6M_History.csv
2020-01-07,17.02,cboe:VIX6M_History.csv
2020-01-08,16.65,cboe:VIX6M_History.csv
2020-01-09,16.36,cboe:VIX6M_History.csv
2020-01-10,16.33,cboe:VIX6M_History.csv
2020-01-13,16.03,cboe:VIX6M_History.csv
2020-01-14,16.01,cboe:VIX6M_History.csv
2020-01-15,15.98,cboe:VIX6M_History.csv
2020-01-16,15.78,cboe:VIX6M_History.csv
2020-01-17,15.76,cboe:VIX6M_History.csv
2020-01-21,15.94,cboe:VIX6M_History.csv
2020-01-22,16.11,cboe:VIX6M_History.csv
2020-01-23,16.11,cboe:VIX6M_History.csv
2020-01-24,16.78,cboe:VIX6M_History.csv
2020-01-27,18.11,cboe:VIX6M_History.csv
2020-01-28,17.35,cboe:VIX6M_History.csv
2020-01-29,17.36,cboe:VIX6M_History.csv
2020-01-30,17.03,cboe:VIX6M_History.csv
2020-01-31,18.34,cboe:VIX6M_History.csv
2020-02-03,18.09,cboe:VIX6M_History.csv
2020-02-04,17.06,cboe:VIX6M_History.csv
2020-02-05,16.67,cboe:VIX6M_History.csv
2020-02-06,16.57,cboe:VIX6M_History.csv
2020-02-07,16.94,cboe:VIX6M_History.csv
2020-02-10,16.78,cboe:VIX6M_History.csv
2020-02-11,16.83,cboe:VIX6M_History.csv
2020-02-12,16.34,cboe:VIX6M_History.csv
2020-02-13,16.55,cboe:VIX6M_History.csv
2020-02-14,16.46,cboe:VIX6M_History.csv
2020-02-18,16.86,cboe:VIX6M_History.csv
2020-02-19,16.76,cboe:VIX6M_History.csv
2020-02-20,17.24,cboe:VIX6M_History.csv
2020-02-21,17.92,cboe:VIX6M_History.csv
2020-02-24,20.48,cboe:VIX6M_History.csv
2020-02-25,21.88,cboe:VIX6M_History.csv
2020-02-26,21.85,cboe:VIX6M_History.csv
2020-02-27,25.61,cboe:VIX6M_History.csv
2020-02-28,25.91,cboe:VIX6M_History.csv
2020-03-02,24.73,cboe:VIX6M_History.csv
2020-03-03,26.34,cboe:VIX6M_History.csv
2020-03-04,24.88,cboe:VIX6M_History.csv
2020-03-05,28.9,cboe:VIX6M_History.csv
2020-03-06,31.4,cboe:VIX6M_History.csv
2020-03-09,36.89,cboe:VIX6M_History.csv
2020-03-10,34.34,cboe:VIX6M_History.csv
2020-03-11,38.54,cboe:VIX6M_History.csv
2020-03-12,47.81,cboe:VIX6M_History.csv
2020-03-13,41.23,cboe:VIX6M_History.csv
2020-03-16,55.4,cboe:VIX6M_History.csv
2020-03-17,54.81,cboe:VIX6M_History.csv
2020-03-18,61.11,cboe:VIX6M_History.csv
2020-03-19,56.06,cboe:VIX6M_History.csv
2020-03-20,53.12,cboe:VIX6M_History.csv
2020-03-23,46.59,cboe:VIX6M_History.csv
2020-03-24,41.59,cboe:VIX6M_History.csv
2020-03-25,44.31,cboe:VIX6M_History.csv
2020-03-26,40.85,cboe:VIX6M_History.csv
2020-03-27,47.71,cboe:VIX6M_History.csv
2020-03-30,43.89,cboe:VIX6M_History.csv
2020-03-31,42.47,cboe:VIX6M_History.csv
2020-04-01,45.18,cboe:VIX6M_History.csv
2020-04-02,42.67,cboe:VIX6M_History.csv
2020-04-03,40.84,cboe:VIX6M_History.csv
2020-04-06,39.15,cboe:VIX6M_History.csv
2020-04-07,39.54,cboe:VIX6M_History.csv
2020-04-08,38.32,cboe:VIX6M_History.csv
2020-04-09,37.42,cboe:VIX6M_History.csv
2020-04-13,37.0,cboe:VIX6M_History.csv
2020-04-14,34.91,cboe:VIX6M_History.csv
2020-04-15,36.94,cboe:VIX6M_History.csv
2020-04-16,37.04,cboe:VIX6M_History.csv
2020-04-17,35.66,cboe:VIX6M_History.csv
2020-04-20,38.29,cboe:VIX6M_History.csv
2020-04-21,40.39,cboe:VIX6M_History.csv
2020-04-22,38.89,cboe:VIX6M_History.csv
2020-04-23,39.16,cboe:VIX6M_History.csv
2020-04-24,37.1,cboe:VIX6M_History.csv
2020-04-27,35.12,cboe:VIX6M_History.csv
2020-04-28,34.95,cboe:VIX6M_History.csv
2020-04-29,33.19,cboe:VIX6M_History.csv
2020-04-30,34.49,cboe:VIX6M_History.csv
2020-05-01,36.85,cboe:VIX6M_History.csv
2020-05-04,36.43,cboe:VIX6M_History.csv
2020-05-05,35.29,cboe:VIX6M_History.csv
2020-05-06,35.58,cboe:VIX6M_History.csv
2020-05-07,34.45,cboe:VIX6M_History.csv
2020-05-08,32.73,cboe:VIX6M_History.csv
2020-05-11,32.13,cboe:VIX6M_History.csv
2020-05-12,34.77,cboe:VIX6M_History.csv
2020-05-13,36.72,cboe:VIX6M_History.csv
2020-05-14,35.66,cboe:VIX6M_History.csv
2020-05-15,35.57,cboe:VIX6M_History.csv
2020-05-18,33.14,cboe:VIX6M_History.csv
2020-05-19,33.59,cboe:VIX6M_History.csv
2020-05-20,32.45,cboe:VIX6M_History.csv
2020-05-21,33.59,cboe:VIX6M_History.csv
2020-05-22,33.16,cboe:VIX6M_History.csv
2020-05-26,32.55,cboe:VIX6M_History.csv
2020-05-27,31.85,cboe:VIX6M_History.csv
2020-05-28,32.59,cboe:VIX6M_History.csv
2020-05-29,31.96,cboe:VIX6M_History.csv
2020-06-01,32.41,cboe:VIX6M_History.csv
2020-06-02,31.78,cboe:VIX6M_History.csv
2020-06-03,31.07,cboe:VIX6M_History.csv
2020-06-04,30.99,cboe:VIX6M_History.csv
2020-06-05,29.68,cboe:VIX6M_History.csv
2020-06-08,30.04,cboe:VIX6M_History.csv
2020-06-09,31.24,cboe:VIX6M_History.csv
2020-06-10,31.23,cboe:VIX6M_History.csv
2020-06-11,39.68,cboe:VIX6M_History.csv
2020-06-12,37.79,cboe:VIX6M_History.csv
2020-06-15,36.66,cboe:VIX6M_History.csv
2020-06-16,36.26,cboe:VIX6M_History.csv
2020-06-17,36.59,cboe:VIX6M_History.csv
2020-06-18,36.11,cboe:VIX6M_History.csv
2020-06-19,37.74,cboe:VIX6M_History.csv
2020-06-22,35.0,cboe:VIX6M_History.csv
2020-06-23,34.17,cboe:VIX6M_History.csv
2020-06-24,35.57,cboe:VIX6M_History.csv
2020-06-25,34.84,cboe:VIX6M_History.csv
2020-06-26,36.23,cboe:VIX6M_History.csv
2020-06-29,34.48,cboe:VIX6M_History.csv
2020-06-30,33.13,cboe:VIX6M_History.csv
2020-07-01,32.56,cboe:VIX6M_History.csv
2020-07-02,31.82,cboe:VIX6M_History.csv
2020-07-06,31.66,cboe:VIX6M_History.csv
2020-07-07,32.49,cboe:VIX6M_History.csv
2020-07-08,31.83,cboe:VIX6M_History.csv
2020-07-09,32.37,cboe:VIX6M_History.csv
2020-07-10,31.72,cboe:VIX6M_History.csv
2020-07-13,35.02,cboe:VIX6M_History.csv
2020-07-14,33.28,cboe:VIX6M_History.csv
2020-07-15,32.74,cboe:VIX6M_History.csv
2020-07-16,32.75,cboe:VIX6M_History.csv
2020-07-17,31.73,cboe:VIX6M_History.csv
2020-07-20,30.43,cboe:VIX6M_History.csv
2020-07-21,30.7,cboe:VIX6M_History.csv
2020-07-22,30.43,cboe:VIX6M_History.csv
2020-07-23,31.94,cboe:VIX6M_History.csv
2020-07-24,31.65,cboe:VIX6M_History.csv
2020-07-27,31.33,cboe:VIX6M_History.csv
2020-07-28,31.47,cboe:VIX6M_History.csv
2020-07-29,30.97,cboe:VIX6M_History.csv
2020-07-30,31.39,cboe:VIX6M_History.csv
2020-07-31,31.21,cboe:VIX6M_History.csv
2020-08-03,31.18,cboe:VIX6M_History.csv
2020-08-04,30.72,cboe:VIX6M_History.csv
2020-08-05,30.32,cboe:VIX6M_History.csv
2020-08-06,30.11,cboe:VIX6M_History.csv
2020-08-07,30.22,cboe:VIX6M_History.csv
2020-08-10,29.91,cboe:VIX6M_History.csv
2020-08-11,30.79,cboe:VIX6M_History.csv
2020-08-12,29.85,cboe:VIX6M_History.csv
2020-08-13,30.05,cboe:VIX6M_History.csv
2020-08-14,30.45,cboe:VIX6M_History.csv
2020-08-17,29.5,cboe:VIX6M_History.csv
2020-08-18,29.63,cboe:VIX6M_History.csv
2020-08-19,30.3,cboe:VIX6M_History.csv
2020-08-20,29.34,cboe:VIX6M_History.csv
2020-08-21,29.51,cboe:VIX6M_History.csv
2020-08-24,29.5,cboe:VIX6M_History.csv
2020-08-25,29.36,cboe:VIX6M_History.csv
2020-08-26,29.87,cboe:VIX6M_History.csv
2020-08-27,30.63,cboe:VIX6M_History.csv
2020-08-28,30.49,cboe:VIX6M_History.csv
2020-08-31,32.2,cboe:VIX6M_History.csv
2020-09-01,32.42,cboe:VIX6M_History.csv
2020-09-02,33.24,cboe:VIX6M_History.csv
2020-09-03,35.54,cboe:VIX6M_History.csv
2020-09-04,33.94,cboe:VIX6M_History.csv
2020-09-08,33.44,cboe:VIX6M_History.csv
2020-09-09,31.99,cboe:VIX6M_History.csv
2020-09-10,32.67,cboe:VIX6M_History.csv
2020-09-11,31.66,cboe:VIX6M_History.csv
2020-09-14,31.3,cboe:VIX6M_History.csv
2020-09-15,31.29,cboe:VIX6M_History.csv
2020-09-16,31.62,cboe:VIX6M_History.csv
2020-09-17,31.82,cboe:VIX6M_History.csv
2020-09-18,31.69,cboe:VIX6M_History.csv
2020-09-21,32.46,cboe:VIX6M_History.csv
2020-09-22,32.54,cboe:VIX6M_History.csv
2020-09-23,33.49,cboe:VIX6M_History.csv
2020-09-24,33.39,cboe:VIX6M_History.csv
2020-09-25,32.62,cboe:VIX6M_History.csv
2020-09-28,32.21,cboe:VIX6M_History.csv
2020-09-29,31.84,cboe:VIX6M_History.csv
2020-09-30,32.18,cboe:VIX6M_History.csv
2020-10-01,32.59,cboe:VIX6M_History.csv
2020-10-02,33.1,cboe:VIX6M_History.csv
2020-10-05,32.2,cboe:VIX6M_History.csv
2020-10-06,32.67,cboe:VIX6M_History.csv
2020-10-07,31.6,cboe:VIX6M_History.csv
2020-10-08,30.83,cboe:VIX6M_History.csv
2020-10-09,29.59,cboe:VIX6M_History.csv
2020-10-12,29.28,cboe:VIX6M_History.csv
2020-10-13,29.45,cboe:VIX6M_History.csv
2020-10-14,29.29,cboe:VIX6M_History.csv
2020-10-15,28.82,cboe:VIX6M_History.csv
2020-10-16,29.25,cboe:VIX6M_History.csv
2020-10-19,30.18,cboe:VIX6M_History.csv
2020-10-20,30.12,cboe:VIX6M_History.csv
2020-10-21,29.61,cboe:VIX6M_History.csv
2020-10-22,29.37,cboe:VIX6M_History.csv
2020-10-23,29.14,cboe:VIX6M_History.csv
2020-10-26,31.23,cboe:VIX6M_History.csv
2020-10-27,31.66,cboe:VIX6M_History.csv
2020-10-28,35.23,cboe:VIX6M_History.csv
2020-10-29,34.03,cboe:VIX6M_History.csv
2020-10-30,34.3,cboe:VIX6M_History.csv
2020-11-02,33.44,cboe:VIX6M_History.csv
2020-11-03,32.18,cboe:VIX6M_History.csv
2020-11-04,29.93,cboe:VIX6M_History.csv
2020-11-05,29.36,cboe:VIX6M_History.csv
2020-11-06,27.91,cboe:VIX6M_History.csv
2020-11-09,27.13,cboe:VIX6M_History.csv
2020-11-10,27.05,cboe:VIX6M_History.csv
2020-11-11,26.54,cboe:VIX6M_History.csv
2020-11-12,27.64,cboe:VIX6M_History.csv
2020-11-13,26.82,cboe:VIX6M_History.csv
2020-11-16,26.61,cboe:VIX6M_History.csv
2020-11-17,26.73,cboe:VIX6M_History.csv
2020-11-18,27.61,cboe:VIX6M_History.csv
2020-11-19,26.82,cboe:VIX6M_History.csv
2020-11-20,27.07,cboe:VIX6M_History.csv
2020-11-23,26.65,cboe:VIX6M_History.csv
2020-11-24,26.3,cboe:VIX6M_History.csv
2020-11-25,26.0,cboe:VIX6M_History.csv
2020-11-27,26.05,cboe:VIX6M_History.csv
2020-11-30,25.97,cboe:VIX6M_History.csv
2020-12-01,26.09,cboe:VIX6M_History.csv
2020-12-02,26.17,cboe:VIX6M_History.csv
2020-12-03,26.25,cboe:VIX6M_History.csv
2020-12-04,26.08,cboe:VIX6M_History.csv
2020-12-07,26.32,cboe:VIX6M_History.csv
2020-12-08,25.89,cboe:VIX6M_History.csv
2020-12-09,26.55,cboe:VIX6M_History.csv
2020-12-10,26.92,cboe:VIX6M_History.csv
2020-12-11,27.68,cboe:VIX6M_History.csv
2020-12-14,28.73,cboe:VIX6M_History.csv
2020-12-15,27.49,cboe:VIX6M_History.csv
2020-12-16,27.21,cboe:VIX6M_History.csv
2020-12-17,27.05,cboe:VIX6M_History.csv
2020-12-18,27.22,cboe:VIX6M_History.csv
2020-12-21,28.7,cboe:VIX6M_History.csv
2020-12-22,28.63,cboe:VIX6M_History.csv
2020-12-23,27.96,cboe:VIX6M_History.csv
2020-12-24,27.35,cboe:VIX6M_History.csv
2020-12-28,27.16,cboe:VIX6M_History.csv
2020-12-29,28.09,cboe:VIX6M_History.csv
2020-12-30,27.5,cboe:VIX6M_History.csv
2020-12-31,27.29,cboe:VIX6M_History.csv
2021-01-04,29.46,cboe:VIX6M_History.csv
2021-01-05,28.71,cboe:VIX6M_History.csv
2021-01-06,28.29,cboe:VIX6M_History.csv
2021-01-07,27.19,cboe:VIX6M_History.csv
2021-01-08,27.08,cboe:VIX6M_History.csv
2021-01-11,28.5,cboe:VIX6M_History.csv
2021-01-12,28.09,cboe:VIX6M_History.csv
2021-01-13,27.71,cboe:VIX6M_History.csv
2021-01-14,27.4,cboe:VIX6M_History.csv
2021-01-15,28.1,cboe:VIX6M_History.csv
2021-01-19,27.83,cboe:VIX6M_History.csv
2021-01-20,27.17,cboe:VIX6M_History.csv
2021-01-21,27.23,cboe:VIX6M_History.csv
2021-01-22,27.52,cboe:VIX6M_History.csv
2021-01-25,28.27,cboe:VIX6M_History.csv
2021-01-26,28.38,cboe:VIX6M_History.csv
2021-01-27,34.66,cboe:VIX6M_History.csv
2021-01-28,32.01,cboe:VIX6M_History.csv
2021-01-29,33.96,cboe:VIX6M_History.csv
2021-02-01,32.71,cboe:VIX6M_History.csv
2021-02-02,30.56,cboe:VIX6M_History.csv
2021-02-03,29.27,cboe:VIX6M_History.csv
2021-02-04,28.61,cboe:VIX6M_History.csv
2021-02-05,28.59,cboe:VIX6M_History.csv
2021-02-08,28.76,cboe:VIX6M_History.csv
2021-02-09,29.19,cboe:VIX6M_History.csv
2021-02-10,30.0,cboe:VIX6M_History.csv
2021-02-11,29.57,cboe:VIX6M_History.csv
2021-02-12,29.34,cboe:VIX6M_History.csv
2021-02-16,30.18,cboe:VIX6M_History.csv
2021-02-17,30.22,cboe:VIX6M_History.csv
2021-02-18,29.7,cboe:VIX6M_History.csv
2021-02-19,29.36,cboe:VIX6M_History.csv
2021-02-22,29.99,cboe:VIX6M_History.csv
2021-02-23,29.4,cboe:VIX6M_History.csv
2021-02-24,28.79,cboe:VIX6M_History.csv
2021-02-25,31.73,cboe:VIX6M_History.csv
2021-02-26,31.3,cboe:VIX6M_History.csv
2021-03-01,28.91,cboe:VIX6M_History.csv
2021-03-02,29.41,cboe:VIX6M_History.csv
2021-03-03,30.52,cboe:VIX6M_History.csv
2021-03-04,31.52,cboe:VIX6M_History.csv
2021-03-05,29.87,cboe:VIX6M_History.csv
2021-03-08,29.52,cboe:VIX6M_History.csv
2021-03-09,29.03,cboe:VIX6M_History.csv
2021-03-10,28.73,cboe:VIX6M_History.csv
2021-03-11,28.2,cboe:VIX6M_History.csv
2021-03-12,28.11,cboe:VIX6M_History.csv
2021-03-15,27.43,cboe:VIX6M_History.csv
2021-03-16,27.25,cboe:VIX6M_History.csv
2021-03-17,26.61,cboe:VIX6M_History.csv
2021-03-18,27.65,cboe:VIX6M_History.csv
2021-03-19,27.32,cboe:VIX6M_History.csv
2021-03-22,25.47,cboe:VIX6M_History.csv
2021-03-23,25.99,cboe:VIX6M_History.csv
2021-03-24,26.54,cboe:VIX6M_History.csv
2021-03-25,25.71,cboe:VIX6M_History.csv
2021-03-26,24.79,cboe:VIX6M_History.csv
2021-03-29,25.44,cboe:VIX6M_History.csv
2021-03-30,24.63,cboe:VIX6M_History.csv
2021-03-31,24.3,cboe:VIX6M_History.csv
2021-04-01,23.49,cboe:VIX6M_History.csv
2021-04-05,23.39,cboe:VIX6M_History.csv
2021-04-06,23.46,cboe:VIX6M_History.csv
2021-04-07,23.06,cboe:VIX6M_History.csv
2021-04-08,23.08,cboe:VIX6M_History.csv
2021-04-09,23.19,cboe:VIX6M_History.csv
2021-04-12,23.17,cboe:VIX6M_History.csv
2021-04-13,23.12,cboe:VIX6M_History.csv
2021-04-14,23.51,cboe:VIX6M_History.csv
2021-04-15,23.3,cboe:VIX6M_History.csv
2021-04-16,23.16,cboe:VIX6M_History.csv
2021-04-19,23.74,cboe:VIX6M_History.csv
2021-04-20,24.46,cboe:VIX6M_History.csv
2021-04-21,23.8,cboe:VIX6M_History.csv
2021-04-22,24.65,cboe:VIX6M_History.csv
2021-04-23,23.88,cboe:VIX6M_History.csv
2021-04-26,23.81,cboe:VIX6M_History.csv
2021-04-27,23.69,cboe:VIX6M_History.csv
2021-04-28,23.61,cboe:VIX6M_History.csv
2021-04-29,23.67,cboe:VIX6M_History.csv
2021-04-30,24.19,cboe:VIX6M_History.csv
2021-05-03,23.94,cboe:VIX6M_History.csv
2021-05-04,24.64,cboe:VIX6M_History.csv
2021-05-05,24.3,cboe:VIX6M_History.csv
2021-05-06,23.88,cboe:VIX6M_History.csv
2021-05-07,23.13,cboe:VIX6M_History.csv
2021-05-10,24.28,cboe:VIX6M_History.csv
2021-05-11,25.64,cboe:VIX6M_History.csv
2021-05-12,28.62,cboe:VIX6M_History.csv
2021-05-13,26.33,cboe:VIX6M_History.csv
2021-05-14,24.23,cboe:VIX6M_History.csv
2021-05-17,25.09,cboe:VIX6M_History.csv
2021-05-18,26.07,cboe:VIX6M_History.csv
2021-05-19,26.69,cboe:VIX6M_History.csv
2021-05-20,25.74,cboe:VIX6M_History.csv
2021-05-21,25.54,cboe:VIX6M_History.csv
2021-05-24,24.4,cboe:VIX6M_History.csv
2021-05-25,24.6,cboe:VIX6M_History.csv
2021-05-26,23.84,cboe:VIX6M_History.csv
2021-05-27,23.09,cboe:VIX6M_History.csv
2021-05-28,23.11,cboe:VIX6M_History.csv
2021-06-01,23.79,cboe:VIX6M_History.csv
2021-06-02,23.94,cboe:VIX6M_History.csv
2021-06-03,24.13,cboe:VIX6M_History.csv
2021-06-04,23.3,cboe:VIX6M_History.csv
2021-06-07,23.22,cboe:VIX6M_History.csv
2021-06-08,23.34,cboe:VIX6M_History.csv
2021-06-09,23.61,cboe:VIX6M_History.csv
2021-06-10,22.59,cboe:VIX6M_History.csv
2021-06-11,22.3,cboe:VIX6M_History.csv
2021-06-14,22.68,cboe:VIX6M_History.csv
2021-06-15,23.11,cboe:VIX6M_History.csv
2021-06-16,23.45,cboe:VIX6M_History.csv
2021-06-17,23.15,cboe:VIX6M_History.csv
2021-06-18,24.48,cboe:VIX6M_History.csv
2021-06-21,23.37,cboe:VIX6M_History.csv
2021-06-22,22.69,cboe:VIX6M_History.csv
2021-06-23,22.23,cboe:VIX6M_History.csv
2021-06-24,21.91,cboe:VIX6M_History.csv
2021-06-25,21.83,cboe:VIX6M_History.csv
2021-06-28,21.84,cboe:VIX6M_History.csv
2021-06-29,22.14,cboe:VIX6M_History.csv
2021-06-30,22.29,cboe:VIX6M_History.csv
2021-07-01,22.24,cboe:VIX6M_History.csv
2021-07-02,21.94,cboe:VIX6M_History.csv
2021-07-06,22.51,cboe:VIX6M_History.csv
2021-07-07,22.65,cboe:VIX6M_History.csv
2021-07-08,23.56,cboe:VIX6M_History.csv
2021-07-09,22.64,cboe:VIX6M_History.csv
2021-07-12,22.71,cboe:VIX6M_History.csv
2021-07-13,23.3,cboe:VIX6M_History.csv
2021-07-14,23.07,cboe:VIX6M_History.csv
2021-07-15,23.28,cboe:VIX6M_History.csv
2021-07-16,23.94,cboe:VIX6M_History.csv
2021-07-19,25.66,cboe:VIX6M_History.csv
2021-07-20,24.64,cboe:VIX6M_History.csv
2021-07-21,23.8,cboe:VIX6M_History.csv
2021-07-22,23.74,cboe:VIX6M_History.csv
2021-07-23,23.62,cboe:VIX6M_History.csv
2021-07-26,23.68,cboe:VIX6M_History.csv
2021-07-27,24.68,cboe:VIX6M_History.csv
2021-07-28,24.36,cboe:VIX6M_History.csv
2021-07-29,24.14,cboe:VIX6M_History.csv
2021-07-30,24.37,cboe:VIX6M_History.csv
2021-08-02,24.95,cboe:VIX6M_History.csv
2021-08-03,24.36,cboe:VIX6M_History.csv
2021-08-04,24.37,cboe:VIX6M_History.csv
2021-08-05,23.99,cboe:VIX6M_History.csv
2021-08-06,23.68,cboe:VIX6M_History.csv
2021-08-09,24.13,cboe:VIX6M_History.csv
2021-08-10,24.06,cboe:VIX6M_History.csv
2021-08-11,23.26,cboe:VIX6M_History.csv
2021-08-12,22.88,cboe:VIX6M_History.csv
2021-08-13,22.92,cboe:VIX6M_History.csv
2021-08-16,23.13,cboe:VIX6M_History.csv
2021-08-17,24.2,cboe:VIX6M_History.csv
2021-08-18,25.65,cboe:VIX6M_History.csv
2021-08-19,25.84,cboe:VIX6M_History.csv
2021-08-20,24.64,cboe:VIX6M_History.csv
2021-08-23,23.89,cboe:VIX6M_History.csv
2021-08-24,24.01,cboe:VIX6M_History.csv
2021-08-25,23.64,cboe:VIX6M_History.csv
2021-08-26,24.4,cboe:VIX6M_History.csv
2021-08-27,23.54,cboe:VIX6M_History.csv
2021-08-30,23.43,cboe:VIX6M_History.csv
2021-08-31,23.49,cboe:VIX6M_History.csv
2021-09-01,23.27,cboe:VIX6M_History.csv
2021-09-02,23.35,cboe:VIX6M_History.csv
2021-09-03,23.47,cboe:VIX6M_History.csv
2021-09-07,24.28,cboe:VIX6M_History.csv
2021-09-08,24.34,cboe:VIX6M_History.csv
2021-09-09,24.63,cboe:VIX6M_History.csv
2021-09-10,25.29,cboe:VIX6M_History.csv
2021-09-13,24.78,cboe:VIX6M_History.csv
2021-09-14,24.87,cboe:VIX6M_History.csv
2021-09-15,24.3,cboe:VIX6M_History.csv
2021-09-16,24.34,cboe:VIX6M_History.csv
2021-09-17,25.23,cboe:VIX6M_History.csv
2021-09-20,27.19,cboe:VIX6M_History.csv
2021-09-21,26.75,cboe:VIX6M_History.csv
2021-09-22,25.07,cboe:VIX6M_History.csv
2021-09-23,23.91,cboe:VIX6M_History.csv
2021-09-24,23.66,cboe:VIX6M_History.csv
2021-09-27,24.14,cboe:VIX6M_History.csv
2021-09-28,26.08,cboe:VIX6M_History.csv
2021-09-29,25.88,cboe:VIX6M_History.csv
2021-09-30,25.92,cboe:VIX6M_History.csv
2021-10-01,25.3,cboe:VIX6M_History.csv
2021-10-04,26.02,cboe:VIX6M_History.csv
2021-10-05,25.3,cboe:VIX6M_History.csv
2021-10-06,25.04,cboe:VIX6M_History.csv
2021-10-07,24.64,cboe:VIX6M_History.csv
2021-10-08,24.46,cboe:VIX6M_History.csv
2021-10-11,24.76,cboe:VIX6M_History.csv
2021-10-12,24.65,cboe:VIX6M_History.csv
2021-10-13,24.07,cboe:VIX6M_History.csv
2021-10-14,23.27,cboe:VIX6M_History.csv
2021-10-15,23.43,cboe:VIX6M_History.csv
2021-10-18,23.64,cboe:VIX6M_History.csv
2021-10-19,23.23,cboe:VIX6M_History.csv
2021-10-20,23.06,cboe:VIX6M_History.csv
2021-10-21,22.83,cboe:VIX6M_History.csv
2021-10-22,23.22,cboe:VIX6M_History.csv
2021-10-25,22.76,cboe:VIX6M_History.csv
2021-10-26,23.03,cboe:VIX6M_History.csv
2021-10-27,23.7,cboe:VIX6M_History.csv
2021-10-28,23.43,cboe:VIX6M_History.csv
2021-10-29,23.35,cboe:VIX6M_History.csv
2021-11-01,23.33,cboe:VIX6M_History.csv
2021-11-02,23.13,cboe:VIX6M_History.csv
2021-11-03,22.7,cboe:VIX6M_History.csv
2021-11-04,22.87,cboe:VIX6M_History.csv
2021-11-05,23.49,cboe:VIX6M_History.csv
2021-11-08,23.8,cboe:VIX6M_History.csv
2021-11-09,24.12,cboe:VIX6M_History.csv
2021-11-10,24.48,cboe:VIX6M_History.csv
2021-11-11,24.04,cboe:VIX6M_History.csv
2021-11-12,23.69,cboe:VIX6M_History.csv
2021-11-15,23.86,cboe:VIX6M_History.csv
2021-11-16,23.93,cboe:VIX6M_History.csv
2021-11-17,24.66,cboe:VIX6M_History.csv
2021-11-18,24.87,cboe:VIX6M_History.csv
2021-11-19,24.87,cboe:VIX6M_History.csv
2021-11-22,25.43,cboe:VIX6M_History.csv
2021-11-23,25.32,cboe:VIX6M_History.csv
2021-11-24,24.97,cboe:VIX6M_History.csv
2021-11-26,29.88,cboe:VIX6M_History.csv
2021-11-29,26.94,cboe:VIX6M_History.csv
2021-11-30,29.15,cboe:VIX6M_History.csv
2021-12-01,31.08,cboe:VIX6M_History.csv
2021-12-02,29.85,cboe:VIX6M_History.csv
2021-12-03,31.46,cboe:VIX6M_History.csv
2021-12-06,29.75,cboe:VIX6M_History.csv
2021-12-07,26.77,cboe:VIX6M_History.csv
2021-12-08,26.01,cboe:VIX6M_History.csv
2021-12-09,26.87,cboe:VIX6M_History.csv
2021-12-10,26.05,cboe:VIX6M_History.csv
2021-12-13,26.91,cboe:VIX6M_History.csv
2021-12-14,27.64,cboe:VIX6M_History.csv
2021-12-15,26.47,cboe:VIX6M_History.csv
2021-12-16,27.14,cboe:VIX6M_History.csv
2021-12-17,27.9,cboe:VIX6M_History.csv
2021-12-20,28.34,cboe:VIX6M_History.csv
2021-12-21,27.5,cboe:VIX6M_History.csv
2021-12-22,26.65,cboe:VIX6M_History.csv
2021-12-23,26.48,cboe:VIX6M_History.csv
2021-12-27,25.99,cboe:VIX6M_History.csv
2021-12-28,25.78,cboe:VIX6M_History.csv
2021-12-29,25.42,cboe:VIX6M_History.csv
2021-12-30,25.39,cboe:VIX6M_History.csv
2021-12-31,25.1,cboe:VIX6M_History.csv
2022-01-03,24.74,cboe:VIX6M_History.csv
2022-01-04,24.86,cboe:VIX6M_History.csv
2022-01-05,26.0,cboe:VIX6M_History.csv
2022-01-06,25.93,cboe:VIX6M_History.csv
2022-01-07,25.41,cboe:VIX6M_History.csv
2022-01-10,25.14,cboe:VIX6M_History.csv
2022-01-11,24.63,cboe:VIX6M_History.csv
2022-01-12,24.34,cboe:VIX6M_History.csv
2022-01-13,25.63,cboe:VIX6M_History.csv
2022-01-14,25.18,cboe:VIX6M_History.csv
2022-01-18,26.77,cboe:VIX6M_History.csv
2022-01-19,27.17,cboe:VIX6M_History.csv
2022-01-20,28.08,cboe:VIX6M_History.csv
2022-01-21,30.37,cboe:VIX6M_History.csv
2022-01-24,30.59,cboe:VIX6M_History.csv
2022-01-25,31.3,cboe:VIX6M_History.csv
2022-01-26,31.04,cboe:VIX6M_History.csv
2022-01-27,30.27,cboe:VIX6M_History.csv
2022-01-28,29.07,cboe:VIX6M_History.csv
2022-01-31,27.56,cboe:VIX6M_History.csv
2022-02-01,26.07,cboe:VIX6M_History.csv
2022-02-02,26.68,cboe:VIX6M_History.csv
2022-02-03,27.76,cboe:VIX6M_History.csv
2022-02-04,27.58,cboe:VIX6M_History.csv
2022-02-07,27.14,cboe:VIX6M_History.csv
2022-02-08,26.31,cboe:VIX6M_History.csv
2022-02-09,25.53,cboe:VIX6M_History.csv
2022-02-10,27.28,cboe:VIX6M_History.csv
2022-02-11,29.0,cboe:VIX6M_History.csv
2022-02-14,29.47,cboe:VIX6M_History.csv
2022-02-15,28.1,cboe:VIX6M_History.csv
2022-02-16,27.24,cboe:VIX6M_History.csv
2022-02-17,29.43,cboe:VIX6M_History.csv
2022-02-18,29.39,cboe:VIX6M_History.csv
2022-02-22,29.21,cboe:VIX6M_History.csv
2022-02-23,30.75,cboe:VIX6M_History.csv
2022-02-24,29.98,cboe:VIX6M_History.csv
2022-02-25,28.67,cboe:VIX6M_History.csv
2022-02-28,29.88,cboe:VIX6M_History.csv
2022-03-01,32.13,cboe:VIX6M_History.csv
2022-03-02,31.04,cboe:VIX6M_History.csv
2022-03-03,30.92,cboe:VIX6M_History.csv
2022-03-04,32.08,cboe:VIX6M_History.csv
2022-03-07,34.53,cboe:VIX6M_History.csv
2022-03-08,34.29,cboe:VIX6M_History.csv
2022-03-09,32.97,cboe:VIX6M_History.csv
2022-03-10,32.04,cboe:VIX6M_History.csv
2022-03-11,32.98,cboe:VIX6M_History.csv
2022-03-14,33.69,cboe:VIX6M_History.csv
2022-03-15,32.55,cboe:VIX6M_History.csv
2022-03-16,30.35,cboe:VIX6M_History.csv
2022-03-17,29.62,cboe:VIX6M_History.csv
2022-03-18,28.31,cboe:VIX6M_History.csv
2022-03-21,28.23,cboe:VIX6M_History.csv
2022-03-22,27.72,cboe:VIX6M_History.csv
2022-03-23,28.16,cboe:VIX6M_History.csv
2022-03-24,27.48,cboe:VIX6M_History.csv
2022-03-25,27.02,cboe:VIX6M_History.csv
2022-03-28,26.6,cboe:VIX6M_History.csv
2022-03-29,25.87,cboe:VIX6M_History.csv
2022-03-30,26.18,cboe:VIX6M_History.csv
2022-03-31,26.79,cboe:VIX6M_History.csv
2022-04-01,26.75,cboe:VIX6M_History.csv
2022-04-04,25.79,cboe:VIX6M_History.csv
2022-04-05,27.28,cboe:VIX6M_History.csv
2022-04-06,27.84,cboe:VIX6M_History.csv
2022-04-07,27.52,cboe:VIX6M_History.csv
2022-04-08,27.52,cboe:VIX6M_History.csv
2022-04-11,28.72,cboe:VIX6M_History.csv
2022-04-12,28.88,cboe:VIX6M_History.csv
2022-04-13,27.87,cboe:VIX6M_History.csv
2022-04-14,28.26,cboe:VIX6M_History.csv
2022-04-18,27.87,cboe:VIX6M_History.csv
2022-04-19,27.34,cboe:VIX6M_History.csv
2022-04-20,26.83,cboe:VIX6M_History.csv
2022-04-21,28.21,cboe:VIX6M_History.csv
2022-04-22,30.77,cboe:VIX6M_History.csv
2022-04-25,30.12,cboe:VIX6M_History.csv
2022-04-26,32.87,cboe:VIX6M_History.csv
2022-04-27,32.32,cboe:VIX6M_History.csv
2022-04-28,31.65,cboe:VIX6M_History.csv
2022-04-29,33.02,cboe:VIX6M_History.csv
2022-05-02,33.03,cboe:VIX6M_History.csv
2022-05-03,31.31,cboe:VIX6M_History.csv
2022-05-04,29.23,cboe:VIX6M_History.csv
2022-05-05,32.73,cboe:VIX6M_History.csv
2022-05-06,32.58,cboe:VIX6M_History.csv
2022-05-09,34.42,cboe:VIX6M_History.csv
2022-05-10,33.67,cboe:VIX6M_History.csv
2022-05-11,33.53,cboe:VIX6M_History.csv
2022-05-12,33.45,cboe:VIX6M_History.csv
2022-05-13,31.58,cboe:VIX6M_History.csv
2022-05-16,31.03,cboe:VIX6M_History.csv
2022-05-17,30.29,cboe:VIX6M_History.csv
2022-05-18,33.64,cboe:VIX6M_History.csv
2022-05-19,32.0,cboe:VIX6M_History.csv
2022-05-20,32.21,cboe:VIX6M_History.csv
2022-05-23,31.61,cboe:VIX6M_History.csv
2022-05-24,31.98,cboe:VIX6M_History.csv
2022-05-25,31.12,cboe:VIX6M_History.csv
2022-05-26,30.83,cboe:VIX6M_History.csv
2022-05-27,29.86,cboe:VIX6M_History.csv
2022-05-31,29.8,cboe:VIX6M_History.csv
2022-06-01,29.47,cboe:VIX6M_History.csv
2022-06-02,28.92,cboe:VIX6M_History.csv
2022-06-03,29.15,cboe:VIX6M_History.csv
2022-06-06,29.1,cboe:VIX6M_History.csv
2022-06-07,28.56,cboe:VIX6M_History.csv
2022-06-08,28.41,cboe:VIX6M_History.csv
2022-06-09,29.49,cboe:VIX6M_History.csv
2022-06-10,30.94,cboe:VIX6M_History.csv
2022-06-13,34.16,cboe:VIX6M_History.csv
2022-06-14,33.57,cboe:VIX6M_History.csv
2022-06-15,31.56,cboe:VIX6M_History.csv
2022-06-16,33.92,cboe:VIX6M_History.csv
2022-06-17,32.81,cboe:VIX6M_History.csv
2022-06-21,31.86,cboe:VIX6M_History.csv
2022-06-22,31.18,cboe:VIX6M_History.csv
2022-06-23,31.13,cboe:VIX6M_History.csv
2022-06-24,30.16,cboe:VIX6M_History.csv
2022-06-27,29.61,cboe:VIX6M_History.csv
2022-06-28,30.38,cboe:VIX6M_History.csv
2022-06-29,30.27,cboe:VIX6M_History.csv
2022-06-30,30.85,cboe:VIX6M_History.csv
2022-07-01,29.93,cboe:VIX6M_History.csv
2022-07-05,30.01,cboe:VIX6M_History.csv
2022-07-06,29.62,cboe:VIX6M_History.csv
2022-07-07,29.37,cboe:VIX6M_History.csv
2022-07-08,28.89,cboe:VIX6M_History.csv
2022-07-11,29.57,cboe:VIX6M_History.csv
2022-07-12,30.04,cboe:VIX6M_History.csv
2022-07-13,29.98,cboe:VIX6M_History.csv
2022-07-14,30.06,cboe:VIX6M_History.csv
2022-07-15,28.96,cboe:VIX6M_History.csv
2022-07-18,29.53,cboe:VIX6M_History.csv
2022-07-19,29.01,cboe:VIX6M_History.csv
2022-07-20,28.53,cboe:VIX6M_History.csv
2022-07-21,28.1,cboe:VIX6M_History.csv
2022-07-22,28.03,cboe:VIX6M_History.csv
2022-07-25,27.86,cboe:VIX6M_History.csv
2022-07-26,28.31,cboe:VIX6M_History.csv
2022-07-27,27.41,cboe:VIX6M_History.csv
2022-07-28,26.65,cboe:VIX6M_History.csv
2022-07-29,26.22,cboe:VIX6M_History.csv
2022-08-01,26.88,cboe:VIX6M_History.csv
2022-08-02,27.6,cboe:VIX6M_History.csv
2022-08-03,26.55,cboe:VIX6M_History.csv
2022-08-04,26.6,cboe:VIX6M_History.csv
2022-08-05,26.52,cboe:VIX6M_History.csv
2022-08-08,26.75,cboe:VIX6M_History.csv
2022-08-09,26.84,cboe:VIX6M_History.csv
2022-08-10,25.89,cboe:VIX6M_History.csv
2022-08-11,26.09,cboe:VIX6M_History.csv
2022-08-12,25.74,cboe:VIX6M_History.csv
2022-08-15,25.7,cboe:VIX6M_History.csv
2022-08-16,25.61,cboe:VIX6M_History.csv
2022-08-17,26.05,cboe:VIX6M_History.csv
2022-08-18,25.88,cboe:VIX6M_History.csv
2022-08-19,26.67,cboe:VIX6M_History.csv
2022-08-22,27.83,cboe:VIX6M_History.csv
2022-08-23,27.81,cboe:VIX6M_History.csv
2022-08-24,27.04,cboe:VIX6M_History.csv
2022-08-25,26.52,cboe:VIX6M_History.csv
2022-08-26,28.28,cboe:VIX6M_History.csv
2022-08-29,28.5,cboe:VIX6M_History.csv
2022-08-30,28.45,cboe:VIX6M_History.csv
2022-08-31,28.37,cboe:VIX6M_History.csv
2022-09-01,28.16,cboe:VIX6M_History.csv
2022-09-02,28.11,cboe:VIX6M_History.csv
2022-09-06,28.89,cboe:VIX6M_History.csv
2022-09-07,27.72,cboe:VIX6M_History.csv
2022-09-08,27.29,cboe:VIX6M_History.csv
2022-09-09,27.07,cboe:VIX6M_History.csv
2022-09-12,26.84,cboe:VIX6M_History.csv
2022-09-13,29.04,cboe:VIX6M_History.csv
2022-09-14,28.66,cboe:VIX6M_History.csv
2022-09-15,28.81,cboe:VIX6M_History.csv
2022-09-16,28.85,cboe:VIX6M_History.csv
2022-09-19,28.33,cboe:VIX6M_History.csv
2022-09-20,28.98,cboe:VIX6M_History.csv
2022-09-21,29.66,cboe:VIX6M_History.csv
2022-09-22,29.34,cboe:VIX6M_History.csv
2022-09-23,30.92,cboe:VIX6M_History.csv
2022-09-26,32.12,cboe:VIX6M_History.csv
2022-09-27,32.45,cboe:VIX6M_History.csv
2022-09-28,31.45,cboe:VIX6M_History.csv
2022-09-29,32.32,cboe:VIX6M_History.csv
2022-09-30,32.48,cboe:VIX6M_History.csv
2022-10-03,31.46,cboe:VIX6M_History.csv
2022-10-04,30.6,cboe:VIX6M_History.csv
2022-10-05,30.63,cboe:VIX6M_History.csv
2022-10-06,31.66,cboe:VIX6M_History.csv
2022-10-07,32.77,cboe:VIX6M_History.csv
2022-10-10,33.17,cboe:VIX6M_History.csv
2022-10-11,33.76,cboe:VIX6M_History.csv
2022-10-12,33.44,cboe:VIX6M_History.csv
2022-10-13,32.33,cboe:VIX6M_History.csv
2022-10-14,33.09,cboe:VIX6M_History.csv
2022-10-17,32.44,cboe:VIX6M_History.csv
2022-10-18,31.77,cboe:VIX6M_History.csv
2022-10-19,32.13,cboe:VIX6M_History.csv
2022-10-20,31.76,cboe:VIX6M_History.csv
2022-10-21,31.49,cboe:VIX6M_History.csv
2022-10-24,31.33,cboe:VIX6M_History.csv
2022-10-25,30.54,cboe:VIX6M_History.csv
2022-10-26,29.96,cboe:VIX6M_History.csv
2022-10-27,29.78,cboe:VIX6M_History.csv
2022-10-28,28.53,cboe:VIX6M_History.csv
2022-10-31,28.58,cboe:VIX6M_History.csv
2022-11-01,28.25,cboe:VIX6M_History.csv
2022-11-02,28.72,cboe:VIX6M_History.csv
2022-11-03,28.22,cboe:VIX6M_History.csv
2022-11-04,27.99,cboe:VIX6M_History.csv
2022-11-07,27.85,cboe:VIX6M_History.csv
2022-11-08,28.48,cboe:VIX6M_History.csv
2022-11-09,29.26,cboe:VIX6M_History.csv
2022-11-10,27.76,cboe:VIX6M_History.csv
2022-11-11,27.74,cboe:VIX6M_History.csv
2022-11-14,28.15,cboe:VIX6M_History.csv
2022-11-15,28.52,cboe:VIX6M_History.csv
2022-11-16,28.06,cboe:VIX6M_History.csv
2022-11-17,27.92,cboe:VIX6M_History.csv
2022-11-18,27.61,cboe:VIX6M_History.csv
2022-11-21,27.16,cboe:VIX6M_History.csv
2022-11-22,26.39,cboe:VIX6M_History.csv
2022-11-23,26.1,cboe:VIX6M_History.csv
2022-11-25,26.32,cboe:VIX6M_History.csv
2022-11-28,27.39,cboe:VIX6M_History.csv
2022-11-29,27.22,cboe:VIX6M_History.csv
2022-11-30,26.2,cboe:VIX6M_History.csv
2022-12-01,25.97,cboe:VIX6M_History.csv
2022-12-02,25.72,cboe:VIX6M_History.csv
2022-12-05,26.2,cboe:VIX6M_History.csv
2022-12-06,26.74,cboe:VIX6M_History.csv
2022-12-07,27.08,cboe:VIX6M_History.csv
2022-12-08,26.73,cboe:VIX6M_History.csv
2022-12-09,27.08,cboe:VIX6M_History.csv
2022-12-12,27.2,cboe:VIX6M_History.csv
2022-12-13,26.26,cboe:VIX6M_History.csv
2022-12-14,25.78,cboe:VIX6M_History.csv
2022-12-15,27.22,cboe:VIX6M_History.csv
2022-12-16,27.28,cboe:VIX6M_History.csv
2022-12-19,27.11,cboe:VIX6M_History.csv
2022-12-20,26.69,cboe:VIX6M_History.csv
2022-12-21,25.74,cboe:VIX6M_History.csv
2022-12-22,26.77,cboe:VIX6M_History.csv
2022-12-23,26.16,cboe:VIX6M_History.csv
2022-12-27,26.3,cboe:VIX6M_History.csv
2022-12-28,26.44,cboe:VIX6M_History.csv
2022-12-29,25.99,cboe:VIX6M_History.csv
2022-12-30,26.2,cboe:VIX6M_History.csv
2023-01-03,26.24,cboe:VIX6M_History.csv
2023-01-04,25.55,cboe:VIX6M_History.csv
2023-01-05,25.65,cboe:VIX6M_History.csv
2023-01-06,24.77,cboe:VIX6M_History.csv
2023-01-09,25.12,cboe:VIX6M_History.csv
2023-01-10,24.23,cboe:VIX6M_History.csv
2023-01-11,24.19,cboe:VIX6M_History.csv
2023-01-12,23.49,cboe:VIX6M_History.csv
2023-01-13,23.02,cboe:VIX6M_History.csv
2023-01-17,23.36,cboe:VIX6M_History.csv
2023-01-18,24.0,cboe:VIX6M_History.csv
2023-01-19,24.07,cboe:VIX6M_History.csv
2023-01-20,23.39,cboe:VIX6M_History.csv
2023-01-23,23.14,cboe:VIX6M_History.csv
2023-01-24,22.59,cboe:VIX6M_History.csv
2023-01-25,22.52,cboe:VIX6M_History.csv
2023-01-26,22.34,cboe:VIX6M_History.csv
2023-01-27,22.14,cboe:VIX6M_History.csv
2023-01-30,22.71,cboe:VIX6M_History.csv
2023-01-31,22.25,cboe:VIX6M_History.csv
2023-02-01,21.65,cboe:VIX6M_History.csv
2023-02-02,22.34,cboe:VIX6M_History.csv
2023-02-03,22.37,cboe:VIX6M_History.csv
2023-02-06,22.86,cboe:VIX6M_History.csv
2023-02-07,22.38,cboe:VIX6M_History.csv
2023-02-08,23.14,cboe:VIX6M_History.csv
2023-02-09,23.66,cboe:VIX6M_History.csv
2023-02-10,23.82,cboe:VIX6M_History.csv
2023-02-13,23.35,cboe:VIX6M_History.csv
2023-02-14,22.68,cboe:VIX6M_History.csv
2023-02-15,22.21,cboe:VIX6M_History.csv
2023-02-16,23.21,cboe:VIX6M_History.csv
2023-02-17,23.19,cboe:VIX6M_History.csv
2023-02-21,24.6,cboe:VIX6M_History.csv
2023-02-22,24.06,cboe:VIX6M_History.csv
2023-02-23,23.34,cboe:VIX6M_History.csv
2023-02-24,23.98,cboe:VIX6M_History.csv
2023-02-27,23.37,cboe:VIX6M_History.csv
2023-02-28,23.05,cboe:VIX6M_History.csv
2023-03-01,23.09,cboe:VIX6M_History.csv
2023-03-02,22.39,cboe:VIX6M_History.csv
2023-03-03,21.82,cboe:VIX6M_History.csv
2023-03-06,21.79,cboe:VIX6M_History.csv
2023-03-07,22.2,cboe:VIX6M_History.csv
2023-03-08,21.84,cboe:VIX6M_History.csv
2023-03-09,23.87,cboe:VIX6M_History.csv
2023-03-10,25.97,cboe:VIX6M_History.csv
2023-03-13,27.0,cboe:VIX6M_History.csv
2023-03-14,25.68,cboe:VIX6M_History.csv
2023-03-15,27.8,cboe:VIX6M_History.csv
2023-03-16,25.72,cboe:VIX6M_History.csv
2023-03-17,28.23,cboe:VIX6M_History.csv
2023-03-20,26.98,cboe:VIX6M_History.csv
2023-03-21,25.14,cboe:VIX6M_History.csv
2023-03-22,25.66,cboe:VIX6M_History.csv
2023-03-23,25.94,cboe:VIX6M_History.csv
2023-03-24,25.54,cboe:VIX6M_History.csv
2023-03-27,24.6,cboe:VIX6M_History.csv
2023-03-28,24.33,cboe:VIX6M_History.csv
2023-03-29,23.57,cboe:VIX6M_History.csv
2023-03-30,23.55,cboe:VIX6M_History.csv
2023-03-31,23.25,cboe:VIX6M_History.csv
2023-04-03,22.98,cboe:VIX6M_History.csv
2023-04-04,23.45,cboe:VIX6M_History.csv
2023-04-05,23.76,cboe:VIX6M_History.csv
2023-04-06,23.33,cboe:VIX6M_History.csv
2023-04-10,23.21,cboe:VIX6M_History.csv
2023-04-11,23.12,cboe:VIX6M_History.csv
2023-04-12,23.13,cboe:VIX6M_History.csv
2023-04-13,22.59,cboe:VIX6M_History.csv
2023-04-14,22.48,cboe:VIX6M_History.csv
2023-04-17,22.15,cboe:VIX6M_History.csv
2023-04-18,22.34,cboe:VIX6M_History.csv
2023-04-19,22.58,cboe:VIX6M_History.csv
2023-04-20,23.09,cboe:VIX6M_History.csv
2023-04-21,23.09,cboe:VIX6M_History.csv
2023-04-24,23.15,cboe:VIX6M_History.csv
2023-04-25,24.2,cboe:VIX6M_History.csv
2023-04-26,24.13,cboe:VIX6M_History.csv
2023-04-27,23.25,cboe:VIX6M_History.csv
2023-04-28,22.78,cboe:VIX6M_History.csv
2023-05-01,22.63,cboe:VIX6M_History.csv
2023-05-02,23.47,cboe:VIX6M_History.csv
2023-05-03,23.8,cboe:VIX6M_History.csv
2023-05-04,24.92,cboe:VIX6M_History.csv
2023-05-05,23.55,cboe:VIX6M_History.csv
2023-05-08,23.53,cboe:VIX6M_History.csv
2023-05-09,23.81,cboe:VIX6M_History.csv
2023-05-10,23.37,cboe:VIX6M_History.csv
2023-05-11,23.32,cboe:VIX6M_History.csv
2023-05-12,23.37,cboe:VIX6M_History.csv
2023-05-15,23.05,cboe:VIX6M_History.csv
2023-05-16,23.54,cboe:VIX6M_History.csv
2023-05-17,22.86,cboe:VIX6M_History.csv
2023-05-18,22.23,cboe:VIX6M_History.csv
2023-05-19,22.89,cboe:VIX6M_History.csv
2023-05-22,22.9,cboe:VIX6M_History.csv
2023-05-23,23.37,cboe:VIX6M_History.csv
2023-05-24,23.92,cboe:VIX6M_History.csv
2023-05-25,23.47,cboe:VIX6M_History.csv
2023-05-26,22.82,cboe:VIX6M_History.csv
2023-05-30,22.58,cboe:VIX6M_History.csv
2023-05-31,22.55,cboe:VIX6M_History.csv
2023-06-01,21.37,cboe:VIX6M_History.csv
2023-06-02,20.6,cboe:VIX6M_History.csv
2023-06-05,20.52,cboe:VIX6M_History.csv
2023-06-06,19.7,cboe:VIX6M_History.csv
2023-06-07,19.8,cboe:VIX6M_History.csv
2023-06-08,19.47,cboe:VIX6M_History.csv
2023-06-09,19.55,cboe:VIX6M_History.csv
2023-06-12,19.6,cboe:VIX6M_History.csv
2023-06-13,19.62,cboe:VIX6M_History.csv
2023-06-14,19.47,cboe:VIX6M_History.csv
2023-06-15,19.5,cboe:VIX6M_History.csv
2023-06-16,19.3,cboe:VIX6M_History.csv
2023-06-20,19.75,cboe:VIX6M_History.csv
2023-06-21,19.53,cboe:VIX6M_History.csv
2023-06-22,19.27,cboe:VIX6M_History.csv
2023-06-23,19.49,cboe:VIX6M_History.csv
2023-06-26,19.5,cboe:VIX6M_History.csv
2023-06-27,18.88,cboe:VIX6M_History.csv
2023-06-28,18.34,cboe:VIX6M_History.csv
2023-06-29,18.49,cboe:VIX6M_History.csv
2023-06-30,18.33,cboe:VIX6M_History.csv
2023-07-03,18.37,cboe:VIX6M_History.csv
2023-07-05,18.71,cboe:VIX6M_History.csv
2023-07-06,19.5,cboe:VIX6M_History.csv
2023-07-07,19.31,cboe:VIX6M_History.csv
2023-07-10,19.21,cboe:VIX6M_History.csv
2023-07-11,18.97,cboe:VIX6M_History.csv
2023-07-12,18.26,cboe:VIX6M_History.csv
2023-07-13,18.24,cboe:VIX6M_History.csv
2023-07-14,18.21,cboe:VIX6M_History.csv
2023-07-17,18.27,cboe:VIX6M_History.csv
2023-07-18,18.15,cboe:VIX6M_History.csv
2023-07-19,18.59,cboe:VIX6M_History.csv
2023-07-20,18.74,cboe:VIX6M_History.csv
2023-07-21,18.52,cboe:VIX6M_History.csv
2023-07-24,18.39,cboe:VIX6M_History.csv
2023-07-25,18.36,cboe:VIX6M_History.csv
2023-07-26,18.12,cboe:VIX6M_History.csv
2023-07-27,18.74,cboe:VIX6M_History.csv
2023-07-28,18.27,cboe:VIX6M_History.csv
2023-07-31,18.42,cboe:VIX6M_History.csv
2023-08-01,18.62,cboe:VIX6M_History.csv
2023-08-02,19.88,cboe:VIX6M_History.csv
2023-08-03,19.68,cboe:VIX6M_History.csv
2023-08-04,20.18,cboe:VIX6M_History.csv
2023-08-07,19.48,cboe:VIX6M_History.csv
2023-08-08,19.9,cboe:VIX6M_History.csv
2023-08-09,19.86,cboe:VIX6M_History.csv
2023-08-10,19.83,cboe:VIX6M_History.csv
2023-08-11,19.58,cboe:VIX6M_History.csv
2023-08-14,19.29,cboe:VIX6M_History.csv
2023-08-15,20.36,cboe:VIX6M_History.csv
2023-08-16,20.7,cboe:VIX6M_History.csv
2023-08-17,21.42,cboe:VIX6M_History.csv
2023-08-18,21.05,cboe:VIX6M_History.csv
2023-08-21,20.63,cboe:VIX6M_History.csv
2023-08-22,20.77,cboe:VIX6M_History.csv
2023-08-23,20.06,cboe:VIX6M_History.csv
2023-08-24,20.61,cboe:VIX6M_History.csv
2023-08-25,19.76,cboe:VIX6M_History.csv
2023-08-28,19.31,cboe:VIX6M_History.csv
2023-08-29,18.71,cboe:VIX6M_History.csv
2023-08-30,18.55,cboe:VIX6M_History.csv
2023-08-31,18.29,cboe:VIX6M_History.csv
2023-09-01,18.15,cboe:VIX6M_History.csv
2023-09-05,18.32,cboe:VIX6M_History.csv
2023-09-06,18.62,cboe:VIX6M_History.csv
2023-09-07,18.61,cboe:VIX6M_History.csv
2023-09-08,18.27,cboe:VIX6M_History.csv
2023-09-11,18.05,cboe:VIX6M_History.csv
2023-09-12,18.21,cboe:VIX6M_History.csv
2023-09-13,18.01,cboe:VIX6M_History.csv
2023-09-14,17.68,cboe:VIX6M_History.csv
2023-09-15,18.15,cboe:VIX6M_History.csv
2023-09-18,18.19,cboe:VIX6M_History.csv
2023-09-19,18.17,cboe:VIX6M_History.csv
2023-09-20,18.61,cboe:VIX6M_History.csv
2023-09-21,19.58,cboe:VIX6M_History.csv
2023-09-22,19.6,cboe:VIX6M_History.csv
2023-09-25,19.63,cboe:VIX6M_History.csv
2023-09-26,21.01,cboe:VIX6M_History.csv
2023-09-27,20.7,cboe:VIX6M_History.csv
2023-09-28,20.09,cboe:VIX6M_History.csv
2023-09-29,20.18,cboe:VIX6M_History.csv
2023-10-02,20.27,cboe:VIX6M_History.csv
2023-10-03,21.65,cboe:VIX6M_History.csv
2023-10-04,21.08,cboe:VIX6M_History.csv
2023-10-05,21.14,cboe:VIX6M_History.csv
2023-10-06,20.49,cboe:VIX6M_History.csv
2023-10-09,20.56,cboe:VIX6M_History.csv
2023-10-10,20.13,cboe:VIX6M_History.csv
2023-10-11,19.63,cboe:VIX6M_History.csv
2023-10-12,19.98,cboe:VIX6M_History.csv
2023-10-13,21.81,cboe:VIX6M_History.csv
2023-10-16,20.64,cboe:VIX6M_History.csv
2023-10-17,21.06,cboe:VIX6M_History.csv
2023-10-18,21.96,cboe:VIX6M_History.csv
2023-10-19,23.21,cboe:VIX6M_History.csv
2023-10-20,23.6,cboe:VIX6M_History.csv
2023-10-23,22.67,cboe:VIX6M_History.csv
2023-10-24,21.85,cboe:VIX6M_History.csv
2023-10-25,22.69,cboe:VIX6M_History.csv
2023-10-26,23.02,cboe:VIX6M_History.csv
2023-10-27,23.65,cboe:VIX6M_History.csv
2023-10-30,22.46,cboe:VIX6M_History.csv
2023-10-31,21.34,cboe:VIX6M_History.csv
2023-11-01,20.43,cboe:VIX6M_History.csv
2023-11-02,19.82,cboe:VIX6M_History.csv
2023-11-03,19.36,cboe:VIX6M_History.csv
2023-11-06,19.13,cboe:VIX6M_History.csv
2023-11-07,19.18,cboe:VIX6M_History.csv
2023-11-08,18.89,cboe:VIX6M_History.csv
2023-11-09,19.37,cboe:VIX6M_History.csv
2023-11-10,18.69,cboe:VIX6M_History.csv
2023-11-13,18.82,cboe:VIX6M_History.csv
2023-11-14,18.51,cboe:VIX6M_History.csv
2023-11-15,18.58,cboe:VIX6M_History.csv
2023-11-16,18.46,cboe:VIX6M_History.csv
2023-11-17,18.31,cboe:VIX6M_History.csv
2023-11-20,18.21,cboe:VIX6M_History.csv
2023-11-21,18.03,cboe:VIX6M_History.csv
2023-11-22,18.05,cboe:VIX6M_History.csv
2023-11-24,17.81,cboe:VIX6M_History.csv
2023-11-27,17.89,cboe:VIX6M_History.csv
2023-11-28,17.81,cboe:VIX6M_History.csv
2023-11-29,18.03,cboe:VIX6M_History.csv
2023-11-30,17.91,cboe:VIX6M_History.csv
2023-12-01,17.83,cboe:VIX6M_History.csv
2023-12-04,18.12,cboe:VIX6M_History.csv
2023-12-05,17.99,cboe:VIX6M_History.csv
2023-12-06,18.15,cboe:VIX6M_History.csv
2023-12-07,17.95,cboe:VIX6M_History.csv
2023-12-08,17.61,cboe:VIX6M_History.csv
2023-12-11,17.54,cboe:VIX6M_History.csv
2023-12-12,17.2,cboe:VIX6M_History.csv
2023-12-13,16.99,cboe:VIX6M_History.csv
2023-12-14,16.99,cboe:VIX6M_History.csv
2023-12-15,17.32,cboe:VIX6M_History.csv
2023-12-18,17.59,cboe:VIX6M_History.csv
2023-12-19,17.81,cboe:VIX6M_History.csv
2023-12-20,18.64,cboe:VIX6M_History.csv
2023-12-21,18.4,cboe:VIX6M_History.csv
2023-12-22,18.19,cboe:VIX6M_History.csv
2023-12-26,18.06,cboe:VIX6M_History.csv
2023-12-27,17.52,cboe:VIX6M_History.csv
2023-12-28,17.51,cboe:VIX6M_History.csv
2023-12-29,17.53,cboe:VIX6M_History.csv
2024-01-02,17.68,cboe:VIX6M_History.csv
2024-01-03,18.08,cboe:VIX6M_History.csv
2024-01-04,18.02,cboe:VIX6M_History.csv
2024-01-05,17.56,cboe:VIX6M_History.csv
2024-01-08,17.09,cboe:VIX6M_History.csv
2024-01-09,16.96,cboe:VIX6M_History.csv
2024-01-10,16.75,cboe:VIX6M_History.csv
2024-01-11,16.68,cboe:VIX6M_History.csv
2024-01-12,16.85,cboe:VIX6M_History.csv
2024-01-16,17.44,cboe:VIX6M_History.csv
2024-01-17,17.9,cboe:VIX6M_History.csv
2024-01-18,17.45,cboe:VIX6M_History.csv
2024-01-19,16.94,cboe:VIX6M_History.csv
2024-01-22,16.75,cboe:VIX6M_History.csv
2024-01-23,16.36,cboe:VIX6M_History.csv
2024-01-24,16.73,cboe:VIX6M_History.csv
2024-01-25,16.83,cboe:VIX6M_History.csv
2024-01-26,16.86,cboe:VIX6M_History.csv
2024-01-29,16.97,cboe:VIX6M_History.csv
2024-01-30,16.93,cboe:VIX6M_History.csv
2024-01-31,17.58,cboe:VIX6M_History.csv
2024-02-01,17.22,cboe:VIX6M_History.csv
2024-02-02,17.27,cboe:VIX6M_History.csv
2024-02-05,17.06,cboe:VIX6M_History.csv
2024-02-06,16.82,cboe:VIX6M_History.csv
2024-02-07,16.69,cboe:VIX6M_History.csv
2024-02-08,16.73,cboe:VIX6M_History.csv
2024-02-09,16.94,cboe:VIX6M_History.csv
2024-02-12,17.37,cboe:VIX6M_History.csv
2024-02-13,18.19,cboe:VIX6M_History.csv
2024-02-14,17.62,cboe:VIX6M_History.csv
2024-02-15,17.53,cboe:VIX6M_History.csv
2024-02-16,17.62,cboe:VIX6M_History.csv
2024-02-20,18.0,cboe:VIX6M_History.csv
2024-02-21,17.78,cboe:VIX6M_History.csv
2024-02-22,17.39,cboe:VIX6M_History.csv
2024-02-23,17.09,cboe:VIX6M_History.csv
2024-02-26,17.04,cboe:VIX6M_History.csv
2024-02-27,16.78,cboe:VIX6M_History.csv
2024-02-28,17.03,cboe:VIX6M_History.csv
2024-02-29,16.86,cboe:VIX6M_History.csv
2024-03-01,16.86,cboe:VIX6M_History.csv
2024-03-04,17.12,cboe:VIX6M_History.csv
2024-03-05,17.62,cboe:VIX6M_History.csv
2024-03-06,17.67,cboe:VIX6M_History.csv
2024-03-07,17.57,cboe:VIX6M_History.csv
2024-03-08,17.96,cboe:VIX6M_History.csv
2024-03-11,18.11,cboe:VIX6M_History.csv
2024-03-12,17.58,cboe:VIX6M_History.csv
2024-03-13,17.56,cboe:VIX6M_History.csv
2024-03-14,17.93,cboe:VIX6M_History.csv
2024-03-15,18.17,cboe:VIX6M_History.csv
2024-03-18,18.0,cboe:VIX6M_History.csv
2024-03-19,17.64,cboe:VIX6M_History.csv
2024-03-20,17.27,cboe:VIX6M_History.csv
2024-03-21,17.25,cboe:VIX6M_History.csv
2024-03-22,17.34,cboe:VIX6M_History.csv
2024-03-25,17.46,cboe:VIX6M_History.csv
2024-03-26,17.34,cboe:VIX6M_History.csv
2024-03-27,17.07,cboe:VIX6M_History.csv
2024-03-28,17.19,cboe:VIX6M_History.csv
2024-04-01,17.42,cboe:VIX6M_History.csv
2024-04-02,17.84,cboe:VIX6M_History.csv
2024-04-03,17.74,cboe:VIX6M_History.csv
2024-04-04,18.65,cboe:VIX6M_History.csv
2024-04-05,18.68,cboe:VIX6M_History.csv
2024-04-08,18.16,cboe:VIX6M_History.csv
2024-04-09,18.07,cboe:VIX6M_History.csv
2024-04-10,18.54,cboe:VIX6M_History.csv
2024-04-11,18.15,cboe:VIX6M_History.csv
2024-04-12,19.38,cboe:VIX6M_History.csv
2024-04-15,20.41,cboe:VIX6M_History.csv
2024-04-16,19.9,cboe:VIX6M_History.csv
2024-04-17,19.87,cboe:VIX6M_History.csv
2024-04-18,19.77,cboe:VIX6M_History.csv
2024-04-19,20.17,cboe:VIX6M_History.csv
2024-04-22,18.86,cboe:VIX6M_History.csv
2024-04-23,18.17,cboe:VIX6M_History.csv
2024-04-24,18.31,cboe:VIX6M_History.csv
2024-04-25,17.88,cboe:VIX6M_History.csv
2024-04-26,17.83,cboe:VIX6M_History.csv
2024-04-29,17.63,cboe:VIX6M_History.csv
2024-04-30,17.94,cboe:VIX6M_History.csv
2024-05-01,18.16,cboe:VIX6M_History.csv
2024-05-02,17.71,cboe:VIX6M_History.csv
2024-05-03,17.13,cboe:VIX6M_History.csv
2024-05-06,16.94,cboe:VIX6M_History.csv
2024-05-07,16.9,cboe:VIX6M_History.csv
2024-05-08,16.89,cboe:VIX6M_History.csv
2024-05-09,16.68,cboe:VIX6M_History.csv
2024-05-10,16.67,cboe:VIX6M_History.csv
2024-05-13,16.86,cboe:VIX6M_History.csv
2024-05-14,16.76,cboe:VIX6M_History.csv
2024-05-15,16.33,cboe:VIX6M_History.csv
2024-05-16,16.46,cboe:VIX6M_History.csv
2024-05-17,16.29,cboe:VIX6M_History.csv
2024-05-20,16.34,cboe:VIX6M_History.csv
2024-05-21,16.2,cboe:VIX6M_History.csv
2024-05-22,16.51,cboe:VIX6M_History.csv
2024-05-23,16.7,cboe:VIX6M_History.csv
2024-05-24,16.36,cboe:VIX6M_History.csv
2024-05-28,16.71,cboe:VIX6M_History.csv
2024-05-29,17.21,cboe:VIX6M_History.csv
2024-05-30,17.3,cboe:VIX6M_History.csv
2024-05-31,16.61,cboe:VIX6M_History.csv
2024-06-03,16.74,cboe:VIX6M_History.csv
2024-06-04,16.84,cboe:VIX6M_History.csv
2024-06-05,16.61,cboe:VIX6M_History.csv
2024-06-06,16.62,cboe:VIX6M_History.csv
2024-06-07,16.54,cboe:VIX6M_History.csv
2024-06-10,16.67,cboe:VIX6M_History.csv
2024-06-11,16.59,cboe:VIX6M_History.csv
2024-06-12,16.38,cboe:VIX6M_History.csv
2024-06-13,16.49,cboe:VIX6M_History.csv
2024-06-14,17.03,cboe:VIX6M_History.csv
2024-06-17,17.0,cboe:VIX6M_History.csv
2024-06-18,16.99,cboe:VIX6M_History.csv
2024-06-20,17.62,cboe:VIX6M_History.csv
2024-06-21,17.46,cboe:VIX6M_History.csv
2024-06-24,17.56,cboe:VIX6M_History.csv
2024-06-25,17.24,cboe:VIX6M_History.csv
2024-06-26,17.18,cboe:VIX6M_History.csv
2024-06-27,16.92,cboe:VIX6M_History.csv
2024-06-28,16.95,cboe:VIX6M_History.csv
2024-07-01,16.68,cboe:VIX6M_History.csv
2024-07-02,16.53,cboe:VIX6M_History.csv
2024-07-03,16.55,cboe:VIX6M_History.csv
2024-07-05,16.71,cboe:VIX6M_History.csv
2024-07-08,16.65,cboe:VIX6M_History.csv
2024-07-09,16.77,cboe:VIX6M_History.csv
2024-07-10,16.8,cboe:VIX6M_History.csv
2024-07-11,16.99,cboe:VIX6M_History.csv
2024-07-12,16.8,cboe:VIX6M_History.csv
2024-07-15,17.07,cboe:VIX6M_History.csv
2024-07-16,17.15,cboe:VIX6M_History.csv
2024-07-17,17.73,cboe:VIX6M_History.csv
2024-07-18,18.2,cboe:VIX6M_History.csv
2024-07-19,18.64,cboe:VIX6M_History.csv
2024-07-22,17.93,cboe:VIX6M_History.csv
2024-07-23,17.92,cboe:VIX6M_History.csv
2024-07-24,19.62,cboe:VIX6M_History.csv
2024-07-25,19.8,cboe:VIX6M_History.csv
2024-07-26,18.75,cboe:VIX6M_History.csv
2024-07-29,18.64,cboe:VIX6M_History.csv
2024-07-30,19.24,cboe:VIX6M_History.csv
2024-07-31,18.32,cboe:VIX6M_History.csv
2024-08-01,19.94,cboe:VIX6M_History.csv
2024-08-02,22.98,cboe:VIX6M_History.csv
2024-08-05,30.28,cboe:VIX6M_History.csv
2024-08-06,25.56,cboe:VIX6M_History.csv
2024-08-07,25.75,cboe:VIX6M_History.csv
2024-08-08,23.5,cboe:VIX6M_History.csv
2024-08-09,21.43,cboe:VIX6M_History.csv
2024-08-12,21.63,cboe:VIX6M_History.csv
2024-08-13,20.23,cboe:VIX6M_History.csv
2024-08-14,19.2,cboe:VIX6M_History.csv
2024-08-15,18.77,cboe:VIX6M_History.csv
2024-08-16,18.78,cboe:VIX6M_History.csv
2024-08-19,18.62,cboe:VIX6M_History.csv
2024-08-20,19.3,cboe:VIX6M_History.csv
2024-08-21,19.54,cboe:VIX6M_History.csv
2024-08-22,20.09,cboe:VIX6M_History.csv
2024-08-23,19.35,cboe:VIX6M_History.csv
2024-08-26,19.36,cboe:VIX6M_History.csv
2024-08-27,19.0,cboe:VIX6M_History.csv
2024-08-28,19.83,cboe:VIX6M_History.csv
2024-08-29,19.31,cboe:VIX6M_History.csv
2024-08-30,18.88,cboe:VIX6M_History.csv
2024-09-03,21.93,cboe:VIX6M_History.csv
2024-09-04,22.27,cboe:VIX6M_History.csv
2024-09-05,21.45,cboe:VIX6M_History.csv
2024-09-06,22.79,cboe:VIX6M_History.csv
2024-09-09,21.4,cboe:VIX6M_History.csv
2024-09-10,21.23,cboe:VIX6M_History.csv
2024-09-11,20.37,cboe:VIX6M_History.csv
2024-09-12,20.4,cboe:VIX6M_History.csv
2024-09-13,20.28,cboe:VIX6M_History.csv
2024-09-16,20.58,cboe:VIX6M_History.csv
2024-09-17,20.88,cboe:VIX6M_History.csv
2024-09-18,20.98,cboe:VIX6M_History.csv
2024-09-19,20.04,cboe:VIX6M_History.csv
2024-09-20,20.12,cboe:VIX6M_History.csv
2024-09-23,20.05,cboe:VIX6M_History.csv
2024-09-24,19.87,cboe:VIX6M_History.csv
2024-09-25,20.0,cboe:VIX6M_History.csv
2024-09-26,19.99,cboe:VIX6M_History.csv
2024-09-27,20.92,cboe:VIX6M_History.csv
2024-09-30,20.62,cboe:VIX6M_History.csv
2024-10-01,21.83,cboe:VIX6M_History.csv
2024-10-02,21.62,cboe:VIX6M_History.csv
2024-10-03,22.28,cboe:VIX6M_History.csv
2024-10-04,21.6,cboe:VIX6M_History.csv
2024-10-07,23.02,cboe:VIX6M_History.csv
2024-10-08,22.45,cboe:VIX6M_History.csv
2024-10-09,21.85,cboe:VIX6M_History.csv
2024-10-10,21.96,cboe:VIX6M_History.csv
2024-10-11,21.76,cboe:VIX6M_History.csv
2024-10-14,21.14,cboe:VIX6M_History.csv
2024-10-15,21.52,cboe:VIX6M_History.csv
2024-10-16,21.14,cboe:VIX6M_History.csv
2024-10-17,20.75,cboe:VIX6M_History.csv
2024-10-18,20.23,cboe:VIX6M_History.csv
2024-10-21,20.2,cboe:VIX6M_History.csv
2024-10-22,20.22,cboe:VIX6M_History.csv
2024-10-23,20.74,cboe:VIX6M_History.csv
2024-10-24,20.56,cboe:VIX6M_History.csv
2024-10-25,21.51,cboe:VIX6M_History.csv
2024-10-28,20.79,cboe:VIX6M_History.csv
2024-10-29,20.45,cboe:VIX6M_History.csv
2024-10-30,21.23,cboe:VIX6M_History.csv
2024-10-31,22.61,cboe:VIX6M_History.csv
2024-11-01,22.18,cboe:VIX6M_History.csv
2024-11-04,22.0,cboe:VIX6M_History.csv
2024-11-05,20.85,cboe:VIX6M_History.csv
2024-11-06,19.17,cboe:VIX6M_History.csv
2024-11-07,18.61,cboe:VIX6M_History.csv
2024-11-08,18.56,cboe:VIX6M_History.csv
2024-11-11,18.47,cboe:VIX6M_History.csv
2024-11-12,18.54,cboe:VIX6M_History.csv
2024-11-13,18.46,cboe:VIX6M_History.csv
2024-11-14,18.57,cboe:VIX6M_History.csv
2024-11-15,19.25,cboe:VIX6M_History.csv
2024-11-18,18.76,cboe:VIX6M_History.csv
2024-11-19,19.16,cboe:VIX6M_History.csv
2024-11-20,19.43,cboe:VIX6M_History.csv
2024-11-21,19.41,cboe:VIX6M_History.csv
2024-11-22,18.78,cboe:VIX6M_History.csv
2024-11-25,18.44,cboe:VIX6M_History.csv
2024-11-26,18.17,cboe:VIX6M_History.csv
2024-11-27,18.28,cboe:VIX6M_History.csv
2024-11-29,18.15,cboe:VIX6M_History.csv
2024-12-02,18.05,cboe:VIX6M_History.csv
2024-12-03,17.98,cboe:VIX6M_History.csv
2024-12-04,18.3,cboe:VIX6M_History.csv
2024-12-05,18.36,cboe:VIX6M_History.csv
2024-12-06,18.21,cboe:VIX6M_History.csv
2024-12-09,18.78,cboe:VIX6M_History.csv
2024-12-10,18.8,cboe:VIX6M_History.csv
2024-12-11,18.9,cboe:VIX6M_History.csv
2024-12-12,19.31,cboe:VIX6M_History.csv
2024-12-13,19.23,cboe:VIX6M_History.csv
2024-12-16,19.5,cboe:VIX6M_History.csv
2024-12-17,19.87,cboe:VIX6M_History.csv
2024-12-18,23.62,cboe:VIX6M_History.csv
2024-12-19,23.91,cboe:VIX6M_History.csv
2024-12-20,21.5,cboe:VIX6M_History.csv
2024-12-23,20.32,cboe:VIX6M_History.csv
2024-12-24,19.28,cboe:VIX6M_History.csv
2024-12-26,19.38,cboe:VIX6M_History.csv
2024-12-27,19.88,cboe:VIX6M_History.csv
2024-12-30,20.5,cboe:VIX6M_History.csv
2024-12-31,20.55,cboe:VIX6M_History.csv
2025-01-02,20.71,cboe:VIX6M_History.csv
2025-01-03,19.82,cboe:VIX6M_History.csv
2025-01-06,19.65,cboe:VIX6M_History.csv
2025-01-07,20.48,cboe:VIX6M_History.csv
2025-01-08,20.46,cboe:VIX6M_History.csv
2025-01-10,21.71,cboe:VIX6M_History.csv
2025-01-13,21.14,cboe:VIX6M_History.csv
2025-01-14,20.92,cboe:VIX6M_History.csv
2025-01-15,19.79,cboe:VIX6M_History.csv
2025-01-16,19.9,cboe:VIX6M_History.csv
2025-01-17,19.8,cboe:VIX6M_History.csv
2025-01-21,19.21,cboe:VIX6M_History.csv
2025-01-22,19.39,cboe:VIX6M_History.csv
2025-01-23,19.18,cboe:VIX6M_History.csv
2025-01-24,19.24,cboe:VIX6M_History.csv
2025-01-27,20.1,cboe:VIX6M_History.csv
2025-01-28,19.47,cboe:VIX6M_History.csv
2025-01-29,19.59,cboe:VIX6M_History.csv
2025-01-30,19.33,cboe:VIX6M_History.csv
2025-01-31,19.77,cboe:VIX6M_History.csv
2025-02-03,20.35,cboe:VIX6M_History.csv
2025-02-04,19.83,cboe:VIX6M_History.csv
2025-02-05,19.24,cboe:VIX6M_History.csv
2025-02-06,19.22,cboe:VIX6M_History.csv
2025-02-07,19.76,cboe:VIX6M_History.csv
2025-02-10,19.44,cboe:VIX6M_History.csv
2025-02-11,19.48,cboe:VIX6M_History.csv
2025-02-12,19.54,cboe:VIX6M_History.csv
2025-02-13,19.11,cboe:VIX6M_History.csv
2025-02-14,19.19,cboe:VIX6M_History.csv
2025-02-18,19.32,cboe:VIX6M_History.csv
2025-02-19,19.41,cboe:VIX6M_History.csv
2025-02-20,19.66,cboe:VIX6M_History.csv
2025-02-21,20.6,cboe:VIX6M_History.csv
2025-02-24,20.88,cboe:VIX6M_History.csv
2025-02-25,21.04,cboe:VIX6M_History.csv
2025-02-26,20.81,cboe:VIX6M_History.csv
2025-02-27,21.91,cboe:VIX6M_History.csv
2025-02-28,21.17,cboe:VIX6M_History.csv
2025-03-03,22.5,cboe:VIX6M_History.csv
2025-03-04,22.91,cboe:VIX6M_History.csv
2025-03-05,22.1,cboe:VIX6M_History.csv
2025-03-06,23.69,cboe:VIX6M_History.csv
2025-03-07,22.84,cboe:VIX6M_History.csv
2025-03-10,24.98,cboe:VIX6M_History.csv
2025-03-11,24.84,cboe:VIX6M_History.csv
2025-03-12,23.52,cboe:VIX6M_History.csv
2025-03-13,23.71,cboe:VIX6M_History.csv
2025-03-14,22.37,cboe:VIX6M_History.csv
2025-03-17,21.66,cboe:VIX6M_History.csv
2025-03-18,22.12,cboe:VIX6M_History.csv
2025-03-19,21.34,cboe:VIX6M_History.csv
2025-03-20,21.26,cboe:VIX6M_History.csv
2025-03-21,20.98,cboe:VIX6M_History.csv
2025-03-24,19.96,cboe:VIX6M_History.csv
2025-03-25,20.08,cboe:VIX6M_History.csv
2025-03-26,20.86,cboe:VIX6M_History.csv
2025-03-27,21.0,cboe:VIX6M_History.csv
2025-03-28,22.58,cboe:VIX6M_History.csv
2025-03-31,22.45,cboe:VIX6M_History.csv
2025-04-01,22.32,cboe:VIX6M_History.csv
2025-04-02,21.89,cboe:VIX6M_History.csv
2025-04-03,26.19,cboe:VIX6M_History.csv
2025-04-04,32.55,cboe:VIX6M_History.csv
2025-04-07,32.38,cboe:VIX6M_History.csv
2025-04-08,35.77,cboe:VIX6M_History.csv
2025-04-09,27.45,cboe:VIX6M_History.csv
2025-04-10,32.53,cboe:VIX6M_History.csv
2025-04-11,31.6,cboe:VIX6M_History.csv
2025-04-14,28.77,cboe:VIX6M_History.csv
2025-04-15,28.2,cboe:VIX6M_History.csv
2025-04-16,29.78,cboe:VIX6M_History.csv
2025-04-17,28.88,cboe:VIX6M_History.csv
2025-04-21,30.93,cboe:VIX6M_History.csv
2025-04-22,28.93,cboe:VIX6M_History.csv
2025-04-23,27.84,cboe:VIX6M_History.csv
2025-04-24,26.73,cboe:VIX6M_History.csv
2025-04-25,25.89,cboe:VIX6M_History.csv
2025-04-28,26.1,cboe:VIX6M_History.csv
2025-04-29,25.83,cboe:VIX6M_History.csv
2025-04-30,25.99,cboe:VIX6M_History.csv
2025-05-01,25.91,cboe:VIX6M_History.csv
2025-05-02,24.7,cboe:VIX6M_History.csv
2025-05-05,25.11,cboe:VIX6M_History.csv
2025-05-06,25.76,cboe:VIX6M_History.csv
2025-05-07,25.28,cboe:VIX6M_History.csv
2025-05-08,24.6,cboe:VIX6M_History.csv
2025-05-09,24.33,cboe:VIX6M_History.csv
2025-05-12,21.66,cboe:VIX6M_History.csv
2025-05-13,21.45,cboe:VIX6M_History.csv
2025-05-14,21.83,cboe:VIX6M_History.csv
2025-05-15,21.59,cboe:VIX6M_History.csv
2025-05-16,21.63,cboe:VIX6M_History.csv
2025-05-19,22.01,cboe:VIX6M_History.csv
2025-05-20,22.04,cboe:VIX6M_History.csv
2025-05-21,23.54,cboe:VIX6M_History.csv
2025-05-22,23.35,cboe:VIX6M_History.csv
2025-05-23,24.39,cboe:VIX6M_History.csv
2025-05-27,22.43,cboe:VIX6M_History.csv
2025-05-28,22.74,cboe:VIX6M_History.csv
2025-05-29,22.77,cboe:VIX6M_History.csv
2025-05-30,22.72,cboe:VIX6M_History.csv
2025-06-02,22.45,cboe:VIX6M_History.csv
2025-06-03,22.13,cboe:VIX6M_History.csv
2025-06-04,22.17,cboe:VIX6M_History.csv
2025-06-05,22.51,cboe:VIX6M_History.csv
2025-06-06,21.75,cboe:VIX6M_History.csv
2025-06-09,21.82,cboe:VIX6M_History.csv
2025-06-10,21.6,cboe:VIX6M_History.csv
2025-06-11,21.81,cboe:VIX6M_History.csv
2025-06-12,22.1,cboe:VIX6M_History.csv
2025-06-13,23.4,cboe:VIX6M_History.csv
2025-06-16,22.43,cboe:VIX6M_History.csv
2025-06-17,23.62,cboe:VIX6M_History.csv
2025-06-18,22.97,cboe:VIX6M_History.csv
2025-06-20,23.44,cboe:VIX6M_History.csv
2025-06-23,22.9,cboe:VIX6M_History.csv
2025-06-24,21.67,cboe:VIX6M_History.csv
2025-06-25,21.45,cboe:VIX6M_History.csv
2025-06-26,21.26,cboe:VIX6M_History.csv
2025-06-27,21.31,cboe:VIX6M_History.csv
2025-06-30,21.27,cboe:VIX6M_History.csv
2025-07-01,21.32,cboe:VIX6M_History.csv
2025-07-02,21.16,cboe:VIX6M_History.csv
2025-07-03,21.02,cboe:VIX6M_History.csv
2025-07-07,21.61,cboe:VIX6M_History.csv
2025-07-08,21.11,cboe:VIX6M_History.csv
2025-07-09,20.72,cboe:VIX6M_History.csv
2025-07-10,20.68,cboe:VIX6M_History.csv
2025-07-11,21.09,cboe:VIX6M_History.csv
2025-07-14,21.32,cboe:VIX6M_History.csv
2025-07-15,21.49,cboe:VIX6M_History.csv
2025-07-16,21.6,cboe:VIX6M_History.csv
2025-07-17,21.39,cboe:VIX6M_History.csv
2025-07-18,21.33,cboe:VIX6M_History.csv
2025-07-21,21.26,cboe:VIX6M_History.csv
2025-07-22,21.35,cboe:VIX6M_History.csv
2025-07-23,20.6,cboe:VIX6M_History.csv
2025-07-24,20.57,cboe:VIX6M_History.csv
2025-07-25,20.33,cboe:VIX6M_History.csv
2025-07-28,20.14,cboe:VIX6M_History.csv
2025-07-29,20.61,cboe:VIX6M_History.csv
2025-07-30,20.3,cboe:VIX6M_History.csv
2025-07-31,20.84,cboe:VIX6M_History.csv
2025-08-01,22.33,cboe:VIX6M_History.csv
2025-08-04,21.03,cboe:VIX6M_History.csv
2025-08-05,21.33,cboe:VIX6M_History.csv
2025-08-06,21.0,cboe:VIX6M_History.csv
2025-08-07,20.91,cboe:VIX6M_History.csv
2025-08-08,20.48,cboe:VIX6M_History.csv
2025-08-11,20.8,cboe:VIX6M_History.csv
2025-08-12,20.23,cboe:VIX6M_History.csv
2025-08-13,20.35,cboe:VIX6M_History.csv
2025-08-14,20.49,cboe:VIX6M_History.csv
2025-08-15,20.66,cboe:VIX6M_History.csv
2025-08-18,20.54,cboe:VIX6M_History.csv
2025-08-19,20.97,cboe:VIX6M_History.csv
2025-08-20,21.06,cboe:VIX6M_History.csv
2025-08-21,21.4,cboe:VIX6M_History.csv
2025-08-22,20.15,cboe:VIX6M_History.csv
2025-08-25,20.48,cboe:VIX6M_History.csv
2025-08-26,20.46,cboe:VIX6M_History.csv
2025-08-27,20.62,cboe:VIX6M_History.csv
2025-08-28,20.41,cboe:VIX6M_History.csv
2025-08-29,20.83,cboe:VIX6M_History.csv
2025-09-02,21.42,cboe:VIX6M_History.csv
2025-09-03,21.05,cboe:VIX6M_History.csv
2025-09-04,20.81,cboe:VIX6M_History.csv
2025-09-05,20.64,cboe:VIX6M_History.csv
2025-09-08,20.49,cboe:VIX6M_History.csv
2025-09-09,20.51,cboe:VIX6M_History.csv
2025-09-10,20.58,cboe:VIX6M_History.csv
2025-09-11,20.34,cboe:VIX6M_History.csv
2025-09-12,20.4,cboe:VIX6M_History.csv
2025-09-15,20.74,cboe:VIX6M_History.csv
2025-09-16,21.01,cboe:VIX6M_History.csv
2025-09-17,20.66,cboe:VIX6M_History.csv
2025-09-18,20.73,cboe:VIX6M_History.csv
2025-09-19,20.74,cboe:VIX6M_History.csv
2025-09-22,21.1,cboe:VIX6M_History.csv
2025-09-23,21.45,cboe:VIX6M_History.csv
2025-09-24,21.21,cboe:VIX6M_History.csv
2025-09-25,21.38,cboe:VIX6M_History.csv
2025-09-26,20.67,cboe:VIX6M_History.csv
2025-09-29,20.98,cboe:VIX6M_History.csv
2025-09-30,20.95,cboe:VIX6M_History.csv
2025-10-01,20.97,cboe:VIX6M_History.csv
2025-10-02,21.08,cboe:VIX6M_History.csv
2025-10-03,21.22,cboe:VIX6M_History.csv
2025-10-06,21.25,cboe:VIX6M_History.csv
2025-10-07,21.58,cboe:VIX6M_History.csv
2025-10-08,21.36,cboe:VIX6M_History.csv
2025-10-09,21.37,cboe:VIX6M_History.csv
2025-10-10,23.78,cboe:VIX6M_History.csv
2025-10-13,22.41,cboe:VIX6M_History.csv
2025-10-14,23.18,cboe:VIX6M_History.csv
2025-10-15,23.2,cboe:VIX6M_History.csv
2025-10-16,25.15,cboe:VIX6M_History.csv
2025-10-17,23.38,cboe:VIX6M_History.csv
2025-10-20,22.28,cboe:VIX6M_History.csv
2025-10-21,22.1,cboe:VIX6M_History.csv
2025-10-22,22.37,cboe:VIX6M_History.csv
2025-10-23,21.9,cboe:VIX6M_History.csv
2025-10-24,21.54,cboe:VIX6M_History.csv
2025-10-27,21.41,cboe:VIX6M_History.csv
2025-10-28,21.85,cboe:VIX6M_History.csv
2025-10-29,22.02,cboe:VIX6M_History.csv
2025-10-30,22.08,cboe:VIX6M_History.csv
2025-10-31,22.54,cboe:VIX6M_History.csv
2025-11-03,22.54,cboe:VIX6M_History.csv
2025-11-04,23.17,cboe:VIX6M_History.csv
2025-11-05,22.64,cboe:VIX6M_History.csv
2025-11-06,23.16,cboe:VIX6M_History.csv
2025-11-07,22.99,cboe:VIX6M_History.csv
2025-11-10,22.37,cboe:VIX6M_History.csv
2025-11-11,22.5,cboe:VIX6M_History.csv
2025-11-12,22.54,cboe:VIX6M_History.csv
2025-11-13,23.59,cboe:VIX6M_History.csv
2025-11-14,23.35,cboe:VIX6M_History.csv
2025-11-17,24.32,cboe:VIX6M_History.csv
2025-11-18,25.29,cboe:VIX6M_History.csv
2025-11-19,25.0,cboe:VIX6M_History.csv
2025-11-20,26.23,cboe:VIX6M_History.csv
2025-11-21,25.16,cboe:VIX6M_History.csv
2025-11-24,23.75,cboe:VIX6M_History.csv
2025-11-25,22.98,cboe:VIX6M_History.csv
2025-11-26,22.45,cboe:VIX6M_History.csv
2025-11-28,22.1,cboe:VIX6M_History.csv
2025-12-01,22.45,cboe:VIX6M_History.csv
2025-12-02,22.2,cboe:VIX6M_History.csv
2025-12-03,22.1,cboe:VIX6M_History.csv
2025-12-04,21.93,cboe:VIX6M_History.csv
2025-12-05,21.71,cboe:VIX6M_History.csv
2025-12-08,22.16,cboe:VIX6M_History.csv
2025-12-09,22.25,cboe:VIX6M_History.csv
2025-12-10,21.68,cboe:VIX6M_History.csv
2025-12-11,21.4,cboe:VIX6M_History.csv
2025-12-12,21.62,cboe:VIX6M_History.csv
2025-12-15,21.95,cboe:VIX6M_History.csv
2025-12-16,21.97,cboe:VIX6M_History.csv
2025-12-17,22.14,cboe:VIX6M_History.csv
2025-12-18,21.71,cboe:VIX6M_History.csv
2025-12-19,20.79,cboe:VIX6M_History.csv
2025-12-22,20.42,cboe:VIX6M_History.csv
2025-12-23,20.58,cboe:VIX6M_History.csv
2025-12-24,20.59,cboe:VIX6M_History.csv
2025-12-26,20.64,cboe:VIX6M_History.csv
2025-12-29,20.6,cboe:VIX6M_History.csv
2025-12-30,20.69,cboe:VIX6M_History.csv
2025-12-31,20.94,cboe:VIX6M_History.csv
2026-01-02,20.87,cboe:VIX6M_History.csv
2026-01-05,20.96,cboe:VIX6M_History.csv
2026-01-06,20.78,cboe:VIX6M_History.csv
2026-01-07,21.1,cboe:VIX6M_History.csv
2026-01-08,20.91,cboe:VIX6M_History.csv
2026-01-09,20.57,cboe:VIX6M_History.csv
2026-01-12,20.7,cboe:VIX6M_History.csv
2026-01-13,21.21,cboe:VIX6M_History.csv
2026-01-14,21.53,cboe:VIX6M_History.csv
2026-01-15,21.28,cboe:VIX6M_History.csv
2026-01-16,21.32,cboe:VIX6M_History.csv
2026-01-20,23.04,cboe:VIX6M_History.csv
2026-01-21,21.62,cboe:VIX6M_History.csv
2026-01-22,21.27,cboe:VIX6M_History.csv
2026-01-23,21.53,cboe:VIX6M_History.csv
2026-01-26,21.6,cboe:VIX6M_History.csv
2026-01-27,21.75,cboe:VIX6M_History.csv
2026-01-28,21.72,cboe:VIX6M_History.csv
2026-01-29,21.97,cboe:VIX6M_History.csv
2026-01-30,22.23,cboe:VIX6M_History.csv
2026-02-02,21.68,cboe:VIX6M_History.csv
2026-02-03,22.24,cboe:VIX6M_History.csv
2026-02-04,22.37,cboe:VIX6M_History.csv
2026-02-05,23.66,cboe:VIX6M_History.csv
2026-02-06,22.23,cboe:VIX6M_History.csv
2026-02-09,21.94,cboe:VIX6M_History.csv
2026-02-10,22.33,cboe:VIX6M_History.csv
2026-02-11,22.26,cboe:VIX6M_History.csv
2026-02-12,23.44,cboe:VIX6M_History.csv
2026-02-13,23.56,cboe:VIX6M_History.csv
2026-02-17,23.18,cboe:VIX6M_History.csv
2026-02-18,23.09,cboe:VIX6M_History.csv
2026-02-19,23.56,cboe:VIX6M_History.csv
2026-02-20,23.07,cboe:VIX6M_History.csv
2026-02-23,23.91,cboe:VIX6M_History.csv
2026-02-24,23.31,cboe:VIX6M_History.csv
2026-02-25,22.79,cboe:VIX6M_History.csv
2026-02-26,23.09,cboe:VIX6M_History.csv
2026-02-27,23.59,cboe:VIX6M_History.csv
2026-03-02,24.15,cboe:VIX6M_History.csv
2026-03-03,24.75,cboe:VIX6M_History.csv
2026-03-04,23.9,cboe:VIX6M_History.csv
2026-03-05,24.92,cboe:VIX6M_History.csv
2026-03-06,27.99,cboe:VIX6M_History.csv
2026-03-09,26.14,cboe:VIX6M_History.csv
2026-03-10,26.39,cboe:VIX6M_History.csv
2026-03-11,25.85,cboe:VIX6M_History.csv
2026-03-12,27.26,cboe:VIX6M_History.csv
2026-03-13,27.43,cboe:VIX6M_History.csv
2026-03-16,25.63,cboe:VIX6M_History.csv
2026-03-17,25.28,cboe:VIX6M_History.csv
2026-03-18,27.2,cboe:VIX6M_History.csv
2026-03-19,26.44,cboe:VIX6M_History.csv
2026-03-20,28.35,cboe:VIX6M_History.csv
2026-03-23,26.94,cboe:VIX6M_History.csv
2026-03-24,27.22,cboe:VIX6M_History.csv
2026-03-25,26.69,cboe:VIX6M_History.csv
2026-03-26,27.91,cboe:VIX6M_History.csv
2026-03-27,29.78,cboe:VIX6M_History.csv
2026-03-30,29.68,cboe:VIX6M_History.csv
2026-03-31,26.93,cboe:VIX6M_History.csv
2026-04-01,26.17,cboe:VIX6M_History.csv
2026-04-02,26.03,cboe:VIX6M_History.csv
2026-04-06,25.82,cboe:VIX6M_History.csv
2026-04-07,26.41,cboe:VIX6M_History.csv
2026-04-08,24.02,cboe:VIX6M_History.csv
2026-04-09,23.39,cboe:VIX6M_History.csv
2026-04-10,23.51,cboe:VIX6M_History.csv
2026-04-13,23.0,cboe:VIX6M_History.csv
2026-04-14,22.77,cboe:VIX6M_History.csv
2026-04-15,22.84,cboe:VIX6M_History.csv
2026-04-16,22.78,cboe:VIX6M_History.csv
2026-04-17,22.57,cboe:VIX6M_History.csv
2026-04-20,23.14,cboe:VIX6M_History.csv
2026-04-21,23.19,cboe:VIX6M_History.csv
2026-04-22,23.13,cboe:VIX6M_History.csv
2026-04-23,23.31,cboe:VIX6M_History.csv
2026-04-24,23.27,cboe:VIX6M_History.csv
2026-04-27,23.03,cboe:VIX6M_History.csv
2026-04-28,22.87,cboe:VIX6M_History.csv
2026-04-29,23.25,cboe:VIX6M_History.csv
2026-04-30,22.61,cboe:VIX6M_History.csv
2026-05-01,22.69,cboe:VIX6M_History.csv
2026-05-04,23.07,cboe:VIX6M_History.csv
2026-05-05,22.94,cboe:VIX6M_History.csv
2026-05-06,22.65,cboe:VIX6M_History.csv
2026-05-07,22.48,cboe:VIX6M_History.csv
2026-05-08,22.59,cboe:VIX6M_History.csv
2026-05-11,23.06,cboe:VIX6M_History.csv
2026-05-12,23.03,cboe:VIX6M_History.csv
2026-05-13,23.2,cboe:VIX6M_History.csv
2026-05-14,22.98,cboe:VIX6M_History.csv
2026-05-15,23.25,cboe:VIX6M_History.csv
2026-05-18,22.86,cboe:VIX6M_History.csv
