date,value,source
2001-01-23,58.56999969482422,yahoo:^VXN
2001-01-24,60.65999984741211,yahoo:^VXN
2001-01-25,63.47999954223633,yahoo:^VXN
2001-01-26,62.459999084472656,yahoo:^VXN
2001-01-29,62.400001525878906,yahoo:^VXN
2001-01-30,62.5,yahoo:^VXN
2001-01-31,61.45000076293945,yahoo:^VXN
2001-02-01,60.4900016784668,yahoo:^VXN
2001-02-02,63.75,yahoo:^VXN
2001-02-05,62.93000030517578,yahoo:^VXN
2001-02-06,60.70000076293945,yahoo:^VXN
2001-02-07,62.0,yahoo:^VXN
2001-02-08,62.90999984741211,yahoo:^VXN
2001-02-09,65.20999908447266,yahoo:^VXN
2001-02-12,64.2699966430664,yahoo:^VXN
2001-02-13,66.36000061035156,yahoo:^VXN
2001-02-14,65.83000183105469,yahoo:^VXN
2001-02-15,63.54999923706055,yahoo:^VXN
2001-02-16,64.41000366210938,yahoo:^VXN
2001-02-20,67.5999984741211,yahoo:^VXN
2001-02-21,68.56999969482422,yahoo:^VXN
2001-02-22,71.83000183105469,yahoo:^VXN
2001-02-23,72.04000091552734,yahoo:^VXN
2001-02-26,70.91000366210938,yahoo:^VXN
2001-02-27,73.44999694824219,yahoo:^VXN
2001-02-28,75.56999969482422,yahoo:^VXN
2001-03-01,74.80999755859375,yahoo:^VXN
2001-03-02,77.43000030517578,yahoo:^VXN
2001-03-05,72.79000091552734,yahoo:^VXN
2001-03-06,69.02999877929688,yahoo:^VXN
2001-03-07,67.31999969482422,yahoo:^VXN
2001-03-08,67.62999725341797,yahoo:^VXN
2001-03-09,70.69999694824219,yahoo:^VXN
2001-03-12,76.25,yahoo:^VXN
2001-03-13,72.66999816894531,yahoo:^VXN
2001-03-14,73.61000061035156,yahoo:^VXN
2001-03-15,75.93000030517578,yahoo:^VXN
2001-03-16,76.2300033569336,yahoo:^VXN
2001-03-19,73.5999984741211,yahoo:^VXN
2001-03-20,74.33999633789062,yahoo:^VXN
2001-03-21,71.33999633789062,yahoo:^VXN
2001-03-22,71.54000091552734,yahoo:^VXN
2001-03-23,70.69999694824219,yahoo:^VXN
2001-03-26,69.19999694824219,yahoo:^VXN
2001-03-27,66.5999984741211,yahoo:^VXN
2001-03-28,68.37000274658203,yahoo:^VXN
2001-03-29,73.22000122070312,yahoo:^VXN
2001-03-30,72.12999725341797,yahoo:^VXN
2001-04-02,72.22000122070312,yahoo:^VXN
2001-04-03,75.12000274658203,yahoo:^VXN
2001-04-04,76.37000274658203,yahoo:^VXN
2001-04-05,76.29000091552734,yahoo:^VXN
2001-04-06,79.55999755859375,yahoo:^VXN
2001-04-09,75.18000030517578,yahoo:^VXN
2001-04-10,74.4000015258789,yahoo:^VXN
2001-04-11,75.18000030517578,yahoo:^VXN
2001-04-12,66.33000183105469,yahoo:^VXN
2001-04-16,73.37000274658203,yahoo:^VXN
2001-04-17,73.58999633789062,yahoo:^VXN
2001-04-18,69.70999908447266,yahoo:^VXN
2001-04-19,71.83000183105469,yahoo:^VXN
2001-04-20,74.33999633789062,yahoo:^VXN
2001-04-23,78.37000274658203,yahoo:^VXN
2001-04-24,79.94999694824219,yahoo:^VXN
2001-04-25,79.75,yahoo:^VXN
2001-04-26,78.41999816894531,yahoo:^VXN
2001-04-27,71.30000305175781,yahoo:^VXN
2001-04-30,68.70999908447266,yahoo:^VXN
2001-05-01,65.45999908447266,yahoo:^VXN
2001-05-02,63.900001525878906,yahoo:^VXN
2001-05-03,68.62000274658203,yahoo:^VXN
2001-05-04,66.19999694824219,yahoo:^VXN
2001-05-07,63.83000183105469,yahoo:^VXN
2001-05-08,62.91999816894531,yahoo:^VXN
2001-05-09,65.66000366210938,yahoo:^VXN
2001-05-10,66.54000091552734,yahoo:^VXN
2001-05-11,65.62000274658203,yahoo:^VXN
2001-05-14,66.12000274658203,yahoo:^VXN
2001-05-15,63.68000030517578,yahoo:^VXN
2001-05-16,60.220001220703125,yahoo:^VXN
2001-05-17,58.689998626708984,yahoo:^VXN
2001-05-18,53.060001373291016,yahoo:^VXN
2001-05-21,52.970001220703125,yahoo:^VXN
2001-05-22,52.900001525878906,yahoo:^VXN
2001-05-23,53.63999938964844,yahoo:^VXN
2001-05-24,53.220001220703125,yahoo:^VXN
2001-05-25,52.459999084472656,yahoo:^VXN
2001-05-29,56.08000183105469,yahoo:^VXN
2001-05-30,59.619998931884766,yahoo:^VXN
2001-05-31,59.66999816894531,yahoo:^VXN
2001-06-01,57.189998626708984,yahoo:^VXN
2001-06-04,57.06999969482422,yahoo:^VXN
2001-06-05,53.900001525878906,yahoo:^VXN
2001-06-06,54.34000015258789,yahoo:^VXN
2001-06-07,52.70000076293945,yahoo:^VXN
2001-06-08,52.790000915527344,yahoo:^VXN
2001-06-11,54.47999954223633,yahoo:^VXN
2001-06-12,54.130001068115234,yahoo:^VXN
2001-06-13,57.63999938964844,yahoo:^VXN
2001-06-14,59.459999084472656,yahoo:^VXN
2001-06-15,60.54999923706055,yahoo:^VXN
2001-06-18,56.400001525878906,yahoo:^VXN
2001-06-19,55.2400016784668,yahoo:^VXN
2001-06-20,54.52000045776367,yahoo:^VXN
2001-06-21,52.060001373291016,yahoo:^VXN
2001-06-22,51.84000015258789,yahoo:^VXN
2001-06-25,54.0099983215332,yahoo:^VXN
2001-06-26,52.810001373291016,yahoo:^VXN
2001-06-27,51.88999938964844,yahoo:^VXN
2001-06-28,48.709999084472656,yahoo:^VXN
2001-06-29,45.4900016784668,yahoo:^VXN
2001-07-02,43.970001220703125,yahoo:^VXN
2001-07-03,45.13999938964844,yahoo:^VXN
2001-07-05,49.439998626708984,yahoo:^VXN
2001-07-06,51.9900016784668,yahoo:^VXN
2001-07-09,51.13999938964844,yahoo:^VXN
2001-07-10,56.20000076293945,yahoo:^VXN
2001-07-11,57.20000076293945,yahoo:^VXN
2001-07-12,54.02000045776367,yahoo:^VXN
2001-07-13,53.470001220703125,yahoo:^VXN
2001-07-16,53.959999084472656,yahoo:^VXN
2001-07-17,54.84000015258789,yahoo:^VXN
2001-07-18,56.439998626708984,yahoo:^VXN
2001-07-19,54.59000015258789,yahoo:^VXN
2001-07-20,53.63999938964844,yahoo:^VXN
2001-07-23,54.720001220703125,yahoo:^VXN
2001-07-24,57.619998931884766,yahoo:^VXN
2001-07-25,54.720001220703125,yahoo:^VXN
2001-07-26,52.720001220703125,yahoo:^VXN
2001-07-27,51.77000045776367,yahoo:^VXN
2001-07-30,50.59000015258789,yahoo:^VXN
2001-07-31,48.349998474121094,yahoo:^VXN
2001-08-01,47.810001373291016,yahoo:^VXN
2001-08-02,48.04999923706055,yahoo:^VXN
2001-08-03,48.470001220703125,yahoo:^VXN
2001-08-06,48.41999816894531,yahoo:^VXN
2001-08-07,48.7599983215332,yahoo:^VXN
2001-08-08,48.72999954223633,yahoo:^VXN
2001-08-09,48.150001525878906,yahoo:^VXN
2001-08-10,48.52000045776367,yahoo:^VXN
2001-08-13,47.4900016784668,yahoo:^VXN
2001-08-14,48.439998626708984,yahoo:^VXN
2001-08-15,48.369998931884766,yahoo:^VXN
2001-08-16,50.97999954223633,yahoo:^VXN
2001-08-17,52.02000045776367,yahoo:^VXN
2001-08-20,51.63999938964844,yahoo:^VXN
2001-08-21,52.540000915527344,yahoo:^VXN
2001-08-22,51.09000015258789,yahoo:^VXN
2001-08-23,49.2599983215332,yahoo:^VXN
2001-08-24,47.70000076293945,yahoo:^VXN
2001-08-27,47.220001220703125,yahoo:^VXN
2001-08-28,48.7400016784668,yahoo:^VXN
2001-08-29,49.279998779296875,yahoo:^VXN
2001-08-30,52.279998779296875,yahoo:^VXN
2001-08-31,52.86000061035156,yahoo:^VXN
2001-09-04,57.150001525878906,yahoo:^VXN
2001-09-05,58.72999954223633,yahoo:^VXN
2001-09-06,62.0099983215332,yahoo:^VXN
2001-09-07,65.44999694824219,yahoo:^VXN
2001-09-10,63.84000015258789,yahoo:^VXN
2001-09-17,73.26000213623047,yahoo:^VXN
2001-09-18,74.73999786376953,yahoo:^VXN
2001-09-19,76.93000030517578,yahoo:^VXN
2001-09-20,82.48999786376953,yahoo:^VXN
2001-09-21,77.7300033569336,yahoo:^VXN
2001-09-24,69.41000366210938,yahoo:^VXN
2001-09-25,67.56999969482422,yahoo:^VXN
2001-09-26,65.94000244140625,yahoo:^VXN
2001-09-27,65.91000366210938,yahoo:^VXN
2001-09-28,65.19000244140625,yahoo:^VXN
2001-10-01,64.94000244140625,yahoo:^VXN
2001-10-02,63.84000015258789,yahoo:^VXN
2001-10-03,62.16999816894531,yahoo:^VXN
2001-10-04,61.939998626708984,yahoo:^VXN
2001-10-05,63.349998474121094,yahoo:^VXN
2001-10-08,66.12999725341797,yahoo:^VXN
2001-10-09,66.26000213623047,yahoo:^VXN
2001-10-10,66.19000244140625,yahoo:^VXN
2001-10-11,61.63999938964844,yahoo:^VXN
2001-10-12,65.9800033569336,yahoo:^VXN
2001-10-15,66.23999786376953,yahoo:^VXN
2001-10-16,64.01000213623047,yahoo:^VXN
2001-10-17,67.11000061035156,yahoo:^VXN
2001-10-18,70.69000244140625,yahoo:^VXN
2001-10-19,69.27999877929688,yahoo:^VXN
2001-10-22,67.36000061035156,yahoo:^VXN
2001-10-23,63.72999954223633,yahoo:^VXN
2001-10-24,61.90999984741211,yahoo:^VXN
2001-10-25,56.93000030517578,yahoo:^VXN
2001-10-26,56.90999984741211,yahoo:^VXN
2001-10-29,60.290000915527344,yahoo:^VXN
2001-10-30,63.40999984741211,yahoo:^VXN
2001-10-31,62.349998474121094,yahoo:^VXN
2001-11-01,61.18000030517578,yahoo:^VXN
2001-11-02,61.189998626708984,yahoo:^VXN
2001-11-05,58.959999084472656,yahoo:^VXN
2001-11-06,57.310001373291016,yahoo:^VXN
2001-11-07,57.18000030517578,yahoo:^VXN
2001-11-08,58.75,yahoo:^VXN
2001-11-09,58.59000015258789,yahoo:^VXN
2001-11-12,58.9900016784668,yahoo:^VXN
2001-11-13,55.939998626708984,yahoo:^VXN
2001-11-14,56.380001068115234,yahoo:^VXN
2001-11-15,57.45000076293945,yahoo:^VXN
2001-11-16,55.0099983215332,yahoo:^VXN
2001-11-19,50.83000183105469,yahoo:^VXN
2001-11-20,51.40999984741211,yahoo:^VXN
2001-11-21,52.68000030517578,yahoo:^VXN
2001-11-23,50.810001373291016,yahoo:^VXN
2001-11-26,48.220001220703125,yahoo:^VXN
2001-11-27,49.27000045776367,yahoo:^VXN
2001-11-28,52.209999084472656,yahoo:^VXN
2001-11-29,48.90999984741211,yahoo:^VXN
2001-11-30,48.45000076293945,yahoo:^VXN
2001-12-03,49.7400016784668,yahoo:^VXN
2001-12-04,48.040000915527344,yahoo:^VXN
2001-12-05,47.439998626708984,yahoo:^VXN
2001-12-06,48.38999938964844,yahoo:^VXN
2001-12-07,50.18000030517578,yahoo:^VXN
2001-12-10,52.119998931884766,yahoo:^VXN
2001-12-11,50.72999954223633,yahoo:^VXN
2001-12-12,48.09000015258789,yahoo:^VXN
2001-12-13,52.150001525878906,yahoo:^VXN
2001-12-14,52.790000915527344,yahoo:^VXN
2001-12-17,51.06999969482422,yahoo:^VXN
2001-12-18,49.04999923706055,yahoo:^VXN
2001-12-19,49.68000030517578,yahoo:^VXN
2001-12-20,52.90999984741211,yahoo:^VXN
2001-12-21,50.959999084472656,yahoo:^VXN
2001-12-24,49.439998626708984,yahoo:^VXN
2001-12-26,49.060001373291016,yahoo:^VXN
2001-12-27,47.459999084472656,yahoo:^VXN
2001-12-28,45.939998626708984,yahoo:^VXN
2001-12-31,47.2599983215332,yahoo:^VXN
2002-01-02,48.04999923706055,yahoo:^VXN
2002-01-03,47.06999969482422,yahoo:^VXN
2002-01-04,46.86000061035156,yahoo:^VXN
2002-01-07,47.88999938964844,yahoo:^VXN
2002-01-08,47.40999984741211,yahoo:^VXN
2002-01-09,48.349998474121094,yahoo:^VXN
2002-01-10,48.65999984741211,yahoo:^VXN
2002-01-11,48.369998931884766,yahoo:^VXN
2002-01-14,49.5099983215332,yahoo:^VXN
2002-01-15,48.02000045776367,yahoo:^VXN
2002-01-16,49.43000030517578,yahoo:^VXN
2002-01-17,46.970001220703125,yahoo:^VXN
2002-01-18,48.88999938964844,yahoo:^VXN
2002-01-22,50.369998931884766,yahoo:^VXN
2002-01-23,48.150001525878906,yahoo:^VXN
2002-01-24,47.369998931884766,yahoo:^VXN
2002-01-25,45.66999816894531,yahoo:^VXN
2002-01-28,42.959999084472656,yahoo:^VXN
2002-01-29,45.900001525878906,yahoo:^VXN
2002-01-30,44.66999816894531,yahoo:^VXN
2002-01-31,42.459999084472656,yahoo:^VXN
2002-02-01,43.08000183105469,yahoo:^VXN
2002-02-04,45.84000015258789,yahoo:^VXN
2002-02-05,46.7400016784668,yahoo:^VXN
2002-02-06,49.060001373291016,yahoo:^VXN
2002-02-07,51.11000061035156,yahoo:^VXN
2002-02-08,49.279998779296875,yahoo:^VXN
2002-02-11,46.40999984741211,yahoo:^VXN
2002-02-12,45.45000076293945,yahoo:^VXN
2002-02-13,44.470001220703125,yahoo:^VXN
2002-02-14,42.220001220703125,yahoo:^VXN
2002-02-15,44.9900016784668,yahoo:^VXN
2002-02-19,47.22999954223633,yahoo:^VXN
2002-02-20,46.70000076293945,yahoo:^VXN
2002-02-21,48.08000183105469,yahoo:^VXN
2002-02-22,48.56999969482422,yahoo:^VXN
2002-02-25,44.06999969482422,yahoo:^VXN
2002-02-26,44.77000045776367,yahoo:^VXN
2002-02-27,45.7599983215332,yahoo:^VXN
2002-02-28,46.189998626708984,yahoo:^VXN
2002-03-01,41.939998626708984,yahoo:^VXN
2002-03-04,40.790000915527344,yahoo:^VXN
2002-03-05,42.279998779296875,yahoo:^VXN
2002-03-06,42.72999954223633,yahoo:^VXN
2002-03-07,43.7599983215332,yahoo:^VXN
2002-03-08,41.619998931884766,yahoo:^VXN
2002-03-11,42.04999923706055,yahoo:^VXN
2002-03-12,43.0099983215332,yahoo:^VXN
2002-03-13,43.2599983215332,yahoo:^VXN
2002-03-14,42.33000183105469,yahoo:^VXN
2002-03-15,40.2599983215332,yahoo:^VXN
2002-03-18,38.75,yahoo:^VXN
2002-03-19,38.9900016784668,yahoo:^VXN
2002-03-20,38.15999984741211,yahoo:^VXN
2002-03-21,36.97999954223633,yahoo:^VXN
2002-03-22,37.560001373291016,yahoo:^VXN
2002-03-25,39.18000030517578,yahoo:^VXN
2002-03-26,37.68000030517578,yahoo:^VXN
2002-03-27,37.15999984741211,yahoo:^VXN
2002-03-28,36.279998779296875,yahoo:^VXN
2002-04-01,36.45000076293945,yahoo:^VXN
2002-04-02,39.31999969482422,yahoo:^VXN
2002-04-03,41.029998779296875,yahoo:^VXN
2002-04-04,40.220001220703125,yahoo:^VXN
2002-04-05,40.81999969482422,yahoo:^VXN
2002-04-08,40.279998779296875,yahoo:^VXN
2002-04-09,42.459999084472656,yahoo:^VXN
2002-04-10,42.06999969482422,yahoo:^VXN
2002-04-11,43.66999816894531,yahoo:^VXN
2002-04-12,42.810001373291016,yahoo:^VXN
2002-04-15,41.869998931884766,yahoo:^VXN
2002-04-16,39.43000030517578,yahoo:^VXN
2002-04-17,39.290000915527344,yahoo:^VXN
2002-04-18,39.34000015258789,yahoo:^VXN
2002-04-19,39.349998474121094,yahoo:^VXN
2002-04-22,39.060001373291016,yahoo:^VXN
2002-04-23,39.93000030517578,yahoo:^VXN
2002-04-24,40.18000030517578,yahoo:^VXN
2002-04-25,40.16999816894531,yahoo:^VXN
2002-04-26,42.2400016784668,yahoo:^VXN
2002-04-29,45.119998931884766,yahoo:^VXN
2002-04-30,43.7599983215332,yahoo:^VXN
2002-05-01,43.90999984741211,yahoo:^VXN
2002-05-02,44.52000045776367,yahoo:^VXN
2002-05-03,46.2599983215332,yahoo:^VXN
2002-05-06,49.119998931884766,yahoo:^VXN
2002-05-07,50.119998931884766,yahoo:^VXN
2002-05-08,45.810001373291016,yahoo:^VXN
2002-05-09,48.08000183105469,yahoo:^VXN
2002-05-10,50.72999954223633,yahoo:^VXN
2002-05-13,46.119998931884766,yahoo:^VXN
2002-05-14,44.34000015258789,yahoo:^VXN
2002-05-15,45.400001525878906,yahoo:^VXN
2002-05-16,44.52000045776367,yahoo:^VXN
2002-05-17,42.939998626708984,yahoo:^VXN
2002-05-20,42.880001068115234,yahoo:^VXN
2002-05-21,44.650001525878906,yahoo:^VXN
2002-05-22,44.70000076293945,yahoo:^VXN
2002-05-23,43.20000076293945,yahoo:^VXN
2002-05-24,42.86000061035156,yahoo:^VXN
2002-05-28,45.11000061035156,yahoo:^VXN
2002-05-29,45.70000076293945,yahoo:^VXN
2002-05-30,46.619998931884766,yahoo:^VXN
2002-05-31,45.88999938964844,yahoo:^VXN
2002-06-03,47.650001525878906,yahoo:^VXN
2002-06-04,49.65999984741211,yahoo:^VXN
2002-06-05,48.02000045776367,yahoo:^VXN
2002-06-06,49.7599983215332,yahoo:^VXN
2002-06-07,52.2400016784668,yahoo:^VXN
2002-06-10,52.56999969482422,yahoo:^VXN
2002-06-11,53.119998931884766,yahoo:^VXN
2002-06-12,52.86000061035156,yahoo:^VXN
2002-06-13,54.29999923706055,yahoo:^VXN
2002-06-14,55.66999816894531,yahoo:^VXN
2002-06-17,54.97999954223633,yahoo:^VXN
2002-06-18,54.54999923706055,yahoo:^VXN
2002-06-19,55.2400016784668,yahoo:^VXN
2002-06-20,57.93000030517578,yahoo:^VXN
2002-06-21,59.29999923706055,yahoo:^VXN
2002-06-24,58.650001525878906,yahoo:^VXN
2002-06-25,59.880001068115234,yahoo:^VXN
2002-06-26,64.36000061035156,yahoo:^VXN
2002-06-27,63.15999984741211,yahoo:^VXN
2002-06-28,57.95000076293945,yahoo:^VXN
2002-07-01,57.45000076293945,yahoo:^VXN
2002-07-02,59.56999969482422,yahoo:^VXN
2002-07-03,60.060001373291016,yahoo:^VXN
2002-07-05,56.279998779296875,yahoo:^VXN
2002-07-08,59.290000915527344,yahoo:^VXN
2002-07-09,62.119998931884766,yahoo:^VXN
2002-07-10,65.22000122070312,yahoo:^VXN
2002-07-11,68.98999786376953,yahoo:^VXN
2002-07-12,66.0,yahoo:^VXN
2002-07-15,67.8499984741211,yahoo:^VXN
2002-07-16,67.94000244140625,yahoo:^VXN
2002-07-17,63.22999954223633,yahoo:^VXN
2002-07-18,63.61000061035156,yahoo:^VXN
2002-07-19,61.16999816894531,yahoo:^VXN
2002-07-22,62.58000183105469,yahoo:^VXN
2002-07-23,66.38999938964844,yahoo:^VXN
2002-07-24,65.69999694824219,yahoo:^VXN
2002-07-25,69.4800033569336,yahoo:^VXN
2002-07-26,69.0199966430664,yahoo:^VXN
2002-07-29,57.56999969482422,yahoo:^VXN
2002-07-30,56.459999084472656,yahoo:^VXN
2002-07-31,57.86000061035156,yahoo:^VXN
2002-08-01,60.349998474121094,yahoo:^VXN
2002-08-02,65.44000244140625,yahoo:^VXN
2002-08-05,67.5199966430664,yahoo:^VXN
2002-08-06,64.18000030517578,yahoo:^VXN
2002-08-07,68.83999633789062,yahoo:^VXN
2002-08-08,59.349998474121094,yahoo:^VXN
2002-08-09,58.70000076293945,yahoo:^VXN
2002-08-12,56.290000915527344,yahoo:^VXN
2002-08-13,57.68000030517578,yahoo:^VXN
2002-08-14,53.279998779296875,yahoo:^VXN
2002-08-15,51.2400016784668,yahoo:^VXN
2002-08-16,50.650001525878906,yahoo:^VXN
2002-08-19,47.02000045776367,yahoo:^VXN
2002-08-20,47.709999084472656,yahoo:^VXN
2002-08-21,46.11000061035156,yahoo:^VXN
2002-08-22,45.0,yahoo:^VXN
2002-08-23,47.619998931884766,yahoo:^VXN
2002-08-26,48.41999816894531,yahoo:^VXN
2002-08-27,50.0099983215332,yahoo:^VXN
2002-08-28,53.52000045776367,yahoo:^VXN
2002-08-29,55.04999923706055,yahoo:^VXN
2002-08-30,54.97999954223633,yahoo:^VXN
2002-09-03,58.790000915527344,yahoo:^VXN
2002-09-04,57.41999816894531,yahoo:^VXN
2002-09-05,60.720001220703125,yahoo:^VXN
2002-09-06,56.540000915527344,yahoo:^VXN
2002-09-09,55.470001220703125,yahoo:^VXN
2002-09-10,53.06999969482422,yahoo:^VXN
2002-09-11,54.0,yahoo:^VXN
2002-09-12,56.439998626708984,yahoo:^VXN
2002-09-13,55.849998474121094,yahoo:^VXN
2002-09-16,57.72999954223633,yahoo:^VXN
2002-09-17,60.38999938964844,yahoo:^VXN
2002-09-18,59.33000183105469,yahoo:^VXN
2002-09-19,62.7599983215332,yahoo:^VXN
2002-09-20,59.08000183105469,yahoo:^VXN
2002-09-23,59.849998474121094,yahoo:^VXN
2002-09-24,59.400001525878906,yahoo:^VXN
2002-09-25,56.689998626708984,yahoo:^VXN
2002-09-26,59.09000015258789,yahoo:^VXN
2002-09-27,57.86000061035156,yahoo:^VXN
2002-09-30,58.349998474121094,yahoo:^VXN
2002-10-01,57.2400016784668,yahoo:^VXN
2002-10-02,58.150001525878906,yahoo:^VXN
2002-10-03,58.209999084472656,yahoo:^VXN
2002-10-04,60.279998779296875,yahoo:^VXN
2002-10-07,62.31999969482422,yahoo:^VXN
2002-10-08,61.15999984741211,yahoo:^VXN
2002-10-09,62.380001068115234,yahoo:^VXN
2002-10-10,62.81999969482422,yahoo:^VXN
2002-10-11,58.869998931884766,yahoo:^VXN
2002-10-14,59.08000183105469,yahoo:^VXN
2002-10-15,56.369998931884766,yahoo:^VXN
2002-10-16,56.869998931884766,yahoo:^VXN
2002-10-17,56.220001220703125,yahoo:^VXN
2002-10-18,55.33000183105469,yahoo:^VXN
2002-10-21,52.34000015258789,yahoo:^VXN
2002-10-22,53.61000061035156,yahoo:^VXN
2002-10-23,52.369998931884766,yahoo:^VXN
2002-10-24,54.58000183105469,yahoo:^VXN
2002-10-25,50.38999938964844,yahoo:^VXN
2002-10-28,51.52000045776367,yahoo:^VXN
2002-10-29,52.470001220703125,yahoo:^VXN
2002-10-30,51.290000915527344,yahoo:^VXN
2002-10-31,52.9900016784668,yahoo:^VXN
2002-11-01,49.86000061035156,yahoo:^VXN
2002-11-04,49.220001220703125,yahoo:^VXN
2002-11-05,51.20000076293945,yahoo:^VXN
2002-11-06,50.060001373291016,yahoo:^VXN
2002-11-07,53.900001525878906,yahoo:^VXN
2002-11-08,52.0099983215332,yahoo:^VXN
2002-11-11,55.709999084472656,yahoo:^VXN
2002-11-12,55.25,yahoo:^VXN
2002-11-13,54.459999084472656,yahoo:^VXN
2002-11-14,52.400001525878906,yahoo:^VXN
2002-11-15,49.68000030517578,yahoo:^VXN
2002-11-18,48.09000015258789,yahoo:^VXN
2002-11-19,45.52000045776367,yahoo:^VXN
2002-11-20,44.81999969482422,yahoo:^VXN
2002-11-21,44.70000076293945,yahoo:^VXN
2002-11-22,46.4900016784668,yahoo:^VXN
2002-11-25,45.68000030517578,yahoo:^VXN
2002-11-26,47.9900016784668,yahoo:^VXN
2002-11-27,47.41999816894531,yahoo:^VXN
2002-11-29,49.47999954223633,yahoo:^VXN
2002-12-02,50.15999984741211,yahoo:^VXN
2002-12-03,51.9900016784668,yahoo:^VXN
2002-12-04,53.54999923706055,yahoo:^VXN
2002-12-05,54.15999984741211,yahoo:^VXN
2002-12-06,52.279998779296875,yahoo:^VXN
2002-12-09,52.97999954223633,yahoo:^VXN
2002-12-10,51.75,yahoo:^VXN
2002-12-11,51.619998931884766,yahoo:^VXN
2002-12-12,51.04999923706055,yahoo:^VXN
2002-12-13,50.91999816894531,yahoo:^VXN
2002-12-16,49.84000015258789,yahoo:^VXN
2002-12-17,48.13999938964844,yahoo:^VXN
2002-12-18,49.63999938964844,yahoo:^VXN
2002-12-19,49.470001220703125,yahoo:^VXN
2002-12-20,48.5099983215332,yahoo:^VXN
2002-12-23,45.88999938964844,yahoo:^VXN
2002-12-24,45.130001068115234,yahoo:^VXN
2002-12-26,45.36000061035156,yahoo:^VXN
2002-12-27,46.709999084472656,yahoo:^VXN
2002-12-30,46.4900016784668,yahoo:^VXN
2002-12-31,46.939998626708984,yahoo:^VXN
2003-01-02,47.04999923706055,yahoo:^VXN
2003-01-03,45.709999084472656,yahoo:^VXN
2003-01-06,43.45000076293945,yahoo:^VXN
2003-01-07,42.959999084472656,yahoo:^VXN
2003-01-08,44.560001373291016,yahoo:^VXN
2003-01-09,42.9900016784668,yahoo:^VXN
2003-01-10,42.279998779296875,yahoo:^VXN
2003-01-13,41.7400016784668,yahoo:^VXN
2003-01-14,41.91999816894531,yahoo:^VXN
2003-01-15,43.45000076293945,yahoo:^VXN
2003-01-16,44.79999923706055,yahoo:^VXN
2003-01-17,42.84000015258789,yahoo:^VXN
2003-01-21,43.2400016784668,yahoo:^VXN
2003-01-22,44.15999984741211,yahoo:^VXN
2003-01-23,43.27000045776367,yahoo:^VXN
2003-01-24,45.04999923706055,yahoo:^VXN
2003-01-27,46.59000015258789,yahoo:^VXN
2003-01-28,46.72999954223633,yahoo:^VXN
2003-01-29,43.63999938964844,yahoo:^VXN
2003-01-30,46.220001220703125,yahoo:^VXN
2003-01-31,46.810001373291016,yahoo:^VXN
2003-02-03,46.040000915527344,yahoo:^VXN
2003-02-04,48.310001373291016,yahoo:^VXN
2003-02-05,48.5099983215332,yahoo:^VXN
2003-02-06,48.619998931884766,yahoo:^VXN
2003-02-07,48.2599983215332,yahoo:^VXN
2003-02-10,47.310001373291016,yahoo:^VXN
2003-02-11,46.900001525878906,yahoo:^VXN
2003-02-12,47.43000030517578,yahoo:^VXN
2003-02-13,50.970001220703125,yahoo:^VXN
2003-02-14,48.380001068115234,yahoo:^VXN
2003-02-18,48.400001525878906,yahoo:^VXN
2003-02-19,47.630001068115234,yahoo:^VXN
2003-02-20,48.560001373291016,yahoo:^VXN
2003-02-21,46.099998474121094,yahoo:^VXN
2003-02-24,44.880001068115234,yahoo:^VXN
2003-02-25,44.33000183105469,yahoo:^VXN
2003-02-26,46.970001220703125,yahoo:^VXN
2003-02-27,46.15999984741211,yahoo:^VXN
2003-02-28,45.65999984741211,yahoo:^VXN
2003-03-03,45.83000183105469,yahoo:^VXN
2003-03-04,44.970001220703125,yahoo:^VXN
2003-03-05,44.34000015258789,yahoo:^VXN
2003-03-06,45.650001525878906,yahoo:^VXN
2003-03-07,46.38999938964844,yahoo:^VXN
2003-03-10,47.029998779296875,yahoo:^VXN
2003-03-11,47.529998779296875,yahoo:^VXN
2003-03-12,47.5,yahoo:^VXN
2003-03-13,44.97999954223633,yahoo:^VXN
2003-03-14,45.79999923706055,yahoo:^VXN
2003-03-17,46.66999816894531,yahoo:^VXN
2003-03-18,48.02000045776367,yahoo:^VXN
2003-03-19,48.20000076293945,yahoo:^VXN
2003-03-20,48.47999954223633,yahoo:^VXN
2003-03-21,45.779998779296875,yahoo:^VXN
2003-03-24,46.36000061035156,yahoo:^VXN
2003-03-25,45.0,yahoo:^VXN
2003-03-26,43.939998626708984,yahoo:^VXN
2003-03-27,43.869998931884766,yahoo:^VXN
2003-03-28,43.09000015258789,yahoo:^VXN
2003-03-31,43.04999923706055,yahoo:^VXN
2003-04-01,41.970001220703125,yahoo:^VXN
2003-04-02,41.599998474121094,yahoo:^VXN
2003-04-03,42.09000015258789,yahoo:^VXN
2003-04-04,42.849998474121094,yahoo:^VXN
2003-04-07,41.439998626708984,yahoo:^VXN
2003-04-08,40.91999816894531,yahoo:^VXN
2003-04-09,41.45000076293945,yahoo:^VXN
2003-04-10,40.33000183105469,yahoo:^VXN
2003-04-11,39.619998931884766,yahoo:^VXN
2003-04-14,39.5099983215332,yahoo:^VXN
2003-04-15,36.5,yahoo:^VXN
2003-04-16,37.04999923706055,yahoo:^VXN
2003-04-17,35.880001068115234,yahoo:^VXN
2003-04-21,35.4900016784668,yahoo:^VXN
2003-04-22,33.650001525878906,yahoo:^VXN
2003-04-23,33.130001068115234,yahoo:^VXN
2003-04-24,33.68000030517578,yahoo:^VXN
2003-04-25,33.70000076293945,yahoo:^VXN
2003-04-28,32.68000030517578,yahoo:^VXN
2003-04-29,32.58000183105469,yahoo:^VXN
2003-04-30,32.66999816894531,yahoo:^VXN
2003-05-01,32.4900016784668,yahoo:^VXN
2003-05-02,32.36000061035156,yahoo:^VXN
2003-05-05,31.690000534057617,yahoo:^VXN
2003-05-06,32.130001068115234,yahoo:^VXN
2003-05-07,32.0,yahoo:^VXN
2003-05-08,33.290000915527344,yahoo:^VXN
2003-05-09,32.09000015258789,yahoo:^VXN
2003-05-12,32.58000183105469,yahoo:^VXN
2003-05-13,32.84000015258789,yahoo:^VXN
2003-05-14,33.13999938964844,yahoo:^VXN
2003-05-15,32.18000030517578,yahoo:^VXN
2003-05-16,31.020000457763672,yahoo:^VXN
2003-05-19,31.100000381469727,yahoo:^VXN
2003-05-20,32.220001220703125,yahoo:^VXN
2003-05-21,30.8799991607666,yahoo:^VXN
2003-05-22,30.110000610351562,yahoo:^VXN
2003-05-23,29.729999542236328,yahoo:^VXN
2003-05-27,29.280000686645508,yahoo:^VXN
2003-05-28,30.219999313354492,yahoo:^VXN
2003-05-29,31.420000076293945,yahoo:^VXN
2003-05-30,31.65999984741211,yahoo:^VXN
2003-06-02,33.630001068115234,yahoo:^VXN
2003-06-03,33.5099983215332,yahoo:^VXN
2003-06-04,33.0099983215332,yahoo:^VXN
2003-06-05,34.529998779296875,yahoo:^VXN
2003-06-06,36.130001068115234,yahoo:^VXN
2003-06-09,37.43000030517578,yahoo:^VXN
2003-06-10,34.0,yahoo:^VXN
2003-06-11,33.7400016784668,yahoo:^VXN
2003-06-12,34.0099983215332,yahoo:^VXN
2003-06-13,34.459999084472656,yahoo:^VXN
2003-06-16,33.790000915527344,yahoo:^VXN
2003-06-17,33.61000061035156,yahoo:^VXN
2003-06-18,33.150001525878906,yahoo:^VXN
2003-06-19,33.86000061035156,yahoo:^VXN
2003-06-20,32.34000015258789,yahoo:^VXN
2003-06-23,31.799999237060547,yahoo:^VXN
2003-06-24,32.43000030517578,yahoo:^VXN
2003-06-25,31.75,yahoo:^VXN
2003-06-26,30.90999984741211,yahoo:^VXN
2003-06-27,30.93000030517578,yahoo:^VXN
2003-06-30,31.229999542236328,yahoo:^VXN
2003-07-01,30.219999313354492,yahoo:^VXN
2003-07-02,31.049999237060547,yahoo:^VXN
2003-07-03,32.470001220703125,yahoo:^VXN
2003-07-07,33.5099983215332,yahoo:^VXN
2003-07-08,33.4900016784668,yahoo:^VXN
2003-07-09,33.220001220703125,yahoo:^VXN
2003-07-10,33.65999984741211,yahoo:^VXN
2003-07-11,32.79999923706055,yahoo:^VXN
2003-07-14,33.88999938964844,yahoo:^VXN
2003-07-15,33.95000076293945,yahoo:^VXN
2003-07-16,33.9900016784668,yahoo:^VXN
2003-07-17,35.470001220703125,yahoo:^VXN
2003-07-18,33.40999984741211,yahoo:^VXN
2003-07-21,33.06999969482422,yahoo:^VXN
2003-07-22,32.45000076293945,yahoo:^VXN
2003-07-23,30.780000686645508,yahoo:^VXN
2003-07-24,31.450000762939453,yahoo:^VXN
2003-07-25,30.040000915527344,yahoo:^VXN
2003-07-28,30.399999618530273,yahoo:^VXN
2003-07-29,30.15999984741211,yahoo:^VXN
2003-07-30,30.860000610351562,yahoo:^VXN
2003-07-31,31.219999313354492,yahoo:^VXN
2003-08-01,32.47999954223633,yahoo:^VXN
2003-08-04,32.650001525878906,yahoo:^VXN
2003-08-05,34.22999954223633,yahoo:^VXN
2003-08-06,34.41999816894531,yahoo:^VXN
2003-08-07,34.02000045776367,yahoo:^VXN
2003-08-08,32.029998779296875,yahoo:^VXN
2003-08-11,32.119998931884766,yahoo:^VXN
2003-08-12,30.209999084472656,yahoo:^VXN
2003-08-13,30.270000457763672,yahoo:^VXN
2003-08-14,29.270000457763672,yahoo:^VXN
2003-08-15,29.209999084472656,yahoo:^VXN
2003-08-18,26.6200008392334,yahoo:^VXN
2003-08-19,26.5,yahoo:^VXN
2003-08-20,27.639999389648438,yahoo:^VXN
2003-08-21,28.280000686645508,yahoo:^VXN
2003-08-22,29.469999313354492,yahoo:^VXN
2003-08-25,29.34000015258789,yahoo:^VXN
2003-08-26,29.75,yahoo:^VXN
2003-08-27,30.049999237060547,yahoo:^VXN
2003-08-28,30.309999465942383,yahoo:^VXN
2003-08-29,29.520000457763672,yahoo:^VXN
2003-09-02,30.059999465942383,yahoo:^VXN
2003-09-03,31.190000534057617,yahoo:^VXN
2003-09-04,30.90999984741211,yahoo:^VXN
2003-09-05,30.700000762939453,yahoo:^VXN
2003-09-08,29.549999237060547,yahoo:^VXN
2003-09-09,30.3799991607666,yahoo:^VXN
2003-09-10,33.15999984741211,yahoo:^VXN
2003-09-11,32.970001220703125,yahoo:^VXN
2003-09-12,32.68000030517578,yahoo:^VXN
2003-09-15,32.93000030517578,yahoo:^VXN
2003-09-16,31.65999984741211,yahoo:^VXN
2003-09-17,31.75,yahoo:^VXN
2003-09-18,29.75,yahoo:^VXN
2003-09-19,29.739999771118164,yahoo:^VXN
2003-09-22,27.940000534057617,yahoo:^VXN
2003-09-23,26.979999542236328,yahoo:^VXN
2003-09-24,29.360000610351562,yahoo:^VXN
2003-09-25,30.649999618530273,yahoo:^VXN
2003-09-26,30.8799991607666,yahoo:^VXN
2003-09-29,30.65999984741211,yahoo:^VXN
2003-09-30,32.83000183105469,yahoo:^VXN
2003-10-01,31.329999923706055,yahoo:^VXN
2003-10-02,31.25,yahoo:^VXN
2003-10-03,29.200000762939453,yahoo:^VXN
2003-10-06,29.420000076293945,yahoo:^VXN
2003-10-07,29.299999237060547,yahoo:^VXN
2003-10-08,29.15999984741211,yahoo:^VXN
2003-10-09,28.84000015258789,yahoo:^VXN
2003-10-10,27.6200008392334,yahoo:^VXN
2003-10-13,26.770000457763672,yahoo:^VXN
2003-10-14,26.489999771118164,yahoo:^VXN
2003-10-15,26.770000457763672,yahoo:^VXN
2003-10-16,25.469999313354492,yahoo:^VXN
2003-10-17,25.329999923706055,yahoo:^VXN
2003-10-20,24.780000686645508,yahoo:^VXN
2003-10-21,24.350000381469727,yahoo:^VXN
2003-10-22,25.68000030517578,yahoo:^VXN
2003-10-23,26.09000015258789,yahoo:^VXN
2003-10-24,25.450000762939453,yahoo:^VXN
2003-10-27,26.1200008392334,yahoo:^VXN
2003-10-28,25.0,yahoo:^VXN
2003-10-29,24.719999313354492,yahoo:^VXN
2003-10-30,24.739999771118164,yahoo:^VXN
2003-10-31,24.889999389648438,yahoo:^VXN
2003-11-03,25.3799991607666,yahoo:^VXN
2003-11-04,25.690000534057617,yahoo:^VXN
2003-11-05,25.200000762939453,yahoo:^VXN
2003-11-06,25.350000381469727,yahoo:^VXN
2003-11-07,25.200000762939453,yahoo:^VXN
2003-11-10,26.489999771118164,yahoo:^VXN
2003-11-11,26.549999237060547,yahoo:^VXN
2003-11-12,25.549999237060547,yahoo:^VXN
2003-11-13,25.450000762939453,yahoo:^VXN
2003-11-14,26.15999984741211,yahoo:^VXN
2003-11-17,27.809999465942383,yahoo:^VXN
2003-11-18,29.649999618530273,yahoo:^VXN
2003-11-19,29.959999084472656,yahoo:^VXN
2003-11-20,30.489999771118164,yahoo:^VXN
2003-11-21,29.079999923706055,yahoo:^VXN
2003-11-24,27.06999969482422,yahoo:^VXN
2003-11-25,25.989999771118164,yahoo:^VXN
2003-11-26,25.6299991607666,yahoo:^VXN
2003-11-28,25.6299991607666,yahoo:^VXN
2003-12-01,26.290000915527344,yahoo:^VXN
2003-12-02,26.719999313354492,yahoo:^VXN
2003-12-03,27.34000015258789,yahoo:^VXN
2003-12-04,26.809999465942383,yahoo:^VXN
2003-12-05,27.049999237060547,yahoo:^VXN
2003-12-08,27.549999237060547,yahoo:^VXN
2003-12-09,28.31999969482422,yahoo:^VXN
2003-12-10,27.84000015258789,yahoo:^VXN
2003-12-11,26.149999618530273,yahoo:^VXN
2003-12-12,25.860000610351562,yahoo:^VXN
2003-12-15,27.06999969482422,yahoo:^VXN
2003-12-16,26.149999618530273,yahoo:^VXN
2003-12-17,25.1200008392334,yahoo:^VXN
2003-12-18,24.530000686645508,yahoo:^VXN
2003-12-19,24.889999389648438,yahoo:^VXN
2003-12-22,24.75,yahoo:^VXN
2003-12-23,23.489999771118164,yahoo:^VXN
2003-12-24,23.34000015258789,yahoo:^VXN
2003-12-26,24.010000228881836,yahoo:^VXN
2003-12-29,23.729999542236328,yahoo:^VXN
2003-12-30,23.360000610351562,yahoo:^VXN
2003-12-31,24.489999771118164,yahoo:^VXN
2004-01-02,24.510000228881836,yahoo:^VXN
2004-01-05,23.889999389648438,yahoo:^VXN
2004-01-06,22.760000228881836,yahoo:^VXN
2004-01-07,21.90999984741211,yahoo:^VXN
2004-01-08,21.889999389648438,yahoo:^VXN
2004-01-09,23.010000228881836,yahoo:^VXN
2004-01-12,22.559999465942383,yahoo:^VXN
2004-01-13,23.049999237060547,yahoo:^VXN
2004-01-14,23.170000076293945,yahoo:^VXN
2004-01-15,22.639999389648438,yahoo:^VXN
2004-01-16,20.239999771118164,yahoo:^VXN
2004-01-20,20.489999771118164,yahoo:^VXN
2004-01-21,20.709999084472656,yahoo:^VXN
2004-01-22,21.739999771118164,yahoo:^VXN
2004-01-23,21.270000457763672,yahoo:^VXN
2004-01-26,20.989999771118164,yahoo:^VXN
2004-01-27,23.030000686645508,yahoo:^VXN
2004-01-28,25.15999984741211,yahoo:^VXN
2004-01-29,25.200000762939453,yahoo:^VXN
2004-01-30,25.059999465942383,yahoo:^VXN
2004-02-02,25.809999465942383,yahoo:^VXN
2004-02-03,26.299999237060547,yahoo:^VXN
2004-02-04,26.649999618530273,yahoo:^VXN
2004-02-05,26.170000076293945,yahoo:^VXN
2004-02-06,24.670000076293945,yahoo:^VXN
2004-02-09,25.209999084472656,yahoo:^VXN
2004-02-10,24.5,yahoo:^VXN
2004-02-11,23.530000686645508,yahoo:^VXN
2004-02-12,23.530000686645508,yahoo:^VXN
2004-02-13,24.139999389648438,yahoo:^VXN
2004-02-17,23.8700008392334,yahoo:^VXN
2004-02-18,23.729999542236328,yahoo:^VXN
2004-02-19,24.239999771118164,yahoo:^VXN
2004-02-20,24.1200008392334,yahoo:^VXN
2004-02-23,24.3799991607666,yahoo:^VXN
2004-02-24,24.68000030517578,yahoo:^VXN
2004-02-25,23.549999237060547,yahoo:^VXN
2004-02-26,23.100000381469727,yahoo:^VXN
2004-02-27,22.84000015258789,yahoo:^VXN
2004-03-01,22.540000915527344,yahoo:^VXN
2004-03-02,22.420000076293945,yahoo:^VXN
2004-03-03,23.09000015258789,yahoo:^VXN
2004-03-04,22.5,yahoo:^VXN
2004-03-05,22.079999923706055,yahoo:^VXN
2004-03-08,24.079999923706055,yahoo:^VXN
2004-03-09,24.700000762939453,yahoo:^VXN
2004-03-10,26.049999237060547,yahoo:^VXN
2004-03-11,26.579999923706055,yahoo:^VXN
2004-03-12,25.299999237060547,yahoo:^VXN
2004-03-15,27.1299991607666,yahoo:^VXN
2004-03-16,27.34000015258789,yahoo:^VXN
2004-03-17,24.75,yahoo:^VXN
2004-03-18,24.579999923706055,yahoo:^VXN
2004-03-19,25.989999771118164,yahoo:^VXN
2004-03-22,27.149999618530273,yahoo:^VXN
2004-03-23,26.84000015258789,yahoo:^VXN
2004-03-24,26.059999465942383,yahoo:^VXN
2004-03-25,23.700000762939453,yahoo:^VXN
2004-03-26,23.040000915527344,yahoo:^VXN
2004-03-29,23.15999984741211,yahoo:^VXN
2004-03-30,23.18000030517578,yahoo:^VXN
2004-03-31,23.760000228881836,yahoo:^VXN
2004-04-01,23.40999984741211,yahoo:^VXN
2004-04-02,21.350000381469727,yahoo:^VXN
2004-04-05,21.110000610351562,yahoo:^VXN
2004-04-06,22.229999542236328,yahoo:^VXN
2004-04-07,21.989999771118164,yahoo:^VXN
2004-04-08,21.3799991607666,yahoo:^VXN
2004-04-12,20.3700008392334,yahoo:^VXN
2004-04-13,22.229999542236328,yahoo:^VXN
2004-04-14,21.59000015258789,yahoo:^VXN
2004-04-15,22.829999923706055,yahoo:^VXN
2004-04-16,22.549999237060547,yahoo:^VXN
2004-04-19,21.399999618530273,yahoo:^VXN
2004-04-20,23.06999969482422,yahoo:^VXN
2004-04-21,22.81999969482422,yahoo:^VXN
2004-04-22,21.350000381469727,yahoo:^VXN
2004-04-23,20.68000030517578,yahoo:^VXN
2004-04-26,21.829999923706055,yahoo:^VXN
2004-04-27,21.84000015258789,yahoo:^VXN
2004-04-28,23.920000076293945,yahoo:^VXN
2004-04-29,24.899999618530273,yahoo:^VXN
2004-04-30,25.729999542236328,yahoo:^VXN
2004-05-03,25.719999313354492,yahoo:^VXN
2004-05-04,25.139999389648438,yahoo:^VXN
2004-05-05,24.34000015258789,yahoo:^VXN
2004-05-06,25.18000030517578,yahoo:^VXN
2004-05-07,25.5,yahoo:^VXN
2004-05-10,27.90999984741211,yahoo:^VXN
2004-05-11,27.75,yahoo:^VXN
2004-05-12,27.6200008392334,yahoo:^VXN
2004-05-13,28.110000610351562,yahoo:^VXN
2004-05-14,29.040000915527344,yahoo:^VXN
2004-05-17,29.190000534057617,yahoo:^VXN
2004-05-18,27.75,yahoo:^VXN
2004-05-19,26.09000015258789,yahoo:^VXN
2004-05-20,25.540000915527344,yahoo:^VXN
2004-05-21,24.899999618530273,yahoo:^VXN
2004-05-24,24.329999923706055,yahoo:^VXN
2004-05-25,22.040000915527344,yahoo:^VXN
2004-05-26,21.6299991607666,yahoo:^VXN
2004-05-27,21.5,yahoo:^VXN
2004-05-28,21.329999923706055,yahoo:^VXN
2004-06-01,22.56999969482422,yahoo:^VXN
2004-06-02,22.610000610351562,yahoo:^VXN
2004-06-03,23.93000030517578,yahoo:^VXN
2004-06-04,23.84000015258789,yahoo:^VXN
2004-06-07,22.649999618530273,yahoo:^VXN
2004-06-08,22.260000228881836,yahoo:^VXN
2004-06-09,22.350000381469727,yahoo:^VXN
2004-06-10,21.229999542236328,yahoo:^VXN
2004-06-14,22.239999771118164,yahoo:^VXN
2004-06-15,20.8799991607666,yahoo:^VXN
2004-06-16,20.389999389648438,yahoo:^VXN
2004-06-17,21.329999923706055,yahoo:^VXN
2004-06-18,20.020000457763672,yahoo:^VXN
2004-06-21,19.729999542236328,yahoo:^VXN
2004-06-22,19.290000915527344,yahoo:^VXN
2004-06-23,18.979999542236328,yahoo:^VXN
2004-06-24,19.360000610351562,yahoo:^VXN
2004-06-25,18.959999084472656,yahoo:^VXN
2004-06-28,20.59000015258789,yahoo:^VXN
2004-06-29,20.149999618530273,yahoo:^VXN
2004-06-30,19.3700008392334,yahoo:^VXN
2004-07-01,20.059999465942383,yahoo:^VXN
2004-07-02,19.889999389648438,yahoo:^VXN
2004-07-06,22.110000610351562,yahoo:^VXN
2004-07-07,22.260000228881836,yahoo:^VXN
2004-07-08,22.68000030517578,yahoo:^VXN
2004-07-09,22.350000381469727,yahoo:^VXN
2004-07-12,21.729999542236328,yahoo:^VXN
2004-07-13,21.420000076293945,yahoo:^VXN
2004-07-14,21.639999389648438,yahoo:^VXN
2004-07-15,21.68000030517578,yahoo:^VXN
2004-07-16,20.940000534057617,yahoo:^VXN
2004-07-19,22.209999084472656,yahoo:^VXN
2004-07-20,20.90999984741211,yahoo:^VXN
2004-07-21,22.149999618530273,yahoo:^VXN
2004-07-22,22.440000534057617,yahoo:^VXN
2004-07-23,23.90999984741211,yahoo:^VXN
2004-07-26,25.290000915527344,yahoo:^VXN
2004-07-27,24.309999465942383,yahoo:^VXN
2004-07-28,24.8700008392334,yahoo:^VXN
2004-07-29,23.989999771118164,yahoo:^VXN
2004-07-30,23.309999465942383,yahoo:^VXN
2004-08-02,24.1299991607666,yahoo:^VXN
2004-08-03,25.079999923706055,yahoo:^VXN
2004-08-04,25.049999237060547,yahoo:^VXN
2004-08-05,26.190000534057617,yahoo:^VXN
2004-08-06,27.450000762939453,yahoo:^VXN
2004-08-09,27.450000762939453,yahoo:^VXN
2004-08-10,26.520000457763672,yahoo:^VXN
2004-08-11,26.959999084472656,yahoo:^VXN
2004-08-12,28.280000686645508,yahoo:^VXN
2004-08-13,27.459999084472656,yahoo:^VXN
2004-08-16,26.719999313354492,yahoo:^VXN
2004-08-17,25.549999237060547,yahoo:^VXN
2004-08-18,24.170000076293945,yahoo:^VXN
2004-08-19,23.90999984741211,yahoo:^VXN
2004-08-20,23.059999465942383,yahoo:^VXN
2004-08-23,22.540000915527344,yahoo:^VXN
2004-08-24,21.969999313354492,yahoo:^VXN
2004-08-25,21.40999984741211,yahoo:^VXN
2004-08-26,21.600000381469727,yahoo:^VXN
2004-08-27,21.270000457763672,yahoo:^VXN
2004-08-30,23.139999389648438,yahoo:^VXN
2004-08-31,22.920000076293945,yahoo:^VXN
2004-09-01,22.649999618530273,yahoo:^VXN
2004-09-02,21.6200008392334,yahoo:^VXN
2004-09-03,21.059999465942383,yahoo:^VXN
2004-09-07,21.440000534057617,yahoo:^VXN
2004-09-08,21.280000686645508,yahoo:^VXN
2004-09-09,20.579999923706055,yahoo:^VXN
2004-09-10,19.559999465942383,yahoo:^VXN
2004-09-13,19.139999389648438,yahoo:^VXN
2004-09-14,19.489999771118164,yahoo:^VXN
2004-09-15,20.299999237060547,yahoo:^VXN
2004-09-16,19.920000076293945,yahoo:^VXN
2004-09-17,20.1299991607666,yahoo:^VXN
2004-09-20,20.559999465942383,yahoo:^VXN
2004-09-21,20.299999237060547,yahoo:^VXN
2004-09-22,21.059999465942383,yahoo:^VXN
2004-09-23,21.170000076293945,yahoo:^VXN
2004-09-24,21.100000381469727,yahoo:^VXN
2004-09-27,21.920000076293945,yahoo:^VXN
2004-09-28,21.360000610351562,yahoo:^VXN
2004-09-29,20.670000076293945,yahoo:^VXN
2004-09-30,20.479999542236328,yahoo:^VXN
2004-10-01,18.90999984741211,yahoo:^VXN
2004-10-04,19.610000610351562,yahoo:^VXN
2004-10-05,20.020000457763672,yahoo:^VXN
2004-10-06,19.770000457763672,yahoo:^VXN
2004-10-07,20.59000015258789,yahoo:^VXN
2004-10-08,20.690000534057617,yahoo:^VXN
2004-10-11,20.049999237060547,yahoo:^VXN
2004-10-12,20.93000030517578,yahoo:^VXN
2004-10-13,22.1299991607666,yahoo:^VXN
2004-10-14,22.299999237060547,yahoo:^VXN
2004-10-15,21.799999237060547,yahoo:^VXN
2004-10-18,20.719999313354492,yahoo:^VXN
2004-10-19,20.84000015258789,yahoo:^VXN
2004-10-20,20.649999618530273,yahoo:^VXN
2004-10-21,20.360000610351562,yahoo:^VXN
2004-10-22,21.360000610351562,yahoo:^VXN
2004-10-25,22.700000762939453,yahoo:^VXN
2004-10-26,22.469999313354492,yahoo:^VXN
2004-10-27,21.520000457763672,yahoo:^VXN
2004-10-28,21.25,yahoo:^VXN
2004-10-29,21.899999618530273,yahoo:^VXN
2004-11-01,22.610000610351562,yahoo:^VXN
2004-11-02,22.969999313354492,yahoo:^VXN
2004-11-03,20.81999969482422,yahoo:^VXN
2004-11-04,20.15999984741211,yahoo:^VXN
2004-11-05,19.469999313354492,yahoo:^VXN
2004-11-08,19.219999313354492,yahoo:^VXN
2004-11-09,19.190000534057617,yahoo:^VXN
2004-11-10,19.40999984741211,yahoo:^VXN
2004-11-11,18.920000076293945,yahoo:^VXN
2004-11-12,18.81999969482422,yahoo:^VXN
2004-11-15,18.5,yahoo:^VXN
2004-11-16,18.600000381469727,yahoo:^VXN
2004-11-17,18.5,yahoo:^VXN
2004-11-18,18.790000915527344,yahoo:^VXN
2004-11-19,19.719999313354492,yahoo:^VXN
2004-11-22,18.770000457763672,yahoo:^VXN
2004-11-23,18.43000030517578,yahoo:^VXN
2004-11-24,17.8799991607666,yahoo:^VXN
2004-11-26,17.940000534057617,yahoo:^VXN
2004-11-29,18.829999923706055,yahoo:^VXN
2004-11-30,18.84000015258789,yahoo:^VXN
2004-12-01,18.239999771118164,yahoo:^VXN
2004-12-02,18.639999389648438,yahoo:^VXN
2004-12-03,18.260000228881836,yahoo:^VXN
2004-12-06,19.530000686645508,yahoo:^VXN
2004-12-07,20.280000686645508,yahoo:^VXN
2004-12-08,20.010000228881836,yahoo:^VXN
2004-12-09,19.84000015258789,yahoo:^VXN
2004-12-10,19.56999969482422,yahoo:^VXN
2004-12-13,18.780000686645508,yahoo:^VXN
2004-12-14,18.579999923706055,yahoo:^VXN
2004-12-15,18.770000457763672,yahoo:^VXN
2004-12-16,18.600000381469727,yahoo:^VXN
2004-12-17,18.209999084472656,yahoo:^VXN
2004-12-20,18.209999084472656,yahoo:^VXN
2004-12-21,16.940000534057617,yahoo:^VXN
2004-12-22,17.149999618530273,yahoo:^VXN
2004-12-23,16.799999237060547,yahoo:^VXN
2004-12-27,18.329999923706055,yahoo:^VXN
2004-12-28,17.790000915527344,yahoo:^VXN
2004-12-29,17.719999313354492,yahoo:^VXN
2004-12-30,17.940000534057617,yahoo:^VXN
2004-12-31,18.579999923706055,yahoo:^VXN
2005-01-03,19.5,yahoo:^VXN
2005-01-04,20.059999465942383,yahoo:^VXN
2005-01-05,20.18000030517578,yahoo:^VXN
2005-01-06,20.1299991607666,yahoo:^VXN
2005-01-07,19.149999618530273,yahoo:^VXN
2005-01-10,19.610000610351562,yahoo:^VXN
2005-01-11,19.670000076293945,yahoo:^VXN
2005-01-12,19.280000686645508,yahoo:^VXN
2005-01-13,19.09000015258789,yahoo:^VXN
2005-01-14,18.56999969482422,yahoo:^VXN
2005-01-18,18.75,yahoo:^VXN
2005-01-19,19.239999771118164,yahoo:^VXN
2005-01-20,19.5,yahoo:^VXN
2005-01-21,19.3700008392334,yahoo:^VXN
2005-01-24,19.8700008392334,yahoo:^VXN
2005-01-25,19.520000457763672,yahoo:^VXN
2005-01-26,18.920000076293945,yahoo:^VXN
2005-01-27,18.579999923706055,yahoo:^VXN
2005-01-28,18.579999923706055,yahoo:^VXN
2005-01-31,18.43000030517578,yahoo:^VXN
2005-02-01,17.760000228881836,yahoo:^VXN
2005-02-02,17.299999237060547,yahoo:^VXN
2005-02-03,17.360000610351562,yahoo:^VXN
2005-02-04,16.920000076293945,yahoo:^VXN
2005-02-07,17.559999465942383,yahoo:^VXN
2005-02-08,17.600000381469727,yahoo:^VXN
2005-02-09,18.239999771118164,yahoo:^VXN
2005-02-10,17.920000076293945,yahoo:^VXN
2005-02-11,17.190000534057617,yahoo:^VXN
2005-02-14,17.68000030517578,yahoo:^VXN
2005-02-15,17.559999465942383,yahoo:^VXN
2005-02-16,17.40999984741211,yahoo:^VXN
2005-02-17,17.530000686645508,yahoo:^VXN
2005-02-18,17.8700008392334,yahoo:^VXN
2005-02-22,19.0,yahoo:^VXN
2005-02-23,18.440000534057617,yahoo:^VXN
2005-02-24,17.610000610351562,yahoo:^VXN
2005-02-25,17.34000015258789,yahoo:^VXN
2005-02-28,18.06999969482422,yahoo:^VXN
2005-03-01,17.780000686645508,yahoo:^VXN
2005-03-02,18.200000762939453,yahoo:^VXN
2005-03-03,18.760000228881836,yahoo:^VXN
2005-03-04,18.1299991607666,yahoo:^VXN
2005-03-07,17.729999542236328,yahoo:^VXN
2005-03-08,17.860000610351562,yahoo:^VXN
2005-03-09,17.799999237060547,yahoo:^VXN
2005-03-10,17.8799991607666,yahoo:^VXN
2005-03-11,18.56999969482422,yahoo:^VXN
2005-03-14,18.350000381469727,yahoo:^VXN
2005-03-15,18.68000030517578,yahoo:^VXN
2005-03-16,19.010000228881836,yahoo:^VXN
2005-03-17,18.459999084472656,yahoo:^VXN
2005-03-18,17.8799991607666,yahoo:^VXN
2005-03-21,17.829999923706055,yahoo:^VXN
2005-03-22,18.030000686645508,yahoo:^VXN
2005-03-23,17.68000030517578,yahoo:^VXN
2005-03-24,17.149999618530273,yahoo:^VXN
2005-03-28,17.739999771118164,yahoo:^VXN
2005-03-29,17.989999771118164,yahoo:^VXN
2005-03-30,17.360000610351562,yahoo:^VXN
2005-03-31,17.649999618530273,yahoo:^VXN
2005-04-01,17.610000610351562,yahoo:^VXN
2005-04-04,18.06999969482422,yahoo:^VXN
2005-04-05,17.670000076293945,yahoo:^VXN
2005-04-06,17.350000381469727,yahoo:^VXN
2005-04-07,16.670000076293945,yahoo:^VXN
2005-04-08,16.959999084472656,yahoo:^VXN
2005-04-11,16.899999618530273,yahoo:^VXN
2005-04-12,16.239999771118164,yahoo:^VXN
2005-04-13,16.06999969482422,yahoo:^VXN
2005-04-14,18.010000228881836,yahoo:^VXN
2005-04-15,21.850000381469727,yahoo:^VXN
2005-04-18,21.3799991607666,yahoo:^VXN
2005-04-19,19.110000610351562,yahoo:^VXN
2005-04-20,20.229999542236328,yahoo:^VXN
2005-04-21,18.520000457763672,yahoo:^VXN
2005-04-22,19.040000915527344,yahoo:^VXN
2005-04-25,18.579999923706055,yahoo:^VXN
2005-04-26,18.68000030517578,yahoo:^VXN
2005-04-27,18.760000228881836,yahoo:^VXN
2005-04-28,20.1299991607666,yahoo:^VXN
2005-04-29,18.540000915527344,yahoo:^VXN
2005-05-02,20.799999237060547,yahoo:^VXN
2005-05-03,20.139999389648438,yahoo:^VXN
2005-05-04,18.31999969482422,yahoo:^VXN
2005-05-05,18.1200008392334,yahoo:^VXN
2005-05-06,17.579999923706055,yahoo:^VXN
2005-05-09,18.3700008392334,yahoo:^VXN
2005-05-10,18.110000610351562,yahoo:^VXN
2005-05-11,17.8700008392334,yahoo:^VXN
2005-05-12,18.809999465942383,yahoo:^VXN
2005-05-13,18.40999984741211,yahoo:^VXN
2005-05-16,18.770000457763672,yahoo:^VXN
2005-05-17,18.280000686645508,yahoo:^VXN
2005-05-18,17.549999237060547,yahoo:^VXN
2005-05-19,16.950000762939453,yahoo:^VXN
2005-05-20,15.880000114440918,yahoo:^VXN
2005-05-23,16.040000915527344,yahoo:^VXN
2005-05-24,15.84000015258789,yahoo:^VXN
2005-05-25,15.619999885559082,yahoo:^VXN
2005-05-26,15.050000190734863,yahoo:^VXN
2005-05-27,15.149999618530273,yahoo:^VXN
2005-05-31,16.110000610351562,yahoo:^VXN
2005-06-01,15.869999885559082,yahoo:^VXN
2005-06-02,14.949999809265137,yahoo:^VXN
2005-06-03,15.59000015258789,yahoo:^VXN
2005-06-06,15.739999771118164,yahoo:^VXN
2005-06-07,15.609999656677246,yahoo:^VXN
2005-06-08,15.800000190734863,yahoo:^VXN
2005-06-09,15.270000457763672,yahoo:^VXN
2005-06-10,15.869999885559082,yahoo:^VXN
2005-06-13,15.739999771118164,yahoo:^VXN
2005-06-14,15.75,yahoo:^VXN
2005-06-15,15.449999809265137,yahoo:^VXN
2005-06-16,14.970000267028809,yahoo:^VXN
2005-06-17,14.630000114440918,yahoo:^VXN
2005-06-20,14.699999809265137,yahoo:^VXN
2005-06-21,13.430000305175781,yahoo:^VXN
2005-06-22,14.039999961853027,yahoo:^VXN
2005-06-23,15.069999694824219,yahoo:^VXN
2005-06-24,15.300000190734863,yahoo:^VXN
2005-06-27,15.729999542236328,yahoo:^VXN
2005-06-28,14.84000015258789,yahoo:^VXN
2005-06-29,14.460000038146973,yahoo:^VXN
2005-06-30,14.460000038146973,yahoo:^VXN
2005-07-01,14.270000457763672,yahoo:^VXN
2005-07-05,14.5,yahoo:^VXN
2005-07-06,14.770000457763672,yahoo:^VXN
2005-07-07,15.140000343322754,yahoo:^VXN
2005-07-08,13.800000190734863,yahoo:^VXN
2005-07-11,13.569999694824219,yahoo:^VXN
2005-07-12,14.770000457763672,yahoo:^VXN
2005-07-13,14.880000114440918,yahoo:^VXN
2005-07-14,14.210000038146973,yahoo:^VXN
2005-07-15,13.34000015258789,yahoo:^VXN
2005-07-18,13.8100004196167,yahoo:^VXN
2005-07-19,13.0600004196167,yahoo:^VXN
2005-07-20,12.890000343322754,yahoo:^VXN
2005-07-21,13.470000267028809,yahoo:^VXN
2005-07-22,12.949999809265137,yahoo:^VXN
2005-07-25,13.579999923706055,yahoo:^VXN
2005-07-26,13.5600004196167,yahoo:^VXN
2005-07-27,12.760000228881836,yahoo:^VXN
2005-07-28,12.609999656677246,yahoo:^VXN
2005-07-29,13.869999885559082,yahoo:^VXN
2005-08-01,14.380000114440918,yahoo:^VXN
2005-08-02,13.949999809265137,yahoo:^VXN
2005-08-03,13.720000267028809,yahoo:^VXN
2005-08-04,14.9399995803833,yahoo:^VXN
2005-08-05,15.399999618530273,yahoo:^VXN
2005-08-08,15.949999809265137,yahoo:^VXN
2005-08-09,15.25,yahoo:^VXN
2005-08-10,15.670000076293945,yahoo:^VXN
2005-08-11,15.729999542236328,yahoo:^VXN
2005-08-12,15.630000114440918,yahoo:^VXN
2005-08-15,15.069999694824219,yahoo:^VXN
2005-08-16,16.200000762939453,yahoo:^VXN
2005-08-17,15.569999694824219,yahoo:^VXN
2005-08-18,15.289999961853027,yahoo:^VXN
2005-08-19,16.15999984741211,yahoo:^VXN
2005-08-22,15.9399995803833,yahoo:^VXN
2005-08-23,15.569999694824219,yahoo:^VXN
2005-08-24,15.430000305175781,yahoo:^VXN
2005-08-25,15.350000381469727,yahoo:^VXN
2005-08-26,15.369999885559082,yahoo:^VXN
2005-08-29,15.300000190734863,yahoo:^VXN
2005-08-30,15.359999656677246,yahoo:^VXN
2005-08-31,14.710000038146973,yahoo:^VXN
2005-09-01,15.069999694824219,yahoo:^VXN
2005-09-02,15.670000076293945,yahoo:^VXN
2005-09-06,14.890000343322754,yahoo:^VXN
2005-09-07,14.899999618530273,yahoo:^VXN
2005-09-08,14.699999809265137,yahoo:^VXN
2005-09-09,14.270000457763672,yahoo:^VXN
2005-09-12,15.15999984741211,yahoo:^VXN
2005-09-13,14.970000267028809,yahoo:^VXN
2005-09-14,15.569999694824219,yahoo:^VXN
2005-09-15,15.760000228881836,yahoo:^VXN
2005-09-16,14.579999923706055,yahoo:^VXN
2005-09-19,14.6899995803833,yahoo:^VXN
2005-09-20,15.170000076293945,yahoo:^VXN
2005-09-21,15.850000381469727,yahoo:^VXN
2005-09-22,15.300000190734863,yahoo:^VXN
2005-09-23,15.15999984741211,yahoo:^VXN
2005-09-26,14.819999694824219,yahoo:^VXN
2005-09-27,14.390000343322754,yahoo:^VXN
2005-09-28,14.350000381469727,yahoo:^VXN
2005-09-29,14.369999885559082,yahoo:^VXN
2005-09-30,13.3100004196167,yahoo:^VXN
2005-10-03,13.970000267028809,yahoo:^VXN
2005-10-04,14.90999984741211,yahoo:^VXN
2005-10-05,15.859999656677246,yahoo:^VXN
2005-10-06,16.790000915527344,yahoo:^VXN
2005-10-07,16.6200008392334,yahoo:^VXN
2005-10-10,17.280000686645508,yahoo:^VXN
2005-10-11,17.149999618530273,yahoo:^VXN
2005-10-12,17.760000228881836,yahoo:^VXN
2005-10-13,17.190000534057617,yahoo:^VXN
2005-10-14,16.229999542236328,yahoo:^VXN
2005-10-17,16.219999313354492,yahoo:^VXN
2005-10-18,16.479999542236328,yahoo:^VXN
2005-10-19,15.569999694824219,yahoo:^VXN
2005-10-20,16.290000915527344,yahoo:^VXN
2005-10-21,15.819999694824219,yahoo:^VXN
2005-10-24,15.229999542236328,yahoo:^VXN
2005-10-25,15.279999732971191,yahoo:^VXN
2005-10-26,15.869999885559082,yahoo:^VXN
2005-10-27,17.700000762939453,yahoo:^VXN
2005-10-28,17.520000457763672,yahoo:^VXN
2005-10-31,17.989999771118164,yahoo:^VXN
2005-11-01,17.389999389648438,yahoo:^VXN
2005-11-02,15.819999694824219,yahoo:^VXN
2005-11-03,15.649999618530273,yahoo:^VXN
2005-11-04,15.180000305175781,yahoo:^VXN
2005-11-07,15.670000076293945,yahoo:^VXN
2005-11-08,15.5600004196167,yahoo:^VXN
2005-11-09,15.869999885559082,yahoo:^VXN
2005-11-10,14.609999656677246,yahoo:^VXN
2005-11-11,14.210000038146973,yahoo:^VXN
2005-11-14,14.680000305175781,yahoo:^VXN
2005-11-15,14.789999961853027,yahoo:^VXN
2005-11-16,13.960000038146973,yahoo:^VXN
2005-11-17,13.279999732971191,yahoo:^VXN
2005-11-18,14.359999656677246,yahoo:^VXN
2005-11-21,14.109999656677246,yahoo:^VXN
2005-11-22,14.010000228881836,yahoo:^VXN
2005-11-23,14.15999984741211,yahoo:^VXN
2005-11-25,13.890000343322754,yahoo:^VXN
2005-11-28,14.779999732971191,yahoo:^VXN
2005-11-29,15.399999618530273,yahoo:^VXN
2005-11-30,15.3100004196167,yahoo:^VXN
2005-12-01,14.420000076293945,yahoo:^VXN
2005-12-02,13.920000076293945,yahoo:^VXN
2005-12-05,14.600000381469727,yahoo:^VXN
2005-12-06,14.359999656677246,yahoo:^VXN
2005-12-07,14.979999542236328,yahoo:^VXN
2005-12-08,15.4399995803833,yahoo:^VXN
2005-12-09,15.140000343322754,yahoo:^VXN
2005-12-12,14.829999923706055,yahoo:^VXN
2005-12-13,14.220000267028809,yahoo:^VXN
2005-12-14,13.789999961853027,yahoo:^VXN
2005-12-15,13.989999771118164,yahoo:^VXN
2005-12-16,13.1899995803833,yahoo:^VXN
2005-12-19,14.229999542236328,yahoo:^VXN
2005-12-20,14.140000343322754,yahoo:^VXN
2005-12-21,13.970000267028809,yahoo:^VXN
2005-12-22,13.670000076293945,yahoo:^VXN
2005-12-23,13.600000381469727,yahoo:^VXN
2005-12-27,14.649999618530273,yahoo:^VXN
2005-12-28,14.479999542236328,yahoo:^VXN
2005-12-29,14.619999885559082,yahoo:^VXN
2005-12-30,14.260000228881836,yahoo:^VXN
2006-01-03,14.6899995803833,yahoo:^VXN
2006-01-04,14.850000381469727,yahoo:^VXN
2006-01-05,15.010000228881836,yahoo:^VXN
2006-01-06,14.949999809265137,yahoo:^VXN
2006-01-09,15.65999984741211,yahoo:^VXN
2006-01-10,15.770000457763672,yahoo:^VXN
2006-01-11,15.229999542236328,yahoo:^VXN
2006-01-12,16.239999771118164,yahoo:^VXN
2006-01-13,15.920000076293945,yahoo:^VXN
2006-01-17,16.739999771118164,yahoo:^VXN
2006-01-18,17.110000610351562,yahoo:^VXN
2006-01-19,16.510000228881836,yahoo:^VXN
2006-01-20,19.450000762939453,yahoo:^VXN
2006-01-23,19.43000030517578,yahoo:^VXN
2006-01-24,18.3700008392334,yahoo:^VXN
2006-01-25,17.93000030517578,yahoo:^VXN
2006-01-26,17.549999237060547,yahoo:^VXN
2006-01-27,17.309999465942383,yahoo:^VXN
2006-01-30,17.889999389648438,yahoo:^VXN
2006-01-31,18.579999923706055,yahoo:^VXN
2006-02-01,17.1200008392334,yahoo:^VXN
2006-02-02,17.790000915527344,yahoo:^VXN
2006-02-03,17.530000686645508,yahoo:^VXN
2006-02-06,17.6200008392334,yahoo:^VXN
2006-02-07,17.65999984741211,yahoo:^VXN
2006-02-08,17.059999465942383,yahoo:^VXN
2006-02-09,17.139999389648438,yahoo:^VXN
2006-02-10,16.8799991607666,yahoo:^VXN
2006-02-13,17.389999389648438,yahoo:^VXN
2006-02-14,16.90999984741211,yahoo:^VXN
2006-02-15,16.049999237060547,yahoo:^VXN
2006-02-16,14.930000305175781,yahoo:^VXN
2006-02-17,15.109999656677246,yahoo:^VXN
2006-02-21,15.25,yahoo:^VXN
2006-02-22,15.34000015258789,yahoo:^VXN
2006-02-23,15.59000015258789,yahoo:^VXN
2006-02-24,15.15999984741211,yahoo:^VXN
2006-02-27,14.970000267028809,yahoo:^VXN
2006-02-28,15.989999771118164,yahoo:^VXN
2006-03-01,15.489999771118164,yahoo:^VXN
2006-03-02,15.989999771118164,yahoo:^VXN
2006-03-03,16.270000457763672,yahoo:^VXN
2006-03-06,17.520000457763672,yahoo:^VXN
2006-03-07,17.700000762939453,yahoo:^VXN
2006-03-08,17.469999313354492,yahoo:^VXN
2006-03-09,17.790000915527344,yahoo:^VXN
2006-03-10,17.6200008392334,yahoo:^VXN
2006-03-13,17.25,yahoo:^VXN
2006-03-14,15.720000267028809,yahoo:^VXN
2006-03-15,15.4399995803833,yahoo:^VXN
2006-03-16,15.619999885559082,yahoo:^VXN
2006-03-17,15.359999656677246,yahoo:^VXN
2006-03-20,15.930000305175781,yahoo:^VXN
2006-03-21,16.040000915527344,yahoo:^VXN
2006-03-22,16.100000381469727,yahoo:^VXN
2006-03-23,16.030000686645508,yahoo:^VXN
2006-03-24,15.90999984741211,yahoo:^VXN
2006-03-27,16.110000610351562,yahoo:^VXN
2006-03-28,16.299999237060547,yahoo:^VXN
2006-03-29,15.8100004196167,yahoo:^VXN
2006-03-30,16.139999389648438,yahoo:^VXN
2006-03-31,16.309999465942383,yahoo:^VXN
2006-04-03,16.520000457763672,yahoo:^VXN
2006-04-04,16.260000228881836,yahoo:^VXN
2006-04-05,15.920000076293945,yahoo:^VXN
2006-04-06,15.630000114440918,yahoo:^VXN
2006-04-07,15.880000114440918,yahoo:^VXN
2006-04-10,16.399999618530273,yahoo:^VXN
2006-04-11,17.040000915527344,yahoo:^VXN
2006-04-12,17.040000915527344,yahoo:^VXN
2006-04-13,16.34000015258789,yahoo:^VXN
2006-04-17,17.309999465942383,yahoo:^VXN
2006-04-18,16.34000015258789,yahoo:^VXN
2006-04-19,15.210000038146973,yahoo:^VXN
2006-04-20,15.520000457763672,yahoo:^VXN
2006-04-21,15.920000076293945,yahoo:^VXN
2006-04-24,15.609999656677246,yahoo:^VXN
2006-04-25,15.59000015258789,yahoo:^VXN
2006-04-26,15.550000190734863,yahoo:^VXN
2006-04-27,15.210000038146973,yahoo:^VXN
2006-04-28,15.510000228881836,yahoo:^VXN
2006-05-01,16.329999923706055,yahoo:^VXN
2006-05-02,15.789999961853027,yahoo:^VXN
2006-05-03,15.579999923706055,yahoo:^VXN
2006-05-04,14.9399995803833,yahoo:^VXN
2006-05-05,14.430000305175781,yahoo:^VXN
2006-05-08,14.770000457763672,yahoo:^VXN
2006-05-09,14.640000343322754,yahoo:^VXN
2006-05-10,14.850000381469727,yahoo:^VXN
2006-05-11,15.720000267028809,yahoo:^VXN
2006-05-12,17.100000381469727,yahoo:^VXN
2006-05-15,18.040000915527344,yahoo:^VXN
2006-05-16,17.329999923706055,yahoo:^VXN
2006-05-17,19.559999465942383,yahoo:^VXN
2006-05-18,20.309999465942383,yahoo:^VXN
2006-05-19,20.950000762939453,yahoo:^VXN
2006-05-22,22.540000915527344,yahoo:^VXN
2006-05-23,22.18000030517578,yahoo:^VXN
2006-05-24,21.90999984741211,yahoo:^VXN
2006-05-25,19.690000534057617,yahoo:^VXN
2006-05-26,18.579999923706055,yahoo:^VXN
2006-05-30,22.100000381469727,yahoo:^VXN
2006-05-31,21.459999084472656,yahoo:^VXN
2006-06-01,18.860000610351562,yahoo:^VXN
2006-06-02,18.3799991607666,yahoo:^VXN
2006-06-05,20.899999618530273,yahoo:^VXN
2006-06-06,22.18000030517578,yahoo:^VXN
2006-06-07,23.540000915527344,yahoo:^VXN
2006-06-08,24.610000610351562,yahoo:^VXN
2006-06-09,23.219999313354492,yahoo:^VXN
2006-06-12,25.639999389648438,yahoo:^VXN
2006-06-13,25.729999542236328,yahoo:^VXN
2006-06-14,24.360000610351562,yahoo:^VXN
2006-06-15,19.469999313354492,yahoo:^VXN
2006-06-16,21.690000534057617,yahoo:^VXN
2006-06-19,22.040000915527344,yahoo:^VXN
2006-06-20,21.030000686645508,yahoo:^VXN
2006-06-21,19.65999984741211,yahoo:^VXN
2006-06-22,20.809999465942383,yahoo:^VXN
2006-06-23,20.360000610351562,yahoo:^VXN
2006-06-26,20.829999923706055,yahoo:^VXN
2006-06-27,22.110000610351562,yahoo:^VXN
2006-06-28,21.450000762939453,yahoo:^VXN
2006-06-29,17.93000030517578,yahoo:^VXN
2006-06-30,17.889999389648438,yahoo:^VXN
2006-07-03,17.68000030517578,yahoo:^VXN
2006-07-05,19.780000686645508,yahoo:^VXN
2006-07-06,19.799999237060547,yahoo:^VXN
2006-07-07,20.170000076293945,yahoo:^VXN
2006-07-10,20.81999969482422,yahoo:^VXN
2006-07-11,20.18000030517578,yahoo:^VXN
2006-07-12,22.06999969482422,yahoo:^VXN
2006-07-13,24.65999984741211,yahoo:^VXN
2006-07-14,24.6200008392334,yahoo:^VXN
2006-07-17,24.520000457763672,yahoo:^VXN
2006-07-18,23.889999389648438,yahoo:^VXN
2006-07-19,22.829999923706055,yahoo:^VXN
2006-07-20,23.219999313354492,yahoo:^VXN
2006-07-21,23.200000762939453,yahoo:^VXN
2006-07-24,21.780000686645508,yahoo:^VXN
2006-07-25,21.520000457763672,yahoo:^VXN
2006-07-26,20.690000534057617,yahoo:^VXN
2006-07-27,20.790000915527344,yahoo:^VXN
2006-07-28,19.260000228881836,yahoo:^VXN
2006-07-31,20.329999923706055,yahoo:^VXN
2006-08-01,21.3799991607666,yahoo:^VXN
2006-08-02,20.850000381469727,yahoo:^VXN
2006-08-03,21.1200008392334,yahoo:^VXN
2006-08-04,21.6299991607666,yahoo:^VXN
2006-08-07,22.8700008392334,yahoo:^VXN
2006-08-08,22.850000381469727,yahoo:^VXN
2006-08-09,21.600000381469727,yahoo:^VXN
2006-08-10,20.860000610351562,yahoo:^VXN
2006-08-11,20.059999465942383,yahoo:^VXN
2006-08-14,19.110000610351562,yahoo:^VXN
2006-08-15,18.489999771118164,yahoo:^VXN
2006-08-16,18.989999771118164,yahoo:^VXN
2006-08-17,18.959999084472656,yahoo:^VXN
2006-08-18,18.450000762939453,yahoo:^VXN
2006-08-21,19.8700008392334,yahoo:^VXN
2006-08-22,19.959999084472656,yahoo:^VXN
2006-08-23,20.610000610351562,yahoo:^VXN
2006-08-24,19.520000457763672,yahoo:^VXN
2006-08-25,16.979999542236328,yahoo:^VXN
2006-08-28,17.229999542236328,yahoo:^VXN
2006-08-29,17.290000915527344,yahoo:^VXN
2006-08-30,16.799999237060547,yahoo:^VXN
2006-08-31,17.389999389648438,yahoo:^VXN
2006-09-01,16.799999237060547,yahoo:^VXN
2006-09-05,18.350000381469727,yahoo:^VXN
2006-09-06,20.190000534057617,yahoo:^VXN
2006-09-07,20.3700008392334,yahoo:^VXN
2006-09-08,19.81999969482422,yahoo:^VXN
2006-09-11,19.709999084472656,yahoo:^VXN
2006-09-12,18.260000228881836,yahoo:^VXN
2006-09-13,17.59000015258789,yahoo:^VXN
2006-09-14,17.489999771118164,yahoo:^VXN
2006-09-15,17.75,yahoo:^VXN
2006-09-18,18.450000762939453,yahoo:^VXN
2006-09-19,18.260000228881836,yahoo:^VXN
2006-09-20,18.450000762939453,yahoo:^VXN
2006-09-21,18.200000762939453,yahoo:^VXN
2006-09-22,18.350000381469727,yahoo:^VXN
2006-09-25,17.719999313354492,yahoo:^VXN
2006-09-26,17.65999984741211,yahoo:^VXN
2006-09-27,17.40999984741211,yahoo:^VXN
2006-09-28,17.020000457763672,yahoo:^VXN
2006-09-29,17.68000030517578,yahoo:^VXN
2006-10-02,19.440000534057617,yahoo:^VXN
2006-10-03,19.780000686645508,yahoo:^VXN
2006-10-04,18.520000457763672,yahoo:^VXN
2006-10-05,18.149999618530273,yahoo:^VXN
2006-10-06,18.030000686645508,yahoo:^VXN
2006-10-09,18.280000686645508,yahoo:^VXN
2006-10-10,18.860000610351562,yahoo:^VXN
2006-10-11,18.510000228881836,yahoo:^VXN
2006-10-12,17.639999389648438,yahoo:^VXN
2006-10-13,17.829999923706055,yahoo:^VXN
2006-10-16,18.450000762939453,yahoo:^VXN
2006-10-17,18.8799991607666,yahoo:^VXN
2006-10-18,18.09000015258789,yahoo:^VXN
2006-10-19,16.93000030517578,yahoo:^VXN
2006-10-20,16.700000762939453,yahoo:^VXN
2006-10-23,17.510000228881836,yahoo:^VXN
2006-10-24,17.25,yahoo:^VXN
2006-10-25,16.780000686645508,yahoo:^VXN
2006-10-26,16.59000015258789,yahoo:^VXN
2006-10-27,17.40999984741211,yahoo:^VXN
2006-10-30,17.989999771118164,yahoo:^VXN
2006-10-31,17.299999237060547,yahoo:^VXN
2006-11-01,17.979999542236328,yahoo:^VXN
2006-11-02,18.1200008392334,yahoo:^VXN
2006-11-03,17.229999542236328,yahoo:^VXN
2006-11-06,17.389999389648438,yahoo:^VXN
2006-11-07,17.510000228881836,yahoo:^VXN
2006-11-08,16.389999389648438,yahoo:^VXN
2006-11-09,16.65999984741211,yahoo:^VXN
2006-11-10,15.520000457763672,yahoo:^VXN
2006-11-13,16.200000762939453,yahoo:^VXN
2006-11-14,15.359999656677246,yahoo:^VXN
2006-11-15,15.399999618530273,yahoo:^VXN
2006-11-16,15.359999656677246,yahoo:^VXN
2006-11-17,15.3100004196167,yahoo:^VXN
2006-11-20,15.130000114440918,yahoo:^VXN
2006-11-21,15.050000190734863,yahoo:^VXN
2006-11-22,14.949999809265137,yahoo:^VXN
2006-11-24,15.59000015258789,yahoo:^VXN
2006-11-27,17.600000381469727,yahoo:^VXN
2006-11-28,17.329999923706055,yahoo:^VXN
2006-11-29,16.780000686645508,yahoo:^VXN
2006-11-30,16.530000686645508,yahoo:^VXN
2006-12-01,16.600000381469727,yahoo:^VXN
2006-12-04,16.489999771118164,yahoo:^VXN
2006-12-05,16.200000762939453,yahoo:^VXN
2006-12-06,16.459999084472656,yahoo:^VXN
2006-12-07,17.93000030517578,yahoo:^VXN
2006-12-08,17.139999389648438,yahoo:^VXN
2006-12-11,15.539999961853027,yahoo:^VXN
2006-12-12,15.25,yahoo:^VXN
2006-12-13,14.899999618530273,yahoo:^VXN
2006-12-14,14.09000015258789,yahoo:^VXN
2006-12-15,15.149999618530273,yahoo:^VXN
2006-12-18,16.219999313354492,yahoo:^VXN
2006-12-19,16.549999237060547,yahoo:^VXN
2006-12-20,16.06999969482422,yahoo:^VXN
2006-12-21,16.40999984741211,yahoo:^VXN
2006-12-22,17.200000762939453,yahoo:^VXN
2006-12-26,17.440000534057617,yahoo:^VXN
2006-12-27,16.459999084472656,yahoo:^VXN
2006-12-28,16.31999969482422,yahoo:^VXN
2006-12-29,16.229999542236328,yahoo:^VXN
2007-01-03,17.5,yahoo:^VXN
2007-01-04,16.989999771118164,yahoo:^VXN
2007-01-05,17.899999618530273,yahoo:^VXN
2007-01-08,18.350000381469727,yahoo:^VXN
2007-01-09,17.889999389648438,yahoo:^VXN
2007-01-10,17.25,yahoo:^VXN
2007-01-11,17.020000457763672,yahoo:^VXN
2007-01-12,16.559999465942383,yahoo:^VXN
2007-01-16,17.280000686645508,yahoo:^VXN
2007-01-17,16.920000076293945,yahoo:^VXN
2007-01-18,17.6299991607666,yahoo:^VXN
2007-01-19,16.809999465942383,yahoo:^VXN
2007-01-22,17.649999618530273,yahoo:^VXN
2007-01-23,17.34000015258789,yahoo:^VXN
2007-01-24,16.610000610351562,yahoo:^VXN
2007-01-25,17.6299991607666,yahoo:^VXN
2007-01-26,17.520000457763672,yahoo:^VXN
2007-01-29,18.15999984741211,yahoo:^VXN
2007-01-30,17.979999542236328,yahoo:^VXN
2007-01-31,17.190000534057617,yahoo:^VXN
2007-02-01,17.110000610351562,yahoo:^VXN
2007-02-02,16.43000030517578,yahoo:^VXN
2007-02-05,16.84000015258789,yahoo:^VXN
2007-02-06,16.610000610351562,yahoo:^VXN
2007-02-07,16.170000076293945,yahoo:^VXN
2007-02-08,16.139999389648438,yahoo:^VXN
2007-02-09,17.110000610351562,yahoo:^VXN
2007-02-12,17.34000015258789,yahoo:^VXN
2007-02-13,15.829999923706055,yahoo:^VXN
2007-02-14,15.369999885559082,yahoo:^VXN
2007-02-15,15.270000457763672,yahoo:^VXN
2007-02-16,14.829999923706055,yahoo:^VXN
2007-02-20,15.770000457763672,yahoo:^VXN
2007-02-21,15.380000114440918,yahoo:^VXN
2007-02-22,15.300000190734863,yahoo:^VXN
2007-02-23,15.319999694824219,yahoo:^VXN
2007-02-26,15.989999771118164,yahoo:^VXN
2007-02-27,22.969999313354492,yahoo:^VXN
2007-02-28,20.530000686645508,yahoo:^VXN
2007-03-01,21.510000228881836,yahoo:^VXN
2007-03-02,23.65999984741211,yahoo:^VXN
2007-03-05,24.610000610351562,yahoo:^VXN
2007-03-06,21.190000534057617,yahoo:^VXN
2007-03-07,20.559999465942383,yahoo:^VXN
2007-03-08,19.790000915527344,yahoo:^VXN
2007-03-09,18.940000534057617,yahoo:^VXN
2007-03-12,18.520000457763672,yahoo:^VXN
2007-03-13,22.040000915527344,yahoo:^VXN
2007-03-14,19.770000457763672,yahoo:^VXN
2007-03-15,18.790000915527344,yahoo:^VXN
2007-03-16,19.600000381469727,yahoo:^VXN
2007-03-19,18.3799991607666,yahoo:^VXN
2007-03-20,17.600000381469727,yahoo:^VXN
2007-03-21,17.200000762939453,yahoo:^VXN
2007-03-22,16.770000457763672,yahoo:^VXN
2007-03-23,17.170000076293945,yahoo:^VXN
2007-03-26,17.0,yahoo:^VXN
2007-03-27,17.200000762939453,yahoo:^VXN
2007-03-28,18.559999465942383,yahoo:^VXN
2007-03-29,18.530000686645508,yahoo:^VXN
2007-03-30,18.239999771118164,yahoo:^VXN
2007-04-02,18.600000381469727,yahoo:^VXN
2007-04-03,17.690000534057617,yahoo:^VXN
2007-04-04,17.100000381469727,yahoo:^VXN
2007-04-05,16.75,yahoo:^VXN
2007-04-09,17.770000457763672,yahoo:^VXN
2007-04-10,17.020000457763672,yahoo:^VXN
2007-04-11,17.739999771118164,yahoo:^VXN
2007-04-12,17.420000076293945,yahoo:^VXN
2007-04-13,16.84000015258789,yahoo:^VXN
2007-04-16,16.440000534057617,yahoo:^VXN
2007-04-17,16.079999923706055,yahoo:^VXN
2007-04-18,16.290000915527344,yahoo:^VXN
2007-04-19,16.299999237060547,yahoo:^VXN
2007-04-20,15.710000038146973,yahoo:^VXN
2007-04-23,16.3799991607666,yahoo:^VXN
2007-04-24,16.3700008392334,yahoo:^VXN
2007-04-25,16.360000610351562,yahoo:^VXN
2007-04-26,15.970000267028809,yahoo:^VXN
2007-04-27,15.460000038146973,yahoo:^VXN
2007-04-30,17.260000228881836,yahoo:^VXN
2007-05-01,16.940000534057617,yahoo:^VXN
2007-05-02,16.700000762939453,yahoo:^VXN
2007-05-03,16.600000381469727,yahoo:^VXN
2007-05-04,16.59000015258789,yahoo:^VXN
2007-05-07,16.979999542236328,yahoo:^VXN
2007-05-08,17.059999465942383,yahoo:^VXN
2007-05-09,16.290000915527344,yahoo:^VXN
2007-05-10,17.3799991607666,yahoo:^VXN
2007-05-11,16.09000015258789,yahoo:^VXN
2007-05-14,16.829999923706055,yahoo:^VXN
2007-05-15,17.09000015258789,yahoo:^VXN
2007-05-16,16.309999465942383,yahoo:^VXN
2007-05-17,16.75,yahoo:^VXN
2007-05-18,15.90999984741211,yahoo:^VXN
2007-05-21,16.030000686645508,yahoo:^VXN
2007-05-22,16.06999969482422,yahoo:^VXN
2007-05-23,16.93000030517578,yahoo:^VXN
2007-05-24,18.020000457763672,yahoo:^VXN
2007-05-25,17.06999969482422,yahoo:^VXN
2007-05-29,17.56999969482422,yahoo:^VXN
2007-05-30,16.84000015258789,yahoo:^VXN
2007-05-31,16.860000610351562,yahoo:^VXN
2007-06-01,16.579999923706055,yahoo:^VXN
2007-06-04,16.59000015258789,yahoo:^VXN
2007-06-05,16.440000534057617,yahoo:^VXN
2007-06-06,17.200000762939453,yahoo:^VXN
2007-06-07,19.299999237060547,yahoo:^VXN
2007-06-08,17.1200008392334,yahoo:^VXN
2007-06-11,16.290000915527344,yahoo:^VXN
2007-06-12,17.700000762939453,yahoo:^VXN
2007-06-13,15.8100004196167,yahoo:^VXN
2007-06-14,15.430000305175781,yahoo:^VXN
2007-06-15,15.9399995803833,yahoo:^VXN
2007-06-18,15.859999656677246,yahoo:^VXN
2007-06-19,15.529999732971191,yahoo:^VXN
2007-06-20,16.68000030517578,yahoo:^VXN
2007-06-21,16.209999084472656,yahoo:^VXN
2007-06-22,17.290000915527344,yahoo:^VXN
2007-06-25,18.06999969482422,yahoo:^VXN
2007-06-26,19.59000015258789,yahoo:^VXN
2007-06-27,17.360000610351562,yahoo:^VXN
2007-06-28,16.90999984741211,yahoo:^VXN
2007-06-29,17.860000610351562,yahoo:^VXN
2007-07-02,17.0,yahoo:^VXN
2007-07-03,16.700000762939453,yahoo:^VXN
2007-07-05,17.09000015258789,yahoo:^VXN
2007-07-06,16.520000457763672,yahoo:^VXN
2007-07-09,17.079999923706055,yahoo:^VXN
2007-07-10,18.610000610351562,yahoo:^VXN
2007-07-11,17.540000915527344,yahoo:^VXN
2007-07-12,17.25,yahoo:^VXN
2007-07-13,16.440000534057617,yahoo:^VXN
2007-07-16,16.549999237060547,yahoo:^VXN
2007-07-17,16.950000762939453,yahoo:^VXN
2007-07-18,16.770000457763672,yahoo:^VXN
2007-07-19,16.549999237060547,yahoo:^VXN
2007-07-20,17.489999771118164,yahoo:^VXN
2007-07-23,17.850000381469727,yahoo:^VXN
2007-07-24,19.309999465942383,yahoo:^VXN
2007-07-25,18.920000076293945,yahoo:^VXN
2007-07-26,19.5,yahoo:^VXN
2007-07-27,23.18000030517578,yahoo:^VXN
2007-07-30,20.760000228881836,yahoo:^VXN
2007-07-31,23.549999237060547,yahoo:^VXN
2007-08-01,23.780000686645508,yahoo:^VXN
2007-08-02,21.239999771118164,yahoo:^VXN
2007-08-03,24.420000076293945,yahoo:^VXN
2007-08-06,22.43000030517578,yahoo:^VXN
2007-08-07,21.079999923706055,yahoo:^VXN
2007-08-08,20.969999313354492,yahoo:^VXN
2007-08-09,26.229999542236328,yahoo:^VXN
2007-08-10,26.84000015258789,yahoo:^VXN
2007-08-13,24.56999969482422,yahoo:^VXN
2007-08-14,24.969999313354492,yahoo:^VXN
2007-08-15,27.969999313354492,yahoo:^VXN
2007-08-16,29.030000686645508,yahoo:^VXN
2007-08-17,27.040000915527344,yahoo:^VXN
2007-08-20,25.200000762939453,yahoo:^VXN
2007-08-21,23.670000076293945,yahoo:^VXN
2007-08-22,22.0,yahoo:^VXN
2007-08-23,22.030000686645508,yahoo:^VXN
2007-08-24,20.690000534057617,yahoo:^VXN
2007-08-27,22.6299991607666,yahoo:^VXN
2007-08-28,25.899999618530273,yahoo:^VXN
2007-08-29,23.610000610351562,yahoo:^VXN
2007-08-30,25.3799991607666,yahoo:^VXN
2007-08-31,24.530000686645508,yahoo:^VXN
2007-09-04,24.510000228881836,yahoo:^VXN
2007-09-05,27.149999618530273,yahoo:^VXN
2007-09-06,26.639999389648438,yahoo:^VXN
2007-09-07,29.219999313354492,yahoo:^VXN
2007-09-10,29.940000534057617,yahoo:^VXN
2007-09-11,27.520000457763672,yahoo:^VXN
2007-09-12,28.020000457763672,yahoo:^VXN
2007-09-13,27.440000534057617,yahoo:^VXN
2007-09-14,26.959999084472656,yahoo:^VXN
2007-09-17,28.739999771118164,yahoo:^VXN
2007-09-18,23.280000686645508,yahoo:^VXN
2007-09-19,22.510000228881836,yahoo:^VXN
2007-09-20,21.969999313354492,yahoo:^VXN
2007-09-21,20.709999084472656,yahoo:^VXN
2007-09-24,20.829999923706055,yahoo:^VXN
2007-09-25,20.799999237060547,yahoo:^VXN
2007-09-26,20.59000015258789,yahoo:^VXN
2007-09-27,20.59000015258789,yahoo:^VXN
2007-09-28,21.010000228881836,yahoo:^VXN
2007-10-01,21.09000015258789,yahoo:^VXN
2007-10-02,21.260000228881836,yahoo:^VXN
2007-10-03,21.549999237060547,yahoo:^VXN
2007-10-04,21.459999084472656,yahoo:^VXN
2007-10-05,19.770000457763672,yahoo:^VXN
2007-10-08,20.25,yahoo:^VXN
2007-10-09,19.420000076293945,yahoo:^VXN
2007-10-10,19.729999542236328,yahoo:^VXN
2007-10-11,22.420000076293945,yahoo:^VXN
2007-10-12,21.200000762939453,yahoo:^VXN
2007-10-15,23.459999084472656,yahoo:^VXN
2007-10-16,23.559999465942383,yahoo:^VXN
2007-10-17,22.020000457763672,yahoo:^VXN
2007-10-18,22.139999389648438,yahoo:^VXN
2007-10-19,25.940000534057617,yahoo:^VXN
2007-10-22,25.260000228881836,yahoo:^VXN
2007-10-23,24.1299991607666,yahoo:^VXN
2007-10-24,24.799999237060547,yahoo:^VXN
2007-10-25,25.770000457763672,yahoo:^VXN
2007-10-26,25.010000228881836,yahoo:^VXN
2007-10-29,25.829999923706055,yahoo:^VXN
2007-10-30,26.360000610351562,yahoo:^VXN
2007-10-31,23.110000610351562,yahoo:^VXN
2007-11-01,26.260000228881836,yahoo:^VXN
2007-11-02,24.829999923706055,yahoo:^VXN
2007-11-05,26.100000381469727,yahoo:^VXN
2007-11-06,23.90999984741211,yahoo:^VXN
2007-11-07,27.139999389648438,yahoo:^VXN
2007-11-08,29.610000610351562,yahoo:^VXN
2007-11-09,32.52000045776367,yahoo:^VXN
2007-11-12,34.939998626708984,yahoo:^VXN
2007-11-13,29.709999084472656,yahoo:^VXN
2007-11-14,31.31999969482422,yahoo:^VXN
2007-11-15,32.90999984741211,yahoo:^VXN
2007-11-16,28.790000915527344,yahoo:^VXN
2007-11-19,30.110000610351562,yahoo:^VXN
2007-11-20,29.889999389648438,yahoo:^VXN
2007-11-21,30.549999237060547,yahoo:^VXN
2007-11-23,30.489999771118164,yahoo:^VXN
2007-11-26,33.43000030517578,yahoo:^VXN
2007-11-27,30.760000228881836,yahoo:^VXN
2007-11-28,28.829999923706055,yahoo:^VXN
2007-11-29,28.270000457763672,yahoo:^VXN
2007-11-30,28.649999618530273,yahoo:^VXN
2007-12-03,29.6299991607666,yahoo:^VXN
2007-12-04,28.850000381469727,yahoo:^VXN
2007-12-05,26.90999984741211,yahoo:^VXN
2007-12-06,24.889999389648438,yahoo:^VXN
2007-12-07,23.75,yahoo:^VXN
2007-12-10,24.389999389648438,yahoo:^VXN
2007-12-11,26.459999084472656,yahoo:^VXN
2007-12-12,25.969999313354492,yahoo:^VXN
2007-12-13,25.520000457763672,yahoo:^VXN
2007-12-14,25.90999984741211,yahoo:^VXN
2007-12-17,27.889999389648438,yahoo:^VXN
2007-12-18,26.790000915527344,yahoo:^VXN
2007-12-19,24.8799991607666,yahoo:^VXN
2007-12-20,23.149999618530273,yahoo:^VXN
2007-12-21,20.899999618530273,yahoo:^VXN
2007-12-24,21.420000076293945,yahoo:^VXN
2007-12-26,21.31999969482422,yahoo:^VXN
2007-12-27,22.459999084472656,yahoo:^VXN
2007-12-28,23.6299991607666,yahoo:^VXN
2007-12-31,25.899999618530273,yahoo:^VXN
2008-01-02,27.139999389648438,yahoo:^VXN
2008-01-03,26.59000015258789,yahoo:^VXN
2008-01-04,28.6200008392334,yahoo:^VXN
2008-01-07,29.389999389648438,yahoo:^VXN
2008-01-08,30.770000457763672,yahoo:^VXN
2008-01-09,28.18000030517578,yahoo:^VXN
2008-01-10,27.780000686645508,yahoo:^VXN
2008-01-11,28.81999969482422,yahoo:^VXN
2008-01-14,28.079999923706055,yahoo:^VXN
2008-01-15,27.479999542236328,yahoo:^VXN
2008-01-16,28.8700008392334,yahoo:^VXN
2008-01-17,31.15999984741211,yahoo:^VXN
2008-01-18,30.229999542236328,yahoo:^VXN
2008-01-22,35.630001068115234,yahoo:^VXN
2008-01-23,34.02000045776367,yahoo:^VXN
2008-01-24,32.220001220703125,yahoo:^VXN
2008-01-25,33.810001373291016,yahoo:^VXN
2008-01-28,32.560001373291016,yahoo:^VXN
2008-01-29,32.849998474121094,yahoo:^VXN
2008-01-30,31.799999237060547,yahoo:^VXN
2008-01-31,31.079999923706055,yahoo:^VXN
2008-02-01,28.25,yahoo:^VXN
2008-02-04,30.459999084472656,yahoo:^VXN
2008-02-05,32.439998626708984,yahoo:^VXN
2008-02-06,32.68000030517578,yahoo:^VXN
2008-02-07,31.559999465942383,yahoo:^VXN
2008-02-08,30.079999923706055,yahoo:^VXN
2008-02-11,29.09000015258789,yahoo:^VXN
2008-02-12,28.219999313354492,yahoo:^VXN
2008-02-13,25.350000381469727,yahoo:^VXN
2008-02-14,26.520000457763672,yahoo:^VXN
2008-02-15,26.690000534057617,yahoo:^VXN
2008-02-19,27.989999771118164,yahoo:^VXN
2008-02-20,27.09000015258789,yahoo:^VXN
2008-02-21,26.920000076293945,yahoo:^VXN
2008-02-22,26.299999237060547,yahoo:^VXN
2008-02-25,26.670000076293945,yahoo:^VXN
2008-02-26,25.950000762939453,yahoo:^VXN
2008-02-27,25.059999465942383,yahoo:^VXN
2008-02-28,26.600000381469727,yahoo:^VXN
2008-02-29,28.440000534057617,yahoo:^VXN
2008-03-03,29.469999313354492,yahoo:^VXN
2008-03-04,28.260000228881836,yahoo:^VXN
2008-03-05,27.520000457763672,yahoo:^VXN
2008-03-06,29.989999771118164,yahoo:^VXN
2008-03-07,29.25,yahoo:^VXN
2008-03-10,31.3799991607666,yahoo:^VXN
2008-03-11,28.559999465942383,yahoo:^VXN
2008-03-12,30.049999237060547,yahoo:^VXN
2008-03-13,29.860000610351562,yahoo:^VXN
2008-03-14,32.0099983215332,yahoo:^VXN
2008-03-17,32.9900016784668,yahoo:^VXN
2008-03-18,28.450000762939453,yahoo:^VXN
2008-03-19,31.280000686645508,yahoo:^VXN
2008-03-20,29.049999237060547,yahoo:^VXN
2008-03-24,28.690000534057617,yahoo:^VXN
2008-03-25,29.06999969482422,yahoo:^VXN
2008-03-26,29.75,yahoo:^VXN
2008-03-27,29.549999237060547,yahoo:^VXN
2008-03-28,28.8700008392334,yahoo:^VXN
2008-03-31,29.040000915527344,yahoo:^VXN
2008-04-01,26.559999465942383,yahoo:^VXN
2008-04-02,27.270000457763672,yahoo:^VXN
2008-04-03,26.93000030517578,yahoo:^VXN
2008-04-04,25.600000381469727,yahoo:^VXN
2008-04-07,26.190000534057617,yahoo:^VXN
2008-04-08,26.030000686645508,yahoo:^VXN
2008-04-09,26.610000610351562,yahoo:^VXN
2008-04-10,25.770000457763672,yahoo:^VXN
2008-04-11,27.540000915527344,yahoo:^VXN
2008-04-14,28.280000686645508,yahoo:^VXN
2008-04-15,27.459999084472656,yahoo:^VXN
2008-04-16,25.549999237060547,yahoo:^VXN
2008-04-17,24.200000762939453,yahoo:^VXN
2008-04-18,23.579999923706055,yahoo:^VXN
2008-04-21,24.09000015258789,yahoo:^VXN
2008-04-22,24.540000915527344,yahoo:^VXN
2008-04-23,25.059999465942383,yahoo:^VXN
2008-04-24,23.719999313354492,yahoo:^VXN
2008-04-25,23.34000015258789,yahoo:^VXN
2008-04-28,23.649999618530273,yahoo:^VXN
2008-04-29,23.8700008392334,yahoo:^VXN
2008-04-30,24.40999984741211,yahoo:^VXN
2008-05-01,22.719999313354492,yahoo:^VXN
2008-05-02,21.389999389648438,yahoo:^VXN
2008-05-05,22.43000030517578,yahoo:^VXN
2008-05-06,21.8799991607666,yahoo:^VXN
2008-05-07,23.510000228881836,yahoo:^VXN
2008-05-08,23.18000030517578,yahoo:^VXN
2008-05-09,23.479999542236328,yahoo:^VXN
2008-05-12,22.459999084472656,yahoo:^VXN
2008-05-13,21.5,yahoo:^VXN
2008-05-14,21.469999313354492,yahoo:^VXN
2008-05-15,20.1299991607666,yahoo:^VXN
2008-05-16,20.0,yahoo:^VXN
2008-05-19,21.09000015258789,yahoo:^VXN
2008-05-20,21.3700008392334,yahoo:^VXN
2008-05-21,22.959999084472656,yahoo:^VXN
2008-05-22,22.489999771118164,yahoo:^VXN
2008-05-23,23.360000610351562,yahoo:^VXN
2008-05-27,22.989999771118164,yahoo:^VXN
2008-05-28,22.239999771118164,yahoo:^VXN
2008-05-29,21.280000686645508,yahoo:^VXN
2008-05-30,20.850000381469727,yahoo:^VXN
2008-06-02,22.8799991607666,yahoo:^VXN
2008-06-03,23.889999389648438,yahoo:^VXN
2008-06-04,24.010000228881836,yahoo:^VXN
2008-06-05,22.850000381469727,yahoo:^VXN
2008-06-06,26.040000915527344,yahoo:^VXN
2008-06-09,26.700000762939453,yahoo:^VXN
2008-06-10,26.579999923706055,yahoo:^VXN
2008-06-11,27.31999969482422,yahoo:^VXN
2008-06-12,27.399999618530273,yahoo:^VXN
2008-06-13,25.299999237060547,yahoo:^VXN
2008-06-16,25.020000457763672,yahoo:^VXN
2008-06-17,24.700000762939453,yahoo:^VXN
2008-06-18,25.799999237060547,yahoo:^VXN
2008-06-19,24.799999237060547,yahoo:^VXN
2008-06-20,26.75,yahoo:^VXN
2008-06-23,27.530000686645508,yahoo:^VXN
2008-06-24,28.139999389648438,yahoo:^VXN
2008-06-25,26.389999389648438,yahoo:^VXN
2008-06-26,29.059999465942383,yahoo:^VXN
2008-06-27,28.670000076293945,yahoo:^VXN
2008-06-30,29.760000228881836,yahoo:^VXN
2008-07-01,28.729999542236328,yahoo:^VXN
2008-07-02,30.920000076293945,yahoo:^VXN
2008-07-03,29.860000610351562,yahoo:^VXN
2008-07-07,30.3799991607666,yahoo:^VXN
2008-07-08,28.43000030517578,yahoo:^VXN
2008-07-09,30.270000457763672,yahoo:^VXN
2008-07-10,30.450000762939453,yahoo:^VXN
2008-07-11,31.670000076293945,yahoo:^VXN
2008-07-14,33.20000076293945,yahoo:^VXN
2008-07-15,33.0099983215332,yahoo:^VXN
2008-07-16,30.1299991607666,yahoo:^VXN
2008-07-17,29.8700008392334,yahoo:^VXN
2008-07-18,30.489999771118164,yahoo:^VXN
2008-07-21,29.690000534057617,yahoo:^VXN
2008-07-22,27.09000015258789,yahoo:^VXN
2008-07-23,27.440000534057617,yahoo:^VXN
2008-07-24,27.829999923706055,yahoo:^VXN
2008-07-25,26.6299991607666,yahoo:^VXN
2008-07-28,27.739999771118164,yahoo:^VXN
2008-07-29,26.149999618530273,yahoo:^VXN
2008-07-30,25.540000915527344,yahoo:^VXN
2008-07-31,26.239999771118164,yahoo:^VXN
2008-08-01,25.969999313354492,yahoo:^VXN
2008-08-04,27.559999465942383,yahoo:^VXN
2008-08-05,25.649999618530273,yahoo:^VXN
2008-08-06,24.350000381469727,yahoo:^VXN
2008-08-07,24.75,yahoo:^VXN
2008-08-08,24.239999771118164,yahoo:^VXN
2008-08-11,24.190000534057617,yahoo:^VXN
2008-08-12,24.510000228881836,yahoo:^VXN
2008-08-13,24.56999969482422,yahoo:^VXN
2008-08-14,22.600000381469727,yahoo:^VXN
2008-08-15,22.520000457763672,yahoo:^VXN
2008-08-18,23.59000015258789,yahoo:^VXN
2008-08-19,24.209999084472656,yahoo:^VXN
2008-08-20,23.530000686645508,yahoo:^VXN
2008-08-21,23.149999618530273,yahoo:^VXN
2008-08-22,22.3799991607666,yahoo:^VXN
2008-08-25,24.280000686645508,yahoo:^VXN
2008-08-26,24.030000686645508,yahoo:^VXN
2008-08-27,23.34000015258789,yahoo:^VXN
2008-08-28,23.149999618530273,yahoo:^VXN
2008-08-29,24.020000457763672,yahoo:^VXN
2008-09-02,26.149999618530273,yahoo:^VXN
2008-09-03,25.739999771118164,yahoo:^VXN
2008-09-04,27.559999465942383,yahoo:^VXN
2008-09-05,26.65999984741211,yahoo:^VXN
2008-09-08,27.420000076293945,yahoo:^VXN
2008-09-09,28.6299991607666,yahoo:^VXN
2008-09-10,27.760000228881836,yahoo:^VXN
2008-09-11,27.309999465942383,yahoo:^VXN
2008-09-12,28.209999084472656,yahoo:^VXN
2008-09-15,32.130001068115234,yahoo:^VXN
2008-09-16,31.0,yahoo:^VXN
2008-09-17,35.880001068115234,yahoo:^VXN
2008-09-18,32.81999969482422,yahoo:^VXN
2008-09-19,34.2599983215332,yahoo:^VXN
2008-09-22,35.459999084472656,yahoo:^VXN
2008-09-23,36.52000045776367,yahoo:^VXN
2008-09-24,36.400001525878906,yahoo:^VXN
2008-09-25,34.86000061035156,yahoo:^VXN
2008-09-26,36.849998474121094,yahoo:^VXN
2008-09-29,49.560001373291016,yahoo:^VXN
2008-09-30,42.58000183105469,yahoo:^VXN
2008-10-01,42.91999816894531,yahoo:^VXN
2008-10-02,49.529998779296875,yahoo:^VXN
2008-10-03,49.7599983215332,yahoo:^VXN
2008-10-06,55.36000061035156,yahoo:^VXN
2008-10-07,58.5099983215332,yahoo:^VXN
2008-10-08,63.27000045776367,yahoo:^VXN
2008-10-09,69.66000366210938,yahoo:^VXN
2008-10-10,71.58000183105469,yahoo:^VXN
2008-10-13,60.27000045776367,yahoo:^VXN
2008-10-14,62.77000045776367,yahoo:^VXN
2008-10-15,72.93000030517578,yahoo:^VXN
2008-10-16,72.38999938964844,yahoo:^VXN
2008-10-17,71.26000213623047,yahoo:^VXN
2008-10-20,59.650001525878906,yahoo:^VXN
2008-10-21,60.06999969482422,yahoo:^VXN
2008-10-22,63.209999084472656,yahoo:^VXN
2008-10-23,69.83999633789062,yahoo:^VXN
2008-10-24,78.81999969482422,yahoo:^VXN
2008-10-27,79.16000366210938,yahoo:^VXN
2008-10-28,66.19999694824219,yahoo:^VXN
2008-10-29,69.12999725341797,yahoo:^VXN
2008-10-30,63.189998626708984,yahoo:^VXN
2008-10-31,60.29999923706055,yahoo:^VXN
2008-11-03,56.220001220703125,yahoo:^VXN
2008-11-04,51.25,yahoo:^VXN
2008-11-05,55.43000030517578,yahoo:^VXN
2008-11-06,62.70000076293945,yahoo:^VXN
2008-11-07,55.13999938964844,yahoo:^VXN
2008-11-10,58.439998626708984,yahoo:^VXN
2008-11-11,60.83000183105469,yahoo:^VXN
2008-11-12,64.63999938964844,yahoo:^VXN
2008-11-13,58.029998779296875,yahoo:^VXN
2008-11-14,66.05000305175781,yahoo:^VXN
2008-11-17,68.5999984741211,yahoo:^VXN
2008-11-18,68.30999755859375,yahoo:^VXN
2008-11-19,74.66000366210938,yahoo:^VXN
2008-11-20,80.63999938964844,yahoo:^VXN
2008-11-21,71.19999694824219,yahoo:^VXN
2008-11-24,62.91999816894531,yahoo:^VXN
2008-11-25,59.709999084472656,yahoo:^VXN
2008-11-26,55.2599983215332,yahoo:^VXN
2008-11-28,56.04999923706055,yahoo:^VXN
2008-12-01,66.3499984741211,yahoo:^VXN
2008-12-02,62.47999954223633,yahoo:^VXN
2008-12-03,61.7400016784668,yahoo:^VXN
2008-12-04,62.59000015258789,yahoo:^VXN
2008-12-05,58.959999084472656,yahoo:^VXN
2008-12-08,57.16999816894531,yahoo:^VXN
2008-12-09,56.59000015258789,yahoo:^VXN
2008-12-10,53.81999969482422,yahoo:^VXN
2008-12-11,52.060001373291016,yahoo:^VXN
2008-12-12,51.90999984741211,yahoo:^VXN
2008-12-15,54.709999084472656,yahoo:^VXN
2008-12-16,50.220001220703125,yahoo:^VXN
2008-12-17,48.040000915527344,yahoo:^VXN
2008-12-18,46.029998779296875,yahoo:^VXN
2008-12-19,43.5,yahoo:^VXN
2008-12-22,41.90999984741211,yahoo:^VXN
2008-12-23,43.290000915527344,yahoo:^VXN
2008-12-24,43.310001373291016,yahoo:^VXN
2008-12-26,43.150001525878906,yahoo:^VXN
2008-12-29,43.689998626708984,yahoo:^VXN
2008-12-30,41.66999816894531,yahoo:^VXN
2008-12-31,40.790000915527344,yahoo:^VXN
2009-01-02,39.11000061035156,yahoo:^VXN
2009-01-05,39.06999969482422,yahoo:^VXN
2009-01-06,39.709999084472656,yahoo:^VXN
2009-01-07,43.52000045776367,yahoo:^VXN
2009-01-08,43.22999954223633,yahoo:^VXN
2009-01-09,43.84000015258789,yahoo:^VXN
2009-01-12,44.459999084472656,yahoo:^VXN
2009-01-13,43.11000061035156,yahoo:^VXN
2009-01-14,47.79999923706055,yahoo:^VXN
2009-01-15,48.33000183105469,yahoo:^VXN
2009-01-16,44.189998626708984,yahoo:^VXN
2009-01-20,54.45000076293945,yahoo:^VXN
2009-01-21,47.349998474121094,yahoo:^VXN
2009-01-22,45.83000183105469,yahoo:^VXN
2009-01-23,46.599998474121094,yahoo:^VXN
2009-01-26,45.0,yahoo:^VXN
2009-01-27,43.099998474121094,yahoo:^VXN
2009-01-28,39.16999816894531,yahoo:^VXN
2009-01-29,42.58000183105469,yahoo:^VXN
2009-01-30,44.93000030517578,yahoo:^VXN
2009-02-02,46.470001220703125,yahoo:^VXN
2009-02-03,42.880001068115234,yahoo:^VXN
2009-02-04,42.81999969482422,yahoo:^VXN
2009-02-05,43.29999923706055,yahoo:^VXN
2009-02-06,41.95000076293945,yahoo:^VXN
2009-02-09,43.5099983215332,yahoo:^VXN
2009-02-10,45.86000061035156,yahoo:^VXN
2009-02-11,44.58000183105469,yahoo:^VXN
2009-02-12,41.9900016784668,yahoo:^VXN
2009-02-13,43.11000061035156,yahoo:^VXN
2009-02-17,47.5,yahoo:^VXN
2009-02-18,46.68000030517578,yahoo:^VXN
2009-02-19,45.20000076293945,yahoo:^VXN
2009-02-20,47.18000030517578,yahoo:^VXN
2009-02-23,50.060001373291016,yahoo:^VXN
2009-02-24,44.04999923706055,yahoo:^VXN
2009-02-25,43.95000076293945,yahoo:^VXN
2009-02-26,43.869998931884766,yahoo:^VXN
2009-02-27,45.279998779296875,yahoo:^VXN
2009-03-02,50.91999816894531,yahoo:^VXN
2009-03-03,49.36000061035156,yahoo:^VXN
2009-03-04,45.65999984741211,yahoo:^VXN
2009-03-05,48.08000183105469,yahoo:^VXN
2009-03-06,47.9900016784668,yahoo:^VXN
2009-03-09,48.7599983215332,yahoo:^VXN
2009-03-10,43.83000183105469,yahoo:^VXN
2009-03-11,42.810001373291016,yahoo:^VXN
2009-03-12,40.77000045776367,yahoo:^VXN
2009-03-13,41.25,yahoo:^VXN
2009-03-16,43.540000915527344,yahoo:^VXN
2009-03-17,40.36000061035156,yahoo:^VXN
2009-03-18,39.79999923706055,yahoo:^VXN
2009-03-19,42.459999084472656,yahoo:^VXN
2009-03-20,44.65999984741211,yahoo:^VXN
2009-03-23,42.0099983215332,yahoo:^VXN
2009-03-24,42.16999816894531,yahoo:^VXN
2009-03-25,41.349998474121094,yahoo:^VXN
2009-03-26,40.58000183105469,yahoo:^VXN
2009-03-27,41.45000076293945,yahoo:^VXN
2009-03-30,44.869998931884766,yahoo:^VXN
2009-03-31,44.20000076293945,yahoo:^VXN
2009-04-01,42.47999954223633,yahoo:^VXN
2009-04-02,42.290000915527344,yahoo:^VXN
2009-04-03,40.599998474121094,yahoo:^VXN
2009-04-06,41.560001373291016,yahoo:^VXN
2009-04-07,41.06999969482422,yahoo:^VXN
2009-04-08,40.5,yahoo:^VXN
2009-04-09,38.22999954223633,yahoo:^VXN
2009-04-13,39.34000015258789,yahoo:^VXN
2009-04-14,39.43000030517578,yahoo:^VXN
2009-04-15,38.310001373291016,yahoo:^VXN
2009-04-16,36.79999923706055,yahoo:^VXN
2009-04-17,35.290000915527344,yahoo:^VXN
2009-04-20,39.709999084472656,yahoo:^VXN
2009-04-21,38.439998626708984,yahoo:^VXN
2009-04-22,39.2400016784668,yahoo:^VXN
2009-04-23,37.95000076293945,yahoo:^VXN
2009-04-24,36.79999923706055,yahoo:^VXN
2009-04-27,38.790000915527344,yahoo:^VXN
2009-04-28,38.529998779296875,yahoo:^VXN
2009-04-29,36.959999084472656,yahoo:^VXN
2009-04-30,36.63999938964844,yahoo:^VXN
2009-05-01,35.04999923706055,yahoo:^VXN
2009-05-04,35.04999923706055,yahoo:^VXN
2009-05-05,33.41999816894531,yahoo:^VXN
2009-05-06,33.279998779296875,yahoo:^VXN
2009-05-07,34.470001220703125,yahoo:^VXN
2009-05-08,33.66999816894531,yahoo:^VXN
2009-05-11,34.290000915527344,yahoo:^VXN
2009-05-12,33.09000015258789,yahoo:^VXN
2009-05-13,34.97999954223633,yahoo:^VXN
2009-05-14,32.63999938964844,yahoo:^VXN
2009-05-15,33.13999938964844,yahoo:^VXN
2009-05-18,30.219999313354492,yahoo:^VXN
2009-05-19,29.559999465942383,yahoo:^VXN
2009-05-20,29.899999618530273,yahoo:^VXN
2009-05-21,31.200000762939453,yahoo:^VXN
2009-05-22,31.8700008392334,yahoo:^VXN
2009-05-26,31.229999542236328,yahoo:^VXN
2009-05-27,32.15999984741211,yahoo:^VXN
2009-05-28,31.520000457763672,yahoo:^VXN
2009-05-29,29.440000534057617,yahoo:^VXN
2009-06-01,30.719999313354492,yahoo:^VXN
2009-06-02,30.610000610351562,yahoo:^VXN
2009-06-03,31.450000762939453,yahoo:^VXN
2009-06-04,31.059999465942383,yahoo:^VXN
2009-06-05,30.709999084472656,yahoo:^VXN
2009-06-08,31.18000030517578,yahoo:^VXN
2009-06-09,29.690000534057617,yahoo:^VXN
2009-06-10,29.770000457763672,yahoo:^VXN
2009-06-11,29.729999542236328,yahoo:^VXN
2009-06-12,29.209999084472656,yahoo:^VXN
2009-06-15,32.540000915527344,yahoo:^VXN
2009-06-16,32.31999969482422,yahoo:^VXN
2009-06-17,31.469999313354492,yahoo:^VXN
2009-06-18,30.030000686645508,yahoo:^VXN
2009-06-19,28.299999237060547,yahoo:^VXN
2009-06-22,31.40999984741211,yahoo:^VXN
2009-06-23,30.690000534057617,yahoo:^VXN
2009-06-24,29.030000686645508,yahoo:^VXN
2009-06-25,27.25,yahoo:^VXN
2009-06-26,26.530000686645508,yahoo:^VXN
2009-06-29,26.469999313354492,yahoo:^VXN
2009-06-30,26.690000534057617,yahoo:^VXN
2009-07-01,26.860000610351562,yahoo:^VXN
2009-07-02,28.06999969482422,yahoo:^VXN
2009-07-06,29.25,yahoo:^VXN
2009-07-07,31.200000762939453,yahoo:^VXN
2009-07-08,31.06999969482422,yahoo:^VXN
2009-07-09,30.0,yahoo:^VXN
2009-07-10,29.329999923706055,yahoo:^VXN
2009-07-13,26.610000610351562,yahoo:^VXN
2009-07-14,26.030000686645508,yahoo:^VXN
2009-07-15,25.280000686645508,yahoo:^VXN
2009-07-16,24.799999237060547,yahoo:^VXN
2009-07-17,24.280000686645508,yahoo:^VXN
2009-07-20,24.790000915527344,yahoo:^VXN
2009-07-21,24.68000030517578,yahoo:^VXN
2009-07-22,24.989999771118164,yahoo:^VXN
2009-07-23,25.8700008392334,yahoo:^VXN
2009-07-24,24.670000076293945,yahoo:^VXN
2009-07-27,25.649999618530273,yahoo:^VXN
2009-07-28,25.350000381469727,yahoo:^VXN
2009-07-29,26.219999313354492,yahoo:^VXN
2009-07-30,26.6299991607666,yahoo:^VXN
2009-07-31,26.15999984741211,yahoo:^VXN
2009-08-03,26.280000686645508,yahoo:^VXN
2009-08-04,25.170000076293945,yahoo:^VXN
2009-08-05,25.5,yahoo:^VXN
2009-08-06,26.360000610351562,yahoo:^VXN
2009-08-07,25.020000457763672,yahoo:^VXN
2009-08-10,25.65999984741211,yahoo:^VXN
2009-08-11,26.110000610351562,yahoo:^VXN
2009-08-12,25.68000030517578,yahoo:^VXN
2009-08-13,25.09000015258789,yahoo:^VXN
2009-08-14,25.239999771118164,yahoo:^VXN
2009-08-17,27.59000015258789,yahoo:^VXN
2009-08-18,26.18000030517578,yahoo:^VXN
2009-08-19,26.209999084472656,yahoo:^VXN
2009-08-20,24.969999313354492,yahoo:^VXN
2009-08-21,24.690000534057617,yahoo:^VXN
2009-08-24,25.270000457763672,yahoo:^VXN
2009-08-25,25.1299991607666,yahoo:^VXN
2009-08-26,25.600000381469727,yahoo:^VXN
2009-08-27,25.010000228881836,yahoo:^VXN
2009-08-28,24.93000030517578,yahoo:^VXN
2009-08-31,27.170000076293945,yahoo:^VXN
2009-09-01,29.309999465942383,yahoo:^VXN
2009-09-02,29.3799991607666,yahoo:^VXN
2009-09-03,28.100000381469727,yahoo:^VXN
2009-09-04,25.850000381469727,yahoo:^VXN
2009-09-08,26.43000030517578,yahoo:^VXN
2009-09-09,25.770000457763672,yahoo:^VXN
2009-09-10,24.829999923706055,yahoo:^VXN
2009-09-11,25.290000915527344,yahoo:^VXN
2009-09-14,24.93,cboe:VXN_History.csv
2009-09-15,24.61,cboe:VXN_History.csv
2009-09-16,24.02,cboe:VXN_History.csv
2009-09-17,24.26,cboe:VXN_History.csv
2009-09-18,24.69,cboe:VXN_History.csv
2009-09-21,24.92,cboe:VXN_History.csv
2009-09-22,24.08,cboe:VXN_History.csv
2009-09-23,24.47,cboe:VXN_History.csv
2009-09-24,25.9,cboe:VXN_History.csv
2009-09-25,25.77,cboe:VXN_History.csv
2009-09-28,26.21,cboe:VXN_History.csv
2009-09-29,26.11,cboe:VXN_History.csv
2009-09-30,26.5,cboe:VXN_History.csv
2009-10-01,28.95,cboe:VXN_History.csv
2009-10-02,29.02,cboe:VXN_History.csv
2009-10-05,28.23,cboe:VXN_History.csv
2009-10-06,26.87,cboe:VXN_History.csv
2009-10-07,25.88,cboe:VXN_History.csv
2009-10-08,25.68,cboe:VXN_History.csv
2009-10-09,24.18,cboe:VXN_History.csv
2009-10-12,23.78,cboe:VXN_History.csv
2009-10-13,23.84,cboe:VXN_History.csv
2009-10-14,23.51,cboe:VXN_History.csv
2009-10-15,22.51,cboe:VXN_History.csv
2009-10-16,22.22,cboe:VXN_History.csv
2009-10-19,22.11,cboe:VXN_History.csv
2009-10-20,21.62,cboe:VXN_History.csv
2009-10-21,23.14,cboe:VXN_History.csv
2009-10-22,21.58,cboe:VXN_History.csv
2009-10-23,22.62,cboe:VXN_History.csv
2009-10-26,24.52,cboe:VXN_History.csv
2009-10-27,25.4,cboe:VXN_History.csv
2009-10-28,28.27,cboe:VXN_History.csv
2009-10-29,25.4,cboe:VXN_History.csv
2009-10-30,29.81,cboe:VXN_History.csv
2009-11-02,29.88,cboe:VXN_History.csv
2009-11-03,28.88,cboe:VXN_History.csv
2009-11-04,27.89,cboe:VXN_History.csv
2009-11-05,25.84,cboe:VXN_History.csv
2009-11-06,24.6,cboe:VXN_History.csv
2009-11-09,23.55,cboe:VXN_History.csv
2009-11-10,23.39,cboe:VXN_History.csv
2009-11-11,23.06,cboe:VXN_History.csv
2009-11-12,24.05,cboe:VXN_History.csv
2009-11-13,22.92,cboe:VXN_History.csv
2009-11-16,23.13,cboe:VXN_History.csv
2009-11-17,22.14,cboe:VXN_History.csv
2009-11-18,22.03,cboe:VXN_History.csv
2009-11-19,23.3,cboe:VXN_History.csv
2009-11-20,22.49,cboe:VXN_History.csv
2009-11-23,22.03,cboe:VXN_History.csv
2009-11-24,21.5,cboe:VXN_History.csv
2009-11-25,21.32,cboe:VXN_History.csv
2009-11-27,25.41,cboe:VXN_History.csv
2009-11-30,24.73,cboe:VXN_History.csv
2009-12-01,23.28,cboe:VXN_History.csv
2009-12-02,22.58,cboe:VXN_History.csv
2009-12-03,24.0,cboe:VXN_History.csv
2009-12-04,23.1,cboe:VXN_History.csv
2009-12-07,23.69,cboe:VXN_History.csv
2009-12-08,24.8,cboe:VXN_History.csv
2009-12-09,23.28,cboe:VXN_History.csv
2009-12-10,23.13,cboe:VXN_History.csv
2009-12-11,22.38,cboe:VXN_History.csv
2009-12-14,22.03,cboe:VXN_History.csv
2009-12-15,22.46,cboe:VXN_History.csv
2009-12-16,21.95,cboe:VXN_History.csv
2009-12-17,22.84,cboe:VXN_History.csv
2009-12-18,21.78,cboe:VXN_History.csv
2009-12-21,20.82,cboe:VXN_History.csv
2009-12-22,19.7,cboe:VXN_History.csv
2009-12-23,19.67,cboe:VXN_History.csv
2009-12-24,19.47,cboe:VXN_History.csv
2009-12-28,20.45,cboe:VXN_History.csv
2009-12-29,20.43,cboe:VXN_History.csv
2009-12-30,20.52,cboe:VXN_History.csv
2009-12-31,21.65,cboe:VXN_History.csv
2010-01-04,21.2,cboe:VXN_History.csv
2010-01-05,20.5,cboe:VXN_History.csv
2010-01-06,20.21,cboe:VXN_History.csv
2010-01-07,19.99,cboe:VXN_History.csv
2010-01-08,18.92,cboe:VXN_History.csv
2010-01-11,18.47,cboe:VXN_History.csv
2010-01-12,19.29,cboe:VXN_History.csv
2010-01-13,18.4,cboe:VXN_History.csv
2010-01-14,18.2,cboe:VXN_History.csv
2010-01-15,18.73,cboe:VXN_History.csv
2010-01-19,18.74,cboe:VXN_History.csv
2010-01-20,20.01,cboe:VXN_History.csv
2010-01-21,23.19,cboe:VXN_History.csv
2010-01-22,28.37,cboe:VXN_History.csv
2010-01-25,27.04,cboe:VXN_History.csv
2010-01-26,25.47,cboe:VXN_History.csv
2010-01-27,24.21,cboe:VXN_History.csv
2010-01-28,24.91,cboe:VXN_History.csv
2010-01-29,25.8,cboe:VXN_History.csv
2010-02-01,24.33,cboe:VXN_History.csv
2010-02-02,23.01,cboe:VXN_History.csv
2010-02-03,22.34,cboe:VXN_History.csv
2010-02-04,25.99,cboe:VXN_History.csv
2010-02-05,25.96,cboe:VXN_History.csv
2010-02-08,26.92,cboe:VXN_History.csv
2010-02-09,25.58,cboe:VXN_History.csv
2010-02-10,25.23,cboe:VXN_History.csv
2010-02-11,23.43,cboe:VXN_History.csv
2010-02-12,22.97,cboe:VXN_History.csv
2010-02-16,21.92,cboe:VXN_History.csv
2010-02-17,21.4,cboe:VXN_History.csv
2010-02-18,20.65,cboe:VXN_History.csv
2010-02-19,20.81,cboe:VXN_History.csv
2010-02-22,20.43,cboe:VXN_History.csv
2010-02-23,21.55,cboe:VXN_History.csv
2010-02-24,20.63,cboe:VXN_History.csv
2010-02-25,20.52,cboe:VXN_History.csv
2010-02-26,19.78,cboe:VXN_History.csv
2010-03-01,19.59,cboe:VXN_History.csv
2010-03-02,19.51,cboe:VXN_History.csv
2010-03-03,19.35,cboe:VXN_History.csv
2010-03-04,19.1,cboe:VXN_History.csv
2010-03-05,17.92,cboe:VXN_History.csv
2010-03-08,18.67,cboe:VXN_History.csv
2010-03-09,18.76,cboe:VXN_History.csv
2010-03-10,19.08,cboe:VXN_History.csv
2010-03-11,19.09,cboe:VXN_History.csv
2010-03-12,19.14,cboe:VXN_History.csv
2010-03-15,19.05,cboe:VXN_History.csv
2010-03-16,18.31,cboe:VXN_History.csv
2010-03-17,17.56,cboe:VXN_History.csv
2010-03-18,17.24,cboe:VXN_History.csv
2010-03-19,17.87,cboe:VXN_History.csv
2010-03-22,18.03,cboe:VXN_History.csv
2010-03-23,17.43,cboe:VXN_History.csv
2010-03-24,18.01,cboe:VXN_History.csv
2010-03-25,18.82,cboe:VXN_History.csv
2010-03-26,18.67,cboe:VXN_History.csv
2010-03-29,18.6,cboe:VXN_History.csv
2010-03-30,18.23,cboe:VXN_History.csv
2010-03-31,18.32,cboe:VXN_History.csv
2010-04-01,18.76,cboe:VXN_History.csv
2010-04-05,18.52,cboe:VXN_History.csv
2010-04-06,17.83,cboe:VXN_History.csv
2010-04-07,17.7,cboe:VXN_History.csv
2010-04-08,17.29,cboe:VXN_History.csv
2010-04-09,16.54,cboe:VXN_History.csv
2010-04-12,16.37,cboe:VXN_History.csv
2010-04-13,15.97,cboe:VXN_History.csv
2010-04-14,16.02,cboe:VXN_History.csv
2010-04-15,16.54,cboe:VXN_History.csv
2010-04-16,17.78,cboe:VXN_History.csv
2010-04-19,17.89,cboe:VXN_History.csv
2010-04-20,16.43,cboe:VXN_History.csv
2010-04-21,16.3,cboe:VXN_History.csv
2010-04-22,16.83,cboe:VXN_History.csv
2010-04-23,16.6,cboe:VXN_History.csv
2010-04-26,17.81,cboe:VXN_History.csv
2010-04-27,17.81,cboe:VXN_History.csv
2010-04-28,20.51,cboe:VXN_History.csv
2010-04-29,18.96,cboe:VXN_History.csv
2010-04-30,22.06,cboe:VXN_History.csv
2010-05-03,21.16,cboe:VXN_History.csv
2010-05-04,26.09,cboe:VXN_History.csv
2010-05-05,26.32,cboe:VXN_History.csv
2010-05-06,31.25,cboe:VXN_History.csv
2010-05-07,41.52,cboe:VXN_History.csv
2010-05-10,30.36,cboe:VXN_History.csv
2010-05-11,29.59,cboe:VXN_History.csv
2010-05-12,27.0,cboe:VXN_History.csv
2010-05-13,28.05,cboe:VXN_History.csv
2010-05-14,31.55,cboe:VXN_History.csv
2010-05-17,31.78,cboe:VXN_History.csv
2010-05-18,35.48,cboe:VXN_History.csv
2010-05-19,37.79,cboe:VXN_History.csv
2010-05-20,46.63,cboe:VXN_History.csv
2010-05-21,42.81,cboe:VXN_History.csv
2010-05-24,39.84,cboe:VXN_History.csv
2010-05-25,36.28,cboe:VXN_History.csv
2010-05-26,36.32,cboe:VXN_History.csv
2010-05-27,30.3,cboe:VXN_History.csv
2010-05-28,31.61,cboe:VXN_History.csv
2010-06-01,36.23,cboe:VXN_History.csv
2010-06-02,31.0,cboe:VXN_History.csv
2010-06-03,29.38,cboe:VXN_History.csv
2010-06-04,34.16,cboe:VXN_History.csv
2010-06-07,37.29,cboe:VXN_History.csv
2010-06-08,35.22,cboe:VXN_History.csv
2010-06-09,34.82,cboe:VXN_History.csv
2010-06-10,31.3,cboe:VXN_History.csv
2010-06-11,28.8,cboe:VXN_History.csv
2010-06-14,28.94,cboe:VXN_History.csv
2010-06-15,26.37,cboe:VXN_History.csv
2010-06-16,25.92,cboe:VXN_History.csv
2010-06-17,25.15,cboe:VXN_History.csv
2010-06-18,24.15,cboe:VXN_History.csv
2010-06-21,25.57,cboe:VXN_History.csv
2010-06-22,26.83,cboe:VXN_History.csv
2010-06-23,26.57,cboe:VXN_History.csv
2010-06-24,29.09,cboe:VXN_History.csv
2010-06-25,28.58,cboe:VXN_History.csv
2010-06-28,29.37,cboe:VXN_History.csv
2010-06-29,35.02,cboe:VXN_History.csv
2010-06-30,35.14,cboe:VXN_History.csv
2010-07-01,34.56,cboe:VXN_History.csv
2010-07-02,32.19,cboe:VXN_History.csv
2010-07-06,31.65,cboe:VXN_History.csv
2010-07-07,28.06,cboe:VXN_History.csv
2010-07-08,27.05,cboe:VXN_History.csv
2010-07-09,25.99,cboe:VXN_History.csv
2010-07-12,25.5,cboe:VXN_History.csv
2010-07-13,25.37,cboe:VXN_History.csv
2010-07-14,25.96,cboe:VXN_History.csv
2010-07-15,26.57,cboe:VXN_History.csv
2010-07-16,26.87,cboe:VXN_History.csv
2010-07-19,27.25,cboe:VXN_History.csv
2010-07-20,25.21,cboe:VXN_History.csv
2010-07-21,26.7,cboe:VXN_History.csv
2010-07-22,25.22,cboe:VXN_History.csv
2010-07-23,24.16,cboe:VXN_History.csv
2010-07-26,24.11,cboe:VXN_History.csv
2010-07-27,24.33,cboe:VXN_History.csv
2010-07-28,25.03,cboe:VXN_History.csv
2010-07-29,25.18,cboe:VXN_History.csv
2010-07-30,24.52,cboe:VXN_History.csv
2010-08-02,23.48,cboe:VXN_History.csv
2010-08-03,23.61,cboe:VXN_History.csv
2010-08-04,23.22,cboe:VXN_History.csv
2010-08-05,23.27,cboe:VXN_History.csv
2010-08-06,22.84,cboe:VXN_History.csv
2010-08-09,22.97,cboe:VXN_History.csv
2010-08-10,23.56,cboe:VXN_History.csv
2010-08-11,26.9,cboe:VXN_History.csv
2010-08-12,27.63,cboe:VXN_History.csv
2010-08-13,28.07,cboe:VXN_History.csv
2010-08-16,27.08,cboe:VXN_History.csv
2010-08-17,25.92,cboe:VXN_History.csv
2010-08-18,25.98,cboe:VXN_History.csv
2010-08-19,26.9,cboe:VXN_History.csv
2010-08-20,25.76,cboe:VXN_History.csv
2010-08-23,26.49,cboe:VXN_History.csv
2010-08-24,28.47,cboe:VXN_History.csv
2010-08-25,27.77,cboe:VXN_History.csv
2010-08-26,28.88,cboe:VXN_History.csv
2010-08-27,26.31,cboe:VXN_History.csv
2010-08-30,27.89,cboe:VXN_History.csv
2010-08-31,27.45,cboe:VXN_History.csv
2010-09-01,24.93,cboe:VXN_History.csv
2010-09-02,23.93,cboe:VXN_History.csv
2010-09-03,21.95,cboe:VXN_History.csv
2010-09-07,23.99,cboe:VXN_History.csv
2010-09-08,23.53,cboe:VXN_History.csv
2010-09-09,23.29,cboe:VXN_History.csv
2010-09-10,22.98,cboe:VXN_History.csv
2010-09-13,22.32,cboe:VXN_History.csv
2010-09-14,21.63,cboe:VXN_History.csv
2010-09-15,22.15,cboe:VXN_History.csv
2010-09-16,21.81,cboe:VXN_History.csv
2010-09-17,22.26,cboe:VXN_History.csv
2010-09-20,22.43,cboe:VXN_History.csv
2010-09-21,23.26,cboe:VXN_History.csv
2010-09-22,23.63,cboe:VXN_History.csv
2010-09-23,24.26,cboe:VXN_History.csv
2010-09-24,22.72,cboe:VXN_History.csv
2010-09-27,23.64,cboe:VXN_History.csv
2010-09-28,23.86,cboe:VXN_History.csv
2010-09-29,24.48,cboe:VXN_History.csv
2010-09-30,24.96,cboe:VXN_History.csv
2010-10-01,23.98,cboe:VXN_History.csv
2010-10-04,25.16,cboe:VXN_History.csv
2010-10-05,23.43,cboe:VXN_History.csv
2010-10-06,23.53,cboe:VXN_History.csv
2010-10-07,23.06,cboe:VXN_History.csv
2010-10-08,21.98,cboe:VXN_History.csv
2010-10-11,20.4,cboe:VXN_History.csv
2010-10-12,20.54,cboe:VXN_History.csv
2010-10-13,20.47,cboe:VXN_History.csv
2010-10-14,20.63,cboe:VXN_History.csv
2010-10-15,20.44,cboe:VXN_History.csv
2010-10-18,21.25,cboe:VXN_History.csv
2010-10-19,21.91,cboe:VXN_History.csv
2010-10-20,21.65,cboe:VXN_History.csv
2010-10-21,21.18,cboe:VXN_History.csv
2010-10-22,20.42,cboe:VXN_History.csv
2010-10-25,21.48,cboe:VXN_History.csv
2010-10-26,21.81,cboe:VXN_History.csv
2010-10-27,21.57,cboe:VXN_History.csv
2010-10-28,21.65,cboe:VXN_History.csv
2010-10-29,22.24,cboe:VXN_History.csv
2010-11-01,22.92,cboe:VXN_History.csv
2010-11-02,22.88,cboe:VXN_History.csv
2010-11-03,20.41,cboe:VXN_History.csv
2010-11-04,19.54,cboe:VXN_History.csv
2010-11-05,18.67,cboe:VXN_History.csv
2010-11-08,18.7,cboe:VXN_History.csv
2010-11-09,18.99,cboe:VXN_History.csv
2010-11-10,19.46,cboe:VXN_History.csv
2010-11-11,19.37,cboe:VXN_History.csv
2010-11-12,22.55,cboe:VXN_History.csv
2010-11-15,21.69,cboe:VXN_History.csv
2010-11-16,23.73,cboe:VXN_History.csv
2010-11-17,23.25,cboe:VXN_History.csv
2010-11-18,20.26,cboe:VXN_History.csv
2010-11-19,19.78,cboe:VXN_History.csv
2010-11-22,19.73,cboe:VXN_History.csv
2010-11-23,21.77,cboe:VXN_History.csv
2010-11-24,20.85,cboe:VXN_History.csv
2010-11-26,20.84,cboe:VXN_History.csv
2010-11-29,23.28,cboe:VXN_History.csv
2010-11-30,25.39,cboe:VXN_History.csv
2010-12-01,23.09,cboe:VXN_History.csv
2010-12-02,21.42,cboe:VXN_History.csv
2010-12-03,19.77,cboe:VXN_History.csv
2010-12-06,19.91,cboe:VXN_History.csv
2010-12-07,20.16,cboe:VXN_History.csv
2010-12-08,19.7,cboe:VXN_History.csv
2010-12-09,19.06,cboe:VXN_History.csv
2010-12-10,18.77,cboe:VXN_History.csv
2010-12-13,18.26,cboe:VXN_History.csv
2010-12-14,18.4,cboe:VXN_History.csv
2010-12-15,18.86,cboe:VXN_History.csv
2010-12-16,18.25,cboe:VXN_History.csv
2010-12-17,17.31,cboe:VXN_History.csv
2010-12-20,17.18,cboe:VXN_History.csv
2010-12-21,16.83,cboe:VXN_History.csv
2010-12-22,16.57,cboe:VXN_History.csv
2010-12-23,17.43,cboe:VXN_History.csv
2010-12-27,18.94,cboe:VXN_History.csv
2010-12-28,18.89,cboe:VXN_History.csv
2010-12-29,18.27,cboe:VXN_History.csv
2010-12-30,18.66,cboe:VXN_History.csv
2010-12-31,19.48,cboe:VXN_History.csv
2011-01-03,19.07,cboe:VXN_History.csv
2011-01-04,18.9,cboe:VXN_History.csv
2011-01-05,18.35,cboe:VXN_History.csv
2011-01-06,18.41,cboe:VXN_History.csv
2011-01-07,18.72,cboe:VXN_History.csv
2011-01-10,18.67,cboe:VXN_History.csv
2011-01-11,18.07,cboe:VXN_History.csv
2011-01-12,17.42,cboe:VXN_History.csv
2011-01-13,17.45,cboe:VXN_History.csv
2011-01-14,16.49,cboe:VXN_History.csv
2011-01-18,16.42,cboe:VXN_History.csv
2011-01-19,18.43,cboe:VXN_History.csv
2011-01-20,19.63,cboe:VXN_History.csv
2011-01-21,20.17,cboe:VXN_History.csv
2011-01-24,18.83,cboe:VXN_History.csv
2011-01-25,18.84,cboe:VXN_History.csv
2011-01-26,17.93,cboe:VXN_History.csv
2011-01-27,17.83,cboe:VXN_History.csv
2011-01-28,21.66,cboe:VXN_History.csv
2011-01-31,21.79,cboe:VXN_History.csv
2011-02-01,19.96,cboe:VXN_History.csv
2011-02-02,19.84,cboe:VXN_History.csv
2011-02-03,19.09,cboe:VXN_History.csv
2011-02-04,17.91,cboe:VXN_History.csv
2011-02-07,18.22,cboe:VXN_History.csv
2011-02-08,17.68,cboe:VXN_History.csv
2011-02-09,17.72,cboe:VXN_History.csv
2011-02-10,17.91,cboe:VXN_History.csv
2011-02-11,17.18,cboe:VXN_History.csv
2011-02-14,17.46,cboe:VXN_History.csv
2011-02-15,17.98,cboe:VXN_History.csv
2011-02-16,18.23,cboe:VXN_History.csv
2011-02-17,18.22,cboe:VXN_History.csv
2011-02-18,17.9,cboe:VXN_History.csv
2011-02-22,23.39,cboe:VXN_History.csv
2011-02-23,24.37,cboe:VXN_History.csv
2011-02-24,23.67,cboe:VXN_History.csv
2011-02-25,20.64,cboe:VXN_History.csv
2011-02-28,20.55,cboe:VXN_History.csv
2011-03-01,22.82,cboe:VXN_History.csv
2011-03-02,22.74,cboe:VXN_History.csv
2011-03-03,20.1,cboe:VXN_History.csv
2011-03-04,20.47,cboe:VXN_History.csv
2011-03-07,23.22,cboe:VXN_History.csv
2011-03-08,22.74,cboe:VXN_History.csv
2011-03-09,23.43,cboe:VXN_History.csv
2011-03-10,24.27,cboe:VXN_History.csv
2011-03-11,22.49,cboe:VXN_History.csv
2011-03-14,23.1,cboe:VXN_History.csv
2011-03-15,26.79,cboe:VXN_History.csv
2011-03-16,30.7,cboe:VXN_History.csv
2011-03-17,28.41,cboe:VXN_History.csv
2011-03-18,26.6,cboe:VXN_History.csv
2011-03-21,23.82,cboe:VXN_History.csv
2011-03-22,22.35,cboe:VXN_History.csv
2011-03-23,21.96,cboe:VXN_History.csv
2011-03-24,20.59,cboe:VXN_History.csv
2011-03-25,20.78,cboe:VXN_History.csv
2011-03-28,22.23,cboe:VXN_History.csv
2011-03-29,21.34,cboe:VXN_History.csv
2011-03-30,20.38,cboe:VXN_History.csv
2011-03-31,19.74,cboe:VXN_History.csv
2011-04-01,19.41,cboe:VXN_History.csv
2011-04-04,20.05,cboe:VXN_History.csv
2011-04-05,19.46,cboe:VXN_History.csv
2011-04-06,19.32,cboe:VXN_History.csv
2011-04-07,19.34,cboe:VXN_History.csv
2011-04-08,19.76,cboe:VXN_History.csv
2011-04-11,19.09,cboe:VXN_History.csv
2011-04-12,19.39,cboe:VXN_History.csv
2011-04-13,18.5,cboe:VXN_History.csv
2011-04-14,17.7,cboe:VXN_History.csv
2011-04-15,17.48,cboe:VXN_History.csv
2011-04-18,18.47,cboe:VXN_History.csv
2011-04-19,16.23,cboe:VXN_History.csv
2011-04-20,16.49,cboe:VXN_History.csv
2011-04-21,15.85,cboe:VXN_History.csv
2011-04-25,17.22,cboe:VXN_History.csv
2011-04-26,17.78,cboe:VXN_History.csv
2011-04-27,17.03,cboe:VXN_History.csv
2011-04-28,16.2,cboe:VXN_History.csv
2011-04-29,16.54,cboe:VXN_History.csv
2011-05-02,18.13,cboe:VXN_History.csv
2011-05-03,18.62,cboe:VXN_History.csv
2011-05-04,18.59,cboe:VXN_History.csv
2011-05-05,19.12,cboe:VXN_History.csv
2011-05-06,19.26,cboe:VXN_History.csv
2011-05-09,18.38,cboe:VXN_History.csv
2011-05-10,17.1,cboe:VXN_History.csv
2011-05-11,17.41,cboe:VXN_History.csv
2011-05-12,16.99,cboe:VXN_History.csv
2011-05-13,18.4,cboe:VXN_History.csv
2011-05-16,19.5,cboe:VXN_History.csv
2011-05-17,19.12,cboe:VXN_History.csv
2011-05-18,17.65,cboe:VXN_History.csv
2011-05-19,17.06,cboe:VXN_History.csv
2011-05-20,18.16,cboe:VXN_History.csv
2011-05-23,19.21,cboe:VXN_History.csv
2011-05-24,19.4,cboe:VXN_History.csv
2011-05-25,18.16,cboe:VXN_History.csv
2011-05-26,17.26,cboe:VXN_History.csv
2011-05-27,16.87,cboe:VXN_History.csv
2011-05-31,16.44,cboe:VXN_History.csv
2011-06-01,19.24,cboe:VXN_History.csv
2011-06-02,18.71,cboe:VXN_History.csv
2011-06-03,18.9,cboe:VXN_History.csv
2011-06-06,19.58,cboe:VXN_History.csv
2011-06-07,19.14,cboe:VXN_History.csv
2011-06-08,19.97,cboe:VXN_History.csv
2011-06-09,18.88,cboe:VXN_History.csv
2011-06-10,19.85,cboe:VXN_History.csv
2011-06-13,20.22,cboe:VXN_History.csv
2011-06-14,18.74,cboe:VXN_History.csv
2011-06-15,22.29,cboe:VXN_History.csv
2011-06-16,24.47,cboe:VXN_History.csv
2011-06-17,23.58,cboe:VXN_History.csv
2011-06-20,22.07,cboe:VXN_History.csv
2011-06-21,20.36,cboe:VXN_History.csv
2011-06-22,20.2,cboe:VXN_History.csv
2011-06-23,20.76,cboe:VXN_History.csv
2011-06-24,22.58,cboe:VXN_History.csv
2011-06-27,21.96,cboe:VXN_History.csv
2011-06-28,20.71,cboe:VXN_History.csv
2011-06-29,18.84,cboe:VXN_History.csv
2011-06-30,17.86,cboe:VXN_History.csv
2011-07-01,17.37,cboe:VXN_History.csv
2011-07-05,17.76,cboe:VXN_History.csv
2011-07-06,17.85,cboe:VXN_History.csv
2011-07-07,17.71,cboe:VXN_History.csv
2011-07-08,17.45,cboe:VXN_History.csv
2011-07-11,20.22,cboe:VXN_History.csv
2011-07-12,21.93,cboe:VXN_History.csv
2011-07-13,21.82,cboe:VXN_History.csv
2011-07-14,21.87,cboe:VXN_History.csv
2011-07-15,20.95,cboe:VXN_History.csv
2011-07-18,22.48,cboe:VXN_History.csv
2011-07-19,20.46,cboe:VXN_History.csv
2011-07-20,21.06,cboe:VXN_History.csv
2011-07-21,19.71,cboe:VXN_History.csv
2011-07-22,19.17,cboe:VXN_History.csv
2011-07-25,20.95,cboe:VXN_History.csv
2011-07-26,21.58,cboe:VXN_History.csv
2011-07-27,24.7,cboe:VXN_History.csv
2011-07-28,25.12,cboe:VXN_History.csv
2011-07-29,26.08,cboe:VXN_History.csv
2011-08-01,24.26,cboe:VXN_History.csv
2011-08-02,25.69,cboe:VXN_History.csv
2011-08-03,24.73,cboe:VXN_History.csv
2011-08-04,31.68,cboe:VXN_History.csv
2011-08-05,33.77,cboe:VXN_History.csv
2011-08-08,44.74,cboe:VXN_History.csv
2011-08-09,34.63,cboe:VXN_History.csv
2011-08-10,41.76,cboe:VXN_History.csv
2011-08-11,37.85,cboe:VXN_History.csv
2011-08-12,35.22,cboe:VXN_History.csv
2011-08-15,30.44,cboe:VXN_History.csv
2011-08-16,31.55,cboe:VXN_History.csv
2011-08-17,31.17,cboe:VXN_History.csv
2011-08-18,41.61,cboe:VXN_History.csv
2011-08-19,43.47,cboe:VXN_History.csv
2011-08-22,42.03,cboe:VXN_History.csv
2011-08-23,35.45,cboe:VXN_History.csv
2011-08-24,35.65,cboe:VXN_History.csv
2011-08-25,39.43,cboe:VXN_History.csv
2011-08-26,34.49,cboe:VXN_History.csv
2011-08-29,32.11,cboe:VXN_History.csv
2011-08-30,32.02,cboe:VXN_History.csv
2011-08-31,31.37,cboe:VXN_History.csv
2011-09-01,31.36,cboe:VXN_History.csv
2011-09-02,33.0,cboe:VXN_History.csv
2011-09-06,35.86,cboe:VXN_History.csv
2011-09-07,33.12,cboe:VXN_History.csv
2011-09-08,33.65,cboe:VXN_History.csv
2011-09-09,37.99,cboe:VXN_History.csv
2011-09-12,37.97,cboe:VXN_History.csv
2011-09-13,36.0,cboe:VXN_History.csv
2011-09-14,33.36,cboe:VXN_History.csv
2011-09-15,30.67,cboe:VXN_History.csv
2011-09-16,29.36,cboe:VXN_History.csv
2011-09-19,31.42,cboe:VXN_History.csv
2011-09-20,31.3,cboe:VXN_History.csv
2011-09-21,34.68,cboe:VXN_History.csv
2011-09-22,40.25,cboe:VXN_History.csv
2011-09-23,39.88,cboe:VXN_History.csv
2011-09-26,39.24,cboe:VXN_History.csv
2011-09-27,37.65,cboe:VXN_History.csv
2011-09-28,40.76,cboe:VXN_History.csv
2011-09-29,41.16,cboe:VXN_History.csv
2011-09-30,44.98,cboe:VXN_History.csv
2011-10-03,46.61,cboe:VXN_History.csv
2011-10-04,42.47,cboe:VXN_History.csv
2011-10-05,39.12,cboe:VXN_History.csv
2011-10-06,37.32,cboe:VXN_History.csv
2011-10-07,37.08,cboe:VXN_History.csv
2011-10-10,34.48,cboe:VXN_History.csv
2011-10-11,34.1,cboe:VXN_History.csv
2011-10-12,32.34,cboe:VXN_History.csv
2011-10-13,30.3,cboe:VXN_History.csv
2011-10-14,28.69,cboe:VXN_History.csv
2011-10-17,32.92,cboe:VXN_History.csv
2011-10-18,30.48,cboe:VXN_History.csv
2011-10-19,33.84,cboe:VXN_History.csv
2011-10-20,34.78,cboe:VXN_History.csv
2011-10-21,31.42,cboe:VXN_History.csv
2011-10-24,28.45,cboe:VXN_History.csv
2011-10-25,31.54,cboe:VXN_History.csv
2011-10-26,30.47,cboe:VXN_History.csv
2011-10-27,26.28,cboe:VXN_History.csv
2011-10-28,25.0,cboe:VXN_History.csv
2011-10-31,28.82,cboe:VXN_History.csv
2011-11-01,33.49,cboe:VXN_History.csv
2011-11-02,32.03,cboe:VXN_History.csv
2011-11-03,29.3,cboe:VXN_History.csv
2011-11-04,29.35,cboe:VXN_History.csv
2011-11-07,28.83,cboe:VXN_History.csv
2011-11-08,27.31,cboe:VXN_History.csv
2011-11-09,34.61,cboe:VXN_History.csv
2011-11-10,32.67,cboe:VXN_History.csv
2011-11-11,29.35,cboe:VXN_History.csv
2011-11-14,30.73,cboe:VXN_History.csv
2011-11-15,30.04,cboe:VXN_History.csv
2011-11-16,31.94,cboe:VXN_History.csv
2011-11-17,34.34,cboe:VXN_History.csv
2011-11-18,31.83,cboe:VXN_History.csv
2011-11-21,32.93,cboe:VXN_History.csv
2011-11-22,31.07,cboe:VXN_History.csv
2011-11-23,33.07,cboe:VXN_History.csv
2011-11-25,33.04,cboe:VXN_History.csv
2011-11-28,31.56,cboe:VXN_History.csv
2011-11-29,31.06,cboe:VXN_History.csv
2011-11-30,27.77,cboe:VXN_History.csv
2011-12-01,27.2,cboe:VXN_History.csv
2011-12-02,27.69,cboe:VXN_History.csv
2011-12-05,27.89,cboe:VXN_History.csv
2011-12-06,27.94,cboe:VXN_History.csv
2011-12-07,28.45,cboe:VXN_History.csv
2011-12-08,30.0,cboe:VXN_History.csv
2011-12-09,25.99,cboe:VXN_History.csv
2011-12-12,24.56,cboe:VXN_History.csv
2011-12-13,25.29,cboe:VXN_History.csv
2011-12-14,26.08,cboe:VXN_History.csv
2011-12-15,24.79,cboe:VXN_History.csv
2011-12-16,23.48,cboe:VXN_History.csv
2011-12-19,24.15,cboe:VXN_History.csv
2011-12-20,22.5,cboe:VXN_History.csv
2011-12-21,22.29,cboe:VXN_History.csv
2011-12-22,21.89,cboe:VXN_History.csv
2011-12-23,21.37,cboe:VXN_History.csv
2011-12-27,22.49,cboe:VXN_History.csv
2011-12-28,23.54,cboe:VXN_History.csv
2011-12-29,23.07,cboe:VXN_History.csv
2011-12-30,23.13,cboe:VXN_History.csv
2012-01-03,23.02,cboe:VXN_History.csv
2012-01-04,21.98,cboe:VXN_History.csv
2012-01-05,21.4,cboe:VXN_History.csv
2012-01-06,20.52,cboe:VXN_History.csv
2012-01-09,21.22,cboe:VXN_History.csv
2012-01-10,20.93,cboe:VXN_History.csv
2012-01-11,21.18,cboe:VXN_History.csv
2012-01-12,20.79,cboe:VXN_History.csv
2012-01-13,21.38,cboe:VXN_History.csv
2012-01-17,22.21,cboe:VXN_History.csv
2012-01-18,21.29,cboe:VXN_History.csv
2012-01-19,20.27,cboe:VXN_History.csv
2012-01-20,18.97,cboe:VXN_History.csv
2012-01-23,19.42,cboe:VXN_History.csv
2012-01-24,19.74,cboe:VXN_History.csv
2012-01-25,19.36,cboe:VXN_History.csv
2012-01-26,19.56,cboe:VXN_History.csv
2012-01-27,19.31,cboe:VXN_History.csv
2012-01-30,19.75,cboe:VXN_History.csv
2012-01-31,19.89,cboe:VXN_History.csv
2012-02-01,19.04,cboe:VXN_History.csv
2012-02-02,18.89,cboe:VXN_History.csv
2012-02-03,18.21,cboe:VXN_History.csv
2012-02-06,18.65,cboe:VXN_History.csv
2012-02-07,18.75,cboe:VXN_History.csv
2012-02-08,18.99,cboe:VXN_History.csv
2012-02-09,18.9,cboe:VXN_History.csv
2012-02-10,20.94,cboe:VXN_History.csv
2012-02-13,19.6,cboe:VXN_History.csv
2012-02-14,20.18,cboe:VXN_History.csv
2012-02-15,22.35,cboe:VXN_History.csv
2012-02-16,20.89,cboe:VXN_History.csv
2012-02-17,19.76,cboe:VXN_History.csv
2012-02-21,19.92,cboe:VXN_History.csv
2012-02-22,19.72,cboe:VXN_History.csv
2012-02-23,18.41,cboe:VXN_History.csv
2012-02-24,18.27,cboe:VXN_History.csv
2012-02-27,19.42,cboe:VXN_History.csv
2012-02-28,19.55,cboe:VXN_History.csv
2012-02-29,19.83,cboe:VXN_History.csv
2012-03-01,18.68,cboe:VXN_History.csv
2012-03-02,18.23,cboe:VXN_History.csv
2012-03-05,19.57,cboe:VXN_History.csv
2012-03-06,21.42,cboe:VXN_History.csv
2012-03-07,20.42,cboe:VXN_History.csv
2012-03-08,19.05,cboe:VXN_History.csv
2012-03-09,18.11,cboe:VXN_History.csv
2012-03-12,16.71,cboe:VXN_History.csv
2012-03-13,16.44,cboe:VXN_History.csv
2012-03-14,17.59,cboe:VXN_History.csv
2012-03-15,17.25,cboe:VXN_History.csv
2012-03-16,16.47,cboe:VXN_History.csv
2012-03-19,16.55,cboe:VXN_History.csv
2012-03-20,16.35,cboe:VXN_History.csv
2012-03-21,16.23,cboe:VXN_History.csv
2012-03-22,16.83,cboe:VXN_History.csv
2012-03-23,16.57,cboe:VXN_History.csv
2012-03-26,15.92,cboe:VXN_History.csv
2012-03-27,17.02,cboe:VXN_History.csv
2012-03-28,17.28,cboe:VXN_History.csv
2012-03-29,17.27,cboe:VXN_History.csv
2012-03-30,17.19,cboe:VXN_History.csv
2012-04-02,16.7,cboe:VXN_History.csv
2012-04-03,16.82,cboe:VXN_History.csv
2012-04-04,17.95,cboe:VXN_History.csv
2012-04-05,17.96,cboe:VXN_History.csv
2012-04-09,20.18,cboe:VXN_History.csv
2012-04-10,21.59,cboe:VXN_History.csv
2012-04-11,21.3,cboe:VXN_History.csv
2012-04-12,19.34,cboe:VXN_History.csv
2012-04-13,21.44,cboe:VXN_History.csv
2012-04-16,22.57,cboe:VXN_History.csv
2012-04-17,20.63,cboe:VXN_History.csv
2012-04-18,21.26,cboe:VXN_History.csv
2012-04-19,20.99,cboe:VXN_History.csv
2012-04-20,20.17,cboe:VXN_History.csv
2012-04-23,21.31,cboe:VXN_History.csv
2012-04-24,21.03,cboe:VXN_History.csv
2012-04-25,18.47,cboe:VXN_History.csv
2012-04-26,17.83,cboe:VXN_History.csv
2012-04-27,17.52,cboe:VXN_History.csv
2012-04-30,18.77,cboe:VXN_History.csv
2012-05-01,18.66,cboe:VXN_History.csv
2012-05-02,18.41,cboe:VXN_History.csv
2012-05-03,19.19,cboe:VXN_History.csv
2012-05-04,21.1,cboe:VXN_History.csv
2012-05-07,21.06,cboe:VXN_History.csv
2012-05-08,21.28,cboe:VXN_History.csv
2012-05-09,21.98,cboe:VXN_History.csv
2012-05-10,21.33,cboe:VXN_History.csv
2012-05-11,21.79,cboe:VXN_History.csv
2012-05-14,23.48,cboe:VXN_History.csv
2012-05-15,23.59,cboe:VXN_History.csv
2012-05-16,24.17,cboe:VXN_History.csv
2012-05-17,26.5,cboe:VXN_History.csv
2012-05-18,27.55,cboe:VXN_History.csv
2012-05-21,24.3,cboe:VXN_History.csv
2012-05-22,24.52,cboe:VXN_History.csv
2012-05-23,24.09,cboe:VXN_History.csv
2012-05-24,24.2,cboe:VXN_History.csv
2012-05-25,23.99,cboe:VXN_History.csv
2012-05-29,23.33,cboe:VXN_History.csv
2012-05-30,25.35,cboe:VXN_History.csv
2012-05-31,25.89,cboe:VXN_History.csv
2012-06-01,28.63,cboe:VXN_History.csv
2012-06-04,28.17,cboe:VXN_History.csv
2012-06-05,26.39,cboe:VXN_History.csv
2012-06-06,23.75,cboe:VXN_History.csv
2012-06-07,23.81,cboe:VXN_History.csv
2012-06-08,22.55,cboe:VXN_History.csv
2012-06-11,24.6,cboe:VXN_History.csv
2012-06-12,23.15,cboe:VXN_History.csv
2012-06-13,24.52,cboe:VXN_History.csv
2012-06-14,24.02,cboe:VXN_History.csv
2012-06-15,21.86,cboe:VXN_History.csv
2012-06-18,19.64,cboe:VXN_History.csv
2012-06-19,19.2,cboe:VXN_History.csv
2012-06-20,17.81,cboe:VXN_History.csv
2012-06-21,20.78,cboe:VXN_History.csv
2012-06-22,19.12,cboe:VXN_History.csv
2012-06-25,21.28,cboe:VXN_History.csv
2012-06-26,20.87,cboe:VXN_History.csv
2012-06-27,20.68,cboe:VXN_History.csv
2012-06-28,21.51,cboe:VXN_History.csv
2012-06-29,18.65,cboe:VXN_History.csv
2012-07-02,18.55,cboe:VXN_History.csv
2012-07-03,18.56,cboe:VXN_History.csv
2012-07-05,18.43,cboe:VXN_History.csv
2012-07-06,18.65,cboe:VXN_History.csv
2012-07-09,19.6,cboe:VXN_History.csv
2012-07-10,20.67,cboe:VXN_History.csv
2012-07-11,20.34,cboe:VXN_History.csv
2012-07-12,20.97,cboe:VXN_History.csv
2012-07-13,19.09,cboe:VXN_History.csv
2012-07-16,19.54,cboe:VXN_History.csv
2012-07-17,18.91,cboe:VXN_History.csv
2012-07-18,18.3,cboe:VXN_History.csv
2012-07-19,17.49,cboe:VXN_History.csv
2012-07-20,18.2,cboe:VXN_History.csv
2012-07-23,20.61,cboe:VXN_History.csv
2012-07-24,22.83,cboe:VXN_History.csv
2012-07-25,21.44,cboe:VXN_History.csv
2012-07-26,20.11,cboe:VXN_History.csv
2012-07-27,18.58,cboe:VXN_History.csv
2012-07-30,19.74,cboe:VXN_History.csv
2012-07-31,20.3,cboe:VXN_History.csv
2012-08-01,20.19,cboe:VXN_History.csv
2012-08-02,19.08,cboe:VXN_History.csv
2012-08-03,17.46,cboe:VXN_History.csv
2012-08-06,17.57,cboe:VXN_History.csv
2012-08-07,17.41,cboe:VXN_History.csv
2012-08-08,16.97,cboe:VXN_History.csv
2012-08-09,16.41,cboe:VXN_History.csv
2012-08-10,15.89,cboe:VXN_History.csv
2012-08-13,14.48,cboe:VXN_History.csv
2012-08-14,15.4,cboe:VXN_History.csv
2012-08-15,14.77,cboe:VXN_History.csv
2012-08-16,14.81,cboe:VXN_History.csv
2012-08-17,13.79,cboe:VXN_History.csv
2012-08-20,14.62,cboe:VXN_History.csv
2012-08-21,15.36,cboe:VXN_History.csv
2012-08-22,15.58,cboe:VXN_History.csv
2012-08-23,16.68,cboe:VXN_History.csv
2012-08-24,16.6,cboe:VXN_History.csv
2012-08-27,17.19,cboe:VXN_History.csv
2012-08-28,17.64,cboe:VXN_History.csv
2012-08-29,18.11,cboe:VXN_History.csv
2012-08-30,19.03,cboe:VXN_History.csv
2012-08-31,18.35,cboe:VXN_History.csv
2012-09-04,19.09,cboe:VXN_History.csv
2012-09-05,19.02,cboe:VXN_History.csv
2012-09-06,17.01,cboe:VXN_History.csv
2012-09-07,15.44,cboe:VXN_History.csv
2012-09-10,17.8,cboe:VXN_History.csv
2012-09-11,18.01,cboe:VXN_History.csv
2012-09-12,17.18,cboe:VXN_History.csv
2012-09-13,16.15,cboe:VXN_History.csv
2012-09-14,15.89,cboe:VXN_History.csv
2012-09-17,15.79,cboe:VXN_History.csv
2012-09-18,15.05,cboe:VXN_History.csv
2012-09-19,14.84,cboe:VXN_History.csv
2012-09-20,14.58,cboe:VXN_History.csv
2012-09-21,14.44,cboe:VXN_History.csv
2012-09-24,15.34,cboe:VXN_History.csv
2012-09-25,16.7,cboe:VXN_History.csv
2012-09-26,17.94,cboe:VXN_History.csv
2012-09-27,16.45,cboe:VXN_History.csv
2012-09-28,17.01,cboe:VXN_History.csv
2012-10-01,17.75,cboe:VXN_History.csv
2012-10-02,17.3,cboe:VXN_History.csv
2012-10-03,16.76,cboe:VXN_History.csv
2012-10-04,16.65,cboe:VXN_History.csv
2012-10-05,16.48,cboe:VXN_History.csv
2012-10-08,17.52,cboe:VXN_History.csv
2012-10-09,18.87,cboe:VXN_History.csv
2012-10-10,18.48,cboe:VXN_History.csv
2012-10-11,18.33,cboe:VXN_History.csv
2012-10-12,17.84,cboe:VXN_History.csv
2012-10-15,17.55,cboe:VXN_History.csv
2012-10-16,17.17,cboe:VXN_History.csv
2012-10-17,16.89,cboe:VXN_History.csv
2012-10-18,17.61,cboe:VXN_History.csv
2012-10-19,20.05,cboe:VXN_History.csv
2012-10-22,19.2,cboe:VXN_History.csv
2012-10-23,20.66,cboe:VXN_History.csv
2012-10-24,21.67,cboe:VXN_History.csv
2012-10-25,20.28,cboe:VXN_History.csv
2012-10-26,19.58,cboe:VXN_History.csv
2012-10-31,20.33,cboe:VXN_History.csv
2012-11-01,18.44,cboe:VXN_History.csv
2012-11-02,19.95,cboe:VXN_History.csv
2012-11-05,19.54,cboe:VXN_History.csv
2012-11-06,19.1,cboe:VXN_History.csv
2012-11-07,20.42,cboe:VXN_History.csv
2012-11-08,20.14,cboe:VXN_History.csv
2012-11-09,19.41,cboe:VXN_History.csv
2012-11-12,18.62,cboe:VXN_History.csv
2012-11-13,19.05,cboe:VXN_History.csv
2012-11-14,19.5,cboe:VXN_History.csv
2012-11-15,19.23,cboe:VXN_History.csv
2012-11-16,18.13,cboe:VXN_History.csv
2012-11-19,15.92,cboe:VXN_History.csv
2012-11-20,16.18,cboe:VXN_History.csv
2012-11-21,16.21,cboe:VXN_History.csv
2012-11-23,16.21,cboe:VXN_History.csv
2012-11-26,16.81,cboe:VXN_History.csv
2012-11-27,16.9,cboe:VXN_History.csv
2012-11-28,16.75,cboe:VXN_History.csv
2012-11-29,16.4,cboe:VXN_History.csv
2012-11-30,16.96,cboe:VXN_History.csv
2012-12-03,17.69,cboe:VXN_History.csv
2012-12-04,18.37,cboe:VXN_History.csv
2012-12-05,18.63,cboe:VXN_History.csv
2012-12-06,18.49,cboe:VXN_History.csv
2012-12-07,18.35,cboe:VXN_History.csv
2012-12-10,18.74,cboe:VXN_History.csv
2012-12-11,17.96,cboe:VXN_History.csv
2012-12-12,18.58,cboe:VXN_History.csv
2012-12-13,19.47,cboe:VXN_History.csv
2012-12-14,20.19,cboe:VXN_History.csv
2012-12-17,19.47,cboe:VXN_History.csv
2012-12-18,18.63,cboe:VXN_History.csv
2012-12-19,19.27,cboe:VXN_History.csv
2012-12-20,19.32,cboe:VXN_History.csv
2012-12-21,20.16,cboe:VXN_History.csv
2012-12-24,20.15,cboe:VXN_History.csv
2012-12-26,21.18,cboe:VXN_History.csv
2012-12-27,21.57,cboe:VXN_History.csv
2012-12-28,23.32,cboe:VXN_History.csv
2012-12-31,20.56,cboe:VXN_History.csv
2013-01-02,16.95,cboe:VXN_History.csv
2013-01-03,17.11,cboe:VXN_History.csv
2013-01-04,15.51,cboe:VXN_History.csv
2013-01-07,16.55,cboe:VXN_History.csv
2013-01-08,16.43,cboe:VXN_History.csv
2013-01-09,16.08,cboe:VXN_History.csv
2013-01-10,16.08,cboe:VXN_History.csv
2013-01-11,15.87,cboe:VXN_History.csv
2013-01-14,16.13,cboe:VXN_History.csv
2013-01-15,16.12,cboe:VXN_History.csv
2013-01-16,15.32,cboe:VXN_History.csv
2013-01-17,15.07,cboe:VXN_History.csv
2013-01-18,14.17,cboe:VXN_History.csv
2013-01-22,14.08,cboe:VXN_History.csv
2013-01-23,14.28,cboe:VXN_History.csv
2013-01-24,14.17,cboe:VXN_History.csv
2013-01-25,14.06,cboe:VXN_History.csv
2013-01-28,14.39,cboe:VXN_History.csv
2013-01-29,14.02,cboe:VXN_History.csv
2013-01-30,14.38,cboe:VXN_History.csv
2013-01-31,14.83,cboe:VXN_History.csv
2013-02-01,13.89,cboe:VXN_History.csv
2013-02-04,15.73,cboe:VXN_History.csv
2013-02-05,14.83,cboe:VXN_History.csv
2013-02-06,14.02,cboe:VXN_History.csv
2013-02-07,14.77,cboe:VXN_History.csv
2013-02-08,14.14,cboe:VXN_History.csv
2013-02-11,14.11,cboe:VXN_History.csv
2013-02-12,13.06,cboe:VXN_History.csv
2013-02-13,14.41,cboe:VXN_History.csv
2013-02-14,13.66,cboe:VXN_History.csv
2013-02-15,13.47,cboe:VXN_History.csv
2013-02-19,13.42,cboe:VXN_History.csv
2013-02-20,15.28,cboe:VXN_History.csv
2013-02-21,16.49,cboe:VXN_History.csv
2013-02-22,15.68,cboe:VXN_History.csv
2013-02-25,19.35,cboe:VXN_History.csv
2013-02-26,17.91,cboe:VXN_History.csv
2013-02-27,16.34,cboe:VXN_History.csv
2013-02-28,16.3,cboe:VXN_History.csv
2013-03-01,15.64,cboe:VXN_History.csv
2013-03-04,15.39,cboe:VXN_History.csv
2013-03-05,14.6,cboe:VXN_History.csv
2013-03-06,14.6,cboe:VXN_History.csv
2013-03-07,14.23,cboe:VXN_History.csv
2013-03-08,13.72,cboe:VXN_History.csv
2013-03-11,12.41,cboe:VXN_History.csv
2013-03-12,12.84,cboe:VXN_History.csv
2013-03-13,12.65,cboe:VXN_History.csv
2013-03-14,12.33,cboe:VXN_History.csv
2013-03-15,12.03,cboe:VXN_History.csv
2013-03-18,13.69,cboe:VXN_History.csv
2013-03-19,14.45,cboe:VXN_History.csv
2013-03-20,13.42,cboe:VXN_History.csv
2013-03-21,14.24,cboe:VXN_History.csv
2013-03-22,13.88,cboe:VXN_History.csv
2013-03-25,14.35,cboe:VXN_History.csv
2013-03-26,13.42,cboe:VXN_History.csv
2013-03-27,13.57,cboe:VXN_History.csv
2013-03-28,13.28,cboe:VXN_History.csv
2013-04-01,14.48,cboe:VXN_History.csv
2013-04-02,14.02,cboe:VXN_History.csv
2013-04-03,14.94,cboe:VXN_History.csv
2013-04-04,15.26,cboe:VXN_History.csv
2013-04-05,15.52,cboe:VXN_History.csv
2013-04-08,14.89,cboe:VXN_History.csv
2013-04-09,14.46,cboe:VXN_History.csv
2013-04-10,13.71,cboe:VXN_History.csv
2013-04-11,14.09,cboe:VXN_History.csv
2013-04-12,13.88,cboe:VXN_History.csv
2013-04-15,17.16,cboe:VXN_History.csv
2013-04-16,15.72,cboe:VXN_History.csv
2013-04-17,18.2,cboe:VXN_History.csv
2013-04-18,18.75,cboe:VXN_History.csv
2013-04-19,17.17,cboe:VXN_History.csv
2013-04-22,16.13,cboe:VXN_History.csv
2013-04-23,15.72,cboe:VXN_History.csv
2013-04-24,15.4,cboe:VXN_History.csv
2013-04-25,15.32,cboe:VXN_History.csv
2013-04-26,15.48,cboe:VXN_History.csv
2013-04-29,15.32,cboe:VXN_History.csv
2013-04-30,15.34,cboe:VXN_History.csv
2013-05-01,16.0,cboe:VXN_History.csv
2013-05-02,15.19,cboe:VXN_History.csv
2013-05-03,14.66,cboe:VXN_History.csv
2013-05-06,14.6,cboe:VXN_History.csv
2013-05-07,14.27,cboe:VXN_History.csv
2013-05-08,14.49,cboe:VXN_History.csv
2013-05-09,14.49,cboe:VXN_History.csv
2013-05-10,14.34,cboe:VXN_History.csv
2013-05-13,14.59,cboe:VXN_History.csv
2013-05-14,14.78,cboe:VXN_History.csv
2013-05-15,13.88,cboe:VXN_History.csv
2013-05-16,13.72,cboe:VXN_History.csv
2013-05-17,13.3,cboe:VXN_History.csv
2013-05-20,13.53,cboe:VXN_History.csv
2013-05-21,14.41,cboe:VXN_History.csv
2013-05-22,14.73,cboe:VXN_History.csv
2013-05-23,14.89,cboe:VXN_History.csv
2013-05-24,14.48,cboe:VXN_History.csv
2013-05-28,14.99,cboe:VXN_History.csv
2013-05-29,15.18,cboe:VXN_History.csv
2013-05-30,14.99,cboe:VXN_History.csv
2013-05-31,15.99,cboe:VXN_History.csv
2013-06-03,16.79,cboe:VXN_History.csv
2013-06-04,16.84,cboe:VXN_History.csv
2013-06-05,17.49,cboe:VXN_History.csv
2013-06-06,17.4,cboe:VXN_History.csv
2013-06-07,15.88,cboe:VXN_History.csv
2013-06-10,15.86,cboe:VXN_History.csv
2013-06-11,16.88,cboe:VXN_History.csv
2013-06-12,18.7,cboe:VXN_History.csv
2013-06-13,17.13,cboe:VXN_History.csv
2013-06-14,17.28,cboe:VXN_History.csv
2013-06-17,16.95,cboe:VXN_History.csv
2013-06-18,16.47,cboe:VXN_History.csv
2013-06-19,15.12,cboe:VXN_History.csv
2013-06-20,20.06,cboe:VXN_History.csv
2013-06-21,19.44,cboe:VXN_History.csv
2013-06-24,19.83,cboe:VXN_History.csv
2013-06-25,18.8,cboe:VXN_History.csv
2013-06-26,17.38,cboe:VXN_History.csv
2013-06-27,16.72,cboe:VXN_History.csv
2013-06-28,16.47,cboe:VXN_History.csv
2013-07-01,16.16,cboe:VXN_History.csv
2013-07-02,15.94,cboe:VXN_History.csv
2013-07-03,15.8,cboe:VXN_History.csv
2013-07-05,14.91,cboe:VXN_History.csv
2013-07-08,14.77,cboe:VXN_History.csv
2013-07-09,14.26,cboe:VXN_History.csv
2013-07-10,13.95,cboe:VXN_History.csv
2013-07-11,13.87,cboe:VXN_History.csv
2013-07-12,13.96,cboe:VXN_History.csv
2013-07-15,14.03,cboe:VXN_History.csv
2013-07-16,14.25,cboe:VXN_History.csv
2013-07-17,13.92,cboe:VXN_History.csv
2013-07-18,13.47,cboe:VXN_History.csv
2013-07-19,13.75,cboe:VXN_History.csv
2013-07-22,13.39,cboe:VXN_History.csv
2013-07-23,13.37,cboe:VXN_History.csv
2013-07-24,13.27,cboe:VXN_History.csv
2013-07-25,13.32,cboe:VXN_History.csv
2013-07-26,12.93,cboe:VXN_History.csv
2013-07-29,13.65,cboe:VXN_History.csv
2013-07-30,13.87,cboe:VXN_History.csv
2013-07-31,14.25,cboe:VXN_History.csv
2013-08-01,13.88,cboe:VXN_History.csv
2013-08-02,12.77,cboe:VXN_History.csv
2013-08-05,12.83,cboe:VXN_History.csv
2013-08-06,13.35,cboe:VXN_History.csv
2013-08-07,13.44,cboe:VXN_History.csv
2013-08-08,13.26,cboe:VXN_History.csv
2013-08-09,13.63,cboe:VXN_History.csv
2013-08-12,12.86,cboe:VXN_History.csv
2013-08-13,12.5,cboe:VXN_History.csv
2013-08-14,13.3,cboe:VXN_History.csv
2013-08-15,14.9,cboe:VXN_History.csv
2013-08-16,14.73,cboe:VXN_History.csv
2013-08-19,15.53,cboe:VXN_History.csv
2013-08-20,15.15,cboe:VXN_History.csv
2013-08-21,15.99,cboe:VXN_History.csv
2013-08-22,15.44,cboe:VXN_History.csv
2013-08-23,14.62,cboe:VXN_History.csv
2013-08-26,15.32,cboe:VXN_History.csv
2013-08-27,17.63,cboe:VXN_History.csv
2013-08-28,17.42,cboe:VXN_History.csv
2013-08-29,17.4,cboe:VXN_History.csv
2013-08-30,17.53,cboe:VXN_History.csv
2013-09-03,17.89,cboe:VXN_History.csv
2013-09-04,16.77,cboe:VXN_History.csv
2013-09-05,16.51,cboe:VXN_History.csv
2013-09-06,16.32,cboe:VXN_History.csv
2013-09-09,16.16,cboe:VXN_History.csv
2013-09-10,15.24,cboe:VXN_History.csv
2013-09-11,14.73,cboe:VXN_History.csv
2013-09-12,14.75,cboe:VXN_History.csv
2013-09-13,14.7,cboe:VXN_History.csv
2013-09-16,15.16,cboe:VXN_History.csv
2013-09-17,14.72,cboe:VXN_History.csv
2013-09-18,14.15,cboe:VXN_History.csv
2013-09-19,13.77,cboe:VXN_History.csv
2013-09-20,12.97,cboe:VXN_History.csv
2013-09-23,14.64,cboe:VXN_History.csv
2013-09-24,14.37,cboe:VXN_History.csv
2013-09-25,14.66,cboe:VXN_History.csv
2013-09-26,14.36,cboe:VXN_History.csv
2013-09-27,15.65,cboe:VXN_History.csv
2013-09-30,16.73,cboe:VXN_History.csv
2013-10-01,15.97,cboe:VXN_History.csv
2013-10-02,16.72,cboe:VXN_History.csv
2013-10-03,18.3,cboe:VXN_History.csv
2013-10-04,17.32,cboe:VXN_History.csv
2013-10-07,19.84,cboe:VXN_History.csv
2013-10-08,22.07,cboe:VXN_History.csv
2013-10-09,21.68,cboe:VXN_History.csv
2013-10-10,18.45,cboe:VXN_History.csv
2013-10-11,17.19,cboe:VXN_History.csv
2013-10-14,17.47,cboe:VXN_History.csv
2013-10-15,18.77,cboe:VXN_History.csv
2013-10-16,16.4,cboe:VXN_History.csv
2013-10-17,14.49,cboe:VXN_History.csv
2013-10-18,13.69,cboe:VXN_History.csv
2013-10-21,14.4,cboe:VXN_History.csv
2013-10-22,14.96,cboe:VXN_History.csv
2013-10-23,15.33,cboe:VXN_History.csv
2013-10-24,14.5,cboe:VXN_History.csv
2013-10-25,14.91,cboe:VXN_History.csv
2013-10-28,14.97,cboe:VXN_History.csv
2013-10-29,14.83,cboe:VXN_History.csv
2013-10-30,14.72,cboe:VXN_History.csv
2013-10-31,14.88,cboe:VXN_History.csv
2013-11-01,14.76,cboe:VXN_History.csv
2013-11-04,14.37,cboe:VXN_History.csv
2013-11-05,14.4,cboe:VXN_History.csv
2013-11-06,14.76,cboe:VXN_History.csv
2013-11-07,15.67,cboe:VXN_History.csv
2013-11-08,14.67,cboe:VXN_History.csv
2013-11-11,14.37,cboe:VXN_History.csv
2013-11-12,14.14,cboe:VXN_History.csv
2013-11-13,13.66,cboe:VXN_History.csv
2013-11-14,13.26,cboe:VXN_History.csv
2013-11-15,13.13,cboe:VXN_History.csv
2013-11-18,14.37,cboe:VXN_History.csv
2013-11-19,14.52,cboe:VXN_History.csv
2013-11-20,14.44,cboe:VXN_History.csv
2013-11-21,14.01,cboe:VXN_History.csv
2013-11-22,13.65,cboe:VXN_History.csv
2013-11-25,13.74,cboe:VXN_History.csv
2013-11-26,13.6,cboe:VXN_History.csv
2013-11-27,13.36,cboe:VXN_History.csv
2013-11-29,13.93,cboe:VXN_History.csv
2013-12-02,14.81,cboe:VXN_History.csv
2013-12-03,14.93,cboe:VXN_History.csv
2013-12-04,15.08,cboe:VXN_History.csv
2013-12-05,16.11,cboe:VXN_History.csv
2013-12-06,14.85,cboe:VXN_History.csv
2013-12-09,14.8,cboe:VXN_History.csv
2013-12-10,14.8,cboe:VXN_History.csv
2013-12-11,15.88,cboe:VXN_History.csv
2013-12-12,16.0,cboe:VXN_History.csv
2013-12-13,15.98,cboe:VXN_History.csv
2013-12-16,16.54,cboe:VXN_History.csv
2013-12-17,16.47,cboe:VXN_History.csv
2013-12-18,15.01,cboe:VXN_History.csv
2013-12-19,14.92,cboe:VXN_History.csv
2013-12-20,14.48,cboe:VXN_History.csv
2013-12-23,14.11,cboe:VXN_History.csv
2013-12-24,13.91,cboe:VXN_History.csv
2013-12-26,13.93,cboe:VXN_History.csv
2013-12-27,14.51,cboe:VXN_History.csv
2013-12-30,15.16,cboe:VXN_History.csv
2013-12-31,15.44,cboe:VXN_History.csv
2014-01-02,15.88,cboe:VXN_History.csv
2014-01-03,15.85,cboe:VXN_History.csv
2014-01-06,15.82,cboe:VXN_History.csv
2014-01-07,15.1,cboe:VXN_History.csv
2014-01-08,14.88,cboe:VXN_History.csv
2014-01-09,15.1,cboe:VXN_History.csv
2014-01-10,14.09,cboe:VXN_History.csv
2014-01-13,15.05,cboe:VXN_History.csv
2014-01-14,13.52,cboe:VXN_History.csv
2014-01-15,13.63,cboe:VXN_History.csv
2014-01-16,14.11,cboe:VXN_History.csv
2014-01-17,14.2,cboe:VXN_History.csv
2014-01-21,14.34,cboe:VXN_History.csv
2014-01-22,14.43,cboe:VXN_History.csv
2014-01-23,15.33,cboe:VXN_History.csv
2014-01-24,18.84,cboe:VXN_History.csv
2014-01-27,18.87,cboe:VXN_History.csv
2014-01-28,17.65,cboe:VXN_History.csv
2014-01-29,18.69,cboe:VXN_History.csv
2014-01-30,18.65,cboe:VXN_History.csv
2014-01-31,18.97,cboe:VXN_History.csv
2014-02-03,21.44,cboe:VXN_History.csv
2014-02-04,20.1,cboe:VXN_History.csv
2014-02-05,21.15,cboe:VXN_History.csv
2014-02-06,19.48,cboe:VXN_History.csv
2014-02-07,16.71,cboe:VXN_History.csv
2014-02-10,16.53,cboe:VXN_History.csv
2014-02-11,15.84,cboe:VXN_History.csv
2014-02-12,15.93,cboe:VXN_History.csv
2014-02-13,15.49,cboe:VXN_History.csv
2014-02-14,14.8,cboe:VXN_History.csv
2014-02-18,15.23,cboe:VXN_History.csv
2014-02-19,16.32,cboe:VXN_History.csv
2014-02-20,15.91,cboe:VXN_History.csv
2014-02-21,15.81,cboe:VXN_History.csv
2014-02-24,15.24,cboe:VXN_History.csv
2014-02-25,15.15,cboe:VXN_History.csv
2014-02-26,15.29,cboe:VXN_History.csv
2014-02-27,14.79,cboe:VXN_History.csv
2014-02-28,15.01,cboe:VXN_History.csv
2014-03-03,16.85,cboe:VXN_History.csv
2014-03-04,15.41,cboe:VXN_History.csv
2014-03-05,15.22,cboe:VXN_History.csv
2014-03-06,14.94,cboe:VXN_History.csv
2014-03-07,15.23,cboe:VXN_History.csv
2014-03-10,15.52,cboe:VXN_History.csv
2014-03-11,15.78,cboe:VXN_History.csv
2014-03-12,15.54,cboe:VXN_History.csv
2014-03-13,17.47,cboe:VXN_History.csv
2014-03-14,18.89,cboe:VXN_History.csv
2014-03-17,17.47,cboe:VXN_History.csv
2014-03-18,15.93,cboe:VXN_History.csv
2014-03-19,16.23,cboe:VXN_History.csv
2014-03-20,16.18,cboe:VXN_History.csv
2014-03-21,17.35,cboe:VXN_History.csv
2014-03-24,18.12,cboe:VXN_History.csv
2014-03-25,17.12,cboe:VXN_History.csv
2014-03-26,18.14,cboe:VXN_History.csv
2014-03-27,18.49,cboe:VXN_History.csv
2014-03-28,18.09,cboe:VXN_History.csv
2014-03-31,18.12,cboe:VXN_History.csv
2014-04-01,16.74,cboe:VXN_History.csv
2014-04-02,16.37,cboe:VXN_History.csv
2014-04-03,16.96,cboe:VXN_History.csv
2014-04-04,18.79,cboe:VXN_History.csv
2014-04-07,20.05,cboe:VXN_History.csv
2014-04-08,19.11,cboe:VXN_History.csv
2014-04-09,17.72,cboe:VXN_History.csv
2014-04-10,20.59,cboe:VXN_History.csv
2014-04-11,22.65,cboe:VXN_History.csv
2014-04-14,21.7,cboe:VXN_History.csv
2014-04-15,21.91,cboe:VXN_History.csv
2014-04-16,20.41,cboe:VXN_History.csv
2014-04-17,19.39,cboe:VXN_History.csv
2014-04-21,18.53,cboe:VXN_History.csv
2014-04-22,17.18,cboe:VXN_History.csv
2014-04-23,16.9,cboe:VXN_History.csv
2014-04-24,17.17,cboe:VXN_History.csv
2014-04-25,18.59,cboe:VXN_History.csv
2014-04-28,18.74,cboe:VXN_History.csv
2014-04-29,18.33,cboe:VXN_History.csv
2014-04-30,17.68,cboe:VXN_History.csv
2014-05-01,17.15,cboe:VXN_History.csv
2014-05-02,17.03,cboe:VXN_History.csv
2014-05-05,16.78,cboe:VXN_History.csv
2014-05-06,17.09,cboe:VXN_History.csv
2014-05-07,17.4,cboe:VXN_History.csv
2014-05-08,17.42,cboe:VXN_History.csv
2014-05-09,16.52,cboe:VXN_History.csv
2014-05-12,15.49,cboe:VXN_History.csv
2014-05-13,15.37,cboe:VXN_History.csv
2014-05-14,15.16,cboe:VXN_History.csv
2014-05-15,16.06,cboe:VXN_History.csv
2014-05-16,15.25,cboe:VXN_History.csv
2014-05-19,15.1,cboe:VXN_History.csv
2014-05-20,15.34,cboe:VXN_History.csv
2014-05-21,14.5,cboe:VXN_History.csv
2014-05-22,14.2,cboe:VXN_History.csv
2014-05-23,13.45,cboe:VXN_History.csv
2014-05-27,13.72,cboe:VXN_History.csv
2014-05-28,14.04,cboe:VXN_History.csv
2014-05-29,13.84,cboe:VXN_History.csv
2014-05-30,13.77,cboe:VXN_History.csv
2014-06-02,14.33,cboe:VXN_History.csv
2014-06-03,14.35,cboe:VXN_History.csv
2014-06-04,14.21,cboe:VXN_History.csv
2014-06-05,13.66,cboe:VXN_History.csv
2014-06-06,13.21,cboe:VXN_History.csv
2014-06-09,13.79,cboe:VXN_History.csv
2014-06-10,13.57,cboe:VXN_History.csv
2014-06-11,13.37,cboe:VXN_History.csv
2014-06-12,13.85,cboe:VXN_History.csv
2014-06-13,13.61,cboe:VXN_History.csv
2014-06-16,13.7,cboe:VXN_History.csv
2014-06-17,13.51,cboe:VXN_History.csv
2014-06-18,12.65,cboe:VXN_History.csv
2014-06-19,12.51,cboe:VXN_History.csv
2014-06-20,12.27,cboe:VXN_History.csv
2014-06-23,12.3,cboe:VXN_History.csv
2014-06-24,12.61,cboe:VXN_History.csv
2014-06-25,12.54,cboe:VXN_History.csv
2014-06-26,12.2,cboe:VXN_History.csv
2014-06-27,12.03,cboe:VXN_History.csv
2014-06-30,12.21,cboe:VXN_History.csv
2014-07-01,11.98,cboe:VXN_History.csv
2014-07-02,11.59,cboe:VXN_History.csv
2014-07-03,11.36,cboe:VXN_History.csv
2014-07-07,12.44,cboe:VXN_History.csv
2014-07-08,13.74,cboe:VXN_History.csv
2014-07-09,13.22,cboe:VXN_History.csv
2014-07-10,14.13,cboe:VXN_History.csv
2014-07-11,13.66,cboe:VXN_History.csv
2014-07-14,13.59,cboe:VXN_History.csv
2014-07-15,14.33,cboe:VXN_History.csv
2014-07-16,13.38,cboe:VXN_History.csv
2014-07-17,15.85,cboe:VXN_History.csv
2014-07-18,13.4,cboe:VXN_History.csv
2014-07-21,14.17,cboe:VXN_History.csv
2014-07-22,13.26,cboe:VXN_History.csv
2014-07-23,12.91,cboe:VXN_History.csv
2014-07-24,13.08,cboe:VXN_History.csv
2014-07-25,13.36,cboe:VXN_History.csv
2014-07-28,13.84,cboe:VXN_History.csv
2014-07-29,14.2,cboe:VXN_History.csv
2014-07-30,13.93,cboe:VXN_History.csv
2014-07-31,16.82,cboe:VXN_History.csv
2014-08-01,17.26,cboe:VXN_History.csv
2014-08-04,16.08,cboe:VXN_History.csv
2014-08-05,17.02,cboe:VXN_History.csv
2014-08-06,17.07,cboe:VXN_History.csv
2014-08-07,17.37,cboe:VXN_History.csv
2014-08-08,17.02,cboe:VXN_History.csv
2014-08-11,15.27,cboe:VXN_History.csv
2014-08-12,15.13,cboe:VXN_History.csv
2014-08-13,13.81,cboe:VXN_History.csv
2014-08-14,12.95,cboe:VXN_History.csv
2014-08-15,13.37,cboe:VXN_History.csv
2014-08-18,12.85,cboe:VXN_History.csv
2014-08-19,12.66,cboe:VXN_History.csv
2014-08-20,12.66,cboe:VXN_History.csv
2014-08-21,12.5,cboe:VXN_History.csv
2014-08-22,12.23,cboe:VXN_History.csv
2014-08-25,12.45,cboe:VXN_History.csv
2014-08-26,12.34,cboe:VXN_History.csv
2014-08-27,12.34,cboe:VXN_History.csv
2014-08-28,12.65,cboe:VXN_History.csv
2014-08-29,12.71,cboe:VXN_History.csv
2014-09-02,12.98,cboe:VXN_History.csv
2014-09-03,13.56,cboe:VXN_History.csv
2014-09-04,13.78,cboe:VXN_History.csv
2014-09-05,13.24,cboe:VXN_History.csv
2014-09-08,13.66,cboe:VXN_History.csv
2014-09-09,14.53,cboe:VXN_History.csv
2014-09-10,14.12,cboe:VXN_History.csv
2014-09-11,14.03,cboe:VXN_History.csv
2014-09-12,14.67,cboe:VXN_History.csv
2014-09-15,16.19,cboe:VXN_History.csv
2014-09-16,14.92,cboe:VXN_History.csv
2014-09-17,13.85,cboe:VXN_History.csv
2014-09-18,13.51,cboe:VXN_History.csv
2014-09-19,13.8,cboe:VXN_History.csv
2014-09-22,15.51,cboe:VXN_History.csv
2014-09-23,16.46,cboe:VXN_History.csv
2014-09-24,15.25,cboe:VXN_History.csv
2014-09-25,18.12,cboe:VXN_History.csv
2014-09-26,16.85,cboe:VXN_History.csv
2014-09-29,18.03,cboe:VXN_History.csv
2014-09-30,18.26,cboe:VXN_History.csv
2014-10-01,19.21,cboe:VXN_History.csv
2014-10-02,18.63,cboe:VXN_History.csv
2014-10-03,17.54,cboe:VXN_History.csv
2014-10-06,17.98,cboe:VXN_History.csv
2014-10-07,19.17,cboe:VXN_History.csv
2014-10-08,17.26,cboe:VXN_History.csv
2014-10-09,19.77,cboe:VXN_History.csv
2014-10-10,22.62,cboe:VXN_History.csv
2014-10-13,25.72,cboe:VXN_History.csv
2014-10-14,25.0,cboe:VXN_History.csv
2014-10-15,27.05,cboe:VXN_History.csv
2014-10-16,26.73,cboe:VXN_History.csv
2014-10-17,23.13,cboe:VXN_History.csv
2014-10-20,20.32,cboe:VXN_History.csv
2014-10-21,18.22,cboe:VXN_History.csv
2014-10-22,19.96,cboe:VXN_History.csv
2014-10-23,18.78,cboe:VXN_History.csv
2014-10-24,17.93,cboe:VXN_History.csv
2014-10-27,17.94,cboe:VXN_History.csv
2014-10-28,16.6,cboe:VXN_History.csv
2014-10-29,16.78,cboe:VXN_History.csv
2014-10-30,16.61,cboe:VXN_History.csv
2014-10-31,15.81,cboe:VXN_History.csv
2014-11-03,16.42,cboe:VXN_History.csv
2014-11-04,16.58,cboe:VXN_History.csv
2014-11-05,16.34,cboe:VXN_History.csv
2014-11-06,15.68,cboe:VXN_History.csv
2014-11-07,14.71,cboe:VXN_History.csv
2014-11-10,14.3,cboe:VXN_History.csv
2014-11-11,14.32,cboe:VXN_History.csv
2014-11-12,14.33,cboe:VXN_History.csv
2014-11-13,14.55,cboe:VXN_History.csv
2014-11-14,15.16,cboe:VXN_History.csv
2014-11-17,15.53,cboe:VXN_History.csv
2014-11-18,15.38,cboe:VXN_History.csv
2014-11-19,15.71,cboe:VXN_History.csv
2014-11-20,14.87,cboe:VXN_History.csv
2014-11-21,14.71,cboe:VXN_History.csv
2014-11-24,14.25,cboe:VXN_History.csv
2014-11-25,14.12,cboe:VXN_History.csv
2014-11-26,13.64,cboe:VXN_History.csv
2014-11-28,14.74,cboe:VXN_History.csv
2014-12-01,16.57,cboe:VXN_History.csv
2014-12-02,15.66,cboe:VXN_History.csv
2014-12-03,15.08,cboe:VXN_History.csv
2014-12-04,14.98,cboe:VXN_History.csv
2014-12-05,14.37,cboe:VXN_History.csv
2014-12-08,16.03,cboe:VXN_History.csv
2014-12-09,16.43,cboe:VXN_History.csv
2014-12-10,19.47,cboe:VXN_History.csv
2014-12-11,20.4,cboe:VXN_History.csv
2014-12-12,22.51,cboe:VXN_History.csv
2014-12-15,22.08,cboe:VXN_History.csv
2014-12-16,24.06,cboe:VXN_History.csv
2014-12-17,20.86,cboe:VXN_History.csv
2014-12-18,17.23,cboe:VXN_History.csv
2014-12-19,16.89,cboe:VXN_History.csv
2014-12-22,16.56,cboe:VXN_History.csv
2014-12-23,16.81,cboe:VXN_History.csv
2014-12-24,16.47,cboe:VXN_History.csv
2014-12-26,16.27,cboe:VXN_History.csv
2014-12-29,16.8,cboe:VXN_History.csv
2014-12-30,16.97,cboe:VXN_History.csv
2014-12-31,19.64,cboe:VXN_History.csv
2015-01-02,19.2,cboe:VXN_History.csv
2015-01-05,20.72,cboe:VXN_History.csv
2015-01-06,21.85,cboe:VXN_History.csv
2015-01-07,20.16,cboe:VXN_History.csv
2015-01-08,18.15,cboe:VXN_History.csv
2015-01-09,18.4,cboe:VXN_History.csv
2015-01-12,19.87,cboe:VXN_History.csv
2015-01-13,20.71,cboe:VXN_History.csv
2015-01-14,21.41,cboe:VXN_History.csv
2015-01-15,22.72,cboe:VXN_History.csv
2015-01-16,21.22,cboe:VXN_History.csv
2015-01-20,20.69,cboe:VXN_History.csv
2015-01-21,20.02,cboe:VXN_History.csv
2015-01-22,17.08,cboe:VXN_History.csv
2015-01-23,17.06,cboe:VXN_History.csv
2015-01-26,16.97,cboe:VXN_History.csv
2015-01-27,19.22,cboe:VXN_History.csv
2015-01-28,21.39,cboe:VXN_History.csv
2015-01-29,19.48,cboe:VXN_History.csv
2015-01-30,21.59,cboe:VXN_History.csv
2015-02-02,20.79,cboe:VXN_History.csv
2015-02-03,18.81,cboe:VXN_History.csv
2015-02-04,19.16,cboe:VXN_History.csv
2015-02-05,18.18,cboe:VXN_History.csv
2015-02-06,18.41,cboe:VXN_History.csv
2015-02-09,19.12,cboe:VXN_History.csv
2015-02-10,17.46,cboe:VXN_History.csv
2015-02-11,17.39,cboe:VXN_History.csv
2015-02-12,16.1,cboe:VXN_History.csv
2015-02-13,15.15,cboe:VXN_History.csv
2015-02-17,15.96,cboe:VXN_History.csv
2015-02-18,15.9,cboe:VXN_History.csv
2015-02-19,15.44,cboe:VXN_History.csv
2015-02-20,14.67,cboe:VXN_History.csv
2015-02-23,14.87,cboe:VXN_History.csv
2015-02-24,14.26,cboe:VXN_History.csv
2015-02-25,14.38,cboe:VXN_History.csv
2015-02-26,14.33,cboe:VXN_History.csv
2015-02-27,14.62,cboe:VXN_History.csv
2015-03-02,14.27,cboe:VXN_History.csv
2015-03-03,14.98,cboe:VXN_History.csv
2015-03-04,15.59,cboe:VXN_History.csv
2015-03-05,15.22,cboe:VXN_History.csv
2015-03-06,16.75,cboe:VXN_History.csv
2015-03-09,16.44,cboe:VXN_History.csv
2015-03-10,18.02,cboe:VXN_History.csv
2015-03-11,18.42,cboe:VXN_History.csv
2015-03-12,17.15,cboe:VXN_History.csv
2015-03-13,17.55,cboe:VXN_History.csv
2015-03-16,16.91,cboe:VXN_History.csv
2015-03-17,16.6,cboe:VXN_History.csv
2015-03-18,14.99,cboe:VXN_History.csv
2015-03-19,14.71,cboe:VXN_History.csv
2015-03-20,13.82,cboe:VXN_History.csv
2015-03-23,14.44,cboe:VXN_History.csv
2015-03-24,14.62,cboe:VXN_History.csv
2015-03-25,17.33,cboe:VXN_History.csv
2015-03-26,17.5,cboe:VXN_History.csv
2015-03-27,16.89,cboe:VXN_History.csv
2015-03-30,16.06,cboe:VXN_History.csv
2015-03-31,17.29,cboe:VXN_History.csv
2015-04-01,17.35,cboe:VXN_History.csv
2015-04-02,16.72,cboe:VXN_History.csv
2015-04-06,16.58,cboe:VXN_History.csv
2015-04-07,16.39,cboe:VXN_History.csv
2015-04-08,15.45,cboe:VXN_History.csv
2015-04-09,14.7,cboe:VXN_History.csv
2015-04-10,14.1,cboe:VXN_History.csv
2015-04-13,15.45,cboe:VXN_History.csv
2015-04-14,15.46,cboe:VXN_History.csv
2015-04-15,14.63,cboe:VXN_History.csv
2015-04-16,14.5,cboe:VXN_History.csv
2015-04-17,16.03,cboe:VXN_History.csv
2015-04-20,14.86,cboe:VXN_History.csv
2015-04-21,14.93,cboe:VXN_History.csv
2015-04-22,14.68,cboe:VXN_History.csv
2015-04-23,14.22,cboe:VXN_History.csv
2015-04-24,14.2,cboe:VXN_History.csv
2015-04-27,15.18,cboe:VXN_History.csv
2015-04-28,14.88,cboe:VXN_History.csv
2015-04-29,15.47,cboe:VXN_History.csv
2015-04-30,16.51,cboe:VXN_History.csv
2015-05-01,15.07,cboe:VXN_History.csv
2015-05-04,15.15,cboe:VXN_History.csv
2015-05-05,16.66,cboe:VXN_History.csv
2015-05-06,17.79,cboe:VXN_History.csv
2015-05-07,17.37,cboe:VXN_History.csv
2015-05-08,15.38,cboe:VXN_History.csv
2015-05-11,15.56,cboe:VXN_History.csv
2015-05-12,15.96,cboe:VXN_History.csv
2015-05-13,15.62,cboe:VXN_History.csv
2015-05-14,14.31,cboe:VXN_History.csv
2015-05-15,13.89,cboe:VXN_History.csv
2015-05-18,13.95,cboe:VXN_History.csv
2015-05-19,14.15,cboe:VXN_History.csv
2015-05-20,14.0,cboe:VXN_History.csv
2015-05-21,13.38,cboe:VXN_History.csv
2015-05-22,13.23,cboe:VXN_History.csv
2015-05-26,15.15,cboe:VXN_History.csv
2015-05-27,13.96,cboe:VXN_History.csv
2015-05-28,14.22,cboe:VXN_History.csv
2015-05-29,14.75,cboe:VXN_History.csv
2015-06-01,14.98,cboe:VXN_History.csv
2015-06-02,15.46,cboe:VXN_History.csv
2015-06-03,15.03,cboe:VXN_History.csv
2015-06-04,15.79,cboe:VXN_History.csv
2015-06-05,15.77,cboe:VXN_History.csv
2015-06-08,16.94,cboe:VXN_History.csv
2015-06-09,16.49,cboe:VXN_History.csv
2015-06-10,15.07,cboe:VXN_History.csv
2015-06-11,14.64,cboe:VXN_History.csv
2015-06-12,15.16,cboe:VXN_History.csv
2015-06-15,16.34,cboe:VXN_History.csv
2015-06-16,16.0,cboe:VXN_History.csv
2015-06-17,15.41,cboe:VXN_History.csv
2015-06-18,13.88,cboe:VXN_History.csv
2015-06-19,14.61,cboe:VXN_History.csv
2015-06-22,13.83,cboe:VXN_History.csv
2015-06-23,13.52,cboe:VXN_History.csv
2015-06-24,14.24,cboe:VXN_History.csv
2015-06-25,14.85,cboe:VXN_History.csv
2015-06-26,15.33,cboe:VXN_History.csv
2015-06-29,19.81,cboe:VXN_History.csv
2015-06-30,19.34,cboe:VXN_History.csv
2015-07-01,17.56,cboe:VXN_History.csv
2015-07-02,17.66,cboe:VXN_History.csv
2015-07-06,17.91,cboe:VXN_History.csv
2015-07-07,17.34,cboe:VXN_History.csv
2015-07-08,20.07,cboe:VXN_History.csv
2015-07-09,20.32,cboe:VXN_History.csv
2015-07-10,17.92,cboe:VXN_History.csv
2015-07-13,15.02,cboe:VXN_History.csv
2015-07-14,14.27,cboe:VXN_History.csv
2015-07-15,14.17,cboe:VXN_History.csv
2015-07-16,12.59,cboe:VXN_History.csv
2015-07-17,12.93,cboe:VXN_History.csv
2015-07-20,14.03,cboe:VXN_History.csv
2015-07-21,14.49,cboe:VXN_History.csv
2015-07-22,14.17,cboe:VXN_History.csv
2015-07-23,14.14,cboe:VXN_History.csv
2015-07-24,15.85,cboe:VXN_History.csv
2015-07-27,17.49,cboe:VXN_History.csv
2015-07-28,15.51,cboe:VXN_History.csv
2015-07-29,14.96,cboe:VXN_History.csv
2015-07-30,14.44,cboe:VXN_History.csv
2015-07-31,14.59,cboe:VXN_History.csv
2015-08-03,15.18,cboe:VXN_History.csv
2015-08-04,15.67,cboe:VXN_History.csv
2015-08-05,15.13,cboe:VXN_History.csv
2015-08-06,16.9,cboe:VXN_History.csv
2015-08-07,16.9,cboe:VXN_History.csv
2015-08-10,15.87,cboe:VXN_History.csv
2015-08-11,17.45,cboe:VXN_History.csv
2015-08-12,17.24,cboe:VXN_History.csv
2015-08-13,16.95,cboe:VXN_History.csv
2015-08-14,16.41,cboe:VXN_History.csv
2015-08-17,15.55,cboe:VXN_History.csv
2015-08-18,16.0,cboe:VXN_History.csv
2015-08-19,17.36,cboe:VXN_History.csv
2015-08-20,21.61,cboe:VXN_History.csv
2015-08-21,30.2,cboe:VXN_History.csv
2015-08-24,42.95,cboe:VXN_History.csv
2015-08-25,38.32,cboe:VXN_History.csv
2015-08-26,31.37,cboe:VXN_History.csv
2015-08-27,28.46,cboe:VXN_History.csv
2015-08-28,28.75,cboe:VXN_History.csv
2015-08-31,29.92,cboe:VXN_History.csv
2015-09-01,32.95,cboe:VXN_History.csv
2015-09-02,28.41,cboe:VXN_History.csv
2015-09-03,28.1,cboe:VXN_History.csv
2015-09-04,28.92,cboe:VXN_History.csv
2015-09-08,26.56,cboe:VXN_History.csv
2015-09-09,27.51,cboe:VXN_History.csv
2015-09-10,26.44,cboe:VXN_History.csv
2015-09-11,25.02,cboe:VXN_History.csv
2015-09-14,25.44,cboe:VXN_History.csv
2015-09-15,24.02,cboe:VXN_History.csv
2015-09-16,22.58,cboe:VXN_History.csv
2015-09-17,22.63,cboe:VXN_History.csv
2015-09-18,23.6,cboe:VXN_History.csv
2015-09-21,22.5,cboe:VXN_History.csv
2015-09-22,24.58,cboe:VXN_History.csv
2015-09-23,23.78,cboe:VXN_History.csv
2015-09-24,24.72,cboe:VXN_History.csv
2015-09-25,25.16,cboe:VXN_History.csv
2015-09-28,28.99,cboe:VXN_History.csv
2015-09-29,28.94,cboe:VXN_History.csv
2015-09-30,26.82,cboe:VXN_History.csv
2015-10-01,25.58,cboe:VXN_History.csv
2015-10-02,23.71,cboe:VXN_History.csv
2015-10-05,22.82,cboe:VXN_History.csv
2015-10-06,22.65,cboe:VXN_History.csv
2015-10-07,21.78,cboe:VXN_History.csv
2015-10-08,20.91,cboe:VXN_History.csv
2015-10-09,20.5,cboe:VXN_History.csv
2015-10-12,19.01,cboe:VXN_History.csv
2015-10-13,20.15,cboe:VXN_History.csv
2015-10-14,20.71,cboe:VXN_History.csv
2015-10-15,18.07,cboe:VXN_History.csv
2015-10-16,17.2,cboe:VXN_History.csv
2015-10-19,16.86,cboe:VXN_History.csv
2015-10-20,17.95,cboe:VXN_History.csv
2015-10-21,18.98,cboe:VXN_History.csv
2015-10-22,15.63,cboe:VXN_History.csv
2015-10-23,16.6,cboe:VXN_History.csv
2015-10-26,17.75,cboe:VXN_History.csv
2015-10-27,17.92,cboe:VXN_History.csv
2015-10-28,16.94,cboe:VXN_History.csv
2015-10-29,17.17,cboe:VXN_History.csv
2015-10-30,17.3,cboe:VXN_History.csv
2015-11-02,16.56,cboe:VXN_History.csv
2015-11-03,16.77,cboe:VXN_History.csv
2015-11-04,17.22,cboe:VXN_History.csv
2015-11-05,17.2,cboe:VXN_History.csv
2015-11-06,16.36,cboe:VXN_History.csv
2015-11-09,18.03,cboe:VXN_History.csv
2015-11-10,17.32,cboe:VXN_History.csv
2015-11-11,17.72,cboe:VXN_History.csv
2015-11-12,18.92,cboe:VXN_History.csv
2015-11-13,21.24,cboe:VXN_History.csv
2015-11-16,18.79,cboe:VXN_History.csv
2015-11-17,19.34,cboe:VXN_History.csv
2015-11-18,17.76,cboe:VXN_History.csv
2015-11-19,17.94,cboe:VXN_History.csv
2015-11-20,17.03,cboe:VXN_History.csv
2015-11-23,17.31,cboe:VXN_History.csv
2015-11-24,17.48,cboe:VXN_History.csv
2015-11-25,16.98,cboe:VXN_History.csv
2015-11-27,17.13,cboe:VXN_History.csv
2015-11-30,18.1,cboe:VXN_History.csv
2015-12-01,17.15,cboe:VXN_History.csv
2015-12-02,17.83,cboe:VXN_History.csv
2015-12-03,19.72,cboe:VXN_History.csv
2015-12-04,16.66,cboe:VXN_History.csv
2015-12-07,17.6,cboe:VXN_History.csv
2015-12-08,18.84,cboe:VXN_History.csv
2015-12-09,20.45,cboe:VXN_History.csv
2015-12-10,20.11,cboe:VXN_History.csv
2015-12-11,24.38,cboe:VXN_History.csv
2015-12-14,23.11,cboe:VXN_History.csv
2015-12-15,21.51,cboe:VXN_History.csv
2015-12-16,18.79,cboe:VXN_History.csv
2015-12-17,20.28,cboe:VXN_History.csv
2015-12-18,21.5,cboe:VXN_History.csv
2015-12-21,20.22,cboe:VXN_History.csv
2015-12-22,18.38,cboe:VXN_History.csv
2015-12-23,17.68,cboe:VXN_History.csv
2015-12-24,17.81,cboe:VXN_History.csv
2015-12-28,18.87,cboe:VXN_History.csv
2015-12-29,17.84,cboe:VXN_History.csv
2015-12-30,18.88,cboe:VXN_History.csv
2015-12-31,19.63,cboe:VXN_History.csv
2016-01-04,22.42,cboe:VXN_History.csv
2016-01-05,21.56,cboe:VXN_History.csv
2016-01-06,22.48,cboe:VXN_History.csv
2016-01-07,26.77,cboe:VXN_History.csv
2016-01-08,28.33,cboe:VXN_History.csv
2016-01-11,26.41,cboe:VXN_History.csv
2016-01-12,24.16,cboe:VXN_History.csv
2016-01-13,27.11,cboe:VXN_History.csv
2016-01-14,25.96,cboe:VXN_History.csv
2016-01-15,29.13,cboe:VXN_History.csv
2016-01-19,29.32,cboe:VXN_History.csv
2016-01-20,30.84,cboe:VXN_History.csv
2016-01-21,30.23,cboe:VXN_History.csv
2016-01-22,25.74,cboe:VXN_History.csv
2016-01-25,27.54,cboe:VXN_History.csv
2016-01-26,26.42,cboe:VXN_History.csv
2016-01-27,27.27,cboe:VXN_History.csv
2016-01-28,26.32,cboe:VXN_History.csv
2016-01-29,23.64,cboe:VXN_History.csv
2016-02-01,23.06,cboe:VXN_History.csv
2016-02-02,25.08,cboe:VXN_History.csv
2016-02-03,25.05,cboe:VXN_History.csv
2016-02-04,25.35,cboe:VXN_History.csv
2016-02-05,27.65,cboe:VXN_History.csv
2016-02-08,31.46,cboe:VXN_History.csv
2016-02-09,31.91,cboe:VXN_History.csv
2016-02-10,31.26,cboe:VXN_History.csv
2016-02-11,31.87,cboe:VXN_History.csv
2016-02-12,29.74,cboe:VXN_History.csv
2016-02-16,28.67,cboe:VXN_History.csv
2016-02-17,27.19,cboe:VXN_History.csv
2016-02-18,26.6,cboe:VXN_History.csv
2016-02-19,24.91,cboe:VXN_History.csv
2016-02-22,23.81,cboe:VXN_History.csv
2016-02-23,25.3,cboe:VXN_History.csv
2016-02-24,24.0,cboe:VXN_History.csv
2016-02-25,22.62,cboe:VXN_History.csv
2016-02-26,23.08,cboe:VXN_History.csv
2016-02-29,23.55,cboe:VXN_History.csv
2016-03-01,20.77,cboe:VXN_History.csv
2016-03-02,20.6,cboe:VXN_History.csv
2016-03-03,20.75,cboe:VXN_History.csv
2016-03-04,20.81,cboe:VXN_History.csv
2016-03-07,21.61,cboe:VXN_History.csv
2016-03-08,22.72,cboe:VXN_History.csv
2016-03-09,21.89,cboe:VXN_History.csv
2016-03-10,21.49,cboe:VXN_History.csv
2016-03-11,19.65,cboe:VXN_History.csv
2016-03-14,19.57,cboe:VXN_History.csv
2016-03-15,19.46,cboe:VXN_History.csv
2016-03-16,17.8,cboe:VXN_History.csv
2016-03-17,17.65,cboe:VXN_History.csv
2016-03-18,17.2,cboe:VXN_History.csv
2016-03-21,17.17,cboe:VXN_History.csv
2016-03-22,16.98,cboe:VXN_History.csv
2016-03-23,17.75,cboe:VXN_History.csv
2016-03-24,17.31,cboe:VXN_History.csv
2016-03-28,18.39,cboe:VXN_History.csv
2016-03-29,16.9,cboe:VXN_History.csv
2016-03-30,16.53,cboe:VXN_History.csv
2016-03-31,16.85,cboe:VXN_History.csv
2016-04-01,15.84,cboe:VXN_History.csv
2016-04-04,16.85,cboe:VXN_History.csv
2016-04-05,18.02,cboe:VXN_History.csv
2016-04-06,16.64,cboe:VXN_History.csv
2016-04-07,18.62,cboe:VXN_History.csv
2016-04-08,18.48,cboe:VXN_History.csv
2016-04-11,18.59,cboe:VXN_History.csv
2016-04-12,17.48,cboe:VXN_History.csv
2016-04-13,16.26,cboe:VXN_History.csv
2016-04-14,16.6,cboe:VXN_History.csv
2016-04-15,16.05,cboe:VXN_History.csv
2016-04-18,16.04,cboe:VXN_History.csv
2016-04-19,16.43,cboe:VXN_History.csv
2016-04-20,16.31,cboe:VXN_History.csv
2016-04-21,16.57,cboe:VXN_History.csv
2016-04-22,16.61,cboe:VXN_History.csv
2016-04-25,17.21,cboe:VXN_History.csv
2016-04-26,17.26,cboe:VXN_History.csv
2016-04-27,17.06,cboe:VXN_History.csv
2016-04-28,18.07,cboe:VXN_History.csv
2016-04-29,19.3,cboe:VXN_History.csv
2016-05-02,18.28,cboe:VXN_History.csv
2016-05-03,19.02,cboe:VXN_History.csv
2016-05-04,19.32,cboe:VXN_History.csv
2016-05-05,19.14,cboe:VXN_History.csv
2016-05-06,17.54,cboe:VXN_History.csv
2016-05-09,17.38,cboe:VXN_History.csv
2016-05-10,16.27,cboe:VXN_History.csv
2016-05-11,17.16,cboe:VXN_History.csv
2016-05-12,17.26,cboe:VXN_History.csv
2016-05-13,17.1,cboe:VXN_History.csv
2016-05-16,16.37,cboe:VXN_History.csv
2016-05-17,17.6,cboe:VXN_History.csv
2016-05-18,17.41,cboe:VXN_History.csv
2016-05-19,17.88,cboe:VXN_History.csv
2016-05-20,16.4,cboe:VXN_History.csv
2016-05-23,16.85,cboe:VXN_History.csv
2016-05-24,15.32,cboe:VXN_History.csv
2016-05-25,15.01,cboe:VXN_History.csv
2016-05-26,14.71,cboe:VXN_History.csv
2016-05-27,14.55,cboe:VXN_History.csv
2016-05-31,15.25,cboe:VXN_History.csv
2016-06-01,15.39,cboe:VXN_History.csv
2016-06-02,15.15,cboe:VXN_History.csv
2016-06-03,15.03,cboe:VXN_History.csv
2016-06-06,15.25,cboe:VXN_History.csv
2016-06-07,15.26,cboe:VXN_History.csv
2016-06-08,15.27,cboe:VXN_History.csv
2016-06-09,15.68,cboe:VXN_History.csv
2016-06-10,17.64,cboe:VXN_History.csv
2016-06-13,20.61,cboe:VXN_History.csv
2016-06-14,20.43,cboe:VXN_History.csv
2016-06-15,20.19,cboe:VXN_History.csv
2016-06-16,19.83,cboe:VXN_History.csv
2016-06-17,20.25,cboe:VXN_History.csv
2016-06-20,19.31,cboe:VXN_History.csv
2016-06-21,19.59,cboe:VXN_History.csv
2016-06-22,21.64,cboe:VXN_History.csv
2016-06-23,18.21,cboe:VXN_History.csv
2016-06-24,24.88,cboe:VXN_History.csv
2016-06-27,24.39,cboe:VXN_History.csv
2016-06-28,20.11,cboe:VXN_History.csv
2016-06-29,18.47,cboe:VXN_History.csv
2016-06-30,17.58,cboe:VXN_History.csv
2016-07-01,16.83,cboe:VXN_History.csv
2016-07-05,17.92,cboe:VXN_History.csv
2016-07-06,17.49,cboe:VXN_History.csv
2016-07-07,17.28,cboe:VXN_History.csv
2016-07-08,15.74,cboe:VXN_History.csv
2016-07-11,15.11,cboe:VXN_History.csv
2016-07-12,15.09,cboe:VXN_History.csv
2016-07-13,15.24,cboe:VXN_History.csv
2016-07-14,14.66,cboe:VXN_History.csv
2016-07-15,14.29,cboe:VXN_History.csv
2016-07-18,14.71,cboe:VXN_History.csv
2016-07-19,14.57,cboe:VXN_History.csv
2016-07-20,14.27,cboe:VXN_History.csv
2016-07-21,14.98,cboe:VXN_History.csv
2016-07-22,14.59,cboe:VXN_History.csv
2016-07-25,15.6,cboe:VXN_History.csv
2016-07-26,15.93,cboe:VXN_History.csv
2016-07-27,15.14,cboe:VXN_History.csv
2016-07-28,14.84,cboe:VXN_History.csv
2016-07-29,13.97,cboe:VXN_History.csv
2016-08-01,14.52,cboe:VXN_History.csv
2016-08-02,15.41,cboe:VXN_History.csv
2016-08-03,15.18,cboe:VXN_History.csv
2016-08-04,14.47,cboe:VXN_History.csv
2016-08-05,13.77,cboe:VXN_History.csv
2016-08-08,14.06,cboe:VXN_History.csv
2016-08-09,14.19,cboe:VXN_History.csv
2016-08-10,14.55,cboe:VXN_History.csv
2016-08-11,14.31,cboe:VXN_History.csv
2016-08-12,13.99,cboe:VXN_History.csv
2016-08-15,14.01,cboe:VXN_History.csv
2016-08-16,14.92,cboe:VXN_History.csv
2016-08-17,14.76,cboe:VXN_History.csv
2016-08-18,14.15,cboe:VXN_History.csv
2016-08-19,13.42,cboe:VXN_History.csv
2016-08-22,14.0,cboe:VXN_History.csv
2016-08-23,14.21,cboe:VXN_History.csv
2016-08-24,15.26,cboe:VXN_History.csv
2016-08-25,15.36,cboe:VXN_History.csv
2016-08-26,15.16,cboe:VXN_History.csv
2016-08-29,15.0,cboe:VXN_History.csv
2016-08-30,15.11,cboe:VXN_History.csv
2016-08-31,15.34,cboe:VXN_History.csv
2016-09-01,15.39,cboe:VXN_History.csv
2016-09-02,14.32,cboe:VXN_History.csv
2016-09-06,14.32,cboe:VXN_History.csv
2016-09-07,13.89,cboe:VXN_History.csv
2016-09-08,14.48,cboe:VXN_History.csv
2016-09-09,17.96,cboe:VXN_History.csv
2016-09-12,15.31,cboe:VXN_History.csv
2016-09-13,17.95,cboe:VXN_History.csv
2016-09-14,18.3,cboe:VXN_History.csv
2016-09-15,16.39,cboe:VXN_History.csv
2016-09-16,15.14,cboe:VXN_History.csv
2016-09-19,16.11,cboe:VXN_History.csv
2016-09-20,16.55,cboe:VXN_History.csv
2016-09-21,14.98,cboe:VXN_History.csv
2016-09-22,13.66,cboe:VXN_History.csv
2016-09-23,13.98,cboe:VXN_History.csv
2016-09-26,16.44,cboe:VXN_History.csv
2016-09-27,15.09,cboe:VXN_History.csv
2016-09-28,15.03,cboe:VXN_History.csv
2016-09-29,16.23,cboe:VXN_History.csv
2016-09-30,15.45,cboe:VXN_History.csv
2016-10-03,15.86,cboe:VXN_History.csv
2016-10-04,16.25,cboe:VXN_History.csv
2016-10-05,15.86,cboe:VXN_History.csv
2016-10-06,15.7,cboe:VXN_History.csv
2016-10-07,15.66,cboe:VXN_History.csv
2016-10-10,15.5,cboe:VXN_History.csv
2016-10-11,17.02,cboe:VXN_History.csv
2016-10-12,17.23,cboe:VXN_History.csv
2016-10-13,17.65,cboe:VXN_History.csv
2016-10-14,17.4,cboe:VXN_History.csv
2016-10-17,17.58,cboe:VXN_History.csv
2016-10-18,16.97,cboe:VXN_History.csv
2016-10-19,16.41,cboe:VXN_History.csv
2016-10-20,15.63,cboe:VXN_History.csv
2016-10-21,15.37,cboe:VXN_History.csv
2016-10-24,14.93,cboe:VXN_History.csv
2016-10-25,15.88,cboe:VXN_History.csv
2016-10-26,16.51,cboe:VXN_History.csv
2016-10-27,17.33,cboe:VXN_History.csv
2016-10-28,18.23,cboe:VXN_History.csv
2016-10-31,19.32,cboe:VXN_History.csv
2016-11-01,20.66,cboe:VXN_History.csv
2016-11-02,21.24,cboe:VXN_History.csv
2016-11-03,22.36,cboe:VXN_History.csv
2016-11-04,23.03,cboe:VXN_History.csv
2016-11-07,19.66,cboe:VXN_History.csv
2016-11-08,20.2,cboe:VXN_History.csv
2016-11-09,17.15,cboe:VXN_History.csv
2016-11-10,19.07,cboe:VXN_History.csv
2016-11-11,18.95,cboe:VXN_History.csv
2016-11-14,19.7,cboe:VXN_History.csv
2016-11-15,17.6,cboe:VXN_History.csv
2016-11-16,17.3,cboe:VXN_History.csv
2016-11-17,16.02,cboe:VXN_History.csv
2016-11-18,15.51,cboe:VXN_History.csv
2016-11-21,14.74,cboe:VXN_History.csv
2016-11-22,14.28,cboe:VXN_History.csv
2016-11-23,14.26,cboe:VXN_History.csv
2016-11-25,14.39,cboe:VXN_History.csv
2016-11-28,15.12,cboe:VXN_History.csv
2016-11-29,14.94,cboe:VXN_History.csv
2016-11-30,15.13,cboe:VXN_History.csv
2016-12-01,17.18,cboe:VXN_History.csv
2016-12-02,16.99,cboe:VXN_History.csv
2016-12-05,15.87,cboe:VXN_History.csv
2016-12-06,15.26,cboe:VXN_History.csv
2016-12-07,15.2,cboe:VXN_History.csv
2016-12-08,14.82,cboe:VXN_History.csv
2016-12-09,14.27,cboe:VXN_History.csv
2016-12-12,13.87,cboe:VXN_History.csv
2016-12-13,14.33,cboe:VXN_History.csv
2016-12-14,14.53,cboe:VXN_History.csv
2016-12-15,14.21,cboe:VXN_History.csv
2016-12-16,13.23,cboe:VXN_History.csv
2016-12-19,13.11,cboe:VXN_History.csv
2016-12-20,13.08,cboe:VXN_History.csv
2016-12-21,13.26,cboe:VXN_History.csv
2016-12-22,13.42,cboe:VXN_History.csv
2016-12-23,13.24,cboe:VXN_History.csv
2016-12-27,14.24,cboe:VXN_History.csv
2016-12-28,15.4,cboe:VXN_History.csv
2016-12-29,15.56,cboe:VXN_History.csv
2016-12-30,16.68,cboe:VXN_History.csv
2017-01-03,16.06,cboe:VXN_History.csv
2017-01-04,15.18,cboe:VXN_History.csv
2017-01-05,14.63,cboe:VXN_History.csv
2017-01-06,13.85,cboe:VXN_History.csv
2017-01-09,14.22,cboe:VXN_History.csv
2017-01-10,14.13,cboe:VXN_History.csv
2017-01-11,13.94,cboe:VXN_History.csv
2017-01-12,13.86,cboe:VXN_History.csv
2017-01-13,13.34,cboe:VXN_History.csv
2017-01-17,13.88,cboe:VXN_History.csv
2017-01-18,13.51,cboe:VXN_History.csv
2017-01-19,14.06,cboe:VXN_History.csv
2017-01-20,13.04,cboe:VXN_History.csv
2017-01-23,13.49,cboe:VXN_History.csv
2017-01-24,12.64,cboe:VXN_History.csv
2017-01-25,12.65,cboe:VXN_History.csv
2017-01-26,12.64,cboe:VXN_History.csv
2017-01-27,12.3,cboe:VXN_History.csv
2017-01-30,13.71,cboe:VXN_History.csv
2017-01-31,14.29,cboe:VXN_History.csv
2017-02-01,13.09,cboe:VXN_History.csv
2017-02-02,13.63,cboe:VXN_History.csv
2017-02-03,12.78,cboe:VXN_History.csv
2017-02-06,13.01,cboe:VXN_History.csv
2017-02-07,13.03,cboe:VXN_History.csv
2017-02-08,12.92,cboe:VXN_History.csv
2017-02-09,12.65,cboe:VXN_History.csv
2017-02-10,12.31,cboe:VXN_History.csv
2017-02-13,12.18,cboe:VXN_History.csv
2017-02-14,11.69,cboe:VXN_History.csv
2017-02-15,12.23,cboe:VXN_History.csv
2017-02-16,12.74,cboe:VXN_History.csv
2017-02-17,12.07,cboe:VXN_History.csv
2017-02-21,12.98,cboe:VXN_History.csv
2017-02-22,12.56,cboe:VXN_History.csv
2017-02-23,13.29,cboe:VXN_History.csv
2017-02-24,12.75,cboe:VXN_History.csv
2017-02-27,13.19,cboe:VXN_History.csv
2017-02-28,13.6,cboe:VXN_History.csv
2017-03-01,12.9,cboe:VXN_History.csv
2017-03-02,12.71,cboe:VXN_History.csv
2017-03-03,11.77,cboe:VXN_History.csv
2017-03-06,12.19,cboe:VXN_History.csv
2017-03-07,12.13,cboe:VXN_History.csv
2017-03-08,12.25,cboe:VXN_History.csv
2017-03-09,12.47,cboe:VXN_History.csv
2017-03-10,11.9,cboe:VXN_History.csv
2017-03-13,11.19,cboe:VXN_History.csv
2017-03-14,11.7,cboe:VXN_History.csv
2017-03-15,11.28,cboe:VXN_History.csv
2017-03-16,10.96,cboe:VXN_History.csv
2017-03-17,10.57,cboe:VXN_History.csv
2017-03-20,10.31,cboe:VXN_History.csv
2017-03-21,12.5,cboe:VXN_History.csv
2017-03-22,12.78,cboe:VXN_History.csv
2017-03-23,13.7,cboe:VXN_History.csv
2017-03-24,12.66,cboe:VXN_History.csv
2017-03-27,12.78,cboe:VXN_History.csv
2017-03-28,12.12,cboe:VXN_History.csv
2017-03-29,11.53,cboe:VXN_History.csv
2017-03-30,11.54,cboe:VXN_History.csv
2017-03-31,11.75,cboe:VXN_History.csv
2017-04-03,12.37,cboe:VXN_History.csv
2017-04-04,12.15,cboe:VXN_History.csv
2017-04-05,13.14,cboe:VXN_History.csv
2017-04-06,12.73,cboe:VXN_History.csv
2017-04-07,13.49,cboe:VXN_History.csv
2017-04-10,14.22,cboe:VXN_History.csv
2017-04-11,15.13,cboe:VXN_History.csv
2017-04-12,15.56,cboe:VXN_History.csv
2017-04-13,15.9,cboe:VXN_History.csv
2017-04-17,15.24,cboe:VXN_History.csv
2017-04-18,15.47,cboe:VXN_History.csv
2017-04-19,15.47,cboe:VXN_History.csv
2017-04-20,14.46,cboe:VXN_History.csv
2017-04-21,14.87,cboe:VXN_History.csv
2017-04-24,12.06,cboe:VXN_History.csv
2017-04-25,12.01,cboe:VXN_History.csv
2017-04-26,11.95,cboe:VXN_History.csv
2017-04-27,11.11,cboe:VXN_History.csv
2017-04-28,11.53,cboe:VXN_History.csv
2017-05-01,12.2,cboe:VXN_History.csv
2017-05-02,12.95,cboe:VXN_History.csv
2017-05-03,11.98,cboe:VXN_History.csv
2017-05-04,12.18,cboe:VXN_History.csv
2017-05-05,12.31,cboe:VXN_History.csv
2017-05-08,11.86,cboe:VXN_History.csv
2017-05-09,12.67,cboe:VXN_History.csv
2017-05-10,12.34,cboe:VXN_History.csv
2017-05-11,12.76,cboe:VXN_History.csv
2017-05-12,12.3,cboe:VXN_History.csv
2017-05-15,12.03,cboe:VXN_History.csv
2017-05-16,11.59,cboe:VXN_History.csv
2017-05-17,16.46,cboe:VXN_History.csv
2017-05-18,15.66,cboe:VXN_History.csv
2017-05-19,13.86,cboe:VXN_History.csv
2017-05-22,12.88,cboe:VXN_History.csv
2017-05-23,12.75,cboe:VXN_History.csv
2017-05-24,12.37,cboe:VXN_History.csv
2017-05-25,12.58,cboe:VXN_History.csv
2017-05-26,12.26,cboe:VXN_History.csv
2017-05-30,12.9,cboe:VXN_History.csv
2017-05-31,12.94,cboe:VXN_History.csv
2017-06-01,12.69,cboe:VXN_History.csv
2017-06-02,12.91,cboe:VXN_History.csv
2017-06-05,13.2,cboe:VXN_History.csv
2017-06-06,13.96,cboe:VXN_History.csv
2017-06-07,14.05,cboe:VXN_History.csv
2017-06-08,13.66,cboe:VXN_History.csv
2017-06-09,18.13,cboe:VXN_History.csv
2017-06-12,16.98,cboe:VXN_History.csv
2017-06-13,15.1,cboe:VXN_History.csv
2017-06-14,16.01,cboe:VXN_History.csv
2017-06-15,16.2,cboe:VXN_History.csv
2017-06-16,16.3,cboe:VXN_History.csv
2017-06-19,14.6,cboe:VXN_History.csv
2017-06-20,15.29,cboe:VXN_History.csv
2017-06-21,14.76,cboe:VXN_History.csv
2017-06-22,14.8,cboe:VXN_History.csv
2017-06-23,14.47,cboe:VXN_History.csv
2017-06-26,15.44,cboe:VXN_History.csv
2017-06-27,17.26,cboe:VXN_History.csv
2017-06-28,16.05,cboe:VXN_History.csv
2017-06-29,18.43,cboe:VXN_History.csv
2017-06-30,17.61,cboe:VXN_History.csv
2017-07-03,18.74,cboe:VXN_History.csv
2017-07-05,17.26,cboe:VXN_History.csv
2017-07-06,18.0,cboe:VXN_History.csv
2017-07-07,16.81,cboe:VXN_History.csv
2017-07-10,16.7,cboe:VXN_History.csv
2017-07-11,16.42,cboe:VXN_History.csv
2017-07-12,15.1,cboe:VXN_History.csv
2017-07-13,14.62,cboe:VXN_History.csv
2017-07-14,13.8,cboe:VXN_History.csv
2017-07-17,14.5,cboe:VXN_History.csv
2017-07-18,13.9,cboe:VXN_History.csv
2017-07-19,13.95,cboe:VXN_History.csv
2017-07-20,14.36,cboe:VXN_History.csv
2017-07-21,14.36,cboe:VXN_History.csv
2017-07-24,14.59,cboe:VXN_History.csv
2017-07-25,13.82,cboe:VXN_History.csv
2017-07-26,13.89,cboe:VXN_History.csv
2017-07-27,15.89,cboe:VXN_History.csv
2017-07-28,15.91,cboe:VXN_History.csv
2017-07-31,15.87,cboe:VXN_History.csv
2017-08-01,14.83,cboe:VXN_History.csv
2017-08-02,14.61,cboe:VXN_History.csv
2017-08-03,14.69,cboe:VXN_History.csv
2017-08-04,14.09,cboe:VXN_History.csv
2017-08-07,14.21,cboe:VXN_History.csv
2017-08-08,15.23,cboe:VXN_History.csv
2017-08-09,15.43,cboe:VXN_History.csv
2017-08-10,19.06,cboe:VXN_History.csv
2017-08-11,17.77,cboe:VXN_History.csv
2017-08-14,15.06,cboe:VXN_History.csv
2017-08-15,14.36,cboe:VXN_History.csv
2017-08-16,14.22,cboe:VXN_History.csv
2017-08-17,18.6,cboe:VXN_History.csv
2017-08-18,17.85,cboe:VXN_History.csv
2017-08-21,17.37,cboe:VXN_History.csv
2017-08-22,15.21,cboe:VXN_History.csv
2017-08-23,15.8,cboe:VXN_History.csv
2017-08-24,15.97,cboe:VXN_History.csv
2017-08-25,15.52,cboe:VXN_History.csv
2017-08-28,15.18,cboe:VXN_History.csv
2017-08-29,15.98,cboe:VXN_History.csv
2017-08-30,15.12,cboe:VXN_History.csv
2017-08-31,14.33,cboe:VXN_History.csv
2017-09-01,14.1,cboe:VXN_History.csv
2017-09-05,16.13,cboe:VXN_History.csv
2017-09-06,15.56,cboe:VXN_History.csv
2017-09-07,15.4,cboe:VXN_History.csv
2017-09-08,16.07,cboe:VXN_History.csv
2017-09-11,14.07,cboe:VXN_History.csv
2017-09-12,13.37,cboe:VXN_History.csv
2017-09-13,12.8,cboe:VXN_History.csv
2017-09-14,13.4,cboe:VXN_History.csv
2017-09-15,12.51,cboe:VXN_History.csv
2017-09-18,13.61,cboe:VXN_History.csv
2017-09-19,13.3,cboe:VXN_History.csv
2017-09-20,13.42,cboe:VXN_History.csv
2017-09-21,13.71,cboe:VXN_History.csv
2017-09-22,13.81,cboe:VXN_History.csv
2017-09-25,15.65,cboe:VXN_History.csv
2017-09-26,15.28,cboe:VXN_History.csv
2017-09-27,15.32,cboe:VXN_History.csv
2017-09-28,14.98,cboe:VXN_History.csv
2017-09-29,13.85,cboe:VXN_History.csv
2017-10-02,13.88,cboe:VXN_History.csv
2017-10-03,13.62,cboe:VXN_History.csv
2017-10-04,13.45,cboe:VXN_History.csv
2017-10-05,12.88,cboe:VXN_History.csv
2017-10-06,13.33,cboe:VXN_History.csv
2017-10-09,14.04,cboe:VXN_History.csv
2017-10-10,14.29,cboe:VXN_History.csv
2017-10-11,14.09,cboe:VXN_History.csv
2017-10-12,14.33,cboe:VXN_History.csv
2017-10-13,13.97,cboe:VXN_History.csv
2017-10-16,14.49,cboe:VXN_History.csv
2017-10-17,14.4,cboe:VXN_History.csv
2017-10-18,14.32,cboe:VXN_History.csv
2017-10-19,14.64,cboe:VXN_History.csv
2017-10-20,14.32,cboe:VXN_History.csv
2017-10-23,15.74,cboe:VXN_History.csv
2017-10-24,15.51,cboe:VXN_History.csv
2017-10-25,16.31,cboe:VXN_History.csv
2017-10-26,15.82,cboe:VXN_History.csv
2017-10-27,14.3,cboe:VXN_History.csv
2017-10-30,15.05,cboe:VXN_History.csv
2017-10-31,15.06,cboe:VXN_History.csv
2017-11-01,14.95,cboe:VXN_History.csv
2017-11-02,14.7,cboe:VXN_History.csv
2017-11-03,13.9,cboe:VXN_History.csv
2017-11-06,13.9,cboe:VXN_History.csv
2017-11-07,14.12,cboe:VXN_History.csv
2017-11-08,14.06,cboe:VXN_History.csv
2017-11-09,15.04,cboe:VXN_History.csv
2017-11-10,15.03,cboe:VXN_History.csv
2017-11-13,14.84,cboe:VXN_History.csv
2017-11-14,15.0,cboe:VXN_History.csv
2017-11-15,16.09,cboe:VXN_History.csv
2017-11-16,14.31,cboe:VXN_History.csv
2017-11-17,13.79,cboe:VXN_History.csv
2017-11-20,13.82,cboe:VXN_History.csv
2017-11-21,12.78,cboe:VXN_History.csv
2017-11-22,12.74,cboe:VXN_History.csv
2017-11-24,12.38,cboe:VXN_History.csv
2017-11-27,13.04,cboe:VXN_History.csv
2017-11-28,13.41,cboe:VXN_History.csv
2017-11-29,16.38,cboe:VXN_History.csv
2017-11-30,15.93,cboe:VXN_History.csv
2017-12-01,16.57,cboe:VXN_History.csv
2017-12-04,18.03,cboe:VXN_History.csv
2017-12-05,17.12,cboe:VXN_History.csv
2017-12-06,16.71,cboe:VXN_History.csv
2017-12-07,15.86,cboe:VXN_History.csv
2017-12-08,14.42,cboe:VXN_History.csv
2017-12-11,12.59,cboe:VXN_History.csv
2017-12-12,12.86,cboe:VXN_History.csv
2017-12-13,12.74,cboe:VXN_History.csv
2017-12-14,12.39,cboe:VXN_History.csv
2017-12-15,11.88,cboe:VXN_History.csv
2017-12-18,12.53,cboe:VXN_History.csv
2017-12-19,12.82,cboe:VXN_History.csv
2017-12-20,12.78,cboe:VXN_History.csv
2017-12-21,12.65,cboe:VXN_History.csv
2017-12-22,12.54,cboe:VXN_History.csv
2017-12-26,13.64,cboe:VXN_History.csv
2017-12-27,14.29,cboe:VXN_History.csv
2017-12-28,14.62,cboe:VXN_History.csv
2017-12-29,15.68,cboe:VXN_History.csv
2018-01-02,14.93,cboe:VXN_History.csv
2018-01-03,14.16,cboe:VXN_History.csv
2018-01-04,13.97,cboe:VXN_History.csv
2018-01-05,13.48,cboe:VXN_History.csv
2018-01-08,13.84,cboe:VXN_History.csv
2018-01-09,14.63,cboe:VXN_History.csv
2018-01-10,15.28,cboe:VXN_History.csv
2018-01-11,14.77,cboe:VXN_History.csv
2018-01-12,14.57,cboe:VXN_History.csv
2018-01-16,16.34,cboe:VXN_History.csv
2018-01-17,16.2,cboe:VXN_History.csv
2018-01-18,16.95,cboe:VXN_History.csv
2018-01-19,16.17,cboe:VXN_History.csv
2018-01-22,16.29,cboe:VXN_History.csv
2018-01-23,16.75,cboe:VXN_History.csv
2018-01-24,17.9,cboe:VXN_History.csv
2018-01-25,18.25,cboe:VXN_History.csv
2018-01-26,17.52,cboe:VXN_History.csv
2018-01-29,19.22,cboe:VXN_History.csv
2018-01-30,20.35,cboe:VXN_History.csv
2018-01-31,19.65,cboe:VXN_History.csv
2018-02-01,19.15,cboe:VXN_History.csv
2018-02-02,20.66,cboe:VXN_History.csv
2018-02-05,33.02,cboe:VXN_History.csv
2018-02-06,26.7,cboe:VXN_History.csv
2018-02-07,24.73,cboe:VXN_History.csv
2018-02-08,33.89,cboe:VXN_History.csv
2018-02-09,29.62,cboe:VXN_History.csv
2018-02-12,24.94,cboe:VXN_History.csv
2018-02-13,23.71,cboe:VXN_History.csv
2018-02-14,20.87,cboe:VXN_History.csv
2018-02-15,20.85,cboe:VXN_History.csv
2018-02-16,20.46,cboe:VXN_History.csv
2018-02-20,21.67,cboe:VXN_History.csv
2018-02-21,22.49,cboe:VXN_History.csv
2018-02-22,20.91,cboe:VXN_History.csv
2018-02-23,18.16,cboe:VXN_History.csv
2018-02-26,18.12,cboe:VXN_History.csv
2018-02-27,20.49,cboe:VXN_History.csv
2018-02-28,22.01,cboe:VXN_History.csv
2018-03-01,24.74,cboe:VXN_History.csv
2018-03-02,21.53,cboe:VXN_History.csv
2018-03-05,20.6,cboe:VXN_History.csv
2018-03-06,20.6,cboe:VXN_History.csv
2018-03-07,20.43,cboe:VXN_History.csv
2018-03-08,19.26,cboe:VXN_History.csv
2018-03-09,17.3,cboe:VXN_History.csv
2018-03-12,17.56,cboe:VXN_History.csv
2018-03-13,19.24,cboe:VXN_History.csv
2018-03-14,19.52,cboe:VXN_History.csv
2018-03-15,18.45,cboe:VXN_History.csv
2018-03-16,17.64,cboe:VXN_History.csv
2018-03-19,22.06,cboe:VXN_History.csv
2018-03-20,22.13,cboe:VXN_History.csv
2018-03-21,22.06,cboe:VXN_History.csv
2018-03-22,26.63,cboe:VXN_History.csv
2018-03-23,28.35,cboe:VXN_History.csv
2018-03-26,25.15,cboe:VXN_History.csv
2018-03-27,29.01,cboe:VXN_History.csv
2018-03-28,30.19,cboe:VXN_History.csv
2018-03-29,26.68,cboe:VXN_History.csv
2018-04-02,29.92,cboe:VXN_History.csv
2018-04-03,28.05,cboe:VXN_History.csv
2018-04-04,26.29,cboe:VXN_History.csv
2018-04-05,25.03,cboe:VXN_History.csv
2018-04-06,27.43,cboe:VXN_History.csv
2018-04-09,26.95,cboe:VXN_History.csv
2018-04-10,25.15,cboe:VXN_History.csv
2018-04-11,24.69,cboe:VXN_History.csv
2018-04-12,22.9,cboe:VXN_History.csv
2018-04-13,22.06,cboe:VXN_History.csv
2018-04-16,20.45,cboe:VXN_History.csv
2018-04-17,19.43,cboe:VXN_History.csv
2018-04-18,19.38,cboe:VXN_History.csv
2018-04-19,20.16,cboe:VXN_History.csv
2018-04-20,21.63,cboe:VXN_History.csv
2018-04-23,22.12,cboe:VXN_History.csv
2018-04-24,23.62,cboe:VXN_History.csv
2018-04-25,23.07,cboe:VXN_History.csv
2018-04-26,20.36,cboe:VXN_History.csv
2018-04-27,20.52,cboe:VXN_History.csv
2018-04-30,21.06,cboe:VXN_History.csv
2018-05-01,19.71,cboe:VXN_History.csv
2018-05-02,19.76,cboe:VXN_History.csv
2018-05-03,19.65,cboe:VXN_History.csv
2018-05-04,18.41,cboe:VXN_History.csv
2018-05-07,18.71,cboe:VXN_History.csv
2018-05-08,18.48,cboe:VXN_History.csv
2018-05-09,17.62,cboe:VXN_History.csv
2018-05-10,16.38,cboe:VXN_History.csv
2018-05-11,16.19,cboe:VXN_History.csv
2018-05-14,16.08,cboe:VXN_History.csv
2018-05-15,17.51,cboe:VXN_History.csv
2018-05-16,16.71,cboe:VXN_History.csv
2018-05-17,17.19,cboe:VXN_History.csv
2018-05-18,16.87,cboe:VXN_History.csv
2018-05-21,16.92,cboe:VXN_History.csv
2018-05-22,16.92,cboe:VXN_History.csv
2018-05-23,16.27,cboe:VXN_History.csv
2018-05-24,15.82,cboe:VXN_History.csv
2018-05-25,16.06,cboe:VXN_History.csv
2018-05-29,18.42,cboe:VXN_History.csv
2018-05-30,17.07,cboe:VXN_History.csv
2018-05-31,16.78,cboe:VXN_History.csv
2018-06-01,15.11,cboe:VXN_History.csv
2018-06-04,15.49,cboe:VXN_History.csv
2018-06-05,15.33,cboe:VXN_History.csv
2018-06-06,15.51,cboe:VXN_History.csv
2018-06-07,16.45,cboe:VXN_History.csv
2018-06-08,16.51,cboe:VXN_History.csv
2018-06-11,16.45,cboe:VXN_History.csv
2018-06-12,15.7,cboe:VXN_History.csv
2018-06-13,16.32,cboe:VXN_History.csv
2018-06-14,15.94,cboe:VXN_History.csv
2018-06-15,15.42,cboe:VXN_History.csv
2018-06-18,16.82,cboe:VXN_History.csv
2018-06-19,17.29,cboe:VXN_History.csv
2018-06-20,16.89,cboe:VXN_History.csv
2018-06-21,18.89,cboe:VXN_History.csv
2018-06-22,18.38,cboe:VXN_History.csv
2018-06-25,21.94,cboe:VXN_History.csv
2018-06-26,20.51,cboe:VXN_History.csv
2018-06-27,22.75,cboe:VXN_History.csv
2018-06-28,21.76,cboe:VXN_History.csv
2018-06-29,20.88,cboe:VXN_History.csv
2018-07-02,20.81,cboe:VXN_History.csv
2018-07-03,21.79,cboe:VXN_History.csv
2018-07-05,20.35,cboe:VXN_History.csv
2018-07-06,18.72,cboe:VXN_History.csv
2018-07-09,17.91,cboe:VXN_History.csv
2018-07-10,17.9,cboe:VXN_History.csv
2018-07-11,18.27,cboe:VXN_History.csv
2018-07-12,17.12,cboe:VXN_History.csv
2018-07-13,16.88,cboe:VXN_History.csv
2018-07-16,17.72,cboe:VXN_History.csv
2018-07-17,16.71,cboe:VXN_History.csv
2018-07-18,16.53,cboe:VXN_History.csv
2018-07-19,17.35,cboe:VXN_History.csv
2018-07-20,17.11,cboe:VXN_History.csv
2018-07-23,16.49,cboe:VXN_History.csv
2018-07-24,17.13,cboe:VXN_History.csv
2018-07-25,16.67,cboe:VXN_History.csv
2018-07-26,16.87,cboe:VXN_History.csv
2018-07-27,18.72,cboe:VXN_History.csv
2018-07-30,20.44,cboe:VXN_History.csv
2018-07-31,19.17,cboe:VXN_History.csv
2018-08-01,18.49,cboe:VXN_History.csv
2018-08-02,16.31,cboe:VXN_History.csv
2018-08-03,15.81,cboe:VXN_History.csv
2018-08-06,15.47,cboe:VXN_History.csv
2018-08-07,14.76,cboe:VXN_History.csv
2018-08-08,14.83,cboe:VXN_History.csv
2018-08-09,14.91,cboe:VXN_History.csv
2018-08-10,16.22,cboe:VXN_History.csv
2018-08-13,16.52,cboe:VXN_History.csv
2018-08-14,15.16,cboe:VXN_History.csv
2018-08-15,17.19,cboe:VXN_History.csv
2018-08-16,16.43,cboe:VXN_History.csv
2018-08-17,15.86,cboe:VXN_History.csv
2018-08-20,16.29,cboe:VXN_History.csv
2018-08-21,16.22,cboe:VXN_History.csv
2018-08-22,15.64,cboe:VXN_History.csv
2018-08-23,15.79,cboe:VXN_History.csv
2018-08-24,15.16,cboe:VXN_History.csv
2018-08-27,15.6,cboe:VXN_History.csv
2018-08-28,15.42,cboe:VXN_History.csv
2018-08-29,15.27,cboe:VXN_History.csv
2018-08-30,16.02,cboe:VXN_History.csv
2018-08-31,16.04,cboe:VXN_History.csv
2018-09-04,17.1,cboe:VXN_History.csv
2018-09-05,18.65,cboe:VXN_History.csv
2018-09-06,19.17,cboe:VXN_History.csv
2018-09-07,19.76,cboe:VXN_History.csv
2018-09-10,19.04,cboe:VXN_History.csv
2018-09-11,17.83,cboe:VXN_History.csv
2018-09-12,17.47,cboe:VXN_History.csv
2018-09-13,16.45,cboe:VXN_History.csv
2018-09-14,16.12,cboe:VXN_History.csv
2018-09-17,18.5,cboe:VXN_History.csv
2018-09-18,17.35,cboe:VXN_History.csv
2018-09-19,16.9,cboe:VXN_History.csv
2018-09-20,16.2,cboe:VXN_History.csv
2018-09-21,16.84,cboe:VXN_History.csv
2018-09-24,17.25,cboe:VXN_History.csv
2018-09-25,17.07,cboe:VXN_History.csv
2018-09-26,17.4,cboe:VXN_History.csv
2018-09-27,16.75,cboe:VXN_History.csv
2018-09-28,16.58,cboe:VXN_History.csv
2018-10-01,17.09,cboe:VXN_History.csv
2018-10-02,17.55,cboe:VXN_History.csv
2018-10-03,17.5,cboe:VXN_History.csv
2018-10-04,20.12,cboe:VXN_History.csv
2018-10-05,21.5,cboe:VXN_History.csv
2018-10-08,22.19,cboe:VXN_History.csv
2018-10-09,21.62,cboe:VXN_History.csv
2018-10-10,27.53,cboe:VXN_History.csv
2018-10-11,27.76,cboe:VXN_History.csv
2018-10-12,24.69,cboe:VXN_History.csv
2018-10-15,26.81,cboe:VXN_History.csv
2018-10-16,22.51,cboe:VXN_History.csv
2018-10-17,22.93,cboe:VXN_History.csv
2018-10-18,26.08,cboe:VXN_History.csv
2018-10-19,25.77,cboe:VXN_History.csv
2018-10-22,25.16,cboe:VXN_History.csv
2018-10-23,25.26,cboe:VXN_History.csv
2018-10-24,30.25,cboe:VXN_History.csv
2018-10-25,29.54,cboe:VXN_History.csv
2018-10-26,29.87,cboe:VXN_History.csv
2018-10-29,31.75,cboe:VXN_History.csv
2018-10-30,30.73,cboe:VXN_History.csv
2018-10-31,29.12,cboe:VXN_History.csv
2018-11-01,26.12,cboe:VXN_History.csv
2018-11-02,26.65,cboe:VXN_History.csv
2018-11-05,27.26,cboe:VXN_History.csv
2018-11-06,26.17,cboe:VXN_History.csv
2018-11-07,22.39,cboe:VXN_History.csv
2018-11-08,22.86,cboe:VXN_History.csv
2018-11-09,24.27,cboe:VXN_History.csv
2018-11-12,28.11,cboe:VXN_History.csv
2018-11-13,27.68,cboe:VXN_History.csv
2018-11-14,28.37,cboe:VXN_History.csv
2018-11-15,26.05,cboe:VXN_History.csv
2018-11-16,24.38,cboe:VXN_History.csv
2018-11-19,27.44,cboe:VXN_History.csv
2018-11-20,28.77,cboe:VXN_History.csv
2018-11-21,26.96,cboe:VXN_History.csv
2018-11-23,27.93,cboe:VXN_History.csv
2018-11-26,26.02,cboe:VXN_History.csv
2018-11-27,24.73,cboe:VXN_History.csv
2018-11-28,24.11,cboe:VXN_History.csv
2018-11-29,24.33,cboe:VXN_History.csv
2018-11-30,24.02,cboe:VXN_History.csv
2018-12-03,21.7,cboe:VXN_History.csv
2018-12-04,25.38,cboe:VXN_History.csv
2018-12-06,25.97,cboe:VXN_History.csv
2018-12-07,28.03,cboe:VXN_History.csv
2018-12-10,27.2,cboe:VXN_History.csv
2018-12-11,26.77,cboe:VXN_History.csv
2018-12-12,26.3,cboe:VXN_History.csv
2018-12-13,25.8,cboe:VXN_History.csv
2018-12-14,27.62,cboe:VXN_History.csv
2018-12-17,30.07,cboe:VXN_History.csv
2018-12-18,29.31,cboe:VXN_History.csv
2018-12-19,29.43,cboe:VXN_History.csv
2018-12-20,31.0,cboe:VXN_History.csv
2018-12-21,33.87,cboe:VXN_History.csv
2018-12-24,38.68,cboe:VXN_History.csv
2018-12-26,33.7,cboe:VXN_History.csv
2018-12-27,34.37,cboe:VXN_History.csv
2018-12-28,34.2,cboe:VXN_History.csv
2018-12-31,31.44,cboe:VXN_History.csv
2019-01-02,30.09,cboe:VXN_History.csv
2019-01-03,32.18,cboe:VXN_History.csv
2019-01-04,28.57,cboe:VXN_History.csv
2019-01-07,28.53,cboe:VXN_History.csv
2019-01-08,27.66,cboe:VXN_History.csv
2019-01-09,26.42,cboe:VXN_History.csv
2019-01-10,25.91,cboe:VXN_History.csv
2019-01-11,24.78,cboe:VXN_History.csv
2019-01-14,25.74,cboe:VXN_History.csv
2019-01-15,23.66,cboe:VXN_History.csv
2019-01-16,24.07,cboe:VXN_History.csv
2019-01-17,23.34,cboe:VXN_History.csv
2019-01-18,21.89,cboe:VXN_History.csv
2019-01-22,25.02,cboe:VXN_History.csv
2019-01-23,24.5,cboe:VXN_History.csv
2019-01-24,23.49,cboe:VXN_History.csv
2019-01-25,21.78,cboe:VXN_History.csv
2019-01-28,23.43,cboe:VXN_History.csv
2019-01-29,23.86,cboe:VXN_History.csv
2019-01-30,21.18,cboe:VXN_History.csv
2019-01-31,20.24,cboe:VXN_History.csv
2019-02-01,19.8,cboe:VXN_History.csv
2019-02-04,19.68,cboe:VXN_History.csv
2019-02-05,19.47,cboe:VXN_History.csv
2019-02-06,19.74,cboe:VXN_History.csv
2019-02-07,20.92,cboe:VXN_History.csv
2019-02-08,20.04,cboe:VXN_History.csv
2019-02-11,20.07,cboe:VXN_History.csv
2019-02-12,18.69,cboe:VXN_History.csv
2019-02-13,19.0,cboe:VXN_History.csv
2019-02-14,19.02,cboe:VXN_History.csv
2019-02-15,17.7,cboe:VXN_History.csv
2019-02-19,18.1,cboe:VXN_History.csv
2019-02-20,18.02,cboe:VXN_History.csv
2019-02-21,18.19,cboe:VXN_History.csv
2019-02-22,16.95,cboe:VXN_History.csv
2019-02-25,17.81,cboe:VXN_History.csv
2019-02-26,18.11,cboe:VXN_History.csv
2019-02-27,17.6,cboe:VXN_History.csv
2019-02-28,17.17,cboe:VXN_History.csv
2019-03-01,16.12,cboe:VXN_History.csv
2019-03-04,17.36,cboe:VXN_History.csv
2019-03-05,17.51,cboe:VXN_History.csv
2019-03-06,18.23,cboe:VXN_History.csv
2019-03-07,19.59,cboe:VXN_History.csv
2019-03-08,19.12,cboe:VXN_History.csv
2019-03-11,16.36,cboe:VXN_History.csv
2019-03-12,15.76,cboe:VXN_History.csv
2019-03-13,15.38,cboe:VXN_History.csv
2019-03-14,15.65,cboe:VXN_History.csv
2019-03-15,15.12,cboe:VXN_History.csv
2019-03-18,16.18,cboe:VXN_History.csv
2019-03-19,16.73,cboe:VXN_History.csv
2019-03-20,16.64,cboe:VXN_History.csv
2019-03-21,16.59,cboe:VXN_History.csv
2019-03-22,19.83,cboe:VXN_History.csv
2019-03-25,19.44,cboe:VXN_History.csv
2019-03-26,18.63,cboe:VXN_History.csv
2019-03-27,18.74,cboe:VXN_History.csv
2019-03-28,17.99,cboe:VXN_History.csv
2019-03-29,16.62,cboe:VXN_History.csv
2019-04-01,16.31,cboe:VXN_History.csv
2019-04-02,16.33,cboe:VXN_History.csv
2019-04-03,16.62,cboe:VXN_History.csv
2019-04-04,16.79,cboe:VXN_History.csv
2019-04-05,16.17,cboe:VXN_History.csv
2019-04-08,16.82,cboe:VXN_History.csv
2019-04-09,17.65,cboe:VXN_History.csv
2019-04-10,16.76,cboe:VXN_History.csv
2019-04-11,16.66,cboe:VXN_History.csv
2019-04-12,15.63,cboe:VXN_History.csv
2019-04-15,15.93,cboe:VXN_History.csv
2019-04-16,15.88,cboe:VXN_History.csv
2019-04-17,15.86,cboe:VXN_History.csv
2019-04-18,15.15,cboe:VXN_History.csv
2019-04-22,15.74,cboe:VXN_History.csv
2019-04-23,16.15,cboe:VXN_History.csv
2019-04-24,16.67,cboe:VXN_History.csv
2019-04-25,16.49,cboe:VXN_History.csv
2019-04-26,15.79,cboe:VXN_History.csv
2019-04-29,16.44,cboe:VXN_History.csv
2019-04-30,16.6,cboe:VXN_History.csv
2019-05-01,17.93,cboe:VXN_History.csv
2019-05-02,17.62,cboe:VXN_History.csv
2019-05-03,15.98,cboe:VXN_History.csv
2019-05-06,18.7,cboe:VXN_History.csv
2019-05-07,22.86,cboe:VXN_History.csv
2019-05-08,22.52,cboe:VXN_History.csv
2019-05-09,22.03,cboe:VXN_History.csv
2019-05-10,19.1,cboe:VXN_History.csv
2019-05-13,25.25,cboe:VXN_History.csv
2019-05-14,22.23,cboe:VXN_History.csv
2019-05-15,19.92,cboe:VXN_History.csv
2019-05-16,18.4,cboe:VXN_History.csv
2019-05-17,19.39,cboe:VXN_History.csv
2019-05-20,21.64,cboe:VXN_History.csv
2019-05-21,19.58,cboe:VXN_History.csv
2019-05-22,19.84,cboe:VXN_History.csv
2019-05-23,21.31,cboe:VXN_History.csv
2019-05-24,20.63,cboe:VXN_History.csv
2019-05-28,21.83,cboe:VXN_History.csv
2019-05-29,22.23,cboe:VXN_History.csv
2019-05-30,21.68,cboe:VXN_History.csv
2019-05-31,23.23,cboe:VXN_History.csv
2019-06-03,24.22,cboe:VXN_History.csv
2019-06-04,21.49,cboe:VXN_History.csv
2019-06-05,20.87,cboe:VXN_History.csv
2019-06-06,20.32,cboe:VXN_History.csv
2019-06-07,19.93,cboe:VXN_History.csv
2019-06-10,19.98,cboe:VXN_History.csv
2019-06-11,20.22,cboe:VXN_History.csv
2019-06-12,20.58,cboe:VXN_History.csv
2019-06-13,20.03,cboe:VXN_History.csv
2019-06-14,19.85,cboe:VXN_History.csv
2019-06-17,20.04,cboe:VXN_History.csv
2019-06-18,19.51,cboe:VXN_History.csv
2019-06-19,18.8,cboe:VXN_History.csv
2019-06-20,18.71,cboe:VXN_History.csv
2019-06-21,19.18,cboe:VXN_History.csv
2019-06-24,19.46,cboe:VXN_History.csv
2019-06-25,20.77,cboe:VXN_History.csv
2019-06-26,20.46,cboe:VXN_History.csv
2019-06-27,20.07,cboe:VXN_History.csv
2019-06-28,19.76,cboe:VXN_History.csv
2019-07-01,17.64,cboe:VXN_History.csv
2019-07-02,16.29,cboe:VXN_History.csv
2019-07-03,16.15,cboe:VXN_History.csv
2019-07-05,16.47,cboe:VXN_History.csv
2019-07-08,17.77,cboe:VXN_History.csv
2019-07-09,17.42,cboe:VXN_History.csv
2019-07-10,16.43,cboe:VXN_History.csv
2019-07-11,16.64,cboe:VXN_History.csv
2019-07-12,16.25,cboe:VXN_History.csv
2019-07-15,16.22,cboe:VXN_History.csv
2019-07-16,16.66,cboe:VXN_History.csv
2019-07-17,18.0,cboe:VXN_History.csv
2019-07-18,17.01,cboe:VXN_History.csv
2019-07-19,17.69,cboe:VXN_History.csv
2019-07-22,17.07,cboe:VXN_History.csv
2019-07-23,16.07,cboe:VXN_History.csv
2019-07-24,15.41,cboe:VXN_History.csv
2019-07-25,16.02,cboe:VXN_History.csv
2019-07-26,15.42,cboe:VXN_History.csv
2019-07-29,16.35,cboe:VXN_History.csv
2019-07-30,17.53,cboe:VXN_History.csv
2019-07-31,18.78,cboe:VXN_History.csv
2019-08-01,21.06,cboe:VXN_History.csv
2019-08-02,21.37,cboe:VXN_History.csv
2019-08-05,27.56,cboe:VXN_History.csv
2019-08-06,24.27,cboe:VXN_History.csv
2019-08-07,23.47,cboe:VXN_History.csv
2019-08-08,21.14,cboe:VXN_History.csv
2019-08-09,21.77,cboe:VXN_History.csv
2019-08-12,25.18,cboe:VXN_History.csv
2019-08-13,21.82,cboe:VXN_History.csv
2019-08-14,26.38,cboe:VXN_History.csv
2019-08-15,24.79,cboe:VXN_History.csv
2019-08-16,21.51,cboe:VXN_History.csv
2019-08-19,20.43,cboe:VXN_History.csv
2019-08-20,21.27,cboe:VXN_History.csv
2019-08-21,19.81,cboe:VXN_History.csv
2019-08-22,20.83,cboe:VXN_History.csv
2019-08-23,23.66,cboe:VXN_History.csv
2019-08-26,23.24,cboe:VXN_History.csv
2019-08-27,24.11,cboe:VXN_History.csv
2019-08-28,23.12,cboe:VXN_History.csv
2019-08-29,21.25,cboe:VXN_History.csv
2019-08-30,22.39,cboe:VXN_History.csv
2019-09-03,23.37,cboe:VXN_History.csv
2019-09-04,21.44,cboe:VXN_History.csv
2019-09-05,19.91,cboe:VXN_History.csv
2019-09-06,18.82,cboe:VXN_History.csv
2019-09-09,19.42,cboe:VXN_History.csv
2019-09-10,19.57,cboe:VXN_History.csv
2019-09-11,18.6,cboe:VXN_History.csv
2019-09-12,17.88,cboe:VXN_History.csv
2019-09-13,18.13,cboe:VXN_History.csv
2019-09-16,19.04,cboe:VXN_History.csv
2019-09-17,18.58,cboe:VXN_History.csv
2019-09-18,18.04,cboe:VXN_History.csv
2019-09-19,17.55,cboe:VXN_History.csv
2019-09-20,19.11,cboe:VXN_History.csv
2019-09-23,18.64,cboe:VXN_History.csv
2019-09-24,20.45,cboe:VXN_History.csv
2019-09-25,19.14,cboe:VXN_History.csv
2019-09-26,19.41,cboe:VXN_History.csv
2019-09-27,20.89,cboe:VXN_History.csv
2019-09-30,20.03,cboe:VXN_History.csv
2019-10-01,21.95,cboe:VXN_History.csv
2019-10-02,23.71,cboe:VXN_History.csv
2019-10-03,22.33,cboe:VXN_History.csv
2019-10-04,20.24,cboe:VXN_History.csv
2019-10-07,21.63,cboe:VXN_History.csv
2019-10-08,23.4,cboe:VXN_History.csv
2019-10-09,21.88,cboe:VXN_History.csv
2019-10-10,21.0,cboe:VXN_History.csv
2019-10-11,19.44,cboe:VXN_History.csv
2019-10-14,18.61,cboe:VXN_History.csv
2019-10-15,17.18,cboe:VXN_History.csv
2019-10-16,17.58,cboe:VXN_History.csv
2019-10-17,17.39,cboe:VXN_History.csv
2019-10-18,17.82,cboe:VXN_History.csv
2019-10-21,17.39,cboe:VXN_History.csv
2019-10-22,18.34,cboe:VXN_History.csv
2019-10-23,17.78,cboe:VXN_History.csv
2019-10-24,17.35,cboe:VXN_History.csv
2019-10-25,16.17,cboe:VXN_History.csv
2019-10-28,16.81,cboe:VXN_History.csv
2019-10-29,17.47,cboe:VXN_History.csv
2019-10-30,16.71,cboe:VXN_History.csv
2019-10-31,17.36,cboe:VXN_History.csv
2019-11-01,16.27,cboe:VXN_History.csv
2019-11-04,16.56,cboe:VXN_History.csv
2019-11-05,17.08,cboe:VXN_History.csv
2019-11-06,16.45,cboe:VXN_History.csv
2019-11-07,16.66,cboe:VXN_History.csv
2019-11-08,16.17,cboe:VXN_History.csv
2019-11-11,16.04,cboe:VXN_History.csv
2019-11-12,15.86,cboe:VXN_History.csv
2019-11-13,16.24,cboe:VXN_History.csv
2019-11-14,15.85,cboe:VXN_History.csv
2019-11-15,14.57,cboe:VXN_History.csv
2019-11-18,14.94,cboe:VXN_History.csv
2019-11-19,15.25,cboe:VXN_History.csv
2019-11-20,15.61,cboe:VXN_History.csv
2019-11-21,16.07,cboe:VXN_History.csv
2019-11-22,15.6,cboe:VXN_History.csv
2019-11-25,15.08,cboe:VXN_History.csv
2019-11-26,14.78,cboe:VXN_History.csv
2019-11-27,14.86,cboe:VXN_History.csv
2019-11-29,15.84,cboe:VXN_History.csv
2019-12-02,18.07,cboe:VXN_History.csv
2019-12-03,19.16,cboe:VXN_History.csv
2019-12-04,18.33,cboe:VXN_History.csv
2019-12-05,17.97,cboe:VXN_History.csv
2019-12-06,16.44,cboe:VXN_History.csv
2019-12-09,18.15,cboe:VXN_History.csv
2019-12-10,18.02,cboe:VXN_History.csv
2019-12-11,17.41,cboe:VXN_History.csv
2019-12-12,16.55,cboe:VXN_History.csv
2019-12-13,15.09,cboe:VXN_History.csv
2019-12-16,14.02,cboe:VXN_History.csv
2019-12-17,14.42,cboe:VXN_History.csv
2019-12-18,14.75,cboe:VXN_History.csv
2019-12-19,14.42,cboe:VXN_History.csv
2019-12-20,14.47,cboe:VXN_History.csv
2019-12-23,15.16,cboe:VXN_History.csv
2019-12-24,15.14,cboe:VXN_History.csv
2019-12-26,15.07,cboe:VXN_History.csv
2019-12-27,16.36,cboe:VXN_History.csv
2019-12-30,17.9,cboe:VXN_History.csv
2019-12-31,16.89,cboe:VXN_History.csv
2020-01-02,16.0,cboe:VXN_History.csv
2020-01-03,16.95,cboe:VXN_History.csv
2020-01-06,17.19,cboe:VXN_History.csv
2020-01-07,17.15,cboe:VXN_History.csv
2020-01-08,16.93,cboe:VXN_History.csv
2020-01-09,16.04,cboe:VXN_History.csv
2020-01-10,16.48,cboe:VXN_History.csv
2020-01-13,15.57,cboe:VXN_History.csv
2020-01-14,15.83,cboe:VXN_History.csv
2020-01-15,15.54,cboe:VXN_History.csv
2020-01-16,14.95,cboe:VXN_History.csv
2020-01-17,14.97,cboe:VXN_History.csv
2020-01-21,16.22,cboe:VXN_History.csv
2020-01-22,16.49,cboe:VXN_History.csv
2020-01-23,16.23,cboe:VXN_History.csv
2020-01-24,18.07,cboe:VXN_History.csv
2020-01-27,21.46,cboe:VXN_History.csv
2020-01-28,19.61,cboe:VXN_History.csv
2020-01-29,19.57,cboe:VXN_History.csv
2020-01-30,17.75,cboe:VXN_History.csv
2020-01-31,21.33,cboe:VXN_History.csv
2020-02-03,20.4,cboe:VXN_History.csv
2020-02-04,18.45,cboe:VXN_History.csv
2020-02-05,18.52,cboe:VXN_History.csv
2020-02-06,18.41,cboe:VXN_History.csv
2020-02-07,19.42,cboe:VXN_History.csv
2020-02-10,19.31,cboe:VXN_History.csv
2020-02-11,19.66,cboe:VXN_History.csv
2020-02-12,18.04,cboe:VXN_History.csv
2020-02-13,18.46,cboe:VXN_History.csv
2020-02-14,17.95,cboe:VXN_History.csv
2020-02-18,19.12,cboe:VXN_History.csv
2020-02-19,18.58,cboe:VXN_History.csv
2020-02-20,20.33,cboe:VXN_History.csv
2020-02-21,22.46,cboe:VXN_History.csv
2020-02-24,29.23,cboe:VXN_History.csv
2020-02-25,31.03,cboe:VXN_History.csv
2020-02-26,30.38,cboe:VXN_History.csv
2020-02-27,41.0,cboe:VXN_History.csv
2020-02-28,43.13,cboe:VXN_History.csv
2020-03-02,35.1,cboe:VXN_History.csv
2020-03-03,39.33,cboe:VXN_History.csv
2020-03-04,33.54,cboe:VXN_History.csv
2020-03-05,41.4,cboe:VXN_History.csv
2020-03-06,43.97,cboe:VXN_History.csv
2020-03-09,53.68,cboe:VXN_History.csv
2020-03-10,47.43,cboe:VXN_History.csv
2020-03-11,50.7,cboe:VXN_History.csv
2020-03-12,67.83,cboe:VXN_History.csv
2020-03-13,51.84,cboe:VXN_History.csv
2020-03-16,80.08,cboe:VXN_History.csv
2020-03-17,71.55,cboe:VXN_History.csv
2020-03-18,74.22,cboe:VXN_History.csv
2020-03-19,69.12,cboe:VXN_History.csv
2020-03-20,63.85,cboe:VXN_History.csv
2020-03-23,58.36,cboe:VXN_History.csv
2020-03-24,56.95,cboe:VXN_History.csv
2020-03-25,60.99,cboe:VXN_History.csv
2020-03-26,57.6,cboe:VXN_History.csv
2020-03-27,61.38,cboe:VXN_History.csv
2020-03-30,55.04,cboe:VXN_History.csv
2020-03-31,51.29,cboe:VXN_History.csv
2020-04-01,54.29,cboe:VXN_History.csv
2020-04-02,48.91,cboe:VXN_History.csv
2020-04-03,44.87,cboe:VXN_History.csv
2020-04-06,42.93,cboe:VXN_History.csv
2020-04-07,44.69,cboe:VXN_History.csv
2020-04-08,42.34,cboe:VXN_History.csv
2020-04-09,41.36,cboe:VXN_History.csv
2020-04-13,41.34,cboe:VXN_History.csv
2020-04-14,38.33,cboe:VXN_History.csv
2020-04-15,40.85,cboe:VXN_History.csv
2020-04-16,40.36,cboe:VXN_History.csv
2020-04-17,38.37,cboe:VXN_History.csv
2020-04-20,43.85,cboe:VXN_History.csv
2020-04-21,45.37,cboe:VXN_History.csv
2020-04-22,42.37,cboe:VXN_History.csv
2020-04-23,41.66,cboe:VXN_History.csv
2020-04-24,36.5,cboe:VXN_History.csv
2020-04-27,35.26,cboe:VXN_History.csv
2020-04-28,36.61,cboe:VXN_History.csv
2020-04-29,32.85,cboe:VXN_History.csv
2020-04-30,35.28,cboe:VXN_History.csv
2020-05-01,37.76,cboe:VXN_History.csv
2020-05-04,36.86,cboe:VXN_History.csv
2020-05-05,35.37,cboe:VXN_History.csv
2020-05-06,35.6,cboe:VXN_History.csv
2020-05-07,33.58,cboe:VXN_History.csv
2020-05-08,30.64,cboe:VXN_History.csv
2020-05-11,28.82,cboe:VXN_History.csv
2020-05-12,33.3,cboe:VXN_History.csv
2020-05-13,36.12,cboe:VXN_History.csv
2020-05-14,33.79,cboe:VXN_History.csv
2020-05-15,33.49,cboe:VXN_History.csv
2020-05-18,30.22,cboe:VXN_History.csv
2020-05-19,30.74,cboe:VXN_History.csv
2020-05-20,29.12,cboe:VXN_History.csv
2020-05-21,30.73,cboe:VXN_History.csv
2020-05-22,29.36,cboe:VXN_History.csv
2020-05-26,29.42,cboe:VXN_History.csv
2020-05-27,29.52,cboe:VXN_History.csv
2020-05-28,29.68,cboe:VXN_History.csv
2020-05-29,27.96,cboe:VXN_History.csv
2020-06-01,28.99,cboe:VXN_History.csv
2020-06-02,27.68,cboe:VXN_History.csv
2020-06-03,27.45,cboe:VXN_History.csv
2020-06-04,27.43,cboe:VXN_History.csv
2020-06-05,25.53,cboe:VXN_History.csv
2020-06-08,26.8,cboe:VXN_History.csv
2020-06-09,28.7,cboe:VXN_History.csv
2020-06-10,29.32,cboe:VXN_History.csv
2020-06-11,36.81,cboe:VXN_History.csv
2020-06-12,35.49,cboe:VXN_History.csv
2020-06-15,33.67,cboe:VXN_History.csv
2020-06-16,32.69,cboe:VXN_History.csv
2020-06-17,32.91,cboe:VXN_History.csv
2020-06-18,31.57,cboe:VXN_History.csv
2020-06-19,32.54,cboe:VXN_History.csv
2020-06-22,31.38,cboe:VXN_History.csv
2020-06-23,31.23,cboe:VXN_History.csv
2020-06-24,33.58,cboe:VXN_History.csv
2020-06-25,31.81,cboe:VXN_History.csv
2020-06-26,33.81,cboe:VXN_History.csv
2020-06-29,32.3,cboe:VXN_History.csv
2020-06-30,30.75,cboe:VXN_History.csv
2020-07-01,29.51,cboe:VXN_History.csv
2020-07-02,28.6,cboe:VXN_History.csv
2020-07-06,30.2,cboe:VXN_History.csv
2020-07-07,31.72,cboe:VXN_History.csv
2020-07-08,31.05,cboe:VXN_History.csv
2020-07-09,32.68,cboe:VXN_History.csv
2020-07-10,32.02,cboe:VXN_History.csv
2020-07-13,37.6,cboe:VXN_History.csv
2020-07-14,37.61,cboe:VXN_History.csv
2020-07-15,35.84,cboe:VXN_History.csv
2020-07-16,34.42,cboe:VXN_History.csv
2020-07-17,30.77,cboe:VXN_History.csv
2020-07-20,30.91,cboe:VXN_History.csv
2020-07-21,30.91,cboe:VXN_History.csv
2020-07-22,30.46,cboe:VXN_History.csv
2020-07-23,32.75,cboe:VXN_History.csv
2020-07-24,32.61,cboe:VXN_History.csv
2020-07-27,31.55,cboe:VXN_History.csv
2020-07-28,31.83,cboe:VXN_History.csv
2020-07-29,30.13,cboe:VXN_History.csv
2020-07-30,30.2,cboe:VXN_History.csv
2020-07-31,27.93,cboe:VXN_History.csv
2020-08-03,29.27,cboe:VXN_History.csv
2020-08-04,29.12,cboe:VXN_History.csv
2020-08-05,28.5,cboe:VXN_History.csv
2020-08-06,28.53,cboe:VXN_History.csv
2020-08-07,29.76,cboe:VXN_History.csv
2020-08-10,29.86,cboe:VXN_History.csv
2020-08-11,31.87,cboe:VXN_History.csv
2020-08-12,30.16,cboe:VXN_History.csv
2020-08-13,29.84,cboe:VXN_History.csv
2020-08-14,29.15,cboe:VXN_History.csv
2020-08-17,27.73,cboe:VXN_History.csv
2020-08-18,26.9,cboe:VXN_History.csv
2020-08-19,28.88,cboe:VXN_History.csv
2020-08-20,28.44,cboe:VXN_History.csv
2020-08-21,28.62,cboe:VXN_History.csv
2020-08-24,29.83,cboe:VXN_History.csv
2020-08-25,29.11,cboe:VXN_History.csv
2020-08-26,32.1,cboe:VXN_History.csv
2020-08-27,33.32,cboe:VXN_History.csv
2020-08-28,32.8,cboe:VXN_History.csv
2020-08-31,34.55,cboe:VXN_History.csv
2020-09-01,34.67,cboe:VXN_History.csv
2020-09-02,36.8,cboe:VXN_History.csv
2020-09-03,42.09,cboe:VXN_History.csv
2020-09-04,41.74,cboe:VXN_History.csv
2020-09-08,41.02,cboe:VXN_History.csv
2020-09-09,38.25,cboe:VXN_History.csv
2020-09-10,37.92,cboe:VXN_History.csv
2020-09-11,35.27,cboe:VXN_History.csv
2020-09-14,33.56,cboe:VXN_History.csv
2020-09-15,33.79,cboe:VXN_History.csv
2020-09-16,35.48,cboe:VXN_History.csv
2020-09-17,36.27,cboe:VXN_History.csv
2020-09-18,36.04,cboe:VXN_History.csv
2020-09-21,36.43,cboe:VXN_History.csv
2020-09-22,35.24,cboe:VXN_History.csv
2020-09-23,37.25,cboe:VXN_History.csv
2020-09-24,36.99,cboe:VXN_History.csv
2020-09-25,34.93,cboe:VXN_History.csv
2020-09-28,34.66,cboe:VXN_History.csv
2020-09-29,35.25,cboe:VXN_History.csv
2020-09-30,35.42,cboe:VXN_History.csv
2020-10-01,34.99,cboe:VXN_History.csv
2020-10-02,36.44,cboe:VXN_History.csv
2020-10-05,35.67,cboe:VXN_History.csv
2020-10-06,36.67,cboe:VXN_History.csv
2020-10-07,35.61,cboe:VXN_History.csv
2020-10-08,34.43,cboe:VXN_History.csv
2020-10-09,32.6,cboe:VXN_History.csv
2020-10-12,33.44,cboe:VXN_History.csv
2020-10-13,34.48,cboe:VXN_History.csv
2020-10-14,34.04,cboe:VXN_History.csv
2020-10-15,34.54,cboe:VXN_History.csv
2020-10-16,35.02,cboe:VXN_History.csv
2020-10-19,36.14,cboe:VXN_History.csv
2020-10-20,35.25,cboe:VXN_History.csv
2020-10-21,35.08,cboe:VXN_History.csv
2020-10-22,34.28,cboe:VXN_History.csv
2020-10-23,33.45,cboe:VXN_History.csv
2020-10-26,37.41,cboe:VXN_History.csv
2020-10-27,36.56,cboe:VXN_History.csv
2020-10-28,43.39,cboe:VXN_History.csv
2020-10-29,40.08,cboe:VXN_History.csv
2020-10-30,41.3,cboe:VXN_History.csv
2020-11-02,40.9,cboe:VXN_History.csv
2020-11-03,38.38,cboe:VXN_History.csv
2020-11-04,33.36,cboe:VXN_History.csv
2020-11-05,32.82,cboe:VXN_History.csv
2020-11-06,30.01,cboe:VXN_History.csv
2020-11-09,31.32,cboe:VXN_History.csv
2020-11-10,32.53,cboe:VXN_History.csv
2020-11-11,30.29,cboe:VXN_History.csv
2020-11-12,30.91,cboe:VXN_History.csv
2020-11-13,29.03,cboe:VXN_History.csv
2020-11-16,27.37,cboe:VXN_History.csv
2020-11-17,27.31,cboe:VXN_History.csv
2020-11-18,27.47,cboe:VXN_History.csv
2020-11-19,26.81,cboe:VXN_History.csv
2020-11-20,26.91,cboe:VXN_History.csv
2020-11-23,26.64,cboe:VXN_History.csv
2020-11-24,25.99,cboe:VXN_History.csv
2020-11-25,25.69,cboe:VXN_History.csv
2020-11-27,26.12,cboe:VXN_History.csv
2020-11-30,26.68,cboe:VXN_History.csv
2020-12-01,27.41,cboe:VXN_History.csv
2020-12-02,27.55,cboe:VXN_History.csv
2020-12-03,27.39,cboe:VXN_History.csv
2020-12-04,27.02,cboe:VXN_History.csv
2020-12-07,27.2,cboe:VXN_History.csv
2020-12-08,26.08,cboe:VXN_History.csv
2020-12-09,29.32,cboe:VXN_History.csv
2020-12-10,29.15,cboe:VXN_History.csv
2020-12-11,29.0,cboe:VXN_History.csv
2020-12-14,29.44,cboe:VXN_History.csv
2020-12-15,28.1,cboe:VXN_History.csv
2020-12-16,27.85,cboe:VXN_History.csv
2020-12-17,27.04,cboe:VXN_History.csv
2020-12-18,26.91,cboe:VXN_History.csv
2020-12-21,28.35,cboe:VXN_History.csv
2020-12-22,27.94,cboe:VXN_History.csv
2020-12-23,27.33,cboe:VXN_History.csv
2020-12-24,25.94,cboe:VXN_History.csv
2020-12-28,25.91,cboe:VXN_History.csv
2020-12-29,26.82,cboe:VXN_History.csv
2020-12-30,26.29,cboe:VXN_History.csv
2020-12-31,26.93,cboe:VXN_History.csv
2021-01-04,30.13,cboe:VXN_History.csv
2021-01-05,28.42,cboe:VXN_History.csv
2021-01-06,29.27,cboe:VXN_History.csv
2021-01-07,26.99,cboe:VXN_History.csv
2021-01-08,27.93,cboe:VXN_History.csv
2021-01-11,28.92,cboe:VXN_History.csv
2021-01-12,28.33,cboe:VXN_History.csv
2021-01-13,27.36,cboe:VXN_History.csv
2021-01-14,28.55,cboe:VXN_History.csv
2021-01-15,29.17,cboe:VXN_History.csv
2021-01-19,27.71,cboe:VXN_History.csv
2021-01-20,26.79,cboe:VXN_History.csv
2021-01-21,27.01,cboe:VXN_History.csv
2021-01-22,28.07,cboe:VXN_History.csv
2021-01-25,28.73,cboe:VXN_History.csv
2021-01-26,29.2,cboe:VXN_History.csv
2021-01-27,39.61,cboe:VXN_History.csv
2021-01-28,35.05,cboe:VXN_History.csv
2021-01-29,37.44,cboe:VXN_History.csv
2021-02-01,34.24,cboe:VXN_History.csv
2021-02-02,29.49,cboe:VXN_History.csv
2021-02-03,29.03,cboe:VXN_History.csv
2021-02-04,27.09,cboe:VXN_History.csv
2021-02-05,25.46,cboe:VXN_History.csv
2021-02-08,26.18,cboe:VXN_History.csv
2021-02-09,26.6,cboe:VXN_History.csv
2021-02-10,27.41,cboe:VXN_History.csv
2021-02-11,27.07,cboe:VXN_History.csv
2021-02-12,26.36,cboe:VXN_History.csv
2021-02-16,28.52,cboe:VXN_History.csv
2021-02-17,28.26,cboe:VXN_History.csv
2021-02-18,27.59,cboe:VXN_History.csv
2021-02-19,27.74,cboe:VXN_History.csv
2021-02-22,31.02,cboe:VXN_History.csv
2021-02-23,30.62,cboe:VXN_History.csv
2021-02-24,28.67,cboe:VXN_History.csv
2021-02-25,36.16,cboe:VXN_History.csv
2021-02-26,34.06,cboe:VXN_History.csv
2021-03-01,28.67,cboe:VXN_History.csv
2021-03-02,30.11,cboe:VXN_History.csv
2021-03-03,33.92,cboe:VXN_History.csv
2021-03-04,34.83,cboe:VXN_History.csv
2021-03-05,31.89,cboe:VXN_History.csv
2021-03-08,33.87,cboe:VXN_History.csv
2021-03-09,32.15,cboe:VXN_History.csv
2021-03-10,31.52,cboe:VXN_History.csv
2021-03-11,30.04,cboe:VXN_History.csv
2021-03-12,30.1,cboe:VXN_History.csv
2021-03-15,28.72,cboe:VXN_History.csv
2021-03-16,29.27,cboe:VXN_History.csv
2021-03-17,27.98,cboe:VXN_History.csv
2021-03-18,30.61,cboe:VXN_History.csv
2021-03-19,29.65,cboe:VXN_History.csv
2021-03-22,26.7,cboe:VXN_History.csv
2021-03-23,27.83,cboe:VXN_History.csv
2021-03-24,28.97,cboe:VXN_History.csv
2021-03-25,27.63,cboe:VXN_History.csv
2021-03-26,25.64,cboe:VXN_History.csv
2021-03-29,26.94,cboe:VXN_History.csv
2021-03-30,26.39,cboe:VXN_History.csv
2021-03-31,24.89,cboe:VXN_History.csv
2021-04-01,23.21,cboe:VXN_History.csv
2021-04-02,23.21,cboe:VXN_History.csv
2021-04-05,23.93,cboe:VXN_History.csv
2021-04-06,23.86,cboe:VXN_History.csv
2021-04-07,23.43,cboe:VXN_History.csv
2021-04-08,23.49,cboe:VXN_History.csv
2021-04-09,23.23,cboe:VXN_History.csv
2021-04-12,22.49,cboe:VXN_History.csv
2021-04-13,22.11,cboe:VXN_History.csv
2021-04-14,22.64,cboe:VXN_History.csv
2021-04-15,21.68,cboe:VXN_History.csv
2021-04-16,20.51,cboe:VXN_History.csv
2021-04-19,22.82,cboe:VXN_History.csv
2021-04-20,24.37,cboe:VXN_History.csv
2021-04-21,22.82,cboe:VXN_History.csv
2021-04-22,24.0,cboe:VXN_History.csv
2021-04-23,22.32,cboe:VXN_History.csv
2021-04-26,22.57,cboe:VXN_History.csv
2021-04-27,22.71,cboe:VXN_History.csv
2021-04-28,22.36,cboe:VXN_History.csv
2021-04-29,22.42,cboe:VXN_History.csv
2021-04-30,22.9,cboe:VXN_History.csv
2021-05-03,23.34,cboe:VXN_History.csv
2021-05-04,25.7,cboe:VXN_History.csv
2021-05-05,25.66,cboe:VXN_History.csv
2021-05-06,24.83,cboe:VXN_History.csv
2021-05-07,22.79,cboe:VXN_History.csv
2021-05-10,26.59,cboe:VXN_History.csv
2021-05-11,27.86,cboe:VXN_History.csv
2021-05-12,31.87,cboe:VXN_History.csv
2021-05-13,29.02,cboe:VXN_History.csv
2021-05-14,24.99,cboe:VXN_History.csv
2021-05-17,25.59,cboe:VXN_History.csv
2021-05-18,26.14,cboe:VXN_History.csv
2021-05-19,26.66,cboe:VXN_History.csv
2021-05-20,24.24,cboe:VXN_History.csv
2021-05-21,24.3,cboe:VXN_History.csv
2021-05-24,22.76,cboe:VXN_History.csv
2021-05-25,23.4,cboe:VXN_History.csv
2021-05-26,22.35,cboe:VXN_History.csv
2021-05-27,22.12,cboe:VXN_History.csv
2021-05-28,21.44,cboe:VXN_History.csv
2021-06-01,22.68,cboe:VXN_History.csv
2021-06-02,22.01,cboe:VXN_History.csv
2021-06-03,23.25,cboe:VXN_History.csv
2021-06-04,21.22,cboe:VXN_History.csv
2021-06-07,21.37,cboe:VXN_History.csv
2021-06-08,21.58,cboe:VXN_History.csv
2021-06-09,22.01,cboe:VXN_History.csv
2021-06-10,19.98,cboe:VXN_History.csv
2021-06-11,19.16,cboe:VXN_History.csv
2021-06-14,20.06,cboe:VXN_History.csv
2021-06-15,20.93,cboe:VXN_History.csv
2021-06-16,21.46,cboe:VXN_History.csv
2021-06-17,20.35,cboe:VXN_History.csv
2021-06-18,22.43,cboe:VXN_History.csv
2021-06-21,20.78,cboe:VXN_History.csv
2021-06-22,20.0,cboe:VXN_History.csv
2021-06-23,19.82,cboe:VXN_History.csv
2021-06-24,19.6,cboe:VXN_History.csv
2021-06-25,19.31,cboe:VXN_History.csv
2021-06-28,19.58,cboe:VXN_History.csv
2021-06-29,20.09,cboe:VXN_History.csv
2021-06-30,20.14,cboe:VXN_History.csv
2021-07-01,20.07,cboe:VXN_History.csv
2021-07-02,19.28,cboe:VXN_History.csv
2021-07-06,21.0,cboe:VXN_History.csv
2021-07-07,21.11,cboe:VXN_History.csv
2021-07-08,23.6,cboe:VXN_History.csv
2021-07-09,21.23,cboe:VXN_History.csv
2021-07-12,19.68,cboe:VXN_History.csv
2021-07-13,20.87,cboe:VXN_History.csv
2021-07-14,19.99,cboe:VXN_History.csv
2021-07-15,20.11,cboe:VXN_History.csv
2021-07-16,21.06,cboe:VXN_History.csv
2021-07-19,23.44,cboe:VXN_History.csv
2021-07-20,21.68,cboe:VXN_History.csv
2021-07-21,20.4,cboe:VXN_History.csv
2021-07-22,19.78,cboe:VXN_History.csv
2021-07-23,19.06,cboe:VXN_History.csv
2021-07-26,20.37,cboe:VXN_History.csv
2021-07-27,22.84,cboe:VXN_History.csv
2021-07-28,20.96,cboe:VXN_History.csv
2021-07-29,20.55,cboe:VXN_History.csv
2021-07-30,20.81,cboe:VXN_History.csv
2021-08-02,21.49,cboe:VXN_History.csv
2021-08-03,20.52,cboe:VXN_History.csv
2021-08-04,20.68,cboe:VXN_History.csv
2021-08-05,20.19,cboe:VXN_History.csv
2021-08-06,19.61,cboe:VXN_History.csv
2021-08-09,19.69,cboe:VXN_History.csv
2021-08-10,20.38,cboe:VXN_History.csv
2021-08-11,20.45,cboe:VXN_History.csv
2021-08-12,19.4,cboe:VXN_History.csv
2021-08-13,18.52,cboe:VXN_History.csv
2021-08-16,19.05,cboe:VXN_History.csv
2021-08-17,21.17,cboe:VXN_History.csv
2021-08-18,24.35,cboe:VXN_History.csv
2021-08-19,23.52,cboe:VXN_History.csv
2021-08-20,20.97,cboe:VXN_History.csv
2021-08-23,19.8,cboe:VXN_History.csv
2021-08-24,19.86,cboe:VXN_History.csv
2021-08-25,19.6,cboe:VXN_History.csv
2021-08-26,21.37,cboe:VXN_History.csv
2021-08-27,18.54,cboe:VXN_History.csv
2021-08-30,19.08,cboe:VXN_History.csv
2021-08-31,19.48,cboe:VXN_History.csv
2021-09-01,19.84,cboe:VXN_History.csv
2021-09-02,20.03,cboe:VXN_History.csv
2021-09-03,19.75,cboe:VXN_History.csv
2021-09-07,20.96,cboe:VXN_History.csv
2021-09-08,20.81,cboe:VXN_History.csv
2021-09-09,21.45,cboe:VXN_History.csv
2021-09-10,22.75,cboe:VXN_History.csv
2021-09-13,21.6,cboe:VXN_History.csv
2021-09-14,21.68,cboe:VXN_History.csv
2021-09-15,20.12,cboe:VXN_History.csv
2021-09-16,20.17,cboe:VXN_History.csv
2021-09-17,22.27,cboe:VXN_History.csv
2021-09-20,27.23,cboe:VXN_History.csv
2021-09-21,26.42,cboe:VXN_History.csv
2021-09-22,22.97,cboe:VXN_History.csv
2021-09-23,21.22,cboe:VXN_History.csv
2021-09-24,20.93,cboe:VXN_History.csv
2021-09-27,21.83,cboe:VXN_History.csv
2021-09-28,27.35,cboe:VXN_History.csv
2021-09-29,26.71,cboe:VXN_History.csv
2021-09-30,26.65,cboe:VXN_History.csv
2021-10-01,24.84,cboe:VXN_History.csv
2021-10-04,27.72,cboe:VXN_History.csv
2021-10-05,25.45,cboe:VXN_History.csv
2021-10-06,24.87,cboe:VXN_History.csv
2021-10-07,23.22,cboe:VXN_History.csv
2021-10-08,23.16,cboe:VXN_History.csv
2021-10-11,23.49,cboe:VXN_History.csv
2021-10-12,23.41,cboe:VXN_History.csv
2021-10-13,21.23,cboe:VXN_History.csv
2021-10-14,19.09,cboe:VXN_History.csv
2021-10-15,18.51,cboe:VXN_History.csv
2021-10-18,18.83,cboe:VXN_History.csv
2021-10-19,18.31,cboe:VXN_History.csv
2021-10-20,18.73,cboe:VXN_History.csv
2021-10-21,18.63,cboe:VXN_History.csv
2021-10-22,19.12,cboe:VXN_History.csv
2021-10-25,18.8,cboe:VXN_History.csv
2021-10-26,19.38,cboe:VXN_History.csv
2021-10-27,20.12,cboe:VXN_History.csv
2021-10-28,19.75,cboe:VXN_History.csv
2021-10-29,19.64,cboe:VXN_History.csv
2021-11-01,19.73,cboe:VXN_History.csv
2021-11-02,19.73,cboe:VXN_History.csv
2021-11-03,19.43,cboe:VXN_History.csv
2021-11-04,20.26,cboe:VXN_History.csv
2021-11-05,21.57,cboe:VXN_History.csv
2021-11-08,21.88,cboe:VXN_History.csv
2021-11-09,22.69,cboe:VXN_History.csv
2021-11-10,23.27,cboe:VXN_History.csv
2021-11-11,22.37,cboe:VXN_History.csv
2021-11-12,21.42,cboe:VXN_History.csv
2021-11-15,21.71,cboe:VXN_History.csv
2021-11-16,21.28,cboe:VXN_History.csv
2021-11-17,21.56,cboe:VXN_History.csv
2021-11-18,21.39,cboe:VXN_History.csv
2021-11-19,21.75,cboe:VXN_History.csv
2021-11-22,23.5,cboe:VXN_History.csv
2021-11-23,24.43,cboe:VXN_History.csv
2021-11-24,23.82,cboe:VXN_History.csv
2021-11-26,28.45,cboe:VXN_History.csv
2021-11-29,24.63,cboe:VXN_History.csv
2021-11-30,27.39,cboe:VXN_History.csv
2021-12-01,30.95,cboe:VXN_History.csv
2021-12-02,29.78,cboe:VXN_History.csv
2021-12-03,33.41,cboe:VXN_History.csv
2021-12-06,30.17,cboe:VXN_History.csv
2021-12-07,25.79,cboe:VXN_History.csv
2021-12-08,24.82,cboe:VXN_History.csv
2021-12-09,26.42,cboe:VXN_History.csv
2021-12-10,23.95,cboe:VXN_History.csv
2021-12-13,24.04,cboe:VXN_History.csv
2021-12-14,25.31,cboe:VXN_History.csv
2021-12-15,23.42,cboe:VXN_History.csv
2021-12-16,25.24,cboe:VXN_History.csv
2021-12-17,26.55,cboe:VXN_History.csv
2021-12-20,27.88,cboe:VXN_History.csv
2021-12-21,24.96,cboe:VXN_History.csv
2021-12-22,22.15,cboe:VXN_History.csv
2021-12-23,21.32,cboe:VXN_History.csv
2021-12-24,21.32,cboe:VXN_History.csv
2021-12-27,21.72,cboe:VXN_History.csv
2021-12-28,21.54,cboe:VXN_History.csv
2021-12-29,21.28,cboe:VXN_History.csv
2021-12-30,21.38,cboe:VXN_History.csv
2021-12-31,21.2,cboe:VXN_History.csv
2022-01-03,21.17,cboe:VXN_History.csv
2022-01-04,22.32,cboe:VXN_History.csv
2022-01-05,25.98,cboe:VXN_History.csv
2022-01-06,25.81,cboe:VXN_History.csv
2022-01-07,25.65,cboe:VXN_History.csv
2022-01-10,25.83,cboe:VXN_History.csv
2022-01-11,24.28,cboe:VXN_History.csv
2022-01-12,23.44,cboe:VXN_History.csv
2022-01-13,27.05,cboe:VXN_History.csv
2022-01-14,25.72,cboe:VXN_History.csv
2022-01-18,29.36,cboe:VXN_History.csv
2022-01-19,29.02,cboe:VXN_History.csv
2022-01-20,30.61,cboe:VXN_History.csv
2022-01-21,34.06,cboe:VXN_History.csv
2022-01-24,35.55,cboe:VXN_History.csv
2022-01-25,38.2,cboe:VXN_History.csv
2022-01-26,38.1,cboe:VXN_History.csv
2022-01-27,36.64,cboe:VXN_History.csv
2022-01-28,33.31,cboe:VXN_History.csv
2022-01-31,30.16,cboe:VXN_History.csv
2022-02-01,28.0,cboe:VXN_History.csv
2022-02-02,29.58,cboe:VXN_History.csv
2022-02-03,31.24,cboe:VXN_History.csv
2022-02-04,30.32,cboe:VXN_History.csv
2022-02-07,30.02,cboe:VXN_History.csv
2022-02-08,28.33,cboe:VXN_History.csv
2022-02-09,26.87,cboe:VXN_History.csv
2022-02-10,30.07,cboe:VXN_History.csv
2022-02-11,34.16,cboe:VXN_History.csv
2022-02-14,34.07,cboe:VXN_History.csv
2022-02-15,31.16,cboe:VXN_History.csv
2022-02-16,29.45,cboe:VXN_History.csv
2022-02-17,33.21,cboe:VXN_History.csv
2022-02-18,33.05,cboe:VXN_History.csv
2022-02-22,33.13,cboe:VXN_History.csv
2022-02-23,35.27,cboe:VXN_History.csv
2022-02-24,34.02,cboe:VXN_History.csv
2022-02-25,31.19,cboe:VXN_History.csv
2022-02-28,32.72,cboe:VXN_History.csv
2022-03-01,35.22,cboe:VXN_History.csv
2022-03-02,33.05,cboe:VXN_History.csv
2022-03-03,33.34,cboe:VXN_History.csv
2022-03-04,34.89,cboe:VXN_History.csv
2022-03-07,38.73,cboe:VXN_History.csv
2022-03-08,38.02,cboe:VXN_History.csv
2022-03-09,35.34,cboe:VXN_History.csv
2022-03-10,34.23,cboe:VXN_History.csv
2022-03-11,34.85,cboe:VXN_History.csv
2022-03-14,36.55,cboe:VXN_History.csv
2022-03-15,34.65,cboe:VXN_History.csv
2022-03-16,30.81,cboe:VXN_History.csv
2022-03-17,29.51,cboe:VXN_History.csv
2022-03-18,27.76,cboe:VXN_History.csv
2022-03-21,28.66,cboe:VXN_History.csv
2022-03-22,27.71,cboe:VXN_History.csv
2022-03-23,28.84,cboe:VXN_History.csv
2022-03-24,27.89,cboe:VXN_History.csv
2022-03-25,27.34,cboe:VXN_History.csv
2022-03-28,26.53,cboe:VXN_History.csv
2022-03-29,25.87,cboe:VXN_History.csv
2022-03-30,26.4,cboe:VXN_History.csv
2022-03-31,26.99,cboe:VXN_History.csv
2022-04-01,25.91,cboe:VXN_History.csv
2022-04-04,24.93,cboe:VXN_History.csv
2022-04-05,27.4,cboe:VXN_History.csv
2022-04-06,28.91,cboe:VXN_History.csv
2022-04-07,28.48,cboe:VXN_History.csv
2022-04-08,28.06,cboe:VXN_History.csv
2022-04-11,30.75,cboe:VXN_History.csv
2022-04-12,30.38,cboe:VXN_History.csv
2022-04-13,26.85,cboe:VXN_History.csv
2022-04-14,28.86,cboe:VXN_History.csv
2022-04-18,29.53,cboe:VXN_History.csv
2022-04-19,29.1,cboe:VXN_History.csv
2022-04-20,28.47,cboe:VXN_History.csv
2022-04-21,31.37,cboe:VXN_History.csv
2022-04-22,35.39,cboe:VXN_History.csv
2022-04-25,33.83,cboe:VXN_History.csv
2022-04-26,38.93,cboe:VXN_History.csv
2022-04-27,36.91,cboe:VXN_History.csv
2022-04-28,35.49,cboe:VXN_History.csv
2022-04-29,38.25,cboe:VXN_History.csv
2022-05-02,37.81,cboe:VXN_History.csv
2022-05-03,36.0,cboe:VXN_History.csv
2022-05-04,31.98,cboe:VXN_History.csv
2022-05-05,37.19,cboe:VXN_History.csv
2022-05-06,37.4,cboe:VXN_History.csv
2022-05-09,41.43,cboe:VXN_History.csv
2022-05-10,40.08,cboe:VXN_History.csv
2022-05-11,40.67,cboe:VXN_History.csv
2022-05-12,41.36,cboe:VXN_History.csv
2022-05-13,37.61,cboe:VXN_History.csv
2022-05-16,37.44,cboe:VXN_History.csv
2022-05-17,33.88,cboe:VXN_History.csv
2022-05-18,38.81,cboe:VXN_History.csv
2022-05-19,36.15,cboe:VXN_History.csv
2022-05-20,36.18,cboe:VXN_History.csv
2022-05-23,35.18,cboe:VXN_History.csv
2022-05-24,36.17,cboe:VXN_History.csv
2022-05-25,35.38,cboe:VXN_History.csv
2022-05-26,33.63,cboe:VXN_History.csv
2022-05-27,32.0,cboe:VXN_History.csv
2022-05-31,33.01,cboe:VXN_History.csv
2022-06-01,32.6,cboe:VXN_History.csv
2022-06-02,31.44,cboe:VXN_History.csv
2022-06-03,31.75,cboe:VXN_History.csv
2022-06-06,32.16,cboe:VXN_History.csv
2022-06-07,31.03,cboe:VXN_History.csv
2022-06-08,30.69,cboe:VXN_History.csv
2022-06-09,32.73,cboe:VXN_History.csv
2022-06-10,33.97,cboe:VXN_History.csv
2022-06-13,40.36,cboe:VXN_History.csv
2022-06-14,38.51,cboe:VXN_History.csv
2022-06-15,35.35,cboe:VXN_History.csv
2022-06-16,38.67,cboe:VXN_History.csv
2022-06-17,36.66,cboe:VXN_History.csv
2022-06-21,36.06,cboe:VXN_History.csv
2022-06-22,35.94,cboe:VXN_History.csv
2022-06-23,35.3,cboe:VXN_History.csv
2022-06-24,33.77,cboe:VXN_History.csv
2022-06-27,33.56,cboe:VXN_History.csv
2022-06-28,35.43,cboe:VXN_History.csv
2022-06-29,35.33,cboe:VXN_History.csv
2022-06-30,36.21,cboe:VXN_History.csv
2022-07-01,34.27,cboe:VXN_History.csv
2022-07-05,34.86,cboe:VXN_History.csv
2022-07-06,33.75,cboe:VXN_History.csv
2022-07-07,32.81,cboe:VXN_History.csv
2022-07-08,31.18,cboe:VXN_History.csv
2022-07-11,32.93,cboe:VXN_History.csv
2022-07-12,33.97,cboe:VXN_History.csv
2022-07-13,33.67,cboe:VXN_History.csv
2022-07-14,32.64,cboe:VXN_History.csv
2022-07-15,30.39,cboe:VXN_History.csv
2022-07-18,31.58,cboe:VXN_History.csv
2022-07-19,30.66,cboe:VXN_History.csv
2022-07-20,30.58,cboe:VXN_History.csv
2022-07-21,29.31,cboe:VXN_History.csv
2022-07-22,29.19,cboe:VXN_History.csv
2022-07-25,29.42,cboe:VXN_History.csv
2022-07-26,30.91,cboe:VXN_History.csv
2022-07-27,29.59,cboe:VXN_History.csv
2022-07-28,28.48,cboe:VXN_History.csv
2022-07-29,27.25,cboe:VXN_History.csv
2022-08-01,28.75,cboe:VXN_History.csv
2022-08-02,30.0,cboe:VXN_History.csv
2022-08-03,27.98,cboe:VXN_History.csv
2022-08-04,27.81,cboe:VXN_History.csv
2022-08-05,27.13,cboe:VXN_History.csv
2022-08-08,27.65,cboe:VXN_History.csv
2022-08-09,28.41,cboe:VXN_History.csv
2022-08-10,25.72,cboe:VXN_History.csv
2022-08-11,26.13,cboe:VXN_History.csv
2022-08-12,25.18,cboe:VXN_History.csv
2022-08-15,25.4,cboe:VXN_History.csv
2022-08-16,25.55,cboe:VXN_History.csv
2022-08-17,26.33,cboe:VXN_History.csv
2022-08-18,25.52,cboe:VXN_History.csv
2022-08-19,26.74,cboe:VXN_History.csv
2022-08-22,29.65,cboe:VXN_History.csv
2022-08-23,29.69,cboe:VXN_History.csv
2022-08-24,28.96,cboe:VXN_History.csv
2022-08-25,28.08,cboe:VXN_History.csv
2022-08-26,31.72,cboe:VXN_History.csv
2022-08-29,32.3,cboe:VXN_History.csv
2022-08-30,32.12,cboe:VXN_History.csv
2022-08-31,32.19,cboe:VXN_History.csv
2022-09-01,32.26,cboe:VXN_History.csv
2022-09-02,32.32,cboe:VXN_History.csv
2022-09-06,33.59,cboe:VXN_History.csv
2022-09-07,31.56,cboe:VXN_History.csv
2022-09-08,30.48,cboe:VXN_History.csv
2022-09-09,29.23,cboe:VXN_History.csv
2022-09-12,29.81,cboe:VXN_History.csv
2022-09-13,33.18,cboe:VXN_History.csv
2022-09-14,32.57,cboe:VXN_History.csv
2022-09-15,32.65,cboe:VXN_History.csv
2022-09-16,32.83,cboe:VXN_History.csv
2022-09-19,32.36,cboe:VXN_History.csv
2022-09-20,33.3,cboe:VXN_History.csv
2022-09-21,33.87,cboe:VXN_History.csv
2022-09-22,32.92,cboe:VXN_History.csv
2022-09-23,34.88,cboe:VXN_History.csv
2022-09-26,36.93,cboe:VXN_History.csv
2022-09-27,37.15,cboe:VXN_History.csv
2022-09-28,35.51,cboe:VXN_History.csv
2022-09-29,36.91,cboe:VXN_History.csv
2022-09-30,36.61,cboe:VXN_History.csv
2022-10-03,35.56,cboe:VXN_History.csv
2022-10-04,34.42,cboe:VXN_History.csv
2022-10-05,34.33,cboe:VXN_History.csv
2022-10-06,35.84,cboe:VXN_History.csv
2022-10-07,36.86,cboe:VXN_History.csv
2022-10-10,38.57,cboe:VXN_History.csv
2022-10-11,39.38,cboe:VXN_History.csv
2022-10-12,39.51,cboe:VXN_History.csv
2022-10-13,38.27,cboe:VXN_History.csv
2022-10-14,37.75,cboe:VXN_History.csv
2022-10-17,37.07,cboe:VXN_History.csv
2022-10-18,36.11,cboe:VXN_History.csv
2022-10-19,36.37,cboe:VXN_History.csv
2022-10-20,35.77,cboe:VXN_History.csv
2022-10-21,35.25,cboe:VXN_History.csv
2022-10-24,35.5,cboe:VXN_History.csv
2022-10-25,34.14,cboe:VXN_History.csv
2022-10-26,33.28,cboe:VXN_History.csv
2022-10-27,33.82,cboe:VXN_History.csv
2022-10-28,31.86,cboe:VXN_History.csv
2022-10-31,31.16,cboe:VXN_History.csv
2022-11-01,31.99,cboe:VXN_History.csv
2022-11-02,32.1,cboe:VXN_History.csv
2022-11-03,31.79,cboe:VXN_History.csv
2022-11-04,30.86,cboe:VXN_History.csv
2022-11-07,30.84,cboe:VXN_History.csv
2022-11-08,31.53,cboe:VXN_History.csv
2022-11-09,32.49,cboe:VXN_History.csv
2022-11-10,30.35,cboe:VXN_History.csv
2022-11-11,28.97,cboe:VXN_History.csv
2022-11-14,30.02,cboe:VXN_History.csv
2022-11-15,30.3,cboe:VXN_History.csv
2022-11-16,30.05,cboe:VXN_History.csv
2022-11-17,30.02,cboe:VXN_History.csv
2022-11-18,29.25,cboe:VXN_History.csv
2022-11-21,29.0,cboe:VXN_History.csv
2022-11-22,27.79,cboe:VXN_History.csv
2022-11-23,26.66,cboe:VXN_History.csv
2022-11-25,26.79,cboe:VXN_History.csv
2022-11-28,28.31,cboe:VXN_History.csv
2022-11-29,28.36,cboe:VXN_History.csv
2022-11-30,26.46,cboe:VXN_History.csv
2022-12-01,26.09,cboe:VXN_History.csv
2022-12-02,24.78,cboe:VXN_History.csv
2022-12-05,26.16,cboe:VXN_History.csv
2022-12-06,27.53,cboe:VXN_History.csv
2022-12-07,28.11,cboe:VXN_History.csv
2022-12-08,27.59,cboe:VXN_History.csv
2022-12-09,27.94,cboe:VXN_History.csv
2022-12-12,30.06,cboe:VXN_History.csv
2022-12-13,26.91,cboe:VXN_History.csv
2022-12-14,25.75,cboe:VXN_History.csv
2022-12-15,27.34,cboe:VXN_History.csv
2022-12-16,27.33,cboe:VXN_History.csv
2022-12-19,27.41,cboe:VXN_History.csv
2022-12-20,26.65,cboe:VXN_History.csv
2022-12-21,25.15,cboe:VXN_History.csv
2022-12-22,27.35,cboe:VXN_History.csv
2022-12-23,26.33,cboe:VXN_History.csv
2022-12-27,27.78,cboe:VXN_History.csv
2022-12-28,28.38,cboe:VXN_History.csv
2022-12-29,27.36,cboe:VXN_History.csv
2022-12-30,27.6,cboe:VXN_History.csv
2023-01-03,29.11,cboe:VXN_History.csv
2023-01-04,28.36,cboe:VXN_History.csv
2023-01-05,28.81,cboe:VXN_History.csv
2023-01-06,26.96,cboe:VXN_History.csv
2023-01-09,27.86,cboe:VXN_History.csv
2023-01-10,26.94,cboe:VXN_History.csv
2023-01-11,27.34,cboe:VXN_History.csv
2023-01-12,24.76,cboe:VXN_History.csv
2023-01-13,23.82,cboe:VXN_History.csv
2023-01-17,24.75,cboe:VXN_History.csv
2023-01-18,25.51,cboe:VXN_History.csv
2023-01-19,25.28,cboe:VXN_History.csv
2023-01-20,24.54,cboe:VXN_History.csv
2023-01-23,24.61,cboe:VXN_History.csv
2023-01-24,24.55,cboe:VXN_History.csv
2023-01-25,24.54,cboe:VXN_History.csv
2023-01-26,25.01,cboe:VXN_History.csv
2023-01-27,24.57,cboe:VXN_History.csv
2023-01-30,26.25,cboe:VXN_History.csv
2023-01-31,25.79,cboe:VXN_History.csv
2023-02-01,24.04,cboe:VXN_History.csv
2023-02-02,25.06,cboe:VXN_History.csv
2023-02-03,25.4,cboe:VXN_History.csv
2023-02-06,25.89,cboe:VXN_History.csv
2023-02-07,25.46,cboe:VXN_History.csv
2023-02-08,26.45,cboe:VXN_History.csv
2023-02-09,27.64,cboe:VXN_History.csv
2023-02-10,27.09,cboe:VXN_History.csv
2023-02-13,27.26,cboe:VXN_History.csv
2023-02-14,25.06,cboe:VXN_History.csv
2023-02-15,24.09,cboe:VXN_History.csv
2023-02-16,26.06,cboe:VXN_History.csv
2023-02-17,25.82,cboe:VXN_History.csv
2023-02-21,28.57,cboe:VXN_History.csv
2023-02-22,28.02,cboe:VXN_History.csv
2023-02-23,26.83,cboe:VXN_History.csv
2023-02-24,27.18,cboe:VXN_History.csv
2023-02-27,26.65,cboe:VXN_History.csv
2023-02-28,26.4,cboe:VXN_History.csv
2023-03-01,26.48,cboe:VXN_History.csv
2023-03-02,25.7,cboe:VXN_History.csv
2023-03-03,24.36,cboe:VXN_History.csv
2023-03-06,24.25,cboe:VXN_History.csv
2023-03-07,24.65,cboe:VXN_History.csv
2023-03-08,24.08,cboe:VXN_History.csv
2023-03-09,26.55,cboe:VXN_History.csv
2023-03-10,27.94,cboe:VXN_History.csv
2023-03-13,29.39,cboe:VXN_History.csv
2023-03-14,26.72,cboe:VXN_History.csv
2023-03-15,28.69,cboe:VXN_History.csv
2023-03-16,26.62,cboe:VXN_History.csv
2023-03-17,28.35,cboe:VXN_History.csv
2023-03-20,27.55,cboe:VXN_History.csv
2023-03-21,25.68,cboe:VXN_History.csv
2023-03-22,26.6,cboe:VXN_History.csv
2023-03-23,26.56,cboe:VXN_History.csv
2023-03-24,25.78,cboe:VXN_History.csv
2023-03-27,25.07,cboe:VXN_History.csv
2023-03-28,24.5,cboe:VXN_History.csv
2023-03-29,23.99,cboe:VXN_History.csv
2023-03-30,23.99,cboe:VXN_History.csv
2023-03-31,23.6,cboe:VXN_History.csv
2023-04-03,23.67,cboe:VXN_History.csv
2023-04-04,24.28,cboe:VXN_History.csv
2023-04-05,24.62,cboe:VXN_History.csv
2023-04-06,23.86,cboe:VXN_History.csv
2023-04-10,24.56,cboe:VXN_History.csv
2023-04-11,24.71,cboe:VXN_History.csv
2023-04-12,24.49,cboe:VXN_History.csv
2023-04-13,23.28,cboe:VXN_History.csv
2023-04-14,22.22,cboe:VXN_History.csv
2023-04-17,21.91,cboe:VXN_History.csv
2023-04-18,21.41,cboe:VXN_History.csv
2023-04-19,21.24,cboe:VXN_History.csv
2023-04-20,21.77,cboe:VXN_History.csv
2023-04-21,21.29,cboe:VXN_History.csv
2023-04-24,21.52,cboe:VXN_History.csv
2023-04-25,22.97,cboe:VXN_History.csv
2023-04-26,22.77,cboe:VXN_History.csv
2023-04-27,21.05,cboe:VXN_History.csv
2023-04-28,20.12,cboe:VXN_History.csv
2023-05-01,20.19,cboe:VXN_History.csv
2023-05-02,21.63,cboe:VXN_History.csv
2023-05-03,22.03,cboe:VXN_History.csv
2023-05-04,23.14,cboe:VXN_History.csv
2023-05-05,20.36,cboe:VXN_History.csv
2023-05-08,20.31,cboe:VXN_History.csv
2023-05-09,20.85,cboe:VXN_History.csv
2023-05-10,19.76,cboe:VXN_History.csv
2023-05-11,19.4,cboe:VXN_History.csv
2023-05-12,19.53,cboe:VXN_History.csv
2023-05-15,19.55,cboe:VXN_History.csv
2023-05-16,19.84,cboe:VXN_History.csv
2023-05-17,19.16,cboe:VXN_History.csv
2023-05-18,19.32,cboe:VXN_History.csv
2023-05-19,19.68,cboe:VXN_History.csv
2023-05-22,19.97,cboe:VXN_History.csv
2023-05-23,20.99,cboe:VXN_History.csv
2023-05-24,22.4,cboe:VXN_History.csv
2023-05-25,21.69,cboe:VXN_History.csv
2023-05-26,22.21,cboe:VXN_History.csv
2023-05-30,22.42,cboe:VXN_History.csv
2023-05-31,22.12,cboe:VXN_History.csv
2023-06-01,20.46,cboe:VXN_History.csv
2023-06-02,19.29,cboe:VXN_History.csv
2023-06-05,19.42,cboe:VXN_History.csv
2023-06-06,18.54,cboe:VXN_History.csv
2023-06-07,19.21,cboe:VXN_History.csv
2023-06-08,18.66,cboe:VXN_History.csv
2023-06-09,18.89,cboe:VXN_History.csv
2023-06-12,20.46,cboe:VXN_History.csv
2023-06-13,20.06,cboe:VXN_History.csv
2023-06-14,19.72,cboe:VXN_History.csv
2023-06-15,20.28,cboe:VXN_History.csv
2023-06-16,19.55,cboe:VXN_History.csv
2023-06-20,19.95,cboe:VXN_History.csv
2023-06-21,19.29,cboe:VXN_History.csv
2023-06-22,18.82,cboe:VXN_History.csv
2023-06-23,19.29,cboe:VXN_History.csv
2023-06-26,20.37,cboe:VXN_History.csv
2023-06-27,20.08,cboe:VXN_History.csv
2023-06-28,20.02,cboe:VXN_History.csv
2023-06-29,19.98,cboe:VXN_History.csv
2023-06-30,19.55,cboe:VXN_History.csv
2023-07-03,19.87,cboe:VXN_History.csv
2023-07-05,19.91,cboe:VXN_History.csv
2023-07-06,21.11,cboe:VXN_History.csv
2023-07-07,20.6,cboe:VXN_History.csv
2023-07-10,21.08,cboe:VXN_History.csv
2023-07-11,20.9,cboe:VXN_History.csv
2023-07-12,19.48,cboe:VXN_History.csv
2023-07-13,19.78,cboe:VXN_History.csv
2023-07-14,19.65,cboe:VXN_History.csv
2023-07-17,19.43,cboe:VXN_History.csv
2023-07-18,19.29,cboe:VXN_History.csv
2023-07-19,19.68,cboe:VXN_History.csv
2023-07-20,20.2,cboe:VXN_History.csv
2023-07-21,19.61,cboe:VXN_History.csv
2023-07-24,19.83,cboe:VXN_History.csv
2023-07-25,19.71,cboe:VXN_History.csv
2023-07-26,18.99,cboe:VXN_History.csv
2023-07-27,19.83,cboe:VXN_History.csv
2023-07-28,18.92,cboe:VXN_History.csv
2023-07-31,19.32,cboe:VXN_History.csv
2023-08-01,19.67,cboe:VXN_History.csv
2023-08-02,22.13,cboe:VXN_History.csv
2023-08-03,22.08,cboe:VXN_History.csv
2023-08-04,22.02,cboe:VXN_History.csv
2023-08-07,20.82,cboe:VXN_History.csv
2023-08-08,21.07,cboe:VXN_History.csv
2023-08-09,21.5,cboe:VXN_History.csv
2023-08-10,21.03,cboe:VXN_History.csv
2023-08-11,20.45,cboe:VXN_History.csv
2023-08-14,20.2,cboe:VXN_History.csv
2023-08-15,21.37,cboe:VXN_History.csv
2023-08-16,22.08,cboe:VXN_History.csv
2023-08-17,22.71,cboe:VXN_History.csv
2023-08-18,22.01,cboe:VXN_History.csv
2023-08-21,21.89,cboe:VXN_History.csv
2023-08-22,21.82,cboe:VXN_History.csv
2023-08-23,21.36,cboe:VXN_History.csv
2023-08-24,22.58,cboe:VXN_History.csv
2023-08-25,20.88,cboe:VXN_History.csv
2023-08-28,20.39,cboe:VXN_History.csv
2023-08-29,19.33,cboe:VXN_History.csv
2023-08-30,19.07,cboe:VXN_History.csv
2023-08-31,18.74,cboe:VXN_History.csv
2023-09-01,18.41,cboe:VXN_History.csv
2023-09-05,19.4,cboe:VXN_History.csv
2023-09-06,19.79,cboe:VXN_History.csv
2023-09-07,19.95,cboe:VXN_History.csv
2023-09-08,19.15,cboe:VXN_History.csv
2023-09-11,18.84,cboe:VXN_History.csv
2023-09-12,19.21,cboe:VXN_History.csv
2023-09-13,18.07,cboe:VXN_History.csv
2023-09-14,17.25,cboe:VXN_History.csv
2023-09-15,18.69,cboe:VXN_History.csv
2023-09-18,18.96,cboe:VXN_History.csv
2023-09-19,19.21,cboe:VXN_History.csv
2023-09-20,20.46,cboe:VXN_History.csv
2023-09-21,22.48,cboe:VXN_History.csv
2023-09-22,22.01,cboe:VXN_History.csv
2023-09-25,21.65,cboe:VXN_History.csv
2023-09-26,22.87,cboe:VXN_History.csv
2023-09-27,22.34,cboe:VXN_History.csv
2023-09-28,21.53,cboe:VXN_History.csv
2023-09-29,21.28,cboe:VXN_History.csv
2023-10-02,21.51,cboe:VXN_History.csv
2023-10-03,23.77,cboe:VXN_History.csv
2023-10-04,22.68,cboe:VXN_History.csv
2023-10-05,22.76,cboe:VXN_History.csv
2023-10-06,21.41,cboe:VXN_History.csv
2023-10-09,21.82,cboe:VXN_History.csv
2023-10-10,21.13,cboe:VXN_History.csv
2023-10-11,20.16,cboe:VXN_History.csv
2023-10-12,20.63,cboe:VXN_History.csv
2023-10-13,22.75,cboe:VXN_History.csv
2023-10-16,21.39,cboe:VXN_History.csv
2023-10-17,21.96,cboe:VXN_History.csv
2023-10-18,23.44,cboe:VXN_History.csv
2023-10-19,24.74,cboe:VXN_History.csv
2023-10-20,25.31,cboe:VXN_History.csv
2023-10-23,23.97,cboe:VXN_History.csv
2023-10-24,22.34,cboe:VXN_History.csv
2023-10-25,24.34,cboe:VXN_History.csv
2023-10-26,24.85,cboe:VXN_History.csv
2023-10-27,24.44,cboe:VXN_History.csv
2023-10-30,23.61,cboe:VXN_History.csv
2023-10-31,22.46,cboe:VXN_History.csv
2023-11-01,20.68,cboe:VXN_History.csv
2023-11-02,19.54,cboe:VXN_History.csv
2023-11-03,18.62,cboe:VXN_History.csv
2023-11-06,18.65,cboe:VXN_History.csv
2023-11-07,18.45,cboe:VXN_History.csv
2023-11-08,18.16,cboe:VXN_History.csv
2023-11-09,19.01,cboe:VXN_History.csv
2023-11-10,17.95,cboe:VXN_History.csv
2023-11-13,18.82,cboe:VXN_History.csv
2023-11-14,17.89,cboe:VXN_History.csv
2023-11-15,18.09,cboe:VXN_History.csv
2023-11-16,17.83,cboe:VXN_History.csv
2023-11-17,17.41,cboe:VXN_History.csv
2023-11-20,17.14,cboe:VXN_History.csv
2023-11-21,17.55,cboe:VXN_History.csv
2023-11-22,16.66,cboe:VXN_History.csv
2023-11-24,16.12,cboe:VXN_History.csv
2023-11-27,16.44,cboe:VXN_History.csv
2023-11-28,16.15,cboe:VXN_History.csv
2023-11-29,16.52,cboe:VXN_History.csv
2023-11-30,16.72,cboe:VXN_History.csv
2023-12-01,16.21,cboe:VXN_History.csv
2023-12-04,17.21,cboe:VXN_History.csv
2023-12-05,16.99,cboe:VXN_History.csv
2023-12-06,17.03,cboe:VXN_History.csv
2023-12-07,17.08,cboe:VXN_History.csv
2023-12-08,15.94,cboe:VXN_History.csv
2023-12-11,16.27,cboe:VXN_History.csv
2023-12-12,15.38,cboe:VXN_History.csv
2023-12-13,15.35,cboe:VXN_History.csv
2023-12-14,15.42,cboe:VXN_History.csv
2023-12-15,15.47,cboe:VXN_History.csv
2023-12-18,15.87,cboe:VXN_History.csv
2023-12-19,15.8,cboe:VXN_History.csv
2023-12-20,16.98,cboe:VXN_History.csv
2023-12-21,17.18,cboe:VXN_History.csv
2023-12-22,16.62,cboe:VXN_History.csv
2023-12-26,17.0,cboe:VXN_History.csv
2023-12-27,16.22,cboe:VXN_History.csv
2023-12-28,16.36,cboe:VXN_History.csv
2023-12-29,16.2,cboe:VXN_History.csv
2024-01-02,17.59,cboe:VXN_History.csv
2024-01-03,18.02,cboe:VXN_History.csv
2024-01-04,17.89,cboe:VXN_History.csv
2024-01-05,17.13,cboe:VXN_History.csv
2024-01-08,16.86,cboe:VXN_History.csv
2024-01-09,16.55,cboe:VXN_History.csv
2024-01-10,16.6,cboe:VXN_History.csv
2024-01-11,16.4,cboe:VXN_History.csv
2024-01-12,16.54,cboe:VXN_History.csv
2024-01-16,17.87,cboe:VXN_History.csv
2024-01-17,18.7,cboe:VXN_History.csv
2024-01-18,17.95,cboe:VXN_History.csv
2024-01-19,17.4,cboe:VXN_History.csv
2024-01-22,17.2,cboe:VXN_History.csv
2024-01-23,16.55,cboe:VXN_History.csv
2024-01-24,16.96,cboe:VXN_History.csv
2024-01-25,17.26,cboe:VXN_History.csv
2024-01-26,17.03,cboe:VXN_History.csv
2024-01-29,17.39,cboe:VXN_History.csv
2024-01-30,17.57,cboe:VXN_History.csv
2024-01-31,18.25,cboe:VXN_History.csv
2024-02-01,17.33,cboe:VXN_History.csv
2024-02-02,17.22,cboe:VXN_History.csv
2024-02-05,17.57,cboe:VXN_History.csv
2024-02-06,17.31,cboe:VXN_History.csv
2024-02-07,16.94,cboe:VXN_History.csv
2024-02-08,16.96,cboe:VXN_History.csv
2024-02-09,16.86,cboe:VXN_History.csv
2024-02-12,18.09,cboe:VXN_History.csv
2024-02-13,19.49,cboe:VXN_History.csv
2024-02-14,18.26,cboe:VXN_History.csv
2024-02-15,17.85,cboe:VXN_History.csv
2024-02-16,18.6,cboe:VXN_History.csv
2024-02-20,19.78,cboe:VXN_History.csv
2024-02-21,19.6,cboe:VXN_History.csv
2024-02-22,18.39,cboe:VXN_History.csv
2024-02-23,17.7,cboe:VXN_History.csv
2024-02-26,17.83,cboe:VXN_History.csv
2024-02-27,17.58,cboe:VXN_History.csv
2024-02-28,17.86,cboe:VXN_History.csv
2024-02-29,17.21,cboe:VXN_History.csv
2024-03-01,17.2,cboe:VXN_History.csv
2024-03-04,17.6,cboe:VXN_History.csv
2024-03-05,18.46,cboe:VXN_History.csv
2024-03-06,18.54,cboe:VXN_History.csv
2024-03-07,18.61,cboe:VXN_History.csv
2024-03-08,19.04,cboe:VXN_History.csv
2024-03-11,19.37,cboe:VXN_History.csv
2024-03-12,18.13,cboe:VXN_History.csv
2024-03-13,17.91,cboe:VXN_History.csv
2024-03-14,18.61,cboe:VXN_History.csv
2024-03-15,19.25,cboe:VXN_History.csv
2024-03-18,19.4,cboe:VXN_History.csv
2024-03-19,18.78,cboe:VXN_History.csv
2024-03-20,17.55,cboe:VXN_History.csv
2024-03-21,17.38,cboe:VXN_History.csv
2024-03-22,17.04,cboe:VXN_History.csv
2024-03-25,17.23,cboe:VXN_History.csv
2024-03-26,17.1,cboe:VXN_History.csv
2024-03-27,16.61,cboe:VXN_History.csv
2024-03-28,16.66,cboe:VXN_History.csv
2024-04-01,17.56,cboe:VXN_History.csv
2024-04-02,18.18,cboe:VXN_History.csv
2024-04-03,18.04,cboe:VXN_History.csv
2024-04-04,19.95,cboe:VXN_History.csv
2024-04-05,19.23,cboe:VXN_History.csv
2024-04-08,18.77,cboe:VXN_History.csv
2024-04-09,18.56,cboe:VXN_History.csv
2024-04-10,18.99,cboe:VXN_History.csv
2024-04-11,18.4,cboe:VXN_History.csv
2024-04-12,20.39,cboe:VXN_History.csv
2024-04-15,22.84,cboe:VXN_History.csv
2024-04-16,22.01,cboe:VXN_History.csv
2024-04-17,22.21,cboe:VXN_History.csv
2024-04-18,21.64,cboe:VXN_History.csv
2024-04-19,22.95,cboe:VXN_History.csv
2024-04-22,21.11,cboe:VXN_History.csv
2024-04-23,19.84,cboe:VXN_History.csv
2024-04-24,20.43,cboe:VXN_History.csv
2024-04-25,20.37,cboe:VXN_History.csv
2024-04-26,19.33,cboe:VXN_History.csv
2024-04-29,19.22,cboe:VXN_History.csv
2024-04-30,18.43,cboe:VXN_History.csv
2024-05-01,19.43,cboe:VXN_History.csv
2024-05-02,18.73,cboe:VXN_History.csv
2024-05-03,17.4,cboe:VXN_History.csv
2024-05-06,17.42,cboe:VXN_History.csv
2024-05-07,16.91,cboe:VXN_History.csv
2024-05-08,16.8,cboe:VXN_History.csv
2024-05-09,16.67,cboe:VXN_History.csv
2024-05-10,16.46,cboe:VXN_History.csv
2024-05-13,17.4,cboe:VXN_History.csv
2024-05-14,17.29,cboe:VXN_History.csv
2024-05-15,16.34,cboe:VXN_History.csv
2024-05-16,16.26,cboe:VXN_History.csv
2024-05-17,15.85,cboe:VXN_History.csv
2024-05-20,15.92,cboe:VXN_History.csv
2024-05-21,15.51,cboe:VXN_History.csv
2024-05-22,16.4,cboe:VXN_History.csv
2024-05-23,16.46,cboe:VXN_History.csv
2024-05-24,15.66,cboe:VXN_History.csv
2024-05-28,16.57,cboe:VXN_History.csv
2024-05-29,17.49,cboe:VXN_History.csv
2024-05-30,17.77,cboe:VXN_History.csv
2024-05-31,16.7,cboe:VXN_History.csv
2024-06-03,16.89,cboe:VXN_History.csv
2024-06-04,16.86,cboe:VXN_History.csv
2024-06-05,16.63,cboe:VXN_History.csv
2024-06-06,16.43,cboe:VXN_History.csv
2024-06-07,15.88,cboe:VXN_History.csv
2024-06-10,16.0,cboe:VXN_History.csv
2024-06-11,15.83,cboe:VXN_History.csv
2024-06-12,13.59,cboe:VXN_History.csv
2024-06-13,15.1,cboe:VXN_History.csv
2024-06-14,16.05,cboe:VXN_History.csv
2024-06-17,16.83,cboe:VXN_History.csv
2024-06-18,16.7,cboe:VXN_History.csv
2024-06-20,17.26,cboe:VXN_History.csv
2024-06-21,16.95,cboe:VXN_History.csv
2024-06-24,17.24,cboe:VXN_History.csv
2024-06-25,16.7,cboe:VXN_History.csv
2024-06-26,16.5,cboe:VXN_History.csv
2024-06-27,16.29,cboe:VXN_History.csv
2024-06-28,16.24,cboe:VXN_History.csv
2024-07-01,16.08,cboe:VXN_History.csv
2024-07-02,16.07,cboe:VXN_History.csv
2024-07-03,16.28,cboe:VXN_History.csv
2024-07-05,16.76,cboe:VXN_History.csv
2024-07-08,17.03,cboe:VXN_History.csv
2024-07-09,17.02,cboe:VXN_History.csv
2024-07-10,17.28,cboe:VXN_History.csv
2024-07-11,17.92,cboe:VXN_History.csv
2024-07-12,17.26,cboe:VXN_History.csv
2024-07-15,18.35,cboe:VXN_History.csv
2024-07-16,18.35,cboe:VXN_History.csv
2024-07-17,20.46,cboe:VXN_History.csv
2024-07-18,21.26,cboe:VXN_History.csv
2024-07-19,21.51,cboe:VXN_History.csv
2024-07-22,19.97,cboe:VXN_History.csv
2024-07-23,20.02,cboe:VXN_History.csv
2024-07-24,23.06,cboe:VXN_History.csv
2024-07-25,24.11,cboe:VXN_History.csv
2024-07-26,22.41,cboe:VXN_History.csv
2024-07-29,22.83,cboe:VXN_History.csv
2024-07-30,23.94,cboe:VXN_History.csv
2024-07-31,22.29,cboe:VXN_History.csv
2024-08-01,24.71,cboe:VXN_History.csv
2024-08-02,27.71,cboe:VXN_History.csv
2024-08-05,35.1,cboe:VXN_History.csv
2024-08-06,29.2,cboe:VXN_History.csv
2024-08-07,29.02,cboe:VXN_History.csv
2024-08-08,26.88,cboe:VXN_History.csv
2024-08-09,24.94,cboe:VXN_History.csv
2024-08-12,24.93,cboe:VXN_History.csv
2024-08-13,23.26,cboe:VXN_History.csv
2024-08-14,21.19,cboe:VXN_History.csv
2024-08-15,20.28,cboe:VXN_History.csv
2024-08-16,19.94,cboe:VXN_History.csv
2024-08-19,19.93,cboe:VXN_History.csv
2024-08-20,21.11,cboe:VXN_History.csv
2024-08-21,21.22,cboe:VXN_History.csv
2024-08-22,22.83,cboe:VXN_History.csv
2024-08-23,21.11,cboe:VXN_History.csv
2024-08-26,21.57,cboe:VXN_History.csv
2024-08-27,20.91,cboe:VXN_History.csv
2024-08-28,22.58,cboe:VXN_History.csv
2024-08-29,20.58,cboe:VXN_History.csv
2024-08-30,19.29,cboe:VXN_History.csv
2024-09-03,23.59,cboe:VXN_History.csv
2024-09-04,24.2,cboe:VXN_History.csv
2024-09-05,23.54,cboe:VXN_History.csv
2024-09-06,25.64,cboe:VXN_History.csv
2024-09-09,23.92,cboe:VXN_History.csv
2024-09-10,23.62,cboe:VXN_History.csv
2024-09-11,22.16,cboe:VXN_History.csv
2024-09-12,21.73,cboe:VXN_History.csv
2024-09-13,21.28,cboe:VXN_History.csv
2024-09-16,22.51,cboe:VXN_History.csv
2024-09-17,22.69,cboe:VXN_History.csv
2024-09-18,22.71,cboe:VXN_History.csv
2024-09-19,21.09,cboe:VXN_History.csv
2024-09-20,20.35,cboe:VXN_History.csv
2024-09-23,19.54,cboe:VXN_History.csv
2024-09-24,19.25,cboe:VXN_History.csv
2024-09-25,19.07,cboe:VXN_History.csv
2024-09-26,19.29,cboe:VXN_History.csv
2024-09-27,20.04,cboe:VXN_History.csv
2024-09-30,20.19,cboe:VXN_History.csv
2024-10-01,21.67,cboe:VXN_History.csv
2024-10-02,21.35,cboe:VXN_History.csv
2024-10-03,22.48,cboe:VXN_History.csv
2024-10-04,21.64,cboe:VXN_History.csv
2024-10-07,24.34,cboe:VXN_History.csv
2024-10-08,23.62,cboe:VXN_History.csv
2024-10-09,23.42,cboe:VXN_History.csv
2024-10-10,23.6,cboe:VXN_History.csv
2024-10-11,23.29,cboe:VXN_History.csv
2024-10-14,23.32,cboe:VXN_History.csv
2024-10-15,24.54,cboe:VXN_History.csv
2024-10-16,23.64,cboe:VXN_History.csv
2024-10-17,22.85,cboe:VXN_History.csv
2024-10-18,21.76,cboe:VXN_History.csv
2024-10-21,21.96,cboe:VXN_History.csv
2024-10-22,22.03,cboe:VXN_History.csv
2024-10-23,22.92,cboe:VXN_History.csv
2024-10-24,22.47,cboe:VXN_History.csv
2024-10-25,23.24,cboe:VXN_History.csv
2024-10-28,22.93,cboe:VXN_History.csv
2024-10-29,22.44,cboe:VXN_History.csv
2024-10-30,23.09,cboe:VXN_History.csv
2024-10-31,24.86,cboe:VXN_History.csv
2024-11-01,23.74,cboe:VXN_History.csv
2024-11-04,23.88,cboe:VXN_History.csv
2024-11-05,22.5,cboe:VXN_History.csv
2024-11-06,18.86,cboe:VXN_History.csv
2024-11-07,18.35,cboe:VXN_History.csv
2024-11-08,17.88,cboe:VXN_History.csv
2024-11-11,18.37,cboe:VXN_History.csv
2024-11-12,18.12,cboe:VXN_History.csv
2024-11-13,17.5,cboe:VXN_History.csv
2024-11-14,17.7,cboe:VXN_History.csv
2024-11-15,19.83,cboe:VXN_History.csv
2024-11-18,19.77,cboe:VXN_History.csv
2024-11-19,19.99,cboe:VXN_History.csv
2024-11-20,20.85,cboe:VXN_History.csv
2024-11-21,20.21,cboe:VXN_History.csv
2024-11-22,18.57,cboe:VXN_History.csv
2024-11-25,17.59,cboe:VXN_History.csv
2024-11-26,16.8,cboe:VXN_History.csv
2024-11-27,16.68,cboe:VXN_History.csv
2024-11-29,16.07,cboe:VXN_History.csv
2024-12-02,16.12,cboe:VXN_History.csv
2024-12-03,15.76,cboe:VXN_History.csv
2024-12-04,15.69,cboe:VXN_History.csv
2024-12-05,15.69,cboe:VXN_History.csv
2024-12-06,15.15,cboe:VXN_History.csv
2024-12-09,16.55,cboe:VXN_History.csv
2024-12-10,16.54,cboe:VXN_History.csv
2024-12-11,15.88,cboe:VXN_History.csv
2024-12-12,16.36,cboe:VXN_History.csv
2024-12-13,16.61,cboe:VXN_History.csv
2024-12-16,18.44,cboe:VXN_History.csv
2024-12-17,19.44,cboe:VXN_History.csv
2024-12-18,27.63,cboe:VXN_History.csv
2024-12-19,26.33,cboe:VXN_History.csv
2024-12-20,21.49,cboe:VXN_History.csv
2024-12-23,19.03,cboe:VXN_History.csv
2024-12-24,17.03,cboe:VXN_History.csv
2024-12-26,17.53,cboe:VXN_History.csv
2024-12-27,18.54,cboe:VXN_History.csv
2024-12-30,19.79,cboe:VXN_History.csv
2024-12-31,19.92,cboe:VXN_History.csv
2025-01-02,20.5,cboe:VXN_History.csv
2025-01-03,19.12,cboe:VXN_History.csv
2025-01-06,19.0,cboe:VXN_History.csv
2025-01-07,20.73,cboe:VXN_History.csv
2025-01-08,20.69,cboe:VXN_History.csv
2025-01-10,21.73,cboe:VXN_History.csv
2025-01-13,21.8,cboe:VXN_History.csv
2025-01-14,21.45,cboe:VXN_History.csv
2025-01-15,19.29,cboe:VXN_History.csv
2025-01-16,19.61,cboe:VXN_History.csv
2025-01-17,18.96,cboe:VXN_History.csv
2025-01-21,18.64,cboe:VXN_History.csv
2025-01-22,18.68,cboe:VXN_History.csv
2025-01-23,18.38,cboe:VXN_History.csv
2025-01-24,18.22,cboe:VXN_History.csv
2025-01-27,21.61,cboe:VXN_History.csv
2025-01-28,20.31,cboe:VXN_History.csv
2025-01-29,20.6,cboe:VXN_History.csv
2025-01-30,19.8,cboe:VXN_History.csv
2025-01-31,20.11,cboe:VXN_History.csv
2025-02-03,21.28,cboe:VXN_History.csv
2025-02-04,20.03,cboe:VXN_History.csv
2025-02-05,19.18,cboe:VXN_History.csv
2025-02-06,18.58,cboe:VXN_History.csv
2025-02-07,19.18,cboe:VXN_History.csv
2025-02-10,18.84,cboe:VXN_History.csv
2025-02-11,18.77,cboe:VXN_History.csv
2025-02-12,18.69,cboe:VXN_History.csv
2025-02-13,18.41,cboe:VXN_History.csv
2025-02-14,18.03,cboe:VXN_History.csv
2025-02-18,19.23,cboe:VXN_History.csv
2025-02-19,19.0,cboe:VXN_History.csv
2025-02-20,18.9,cboe:VXN_History.csv
2025-02-21,20.96,cboe:VXN_History.csv
2025-02-24,21.46,cboe:VXN_History.csv
2025-02-25,21.98,cboe:VXN_History.csv
2025-02-26,21.94,cboe:VXN_History.csv
2025-02-27,24.09,cboe:VXN_History.csv
2025-02-28,22.66,cboe:VXN_History.csv
2025-03-03,24.96,cboe:VXN_History.csv
2025-03-04,25.22,cboe:VXN_History.csv
2025-03-05,24.26,cboe:VXN_History.csv
2025-03-06,26.23,cboe:VXN_History.csv
2025-03-07,25.55,cboe:VXN_History.csv
2025-03-10,28.84,cboe:VXN_History.csv
2025-03-11,28.7,cboe:VXN_History.csv
2025-03-12,26.82,cboe:VXN_History.csv
2025-03-13,27.58,cboe:VXN_History.csv
2025-03-14,25.79,cboe:VXN_History.csv
2025-03-17,25.04,cboe:VXN_History.csv
2025-03-18,25.85,cboe:VXN_History.csv
2025-03-19,23.62,cboe:VXN_History.csv
2025-03-20,23.38,cboe:VXN_History.csv
2025-03-21,22.92,cboe:VXN_History.csv
2025-03-24,21.27,cboe:VXN_History.csv
2025-03-25,20.57,cboe:VXN_History.csv
2025-03-26,22.04,cboe:VXN_History.csv
2025-03-27,22.41,cboe:VXN_History.csv
2025-03-28,25.06,cboe:VXN_History.csv
2025-03-31,25.37,cboe:VXN_History.csv
2025-04-01,24.8,cboe:VXN_History.csv
2025-04-02,23.65,cboe:VXN_History.csv
2025-04-03,30.57,cboe:VXN_History.csv
2025-04-04,37.65,cboe:VXN_History.csv
2025-04-07,38.64,cboe:VXN_History.csv
2025-04-08,39.56,cboe:VXN_History.csv
2025-04-09,34.8,cboe:VXN_History.csv
2025-04-10,43.25,cboe:VXN_History.csv
2025-04-11,39.95,cboe:VXN_History.csv
2025-04-14,34.33,cboe:VXN_History.csv
2025-04-15,32.71,cboe:VXN_History.csv
2025-04-16,35.38,cboe:VXN_History.csv
2025-04-17,32.83,cboe:VXN_History.csv
2025-04-21,36.87,cboe:VXN_History.csv
2025-04-22,33.98,cboe:VXN_History.csv
2025-04-23,31.83,cboe:VXN_History.csv
2025-04-24,29.96,cboe:VXN_History.csv
2025-04-25,28.37,cboe:VXN_History.csv
2025-04-28,28.54,cboe:VXN_History.csv
2025-04-29,27.6,cboe:VXN_History.csv
2025-04-30,27.8,cboe:VXN_History.csv
2025-05-01,27.69,cboe:VXN_History.csv
2025-05-02,25.73,cboe:VXN_History.csv
2025-05-05,26.54,cboe:VXN_History.csv
2025-05-06,27.11,cboe:VXN_History.csv
2025-05-07,26.49,cboe:VXN_History.csv
2025-05-08,25.97,cboe:VXN_History.csv
2025-05-09,25.5,cboe:VXN_History.csv
2025-05-12,22.28,cboe:VXN_History.csv
2025-05-13,22.28,cboe:VXN_History.csv
2025-05-14,22.66,cboe:VXN_History.csv
2025-05-15,21.89,cboe:VXN_History.csv
2025-05-16,21.2,cboe:VXN_History.csv
2025-05-19,21.95,cboe:VXN_History.csv
2025-05-20,22.07,cboe:VXN_History.csv
2025-05-21,24.2,cboe:VXN_History.csv
2025-05-22,23.63,cboe:VXN_History.csv
2025-05-23,25.29,cboe:VXN_History.csv
2025-05-27,22.32,cboe:VXN_History.csv
2025-05-28,22.76,cboe:VXN_History.csv
2025-05-29,21.8,cboe:VXN_History.csv
2025-05-30,20.87,cboe:VXN_History.csv
2025-06-02,19.43,cboe:VXN_History.csv
2025-06-03,18.74,cboe:VXN_History.csv
2025-06-04,19.01,cboe:VXN_History.csv
2025-06-05,21.48,cboe:VXN_History.csv
2025-06-06,19.81,cboe:VXN_History.csv
2025-06-09,20.17,cboe:VXN_History.csv
2025-06-10,19.82,cboe:VXN_History.csv
2025-06-11,20.38,cboe:VXN_History.csv
2025-06-12,20.69,cboe:VXN_History.csv
2025-06-13,22.41,cboe:VXN_History.csv
2025-06-16,21.09,cboe:VXN_History.csv
2025-06-17,23.31,cboe:VXN_History.csv
2025-06-18,22.14,cboe:VXN_History.csv
2025-06-20,22.23,cboe:VXN_History.csv
2025-06-23,21.15,cboe:VXN_History.csv
2025-06-24,19.46,cboe:VXN_History.csv
2025-06-25,19.0,cboe:VXN_History.csv
2025-06-26,18.99,cboe:VXN_History.csv
2025-06-27,18.89,cboe:VXN_History.csv
2025-06-30,19.56,cboe:VXN_History.csv
2025-07-01,19.88,cboe:VXN_History.csv
2025-07-02,19.74,cboe:VXN_History.csv
2025-07-03,19.47,cboe:VXN_History.csv
2025-07-07,20.68,cboe:VXN_History.csv
2025-07-08,19.53,cboe:VXN_History.csv
2025-07-09,18.71,cboe:VXN_History.csv
2025-07-10,18.76,cboe:VXN_History.csv
2025-07-11,19.04,cboe:VXN_History.csv
2025-07-14,19.78,cboe:VXN_History.csv
2025-07-15,19.74,cboe:VXN_History.csv
2025-07-16,19.54,cboe:VXN_History.csv
2025-07-17,18.67,cboe:VXN_History.csv
2025-07-18,18.61,cboe:VXN_History.csv
2025-07-21,18.71,cboe:VXN_History.csv
2025-07-22,18.95,cboe:VXN_History.csv
2025-07-23,17.94,cboe:VXN_History.csv
2025-07-24,17.72,cboe:VXN_History.csv
2025-07-25,17.16,cboe:VXN_History.csv
2025-07-28,17.27,cboe:VXN_History.csv
2025-07-29,18.21,cboe:VXN_History.csv
2025-07-30,17.32,cboe:VXN_History.csv
2025-07-31,19.23,cboe:VXN_History.csv
2025-08-01,21.54,cboe:VXN_History.csv
2025-08-04,19.24,cboe:VXN_History.csv
2025-08-05,19.87,cboe:VXN_History.csv
2025-08-06,18.77,cboe:VXN_History.csv
2025-08-07,18.82,cboe:VXN_History.csv
2025-08-08,17.29,cboe:VXN_History.csv
2025-08-11,18.17,cboe:VXN_History.csv
2025-08-12,16.84,cboe:VXN_History.csv
2025-08-13,16.73,cboe:VXN_History.csv
2025-08-14,17.08,cboe:VXN_History.csv
2025-08-15,17.5,cboe:VXN_History.csv
2025-08-18,17.75,cboe:VXN_History.csv
2025-08-19,19.39,cboe:VXN_History.csv
2025-08-20,20.0,cboe:VXN_History.csv
2025-08-21,20.55,cboe:VXN_History.csv
2025-08-22,18.06,cboe:VXN_History.csv
2025-08-25,18.42,cboe:VXN_History.csv
2025-08-26,18.19,cboe:VXN_History.csv
2025-08-27,18.69,cboe:VXN_History.csv
2025-08-28,17.62,cboe:VXN_History.csv
2025-08-29,19.11,cboe:VXN_History.csv
2025-09-02,20.36,cboe:VXN_History.csv
2025-09-03,19.69,cboe:VXN_History.csv
2025-09-04,18.79,cboe:VXN_History.csv
2025-09-05,18.44,cboe:VXN_History.csv
2025-09-08,18.35,cboe:VXN_History.csv
2025-09-09,18.22,cboe:VXN_History.csv
2025-09-10,18.62,cboe:VXN_History.csv
2025-09-11,18.23,cboe:VXN_History.csv
2025-09-12,18.18,cboe:VXN_History.csv
2025-09-15,19.12,cboe:VXN_History.csv
2025-09-16,19.57,cboe:VXN_History.csv
2025-09-17,19.02,cboe:VXN_History.csv
2025-09-18,18.86,cboe:VXN_History.csv
2025-09-19,18.74,cboe:VXN_History.csv
2025-09-22,19.42,cboe:VXN_History.csv
2025-09-23,20.13,cboe:VXN_History.csv
2025-09-24,19.93,cboe:VXN_History.csv
2025-09-25,20.54,cboe:VXN_History.csv
2025-09-26,19.33,cboe:VXN_History.csv
2025-09-29,19.87,cboe:VXN_History.csv
2025-09-30,20.0,cboe:VXN_History.csv
2025-10-01,19.87,cboe:VXN_History.csv
2025-10-02,20.01,cboe:VXN_History.csv
2025-10-03,20.08,cboe:VXN_History.csv
2025-10-06,20.4,cboe:VXN_History.csv
2025-10-07,20.82,cboe:VXN_History.csv
2025-10-08,20.02,cboe:VXN_History.csv
2025-10-09,20.04,cboe:VXN_History.csv
2025-10-10,25.23,cboe:VXN_History.csv
2025-10-13,22.8,cboe:VXN_History.csv
2025-10-14,24.28,cboe:VXN_History.csv
2025-10-15,24.42,cboe:VXN_History.csv
2025-10-16,28.26,cboe:VXN_History.csv
2025-10-17,24.97,cboe:VXN_History.csv
2025-10-20,22.64,cboe:VXN_History.csv
2025-10-21,22.59,cboe:VXN_History.csv
2025-10-22,23.3,cboe:VXN_History.csv
2025-10-23,21.72,cboe:VXN_History.csv
2025-10-24,20.61,cboe:VXN_History.csv
2025-10-27,20.5,cboe:VXN_History.csv
2025-10-28,21.31,cboe:VXN_History.csv
2025-10-29,21.76,cboe:VXN_History.csv
2025-10-30,21.66,cboe:VXN_History.csv
2025-10-31,21.99,cboe:VXN_History.csv
2025-11-03,21.73,cboe:VXN_History.csv
2025-11-04,23.3,cboe:VXN_History.csv
2025-11-05,22.6,cboe:VXN_History.csv
2025-11-06,24.64,cboe:VXN_History.csv
2025-11-07,24.58,cboe:VXN_History.csv
2025-11-10,22.62,cboe:VXN_History.csv
2025-11-11,22.67,cboe:VXN_History.csv
2025-11-12,23.06,cboe:VXN_History.csv
2025-11-13,25.88,cboe:VXN_History.csv
2025-11-14,26.15,cboe:VXN_History.csv
2025-11-17,28.16,cboe:VXN_History.csv
2025-11-18,30.51,cboe:VXN_History.csv
2025-11-19,29.3,cboe:VXN_History.csv
2025-11-20,32.72,cboe:VXN_History.csv
2025-11-21,28.95,cboe:VXN_History.csv
2025-11-24,25.57,cboe:VXN_History.csv
2025-11-25,23.67,cboe:VXN_History.csv
2025-11-26,22.26,cboe:VXN_History.csv
2025-11-28,21.17,cboe:VXN_History.csv
2025-12-01,22.06,cboe:VXN_History.csv
2025-12-02,21.28,cboe:VXN_History.csv
2025-12-03,20.65,cboe:VXN_History.csv
2025-12-04,20.19,cboe:VXN_History.csv
2025-12-05,19.62,cboe:VXN_History.csv
2025-12-08,20.75,cboe:VXN_History.csv
2025-12-09,20.76,cboe:VXN_History.csv
2025-12-10,19.67,cboe:VXN_History.csv
2025-12-11,18.4,cboe:VXN_History.csv
2025-12-12,20.62,cboe:VXN_History.csv
2025-12-15,20.71,cboe:VXN_History.csv
2025-12-16,20.19,cboe:VXN_History.csv
2025-12-17,21.78,cboe:VXN_History.csv
2025-12-18,20.72,cboe:VXN_History.csv
2025-12-19,18.52,cboe:VXN_History.csv
2025-12-22,17.85,cboe:VXN_History.csv
2025-12-23,17.47,cboe:VXN_History.csv
2025-12-24,17.2,cboe:VXN_History.csv
2025-12-26,17.38,cboe:VXN_History.csv
2025-12-29,18.39,cboe:VXN_History.csv
2025-12-30,18.95,cboe:VXN_History.csv
2025-12-31,19.56,cboe:VXN_History.csv
2026-01-02,19.75,cboe:VXN_History.csv
2026-01-05,20.01,cboe:VXN_History.csv
2026-01-06,19.53,cboe:VXN_History.csv
2026-01-07,20.03,cboe:VXN_History.csv
2026-01-08,20.15,cboe:VXN_History.csv
2026-01-09,19.06,cboe:VXN_History.csv
2026-01-12,19.53,cboe:VXN_History.csv
2026-01-13,20.05,cboe:VXN_History.csv
2026-01-14,20.96,cboe:VXN_History.csv
2026-01-15,20.2,cboe:VXN_History.csv
2026-01-16,20.29,cboe:VXN_History.csv
2026-01-20,24.26,cboe:VXN_History.csv
2026-01-21,21.19,cboe:VXN_History.csv
2026-01-22,20.08,cboe:VXN_History.csv
2026-01-23,20.37,cboe:VXN_History.csv
2026-01-26,20.43,cboe:VXN_History.csv
2026-01-27,20.55,cboe:VXN_History.csv
2026-01-28,20.37,cboe:VXN_History.csv
2026-01-29,21.44,cboe:VXN_History.csv
2026-01-30,22.52,cboe:VXN_History.csv
2026-02-02,21.23,cboe:VXN_History.csv
2026-02-03,23.45,cboe:VXN_History.csv
2026-02-04,26.01,cboe:VXN_History.csv
2026-02-05,29.19,cboe:VXN_History.csv
2026-02-06,24.3,cboe:VXN_History.csv
2026-02-09,23.42,cboe:VXN_History.csv
2026-02-10,23.46,cboe:VXN_History.csv
2026-02-11,23.26,cboe:VXN_History.csv
2026-02-12,26.87,cboe:VXN_History.csv
2026-02-13,26.37,cboe:VXN_History.csv
2026-02-17,25.98,cboe:VXN_History.csv
2026-02-18,24.96,cboe:VXN_History.csv
2026-02-19,25.64,cboe:VXN_History.csv
2026-02-20,24.23,cboe:VXN_History.csv
2026-02-23,26.36,cboe:VXN_History.csv
2026-02-24,24.82,cboe:VXN_History.csv
2026-02-25,22.94,cboe:VXN_History.csv
2026-02-26,23.61,cboe:VXN_History.csv
2026-02-27,24.52,cboe:VXN_History.csv
2026-03-02,25.4,cboe:VXN_History.csv
2026-03-03,27.51,cboe:VXN_History.csv
2026-03-04,24.87,cboe:VXN_History.csv
2026-03-05,26.0,cboe:VXN_History.csv
2026-03-06,31.44,cboe:VXN_History.csv
2026-03-09,27.69,cboe:VXN_History.csv
2026-03-10,27.33,cboe:VXN_History.csv
2026-03-11,26.82,cboe:VXN_History.csv
2026-03-12,29.83,cboe:VXN_History.csv
2026-03-13,29.87,cboe:VXN_History.csv
2026-03-16,26.32,cboe:VXN_History.csv
2026-03-17,24.66,cboe:VXN_History.csv
2026-03-18,27.72,cboe:VXN_History.csv
2026-03-19,26.9,cboe:VXN_History.csv
2026-03-20,29.2,cboe:VXN_History.csv
2026-03-23,27.98,cboe:VXN_History.csv
2026-03-24,28.74,cboe:VXN_History.csv
2026-03-25,27.65,cboe:VXN_History.csv
2026-03-26,29.86,cboe:VXN_History.csv
2026-03-27,33.54,cboe:VXN_History.csv
2026-03-30,33.26,cboe:VXN_History.csv
2026-03-31,28.24,cboe:VXN_History.csv
2026-04-01,27.56,cboe:VXN_History.csv
2026-04-02,27.04,cboe:VXN_History.csv
2026-04-06,27.39,cboe:VXN_History.csv
2026-04-07,28.43,cboe:VXN_History.csv
2026-04-08,25.24,cboe:VXN_History.csv
2026-04-09,23.5,cboe:VXN_History.csv
2026-04-10,23.09,cboe:VXN_History.csv
2026-04-13,22.19,cboe:VXN_History.csv
2026-04-14,21.8,cboe:VXN_History.csv
2026-04-15,22.25,cboe:VXN_History.csv
2026-04-16,22.18,cboe:VXN_History.csv
2026-04-17,21.57,cboe:VXN_History.csv
2026-04-20,22.93,cboe:VXN_History.csv
2026-04-21,23.8,cboe:VXN_History.csv
2026-04-22,23.58,cboe:VXN_History.csv
2026-04-23,23.32,cboe:VXN_History.csv
2026-04-24,23.38,cboe:VXN_History.csv
2026-04-27,23.08,cboe:VXN_History.csv
2026-04-28,23.24,cboe:VXN_History.csv
2026-04-29,23.76,cboe:VXN_History.csv
2026-04-30,21.79,cboe:VXN_History.csv
2026-05-01,21.92,cboe:VXN_History.csv
2026-05-04,23.04,cboe:VXN_History.csv
2026-05-05,22.46,cboe:VXN_History.csv
2026-05-06,23.58,cboe:VXN_History.csv
2026-05-07,23.15,cboe:VXN_History.csv
2026-05-08,23.76,cboe:VXN_History.csv
2026-05-11,24.74,cboe:VXN_History.csv
2026-05-12,24.13,cboe:VXN_History.csv
2026-05-13,24.59,cboe:VXN_History.csv
2026-05-14,24.08,cboe:VXN_History.csv
2026-05-15,25.33,cboe:VXN_History.csv
2026-05-18,24.21,cboe:VXN_History.csv
